mode,accuracy,balanced_accuracy,f1_macro,mcc,roc_auc,pr_auc,avg_ns,avg_ts,nodes,leaves,depth,train_ms,infer_ms,dataset,fold
classic,0.7941176470588235,0.6782312925170068,0.6156462585034014,0.7302378593333523,,,0.0,0.0,87,44,16,426.4934062957764,5.324840545654297,ecoli,0
metacog,0.4411764705882353,0.1428571428571428,0.0874635568513119,0.0,,,0.1197049234169874,1.0,1,1,1,1342.6182270050049,1.6231536865234375,ecoli,0
classic,0.8235294117647058,0.6605442176870747,0.6866805813234385,0.7534082755577931,,,0.0,0.0,85,43,16,413.6929512023926,3.1752586364746094,ecoli,1
metacog,0.4411764705882353,0.1428571428571428,0.0874635568513119,0.0,,,0.0708494129581319,0.9960548839690792,1,1,1,1334.4435691833496,0.9074211120605468,ecoli,1
classic,0.7941176470588235,0.6782312925170066,0.6180533751962323,0.7203811695104019,,,0.0,0.0,89,45,17,458.39881896972656,4.301071166992188,ecoli,2
metacog,0.4411764705882353,0.1428571428571428,0.0874635568513119,0.0,,,0.324424713904626,0.9959073641624968,1,1,1,1324.225902557373,1.6083717346191406,ecoli,2
classic,0.8529411764705882,0.7261904761904763,0.7198879551820728,0.800743180891694,,,0.0,0.0,89,45,17,492.5546646118164,3.2906532287597656,ecoli,3
metacog,0.4117647058823529,0.1428571428571428,0.0833333333333333,0.0,,,0.0729817774313412,1.0,1,1,1,1344.6619510650637,1.5523433685302734,ecoli,3
classic,0.8529411764705882,0.8357142857142857,0.8472590627763041,0.7977076209737944,,,0.0,0.0,87,44,16,433.3009719848633,4.765510559082031,ecoli,4
metacog,0.4117647058823529,0.2,0.1166666666666666,0.0,,,0.2026795192607927,0.9977705412420788,1,1,1,1285.4814529418943,1.6148090362548828,ecoli,4
classic,0.8529411764705882,0.7666666666666667,0.7882549634273772,0.8000580699017206,,,0.0,0.0,91,46,18,457.3853015899658,4.833459854125977,ecoli,5
metacog,0.4117647058823529,0.2,0.1166666666666666,0.0,,,0.1047588018333369,0.9975825638409695,1,1,1,1322.2899436950684,3.3121109008789062,ecoli,5
classic,0.8787878787878788,0.845,0.828103448275862,0.8336045987505911,,,0.0,0.0,87,44,17,457.637071609497,2.660989761352539,ecoli,6
metacog,0.4242424242424242,0.2,0.1191489361702127,0.0,,,0.0490900248297105,0.9977309726848792,1,1,1,1352.036476135254,1.562356948852539,ecoli,6
classic,0.9090909090909092,0.8857142857142858,0.8891010949834479,0.8763352300199677,,,0.0,0.0,85,43,18,439.826250076294,2.907991409301758,ecoli,7
metacog,0.4242424242424242,0.2,0.1191489361702127,0.0,,,0.082525959169861,0.996754981678416,1,1,1,1318.292856216431,2.8231143951416016,ecoli,7
classic,0.8484848484848485,0.8457142857142858,0.8411688311688312,0.7913511623657107,,,0.0,0.0,87,44,17,463.78326416015625,4.086494445800781,ecoli,8
metacog,0.4242424242424242,0.2,0.1191489361702127,0.0,,,0.0387886877330228,0.9961060306914894,1,1,1,1294.4114208221436,1.6067028045654297,ecoli,8
classic,0.7878787878787878,0.7597222222222221,0.7710385878489326,0.7077504749802612,,,0.0,0.0,87,44,17,480.8323383331299,4.338502883911133,ecoli,9
metacog,0.4242424242424242,0.1666666666666666,0.0992907801418439,0.0,,,0.2191968758692402,0.9961575533154796,1,1,1,1366.9960498809814,1.646280288696289,ecoli,9
classic,0.8235294117647058,0.692517006802721,0.6879087118718455,0.7546586064883005,,,0.0,0.0,89,45,16,432.9912662506104,4.122495651245117,ecoli,10
metacog,0.4411764705882353,0.1428571428571428,0.0874635568513119,0.0,,,0.1699012637299546,0.9997803250828744,1,1,1,1313.629150390625,1.699686050415039,ecoli,10
classic,0.8529411764705882,0.7319727891156462,0.7141215106732348,0.8023832267130496,,,0.0,0.0,89,45,16,483.4916591644287,4.05430793762207,ecoli,11
metacog,0.4411764705882353,0.1428571428571428,0.0874635568513119,0.0,,,0.1004801820509638,0.9968443981873638,1,1,1,1298.6538410186768,1.5406608581542969,ecoli,11
classic,0.7941176470588235,0.5938775510204082,0.5722689075630252,0.7188710137721546,,,0.0,0.0,87,44,18,506.4849853515625,4.729032516479492,ecoli,12
metacog,0.4411764705882353,0.1428571428571428,0.0874635568513119,0.0,,,0.1828565533083647,1.0,1,1,1,1375.5369186401367,1.591205596923828,ecoli,12
classic,0.7352941176470589,0.4738095238095238,0.4828231292517007,0.6418285889263495,,,0.0,0.0,75,38,18,431.279182434082,4.016637802124023,ecoli,13
metacog,0.4117647058823529,0.1428571428571428,0.0833333333333333,0.0,,,0.4023516382495606,0.9973582580007188,1,1,1,1326.9696235656738,1.611948013305664,ecoli,13
classic,0.7647058823529411,0.7238095238095238,0.7287545787545787,0.6855508879580129,,,0.0,0.0,87,44,17,453.9945125579834,4.1255950927734375,ecoli,14
metacog,0.4117647058823529,0.2,0.1166666666666666,0.0,,,0.0840486679984533,0.9965821835447604,1,1,1,1334.167718887329,1.613616943359375,ecoli,14
classic,0.7647058823529411,0.6607142857142858,0.5720133667502089,0.6820673465398158,,,0.0,0.0,79,40,17,395.7405090332031,3.874301910400391,ecoli,15
metacog,0.4117647058823529,0.2,0.1166666666666666,0.0,,,0.0034075350859585,0.5709693686619665,1,1,1,1338.5791778564453,1.5757083892822266,ecoli,15
classic,0.7878787878787878,0.77,0.6478243021346469,0.7131934818496707,,,0.0,0.0,89,45,18,512.9702091217041,4.115581512451172,ecoli,16
metacog,0.4242424242424242,0.2,0.1191489361702127,0.0,,,0.0397818907150965,0.9974481471665556,1,1,1,1317.0828819274902,1.5451908111572266,ecoli,16
classic,0.9090909090909092,0.9107142857142858,0.8994107744107744,0.8763073323990428,,,0.0,0.0,91,46,17,505.63788414001465,4.00853157043457,ecoli,17
metacog,0.4242424242424242,0.2,0.1191489361702127,0.0,,,0.0547677005929149,0.993850734210941,1,1,1,1300.4682064056396,1.5337467193603516,ecoli,17
classic,0.7575757575757576,0.61,0.5788344988344989,0.6696650768339029,,,0.0,0.0,89,45,17,475.0070571899414,4.052877426147461,ecoli,18
metacog,0.4242424242424242,0.2,0.1191489361702127,0.0,,,0.0047796763198625,0.9968533504934236,1,1,1,1373.6040592193604,1.5859603881835938,ecoli,18
classic,0.8484848484848485,0.8575396825396825,0.8473985890652557,0.7950621166543902,,,0.0,0.0,85,43,17,464.2503261566162,4.880905151367188,ecoli,19
metacog,0.4242424242424242,0.1666666666666666,0.0992907801418439,0.0,,,0.2191968758692402,0.9973954311100318,1,1,1,1366.5690422058103,1.531362533569336,ecoli,19
classic,0.7647058823529411,0.5843537414965987,0.599234693877551,0.6691760781400711,,,0.0,0.0,87,44,16,425.5905151367188,4.551887512207031,ecoli,20
metacog,0.4411764705882353,0.1428571428571428,0.0874635568513119,0.0,,,0.0810976022621344,0.9980107865789138,1,1,1,1296.51141166687,1.584768295288086,ecoli,20
classic,0.7058823529411765,0.5789115646258504,0.508736559139785,0.5967036586889559,,,0.0,0.0,83,42,16,474.3118286132813,4.198312759399414,ecoli,21
metacog,0.4411764705882353,0.1428571428571428,0.0874635568513119,0.0,,,0.0805074323151178,0.9952211136589229,1,1,1,1311.5355968475342,1.577138900756836,ecoli,21
classic,0.8235294117647058,0.6877551020408162,0.6435374149659863,0.7640096517285635,,,0.0,0.0,87,44,16,436.42258644104,4.455327987670898,ecoli,22
metacog,0.4411764705882353,0.1428571428571428,0.0874635568513119,0.0,,,0.1730742155163041,0.995963224695934,1,1,1,1311.946153640747,1.5499591827392578,ecoli,22
classic,0.8529411764705882,0.7903061224489797,0.7722786820531182,0.8105268701666477,,,0.0,0.0,93,47,18,483.5562705993652,4.453659057617188,ecoli,23
metacog,0.4117647058823529,0.1428571428571428,0.0833333333333333,0.0,,,0.3597192750496343,1.0,1,1,1,1328.7575244903564,1.548051834106445,ecoli,23
classic,0.6470588235294118,0.4547619047619047,0.4131362889983579,0.5061415674847742,,,0.0,0.0,71,36,15,414.2167568206787,4.125356674194336,ecoli,24
metacog,0.4117647058823529,0.2,0.1166666666666666,0.0,,,0.1338894902851101,0.9967505034352638,1,1,1,1334.6161842346191,1.5761852264404297,ecoli,24
classic,0.8235294117647058,0.725,0.7533333333333333,0.754826930462649,,,0.0,0.0,85,43,17,443.3360099792481,4.193782806396484,ecoli,25
metacog,0.4117647058823529,0.2,0.1166666666666666,0.0,,,0.0755627346984139,0.9986290495284416,1,1,1,1327.0940780639648,2.022981643676758,ecoli,25
classic,0.9090909090909092,0.8357142857142857,0.8459794018617547,0.8764338321507466,,,0.0,0.0,83,42,18,448.3563899993897,4.26173210144043,ecoli,26
metacog,0.4242424242424242,0.2,0.1191489361702127,0.0,,,0.0805074323151177,0.9969360045347776,1,1,1,1294.1710948944092,1.5659332275390625,ecoli,26
classic,0.9090909090909092,0.85,0.8533333333333333,0.8773953515686216,,,0.0,0.0,95,48,18,491.6069507598877,4.738330841064453,ecoli,27
metacog,0.4242424242424242,0.2,0.1191489361702127,0.0,,,0.0551681167721614,0.9960488909144544,1,1,1,1341.0110473632812,2.054929733276367,ecoli,27
classic,0.8484848484848485,0.7849999999999999,0.7886590038314176,0.7922612424747552,,,0.0,0.0,91,46,17,498.3036518096924,4.127979278564453,ecoli,28
metacog,0.4242424242424242,0.2,0.1191489361702127,0.0,,,0.0453190138204208,0.9931667651374104,1,1,1,1322.005271911621,1.8491744995117188,ecoli,28
classic,0.8484848484848485,0.8361111111111109,0.8119047619047618,0.7954570817338469,,,0.0,0.0,91,46,18,465.033769607544,4.168987274169922,ecoli,29
metacog,0.4242424242424242,0.1666666666666666,0.0992907801418439,0.0,,,0.1450597142205033,0.9964974724387412,1,1,1,1343.1532382965088,2.54511833190918,ecoli,29
classic,0.8823529411764706,0.7523809523809524,0.7356583072100313,0.8424916980023686,,,0.0,0.0,85,43,17,454.0901184082031,2.588033676147461,ecoli,30
metacog,0.4411764705882353,0.1428571428571428,0.0874635568513119,0.0,,,0.077591455851511,0.995087586603791,1,1,1,1303.114652633667,1.6546249389648438,ecoli,30
classic,0.7941176470588235,0.6401360544217687,0.6774891774891776,0.7162945674022368,,,0.0,0.0,83,42,16,437.9327297210693,4.329919815063477,ecoli,31
metacog,0.4411764705882353,0.1428571428571428,0.0874635568513119,0.0,,,0.0331429616349425,0.9965906447189208,1,1,1,1327.0378112792969,1.5816688537597656,ecoli,31
classic,0.7941176470588235,0.6673469387755101,0.6135735232509426,0.7307807965725068,,,0.0,0.0,85,43,15,440.6747817993164,4.230499267578125,ecoli,32
metacog,0.4411764705882353,0.1428571428571428,0.0874635568513119,0.0,,,0.1806105754711386,0.9961194949460268,1,1,1,1333.2257270812988,1.5249252319335938,ecoli,32
classic,0.8823529411764706,0.7095238095238094,0.7396825396825396,0.841840966947966,,,0.0,0.0,91,46,18,487.5802993774414,4.866600036621094,ecoli,33
metacog,0.4117647058823529,0.1428571428571428,0.0833333333333333,0.0,,,0.1282076843554628,1.0,1,1,1,1306.7162036895752,1.5716552734375,ecoli,33
classic,0.8529411764705882,0.7916666666666667,0.7894017094017094,0.8021152468288586,,,0.0,0.0,93,47,17,467.9811000823975,4.043817520141602,ecoli,34
metacog,0.4117647058823529,0.2,0.1166666666666666,0.0,,,0.0442809273884529,0.9961594144105932,1,1,1,1315.9410953521729,1.6241073608398438,ecoli,34
classic,0.7941176470588235,0.8107142857142857,0.7871861471861472,0.7303988744606216,,,0.0,0.0,81,41,17,400.7465839385986,3.868579864501953,ecoli,35
metacog,0.4117647058823529,0.2,0.1166666666666666,0.0,,,0.1826319773725717,0.9959824126847436,1,1,1,1322.75652885437,1.3518333435058594,ecoli,35
classic,0.8484848484848485,0.8307142857142857,0.7953937130407718,0.7964913660803873,,,0.0,0.0,87,44,17,458.7211608886719,4.051923751831055,ecoli,36
metacog,0.4242424242424242,0.2,0.1191489361702127,0.0,,,0.115476202610116,0.9988613748068332,1,1,1,1361.322641372681,1.497507095336914,ecoli,36
classic,0.6666666666666666,0.5814285714285715,0.5908547008547008,0.5463826228479869,,,0.0,0.0,75,38,16,417.6785945892334,3.76749038696289,ecoli,37
metacog,0.4242424242424242,0.2,0.1191489361702127,0.0,,,0.0321959768678541,0.9959727952366256,1,1,1,1341.254711151123,1.451730728149414,ecoli,37
classic,0.7272727272727273,0.7314285714285715,0.6203703703703703,0.6299457878589391,,,0.0,0.0,95,48,18,520.7500457763672,4.04667854309082,ecoli,38
metacog,0.4242424242424242,0.2,0.1191489361702127,0.0,,,0.0127706401988912,0.9975280503821896,1,1,1,1340.0044441223145,0.7879734039306641,ecoli,38
classic,0.9090909090909092,0.6944444444444443,0.7181286549707601,0.8790216382818705,,,0.0,0.0,83,42,15,388.7827396392822,3.0319690704345703,ecoli,39
metacog,0.4242424242424242,0.1666666666666666,0.0992907801418439,0.0,,,0.0938660533357759,0.9986093938644012,1,1,1,1344.167947769165,2.7256011962890625,ecoli,39
classic,0.8529411764705882,0.7482993197278912,0.725108225108225,0.803805562291258,,,0.0,0.0,85,43,16,426.55086517333984,4.035234451293945,ecoli,40
metacog,0.4411764705882353,0.1428571428571428,0.0874635568513119,0.0,,,0.1193376355038131,0.9974303290346078,1,1,1,1361.891269683838,0.996112823486328,ecoli,40
classic,0.8529411764705882,0.5748299319727891,0.581547619047619,0.7946286190547776,,,0.0,0.0,83,42,16,406.8803787231445,4.256725311279297,ecoli,41
metacog,0.4411764705882353,0.1428571428571428,0.0874635568513119,0.0,,,0.0530612096706595,0.9953887183603574,1,1,1,1323.739528656006,1.5702247619628906,ecoli,41
classic,0.7941176470588235,0.6591836734693877,0.6192283906569621,0.7202401367379748,,,0.0,0.0,85,43,16,420.975923538208,3.976106643676758,ecoli,42
metacog,0.4411764705882353,0.1428571428571428,0.0874635568513119,0.0,,,0.0961450798131282,0.9966630149326484,1,1,1,1328.2952308654783,0.910043716430664,ecoli,42
classic,0.7941176470588235,0.7324829931972789,0.7247374847374848,0.7369078700976541,,,0.0,0.0,91,46,17,434.5588684082031,4.349470138549805,ecoli,43
metacog,0.4117647058823529,0.1428571428571428,0.0833333333333333,0.0,,,0.3379970921172543,1.0,1,1,1,1276.43084526062,1.519918441772461,ecoli,43
classic,0.8529411764705882,0.8523809523809524,0.7311713191023536,0.7990522087038069,,,0.0,0.0,85,43,18,389.21618461608887,2.239704132080078,ecoli,44
metacog,0.4117647058823529,0.2,0.1166666666666666,0.0,,,0.0550599339108831,0.9973308906503752,1,1,1,928.9655685424804,1.57928466796875,ecoli,44
classic,0.8823529411764706,0.8583333333333334,0.8347058823529411,0.8414785476487038,,,0.0,0.0,91,46,20,386.8231773376465,2.2459030151367188,ecoli,45
metacog,0.4117647058823529,0.2,0.1166666666666666,0.0,,,0.112719516779227,0.9922269348705,1,1,1,943.5877799987792,0.8146762847900391,ecoli,45
classic,0.8181818181818182,0.71,0.6388110799875505,0.7522356070944951,,,0.0,0.0,89,45,17,362.290620803833,1.9063949584960933,ecoli,46
metacog,0.4242424242424242,0.2,0.1191489361702127,0.0,,,0.0419909584593596,1.0,1,1,1,914.466381072998,0.7760524749755859,ecoli,46
classic,0.8181818181818182,0.745,0.7513725490196078,0.7452202951432142,,,0.0,0.0,85,43,16,361.1762523651123,3.888368606567383,ecoli,47
metacog,0.4242424242424242,0.2,0.1191489361702127,0.0,,,0.0088864681099332,0.99968494559529,1,1,1,954.4394016265868,0.7581710815429688,ecoli,47
classic,0.8181818181818182,0.71,0.756041986687148,0.7438849587457944,,,0.0,0.0,83,42,17,342.1728610992432,2.526283264160156,ecoli,48
metacog,0.4242424242424242,0.2,0.1191489361702127,0.0,,,0.0586454941868433,0.9964658938365508,1,1,1,903.541088104248,0.8425712585449219,ecoli,48
classic,0.9090909090909092,0.7791666666666667,0.7644248312351761,0.8752833914276938,,,0.0,0.0,87,44,17,323.75097274780273,1.8455982208251955,ecoli,49
metacog,0.4242424242424242,0.1666666666666666,0.0992907801418439,0.0,,,0.131630169839149,0.9958066742301488,1,1,1,941.8635368347168,0.8461475372314453,ecoli,49
classic,0.7272727272727273,0.6636904761904762,0.6581349206349206,0.6255706788926998,0.8200684001670844,,0.0,0.0,77,39,18,751.3163089752197,1.278400421142578,glass,0
metacog,0.3636363636363636,0.1666666666666666,0.0888888888888888,0.0,0.5,,0.4350340746021818,0.9887882731099982,1,1,1,2482.1925163269043,0.5810260772705078,glass,0
classic,0.5454545454545454,0.5982142857142857,0.5644841269841271,0.3977850646575493,0.7369543650793652,,0.0,0.0,81,41,19,776.9310474395752,3.4437179565429688,glass,1
metacog,0.3636363636363636,0.1666666666666666,0.0888888888888888,0.0,0.5,,0.243596105192625,0.9736303067219456,1,1,1,2455.122947692871,1.0530948638916016,glass,1
classic,0.7272727272727273,0.6785714285714285,0.6369047619047619,0.6464976477899578,0.8088868003341686,,0.0,0.0,75,38,18,702.4824619293213,2.5615692138671875,glass,2
metacog,0.3181818181818182,0.1666666666666666,0.0804597701149425,0.0,0.5,,0.3188385463886163,0.9766577793215336,1,1,1,2439.164161682129,1.2383460998535156,glass,2
classic,0.5454545454545454,0.6706349206349206,0.5969696969696969,0.4263117620081588,0.7995822890559734,,0.0,0.0,75,38,20,843.5025215148926,2.661466598510742,glass,3
metacog,0.3181818181818182,0.1666666666666666,0.0804597701149425,0.0,0.5,,0.4206530370481822,0.9926430711969184,1,1,1,2501.720666885376,1.1098384857177734,glass,3
classic,0.6190476190476191,0.5476190476190476,0.5396825396825397,0.4798648895858737,0.7291890440386681,,0.0,0.0,79,40,21,806.0662746429443,2.486705780029297,glass,4
metacog,0.3333333333333333,0.1666666666666666,0.0833333333333333,0.0,0.5,,0.2152099304707785,0.9947524835358168,1,1,1,2527.4581909179688,0.9963512420654296,glass,4
classic,0.8095238095238095,0.8452380952380952,0.8472222222222223,0.7531438174453121,0.9003759398496242,,0.0,0.0,77,39,16,698.0645656585693,2.483606338500977,glass,5
metacog,0.3333333333333333,0.1666666666666666,0.0833333333333333,0.0,0.5,,0.4241981786981839,0.9921872463016188,1,1,1,2508.1329345703125,1.3763904571533203,glass,5
classic,0.7142857142857143,0.8011904761904762,0.7138461538461538,0.6175781727818336,,,0.0,0.0,77,39,18,728.4598350524902,2.443552017211914,glass,6
metacog,0.4761904761904761,0.3333333333333333,0.2564102564102564,0.3095267259142604,,,0.2385590770708819,0.9852908267315824,3,2,2,5032.141447067261,1.2373924255371094,glass,6
classic,0.6666666666666666,0.8105158730158729,0.8263888888888888,0.5306152037168628,0.8694782400139544,,0.0,0.0,75,38,19,770.1132297515869,2.623319625854492,glass,7
metacog,0.3809523809523809,0.1666666666666666,0.0919540229885057,0.0,0.5,,0.3633156391173693,0.9927933361697652,1,1,1,2552.797079086304,1.027822494506836,glass,7
classic,0.7142857142857143,0.6567460317460317,0.5916666666666667,0.6085704159843245,0.7920111634397348,,0.0,0.0,87,44,21,810.0399971008301,2.7565956115722656,glass,8
metacog,0.3809523809523809,0.1666666666666666,0.0919540229885057,0.0,0.5,,0.2110036867482539,0.998238760190717,1,1,1,2513.4739875793457,1.0836124420166016,glass,8
classic,0.7142857142857143,0.7261904761904763,0.7275641025641025,0.6257985404993681,0.8304945054945055,,0.0,0.0,83,42,19,805.9628009796143,2.580881118774414,glass,9
metacog,0.3809523809523809,0.1666666666666666,0.0919540229885057,0.0,0.5,,0.2994545929537002,0.978165067837785,1,1,1,2507.7452659606934,1.0142326354980469,glass,9
classic,0.5,0.4593253968253968,0.4647058823529411,0.3082162272016444,0.6642361111111111,,0.0,0.0,79,40,21,883.3518028259277,1.4317035675048828,glass,10
metacog,0.3636363636363636,0.1666666666666666,0.0888888888888888,0.0,0.5,,0.0844434552998582,0.9703727766168776,1,1,1,2528.315305709839,1.0449886322021484,glass,10
classic,0.5909090909090909,0.5982142857142857,0.5282051282051282,0.4658391000756032,0.7659722222222222,,0.0,0.0,71,36,17,650.4471302032471,2.463340759277344,glass,11
metacog,0.3636363636363636,0.1666666666666666,0.0888888888888888,0.0,0.5,,0.4144391704253102,0.9917940567922592,1,1,1,2432.180404663086,1.1479854583740234,glass,11
classic,0.6363636363636364,0.6587301587301587,0.6357142857142857,0.5173538935302363,0.7966269841269842,,0.0,0.0,81,41,19,812.830924987793,2.605199813842773,glass,12
metacog,0.3181818181818182,0.1666666666666666,0.0804597701149425,0.0,0.5,,0.2483767280019536,0.9949450706441624,1,1,1,2507.2178840637207,1.0809898376464844,glass,12
classic,0.7727272727272727,0.8214285714285715,0.775030525030525,0.7078383972965656,0.8978174603174603,,0.0,0.0,75,38,17,701.2853622436523,2.680540084838867,glass,13
metacog,0.3181818181818182,0.1666666666666666,0.0804597701149425,0.0,0.5,,0.2052673779644608,0.99480915932742,1,1,1,2480.750322341919,1.061201095581055,glass,13
classic,0.6190476190476191,0.6071428571428571,0.5706349206349206,0.4984732788787153,0.7658680431236823,,0.0,0.0,77,39,21,814.0339851379395,2.5849342346191406,glass,14
metacog,0.3333333333333333,0.1666666666666666,0.0833333333333333,0.0,0.5,,0.5092317787147785,0.9793956311731148,1,1,1,2495.9611892700195,1.199483871459961,glass,14
classic,0.7142857142857143,0.7380952380952381,0.6768162393162394,0.6209368318709069,0.8212450769781597,,0.0,0.0,79,40,18,695.9679126739502,2.484560012817383,glass,15
metacog,0.3333333333333333,0.1666666666666666,0.0833333333333333,0.0,0.5,,0.2731673155699088,0.9923903125998498,1,1,1,2525.8893966674805,1.0042190551757812,glass,15
classic,0.7619047619047619,0.75,0.718796992481203,0.7018887309289811,,,0.0,0.0,83,42,18,744.9610233306885,2.6292800903320312,glass,16
metacog,0.3809523809523809,0.2,0.1103448275862069,0.0,,,0.176425222976896,0.9977946971574644,1,1,1,2498.6565113067627,1.028299331665039,glass,16
classic,0.7142857142857143,0.6944444444444443,0.6952380952380951,0.6168972708307329,0.8114308971451828,,0.0,0.0,81,41,19,785.8672142028809,2.558469772338867,glass,17
metacog,0.3809523809523809,0.1666666666666666,0.0919540229885057,0.0,0.5,,0.342748435509186,0.9926490602397144,1,1,1,2505.637884140014,0.9016990661621094,glass,17
classic,0.5238095238095238,0.4563492063492063,0.446031746031746,0.3479777708021067,0.6767973428687714,,0.0,0.0,79,40,21,830.9736251831055,2.718210220336914,glass,18
metacog,0.4761904761904761,0.2777777777777777,0.2136752136752136,0.3085456561692747,0.6076566951566952,,0.3832252726495125,0.98904838919933,3,2,2,4886.55948638916,1.504659652709961,glass,18
classic,0.7619047619047619,0.6041666666666666,0.5896358543417367,0.6791303494296246,0.777220695970696,,0.0,0.0,75,38,20,827.8632164001465,2.7930736541748047,glass,19
metacog,0.3809523809523809,0.1666666666666666,0.0919540229885057,0.0,0.5,,0.243596105192625,0.995864896114161,1,1,1,2460.546493530273,1.0464191436767578,glass,19
classic,0.6818181818181818,0.6944444444444443,0.6851851851851851,0.570770405658427,0.8374999999999999,,0.0,0.0,85,43,21,805.1011562347412,2.254724502563477,glass,20
metacog,0.3636363636363636,0.1666666666666666,0.0888888888888888,0.0,0.5,,0.3080553054796035,0.9928222608836424,1,1,1,2493.165969848633,0.560760498046875,glass,20
classic,0.6363636363636364,0.7023809523809524,0.7111111111111111,0.5126070530489002,0.8333333333333334,,0.0,0.0,75,38,17,674.0829944610596,2.712249755859375,glass,21
metacog,0.3636363636363636,0.1666666666666666,0.0888888888888888,0.0,0.5,,0.2312965644193526,0.9918502585453804,1,1,1,2427.8643131256104,1.081705093383789,glass,21
classic,0.6818181818181818,0.7142857142857143,0.6426470588235293,0.6134742890495152,0.8394423558897243,,0.0,0.0,85,43,20,779.1783809661865,3.215789794921875,glass,22
metacog,0.3181818181818182,0.1666666666666666,0.0804597701149425,0.0,0.5,,0.2630768531389199,0.9912443980662508,1,1,1,2453.9482593536377,1.0864734649658203,glass,22
classic,0.6818181818181818,0.7142857142857143,0.615079365079365,0.5994572662146831,0.8408521303258145,,0.0,0.0,77,39,21,842.9238796234131,2.345800399780273,glass,23
metacog,0.3181818181818182,0.1666666666666666,0.0804597701149425,0.0,0.5,,0.4863109670362314,0.9895855557394508,1,1,1,2432.295560836792,1.1272430419921875,glass,23
classic,0.5714285714285714,0.5238095238095238,0.5017676767676768,0.4464852681981131,0.7131270636909735,,0.0,0.0,75,38,20,751.3360977172852,2.434015274047852,glass,24
metacog,0.3333333333333333,0.1666666666666666,0.0833333333333333,0.0,0.5,,0.2543471012957949,0.9927630739296976,1,1,1,2454.373598098755,1.0325908660888672,glass,24
classic,0.6190476190476191,0.6865079365079364,0.6414529914529914,0.4939024390243902,0.8134229422763256,,0.0,0.0,67,34,19,734.7509860992432,2.570152282714844,glass,25
metacog,0.3809523809523809,0.2222222222222222,0.1564102564102564,0.1836767895775757,0.5545391255917571,,0.2639443078629551,0.8274558925573577,3,2,2,5061.0339641571045,1.208782196044922,glass,25
classic,0.6190476190476191,0.5428571428571429,0.5495238095238095,0.4782090675770614,,,0.0,0.0,71,36,19,730.1867008209229,2.491474151611328,glass,26
metacog,0.3809523809523809,0.2,0.1103448275862069,0.0,,,0.2491003612231261,0.9966136149236056,1,1,1,2437.0486736297607,1.0290145874023438,glass,26
classic,0.7619047619047619,0.8551587301587302,0.8236299648064355,0.6730192644039309,0.9104940694226408,,0.0,0.0,79,40,19,749.6178150177002,2.6710033416748047,glass,27
metacog,0.3809523809523809,0.1666666666666666,0.0919540229885057,0.0,0.5,,0.2621768698485291,0.998849202165347,1,1,1,2508.22114944458,0.9856224060058594,glass,27
classic,0.6666666666666666,0.6676587301587302,0.6758169934640522,0.5322227379159158,0.7568572300715157,,0.0,0.0,73,37,21,835.6461524963379,2.682685852050781,glass,28
metacog,0.3809523809523809,0.1666666666666666,0.0919540229885057,0.0,0.5,,0.2074960179479592,0.9952555607022284,1,1,1,2534.132480621338,1.0211467742919922,glass,28
classic,0.8095238095238095,0.7678571428571429,0.7123015873015873,0.7365116478382641,0.8585361067503925,,0.0,0.0,79,40,18,721.9483852386475,2.304553985595703,glass,29
metacog,0.3809523809523809,0.1666666666666666,0.0919540229885057,0.0,0.5,,0.234507503295363,0.9902290644837256,1,1,1,2460.3121280670166,1.3759136199951172,glass,29
classic,0.7272727272727273,0.5119047619047619,0.5021645021645021,0.6501561383417402,0.7160009398496241,,0.0,0.0,69,35,17,692.8644180297852,2.486467361450196,glass,30
metacog,0.3636363636363636,0.1666666666666666,0.0888888888888888,0.0,0.5,,0.3767618806257607,0.9774954531870615,1,1,1,2536.163330078125,1.0428428649902344,glass,30
classic,0.7727272727272727,0.7053571428571429,0.7066993464052288,0.6897678216853433,0.8241071428571428,,0.0,0.0,75,38,18,717.3724174499512,2.23994255065918,glass,31
metacog,0.3636363636363636,0.1666666666666666,0.0888888888888888,0.0,0.5,,0.192493532967879,0.9956514473746872,1,1,1,2452.2149562835693,1.0843276977539062,glass,31
classic,0.7272727272727273,0.7380952380952381,0.7150496562261268,0.6585760053805718,0.8992846700083543,,0.0,0.0,79,40,21,914.6289825439452,2.535581588745117,glass,32
metacog,0.3181818181818182,0.1666666666666666,0.0804597701149425,0.0,0.5,,0.169951205493032,0.9942831881083556,1,1,1,2580.095767974853,1.2729167938232422,glass,32
classic,0.7272727272727273,0.7063492063492062,0.7033613445378152,0.6409442637336912,0.8076649958228906,,0.0,0.0,79,40,18,732.2254180908203,2.4766921997070312,glass,33
metacog,0.3181818181818182,0.1666666666666666,0.0804597701149425,0.0,0.5,,0.1333741497866183,0.9900019229802852,1,1,1,2560.149669647217,1.050710678100586,glass,33
classic,0.7619047619047619,0.7301587301587302,0.7345238095238096,0.6777040167172622,0.8230099057166725,,0.0,0.0,79,40,20,816.0860538482666,2.6001930236816406,glass,34
metacog,0.3333333333333333,0.1666666666666666,0.0833333333333333,0.0,0.5,,0.3639046582061634,0.9935134685941628,1,1,1,2576.703786849976,1.0936260223388672,glass,34
classic,0.5714285714285714,0.6349206349206349,0.597008547008547,0.423776785608304,0.7671299611462518,,0.0,0.0,75,38,17,728.7271022796631,1.4078617095947266,glass,35
metacog,0.3333333333333333,0.1666666666666666,0.0833333333333333,0.0,0.5,,0.1881343930247096,0.995981524327486,1,1,1,2544.4908142089844,1.0426044464111328,glass,35
classic,0.7142857142857143,0.5964285714285714,0.5980952380952381,0.6025764830430914,,,0.0,0.0,75,38,21,856.4040660858154,2.644777297973633,glass,36
metacog,0.3809523809523809,0.2,0.1103448275862069,0.0,,,0.4144391704253102,0.9859652259125012,1,1,1,2557.252883911133,1.071453094482422,glass,36
classic,0.5238095238095238,0.4275793650793651,0.361236802413273,0.3528413582036774,0.6544028722600151,,0.0,0.0,71,36,19,750.8594989776611,1.4209747314453125,glass,37
metacog,0.3809523809523809,0.1666666666666666,0.0919540229885057,0.0,0.5,,0.3071799741019244,0.9912973296691192,1,1,1,2500.7004737854004,1.0707378387451172,glass,37
classic,0.7619047619047619,0.8898809523809524,0.8888888888888888,0.6708860759493671,0.9034406070120355,,0.0,0.0,83,42,21,793.6780452728271,2.547025680541992,glass,38
metacog,0.3809523809523809,0.1666666666666666,0.0919540229885057,0.0,0.5,,0.2623736175170256,0.9905985727343704,1,1,1,2577.181577682495,1.039266586303711,glass,38
classic,0.5714285714285714,0.6547619047619048,0.6658119658119658,0.4296500391227068,0.7662807430664573,,0.0,0.0,85,43,21,825.6583213806152,2.524137496948242,glass,39
metacog,0.3809523809523809,0.1666666666666666,0.0919540229885057,0.0,0.5,,0.2244326826275779,0.989956019874374,1,1,1,2591.072559356689,0.8788108825683594,glass,39
classic,0.6818181818181818,0.4375,0.4150326797385621,0.5641316063279452,0.6803075396825397,,0.0,0.0,71,36,14,662.865161895752,2.605438232421875,glass,40
metacog,0.3636363636363636,0.1666666666666666,0.0888888888888888,0.0,0.5,,0.2605691472769061,0.9800650431571408,1,1,1,2548.828125,1.0921955108642578,glass,40
classic,0.7727272727272727,0.8273809523809524,0.829185520361991,0.6938311740412945,0.883829365079365,,0.0,0.0,75,38,18,761.9204521179199,1.3637542724609375,glass,41
metacog,0.3636363636363636,0.1666666666666666,0.0888888888888888,0.0,0.5,,0.3099309456571733,0.9934870321567082,1,1,1,2710.824489593506,1.15966796875,glass,41
classic,0.5454545454545454,0.5833333333333334,0.5724206349206349,0.3896072403842546,0.7531537176274018,,0.0,0.0,83,42,21,867.8994178771973,2.649545669555664,glass,42
metacog,0.3181818181818182,0.1666666666666666,0.0804597701149425,0.0,0.5,,0.1902819264908515,0.960515414567634,1,1,1,2568.1135654449463,1.1091232299804688,glass,42
classic,0.5,0.4642857142857142,0.4771825396825397,0.3326174616501046,0.7236894319131162,,0.0,0.0,69,35,21,843.9488410949707,2.5887489318847656,glass,43
metacog,0.3636363636363636,0.2222222222222222,0.1530864197530864,0.1748446515450588,0.5243838763575606,,0.2878897709374919,0.9664415128818844,3,2,2,3935.038566589356,0.6303787231445312,glass,43
classic,0.8095238095238095,0.8730158730158729,0.8857142857142857,0.7431230970799615,0.9280045351473925,,0.0,0.0,85,43,19,768.9380645751953,1.3430118560791016,glass,44
metacog,0.3333333333333333,0.1666666666666666,0.0833333333333333,0.0,0.5,,0.2581578770431098,0.9979487008780572,1,1,1,2515.343427658081,0.5154609680175781,glass,44
classic,0.7142857142857143,0.8571428571428571,0.795204795204795,0.6560203362068806,0.8946274416199227,,0.0,0.0,81,41,19,743.6621189117432,2.696990966796875,glass,45
metacog,0.3333333333333333,0.1666666666666666,0.0833333333333333,0.0,0.5,,0.4630793401678195,0.9918965222478217,1,1,1,2462.9485607147217,1.0194778442382812,glass,45
classic,0.7142857142857143,0.7642857142857142,0.7459383753501401,0.60828025477707,,,0.0,0.0,73,37,16,646.3654041290283,2.348661422729492,glass,46
metacog,0.3809523809523809,0.2,0.1103448275862069,0.0,,,0.4744483846437831,0.9887014189510206,1,1,1,2462.3372554779053,0.5171298980712891,glass,46
classic,0.6190476190476191,0.6845238095238096,0.5671420083184789,0.5238121633332481,0.7944891418105703,,0.0,0.0,81,41,18,785.2151393890381,2.7344226837158203,glass,47
metacog,0.3809523809523809,0.1666666666666666,0.0919540229885057,0.0,0.5,,0.2238964064479288,0.9939446885312044,1,1,1,2398.788452148437,0.5214214324951172,glass,47
classic,0.6190476190476191,0.4980158730158729,0.4424333836098542,0.4696701361058565,0.7888838013838013,,0.0,0.0,75,38,20,685.5759620666504,2.5360584259033203,glass,48
metacog,0.3809523809523809,0.1666666666666666,0.0919540229885057,0.0,0.5,,0.2962351548868365,0.9912371148682853,1,1,1,2442.314386367798,0.5276203155517578,glass,48
classic,0.8095238095238095,0.7678571428571429,0.7301587301587302,0.7527195842585754,0.8654761904761905,,0.0,0.0,79,40,20,783.2002639770508,2.5615692138671875,glass,49
metacog,0.3809523809523809,0.1666666666666666,0.0919540229885057,0.0,0.5,,0.2427800770819338,0.9941619992142744,1,1,1,2328.032255172729,0.5192756652832031,glass,49
classic,0.5806451612903226,0.4728260869565217,0.4732026143790849,-0.0523912177884942,0.3804347826086957,0.2463291768320231,0.0,0.0,119,60,21,212.0809555053711,4.529953002929688,haberman,0
metacog,0.7419354838709677,0.5,0.4259259259259259,0.0,0.5,0.2580645161290322,0.146317785426757,0.9858702827459708,1,1,1,332.2186470031738,1.3644695281982422,haberman,0
classic,0.6774193548387096,0.4972826086956521,0.4833333333333333,-0.0070938044229895,0.4972826086956522,0.2607221407624633,0.0,0.0,155,78,21,236.0391616821289,3.8864612579345694,haberman,1
metacog,0.7419354838709677,0.5,0.4259259259259259,0.0,0.5,0.2580645161290322,0.1420336006937748,0.9881391677616442,1,1,1,337.9983901977539,1.296281814575195,haberman,1
classic,0.6129032258064516,0.4945652173913043,0.4945652173913043,-0.0108695652173913,0.4836956521739131,0.3185483870967742,0.0,0.0,117,59,21,210.43777465820312,3.476142883300781,haberman,2
metacog,0.7419354838709677,0.5,0.4259259259259259,0.0,0.5,0.2580645161290322,0.1282076843554628,0.9884738519245884,1,1,1,348.0527400970459,1.3527870178222656,haberman,2
classic,0.5161290322580645,0.3478260869565217,0.3404255319148936,-0.318511028635303,0.2173913043478261,0.2580645161290322,0.0,0.0,141,71,21,236.2349033355713,4.186868667602539,haberman,3
metacog,0.7419354838709677,0.5,0.4259259259259259,0.0,0.5,0.2580645161290322,0.0260139462196942,0.9845126758853432,1,1,1,350.0237464904785,1.2662410736083984,haberman,3
classic,0.7096774193548387,0.6413043478260869,0.6352941176470588,0.2724343325001703,0.592391304347826,0.3234767025089605,0.0,0.0,143,72,21,238.52944374084475,4.070043563842773,haberman,4
metacog,0.7419354838709677,0.5,0.4259259259259259,0.0,0.5,0.2580645161290322,0.3527317277972386,0.5095214655024818,3,2,2,696.9509124755859,1.1227130889892578,haberman,4
classic,0.4838709677419355,0.4065656565656566,0.4095238095238095,-0.1772792021609546,0.5075757575757576,0.2860317769236175,0.0,0.0,129,65,21,203.98807525634768,4.357099533081055,haberman,5
metacog,0.7096774193548387,0.5,0.4150943396226415,0.0,0.5,0.2903225806451613,0.1040754163967059,0.9866932782547032,1,1,1,332.6544761657715,1.3523101806640625,haberman,5
classic,0.7333333333333333,0.6193181818181819,0.6273291925465838,0.2638224265055431,0.5,0.3916666666666666,0.0,0.0,117,59,21,228.4872531890869,3.741025924682617,haberman,6
metacog,0.7333333333333333,0.5,0.4230769230769231,0.0,0.5,0.2666666666666666,0.0107567408804808,0.9879307626851176,1,1,1,354.8927307128906,1.4088153839111328,haberman,6
classic,0.7,0.5170454545454546,0.4990723562152134,0.0502518907629606,0.46875,0.2902777777777778,0.0,0.0,117,59,21,236.69958114624023,3.78561019897461,haberman,7
metacog,0.7333333333333333,0.5,0.4230769230769231,0.0,0.5,0.2666666666666666,0.0650206087473442,0.9826205361101668,1,1,1,355.8530807495117,1.2125968933105469,haberman,7
classic,0.8,0.7443181818181819,0.7443181818181819,0.4886363636363636,0.7073863636363636,0.459375,0.0,0.0,141,71,21,220.88384628295896,4.856348037719727,haberman,8
metacog,0.7333333333333333,0.5,0.4230769230769231,0.0,0.5,0.2666666666666666,0.1040754163967059,0.9822186760110126,1,1,1,344.2823886871338,1.3196468353271484,haberman,8
classic,0.6,0.4886363636363636,0.4886363636363636,-0.0227272727272727,0.375,0.2458333333333333,0.0,0.0,113,57,21,184.1640472412109,4.398822784423828,haberman,9
metacog,0.7333333333333333,0.5,0.4230769230769231,0.0,0.5,0.2666666666666666,0.1307248648497221,0.9877249686120204,1,1,1,344.895601272583,0.8416175842285156,haberman,9
classic,0.7419354838709677,0.6222826086956521,0.6309523809523809,0.2708681694429807,0.625,0.415226574500768,0.0,0.0,117,59,21,202.52299308776853,4.237174987792969,haberman,10
metacog,0.7419354838709677,0.5,0.4259259259259259,0.0,0.5,0.2580645161290322,0.1307248648497221,0.5495601284289561,1,1,1,336.6372585296631,1.3473033905029297,haberman,10
classic,0.6774193548387096,0.5788043478260869,0.5788043478260869,0.1576086956521739,0.5190217391304348,0.3220046082949308,0.0,0.0,115,58,21,215.37542343139648,4.092931747436523,haberman,11
metacog,0.7419354838709677,0.5,0.4259259259259259,0.0,0.5,0.2580645161290322,0.1040754163967059,0.9780908422620628,1,1,1,425.56190490722656,13.465166091918944,haberman,11
classic,0.7096774193548387,0.5597826086956521,0.5620094191522763,0.1422466650307647,0.5489130434782609,0.3081653225806451,0.0,0.0,151,76,21,280.94029426574707,3.918647766113281,haberman,12
metacog,0.7419354838709677,0.5,0.4259259259259259,0.0,0.5,0.2580645161290322,0.0830963705385151,0.9882449238446026,1,1,1,493.06607246398926,1.5320777893066406,haberman,12
classic,0.6774193548387096,0.5788043478260869,0.5788043478260869,0.1576086956521739,0.5271739130434783,0.2916898826979472,0.0,0.0,117,59,21,249.33099746704104,4.209756851196289,haberman,13
metacog,0.7419354838709677,0.5,0.4259259259259259,0.0,0.5,0.2580645161290322,0.0650206087473442,0.9916845728450872,1,1,1,397.1571922302246,1.955270767211914,haberman,13
classic,0.6451612903225806,0.4755434782608695,0.4646781789638932,-0.0581918175125855,0.4184782608695652,0.2508064516129032,0.0,0.0,123,62,21,219.41113471984863,4.048347473144531,haberman,14
metacog,0.7419354838709677,0.5,0.4259259259259259,0.0,0.5,0.2580645161290322,0.0021259181426961,0.99064012144725,1,1,1,388.8218402862549,1.3926029205322266,haberman,14
classic,0.5161290322580645,0.4621212121212121,0.4599303135888501,-0.0705978118406131,0.4469696969696969,0.2768817204301075,0.0,0.0,145,73,21,256.0536861419678,3.496646881103516,haberman,15
metacog,0.7096774193548387,0.5,0.4150943396226415,0.0,0.5,0.2903225806451613,0.0260139462196942,0.972829620889904,1,1,1,490.7426834106445,2.099752426147461,haberman,15
classic,0.8,0.7443181818181819,0.7443181818181819,0.4886363636363636,0.7727272727272727,0.5327380952380952,0.0,0.0,131,66,21,259.3626976013184,3.750085830688477,haberman,16
metacog,0.7333333333333333,0.5,0.4230769230769231,0.0,0.5,0.2666666666666666,0.3860568595511293,0.4193180486960989,3,2,2,835.2642059326172,1.6033649444580078,haberman,16
classic,0.6333333333333333,0.5113636363636364,0.5111111111111111,0.0237624228260878,0.6477272727272727,0.3568181818181818,0.0,0.0,141,71,21,242.41161346435547,3.83758544921875,haberman,17
metacog,0.7333333333333333,0.5,0.4230769230769231,0.0,0.5,0.2666666666666666,0.1282076843554628,0.9871231287373106,1,1,1,648.193359375,1.366376876831055,haberman,17
classic,0.7333333333333333,0.6193181818181819,0.6273291925465838,0.2638224265055431,0.5965909090909092,0.3454545454545454,0.0,0.0,121,61,21,258.98170471191406,3.3669471740722656,haberman,18
metacog,0.7333333333333333,0.5,0.4230769230769231,0.0,0.5,0.2666666666666666,0.0994082019812423,0.0904636461877164,1,1,1,652.7142524719238,1.4293193817138672,haberman,18
classic,0.5666666666666667,0.4261363636363636,0.4222222222222222,-0.1544557483695711,0.3607954545454545,0.2322860962566845,0.0,0.0,107,54,21,247.4234104156494,5.530357360839844,haberman,19
metacog,0.7333333333333333,0.5,0.4230769230769231,0.0,0.5,0.2666666666666666,0.1282076843554628,0.9893595303020452,1,1,1,410.78829765319824,10.681867599487305,haberman,19
classic,0.8709677419354839,0.7907608695652174,0.8154761904761905,0.6440643140088652,0.7744565217391305,0.6488575268817205,0.0,0.0,161,81,21,302.60229110717773,3.709077835083008,haberman,20
metacog,0.7419354838709677,0.5,0.4259259259259259,0.0,0.5,0.2580645161290322,0.4495958128105973,0.3695190781104068,3,2,2,988.5823726654052,1.751422882080078,haberman,20
classic,0.6774193548387096,0.5380434782608696,0.5386904761904762,0.0842700971600384,0.625,0.3579349078341013,0.0,0.0,121,61,21,503.5912990570069,6.308555603027344,haberman,21
metacog,0.7419354838709677,0.5,0.4259259259259259,0.0,0.5,0.2580645161290322,0.0260139462196942,0.9844145240260668,1,1,1,482.84387588500977,1.3093948364257812,haberman,21
classic,0.5806451612903226,0.5135869565217391,0.5067319461444308,0.0248513366402357,0.5,0.252392880417074,0.0,0.0,117,59,21,321.67720794677734,6.840705871582031,haberman,22
metacog,0.7419354838709677,0.5,0.4259259259259259,0.0,0.5,0.2580645161290322,0.1040754163967059,0.9924926671304032,1,1,1,401.1256694793701,1.3370513916015625,haberman,22
classic,0.7096774193548387,0.6413043478260869,0.6352941176470588,0.2724343325001703,0.5842391304347826,0.3580589157706093,0.0,0.0,119,60,21,344.77853775024414,9.280681610107422,haberman,23
metacog,0.7419354838709677,0.5,0.4259259259259259,0.0,0.5,0.2580645161290322,0.0159440315540061,0.9987752216607302,1,1,1,388.23843002319336,2.905845642089844,haberman,23
classic,0.8387096774193549,0.7282608695652174,0.7566718995290425,0.5431236301174653,0.6956521739130436,0.6290322580645161,0.0,0.0,147,74,21,317.7764415740967,3.228902816772461,haberman,24
metacog,0.7419354838709677,0.5,0.4259259259259259,0.0,0.5,0.2580645161290322,0.0058309881156488,0.9799291468370268,1,1,1,383.5127353668213,1.3875961303710938,haberman,24
classic,0.6129032258064516,0.4974747474747474,0.4945652173913043,-0.0054829307913314,0.5909090909090909,0.3314132104454685,0.0,0.0,127,64,21,293.6897277832031,3.5653114318847656,haberman,25
metacog,0.7096774193548387,0.5,0.4150943396226415,0.0,0.5,0.2903225806451613,0.0,0.989949322633526,1,1,1,385.228157043457,1.6694068908691406,haberman,25
classic,0.5333333333333333,0.3636363636363636,0.3478260869565217,-0.3015113445777636,0.2869318181818182,0.2331196581196581,0.0,0.0,121,61,21,304.1667938232422,3.622770309448242,haberman,26
metacog,0.7333333333333333,0.5,0.4230769230769231,0.0,0.5,0.2666666666666666,0.0024956430370781,0.9981437155145484,1,1,1,386.9345188140869,1.3666152954101562,haberman,26
classic,0.7,0.5170454545454546,0.4990723562152134,0.0502518907629606,0.5227272727272727,0.288095238095238,0.0,0.0,121,61,21,292.99449920654297,3.906726837158203,haberman,27
metacog,0.7333333333333333,0.5,0.4230769230769231,0.0,0.5,0.2666666666666666,0.1870693476896668,0.9875330421239008,1,1,1,387.324333190918,1.3396739959716797,haberman,27
classic,0.5333333333333333,0.3636363636363636,0.3478260869565217,-0.3015113445777636,0.3607954545454545,0.2434027777777778,0.0,0.0,115,58,21,303.6303520202637,4.411220550537109,haberman,28
metacog,0.7333333333333333,0.5,0.4230769230769231,0.0,0.5,0.2666666666666666,0.0496196547178001,0.9811060443458446,1,1,1,490.7441139221192,1.343488693237305,haberman,28
classic,0.6666666666666666,0.5738636363636364,0.5738636363636364,0.1477272727272727,0.5568181818181819,0.3050682773109244,0.0,0.0,113,57,21,304.3482303619385,5.562067031860352,haberman,29
metacog,0.7333333333333333,0.5,0.4230769230769231,0.0,0.5,0.2666666666666666,0.0496196547178001,0.9862960217659296,1,1,1,492.39110946655273,1.7092227935791016,haberman,29
classic,0.6129032258064516,0.5353260869565217,0.5303030303030303,0.0661340003639639,0.6059782608695653,0.3115177832919768,0.0,0.0,141,71,21,237.99872398376465,5.297660827636719,haberman,30
metacog,0.7419354838709677,0.5,0.4259259259259259,0.0,0.5,0.2580645161290322,0.1307248648497221,0.9978563338410984,1,1,1,379.5511722564697,1.3637542724609375,haberman,30
classic,0.5483870967741935,0.4103260869565217,0.4103260869565217,-0.1793478260869565,0.3804347826086957,0.243663594470046,0.0,0.0,155,78,21,285.86578369140625,3.601551055908203,haberman,31
metacog,0.7419354838709677,0.5,0.4259259259259259,0.0,0.5,0.2580645161290322,0.0830963705385151,0.6036251821345021,1,1,1,409.9762439727783,1.359701156616211,haberman,31
classic,0.6451612903225806,0.4755434782608695,0.4646781789638932,-0.0581918175125855,0.4266304347826087,0.2435483870967741,0.0,0.0,133,67,21,213.1357192993164,3.475427627563477,haberman,32
metacog,0.7419354838709677,0.5,0.4259259259259259,0.0,0.5,0.2580645161290322,0.1604350614064771,0.9880624876883844,1,1,1,364.6447658538818,2.1216869354248047,haberman,32
classic,0.7741935483870968,0.6847826086956521,0.6921985815602837,0.3867633919142965,0.611413043478261,0.4254608294930875,0.0,0.0,115,58,21,234.4667911529541,5.55872917175293,haberman,33
metacog,0.7419354838709677,0.5,0.4259259259259259,0.0,0.5,0.2580645161290322,0.1040754163967059,0.6901694326205791,1,1,1,387.0117664337158,1.3346672058105469,haberman,33
classic,0.7419354838709677,0.7038043478260869,0.6868686868686869,0.3815423097920998,0.7391304347826088,0.469430658946788,0.0,0.0,127,64,21,320.8794593811035,14.394521713256836,haberman,34
metacog,0.7419354838709677,0.5,0.4259259259259259,0.0,0.5,0.2580645161290322,0.1890719016479649,0.9874054317723632,1,1,1,450.58250427246094,1.64794921875,haberman,34
classic,0.7419354838709677,0.7196969696969697,0.7047619047619047,0.41684569156765,0.6893939393939393,0.4967741935483871,0.0,0.0,135,68,21,243.2234287261963,3.851652145385742,haberman,35
metacog,0.7096774193548387,0.5,0.4150943396226415,0.0,0.5,0.2903225806451613,0.2224575240901101,0.5105794536137115,1,1,1,368.9641952514648,1.3332366943359375,haberman,35
classic,0.7333333333333333,0.6193181818181819,0.6273291925465838,0.2638224265055431,0.6193181818181819,0.4020833333333333,0.0,0.0,133,67,21,279.2844772338867,3.934383392333984,haberman,36
metacog,0.7333333333333333,0.5,0.4230769230769231,0.0,0.5,0.2666666666666666,0.0650206087473442,0.6057049813926926,1,1,1,398.9856243133545,1.3163089752197266,haberman,36
classic,0.7,0.5170454545454546,0.4990723562152134,0.0502518907629606,0.6250000000000001,0.3291666666666666,0.0,0.0,113,57,21,241.7607307434082,5.080938339233398,haberman,37
metacog,0.7333333333333333,0.5,0.4230769230769231,0.0,0.5,0.2666666666666666,0.0005541427223031,0.9882836128150492,1,1,1,399.9845981597901,1.3272762298583984,haberman,37
classic,0.7333333333333333,0.6590909090909092,0.6590909090909092,0.3181818181818182,0.5738636363636364,0.3583333333333333,0.0,0.0,113,57,21,257.48682022094727,5.071401596069336,haberman,38
metacog,0.7333333333333333,0.5,0.4230769230769231,0.0,0.5,0.2666666666666666,0.0058309881156488,0.5450541938143451,1,1,1,392.17686653137207,1.3303756713867188,haberman,38
classic,0.6666666666666666,0.5340909090909092,0.5341614906832298,0.0753778361444409,0.5170454545454546,0.3041666666666667,0.0,0.0,141,71,21,311.57898902893066,3.6580562591552734,haberman,39
metacog,0.7333333333333333,0.5,0.4230769230769231,0.0,0.5,0.2666666666666666,0.155769387667763,0.9671785637667014,1,1,1,411.1793041229248,1.3592243194580078,haberman,39
classic,0.7096774193548387,0.5597826086956521,0.5620094191522763,0.1422466650307647,0.5625,0.3279569892473118,0.0,0.0,135,68,21,234.2820167541504,4.123210906982422,haberman,40
metacog,0.7419354838709677,0.5,0.4259259259259259,0.0,0.5,0.2580645161290322,0.0260139462196942,0.973716396956224,1,1,1,365.13638496398926,1.300811767578125,haberman,40
classic,0.7096774193548387,0.6005434782608696,0.6042553191489362,0.2104447867768966,0.5298913043478262,0.3148617511520737,0.0,0.0,139,70,21,328.3412456512451,4.120349884033203,haberman,41
metacog,0.7419354838709677,0.5,0.4259259259259259,0.0,0.5,0.2580645161290322,0.0107567408804808,0.9899094479086616,1,1,1,389.9233341217041,1.3158321380615234,haberman,41
classic,0.6451612903225806,0.4347826086956521,0.392156862745098,-0.193046835626336,0.4565217391304348,0.246684095474418,0.0,0.0,139,70,21,239.00914192199707,3.848791122436523,haberman,42
metacog,0.7419354838709677,0.5,0.4259259259259259,0.0,0.5,0.2580645161290322,0.0107567408804808,0.987692185430966,1,1,1,362.8273010253906,3.566503524780273,haberman,42
classic,0.8387096774193549,0.7282608695652174,0.7566718995290425,0.5431236301174653,0.6630434782608696,0.5358366935483871,0.0,0.0,131,66,21,230.2010059356689,4.169464111328125,haberman,43
metacog,0.7419354838709677,0.5,0.4259259259259259,0.0,0.5,0.2580645161290322,0.1266650293317839,0.5003319443746461,1,1,1,366.9521808624268,1.1107921600341797,haberman,43
classic,0.6774193548387096,0.4972826086956521,0.4833333333333333,-0.0070938044229895,0.4211956521739131,0.2722278225806451,0.0,0.0,123,62,21,234.5070838928223,4.100561141967773,haberman,44
metacog,0.7419354838709677,0.5,0.4259259259259259,0.0,0.5,0.2580645161290322,0.0496196547178001,0.987271380443728,1,1,1,366.4758205413818,1.6143321990966797,haberman,44
classic,0.7096774193548387,0.6313131313131313,0.6352941176470588,0.2724343325001703,0.5757575757575757,0.4575866188769414,0.0,0.0,133,67,21,243.0591583251953,3.715038299560547,haberman,45
metacog,0.7096774193548387,0.5,0.4150943396226415,0.0,0.5,0.2903225806451613,0.0159440315540061,0.9995534203632124,1,1,1,379.63008880615234,1.19781494140625,haberman,45
classic,0.5666666666666667,0.4659090909090909,0.466484268125855,-0.0657951694959769,0.53125,0.2892191142191142,0.0,0.0,151,76,21,260.76579093933105,3.772497177124024,haberman,46
metacog,0.7333333333333333,0.5,0.4230769230769231,0.0,0.5,0.2666666666666666,0.4784715742706782,0.533049421742914,3,2,2,570.7049369812012,0.7410049438476562,haberman,46
classic,0.7666666666666667,0.6022727272727273,0.6103896103896104,0.3015113445777636,0.7329545454545454,0.4674603174603174,0.0,0.0,119,60,21,231.38666152954104,3.60107421875,haberman,47
metacog,0.7333333333333333,0.5,0.4230769230769231,0.0,0.5,0.2666666666666666,0.0174296433271988,0.9845567484893374,1,1,1,376.48653984069824,1.3761520385742188,haberman,47
classic,0.7,0.5965909090909092,0.6000000000000001,0.2019805940217469,0.5625,0.3592948717948718,0.0,0.0,129,65,21,232.8319549560547,3.857135772705078,haberman,48
metacog,0.7333333333333333,0.5,0.4230769230769231,0.0,0.5,0.2666666666666666,0.0260139462196942,0.9922908711894106,1,1,1,352.50377655029297,1.3418197631835938,haberman,48
classic,0.7666666666666667,0.6022727272727273,0.6103896103896104,0.3015113445777636,0.5653409090909091,0.3458333333333333,0.0,0.0,127,64,21,245.63193321228027,3.117084503173828,haberman,49
metacog,0.7333333333333333,0.5,0.4230769230769231,0.0,0.5,0.2666666666666666,0.0496196547178001,0.9758433289109611,1,1,1,331.6950798034668,0.6718635559082031,haberman,49
classic,0.99,0.996415770609319,0.967895167895168,0.9315148255577506,0.9964534993397473,,0.0,0.0,17,9,9,374.4657039642334,7.363557815551758,hypothyroid,0
metacog,0.93,0.3333333333333333,0.3212435233160621,0.0,0.5,,0.0042260896277861,0.93007751676868,1,1,1,3806.666612625122,4.395723342895508,hypothyroid,0
classic,1.0,1.0,1.0,1.0,1.0,,0.0,0.0,17,9,9,372.2870349884033,6.875514984130859,hypothyroid,1
metacog,0.93,0.3333333333333333,0.3212435233160621,0.0,0.5,,0.0113983668609432,0.9575676854438142,1,1,1,3245.448350906372,4.053831100463867,hypothyroid,1
classic,0.98,0.9297491039426524,0.85005005005005,0.8623705744591766,0.9614731914271084,,0.0,0.0,15,8,8,272.3731994628906,6.5670013427734375,hypothyroid,2
metacog,0.93,0.3333333333333333,0.3212435233160621,0.0,0.5,,0.0271955855584473,0.9663051828871078,1,1,1,3697.132349014282,4.429101943969727,hypothyroid,2
classic,0.97,0.9261648745519712,0.8388010540184453,0.8073271410189168,0.9578729850740524,,0.0,0.0,21,11,7,387.7696990966797,6.417512893676758,hypothyroid,3
metacog,0.93,0.3333333333333333,0.3212435233160621,0.0,0.5,,0.1354382870758853,0.4079417701591188,1,1,1,3486.504077911377,4.1828155517578125,hypothyroid,3
classic,0.99,0.8333333333333334,0.8585858585858586,0.9248904506187484,0.9149122807017545,,0.0,0.0,15,8,8,304.2643070220947,13.352632522583008,hypothyroid,4
metacog,0.93,0.3333333333333333,0.3212435233160621,0.0,0.5,,0.0229397792902659,0.8744284022112196,1,1,1,3556.569814682007,4.681825637817383,hypothyroid,4
classic,0.99,0.8888888888888888,0.8962962962962964,0.9252276417112036,0.9427083333333334,,0.0,0.0,15,8,8,322.44110107421875,18.51963996887207,hypothyroid,5
metacog,0.93,0.3333333333333333,0.3212435233160621,0.0,0.5,,0.0088122661930608,0.9360400081202528,1,1,1,3396.1198329925537,5.795478820800781,hypothyroid,5
classic,1.0,1.0,1.0,1.0,1.0,,0.0,0.0,15,8,8,283.19382667541504,6.505250930786133,hypothyroid,6
metacog,0.93,0.3333333333333333,0.3212435233160621,0.0,0.5,,0.009541776396624,0.9487884537109316,1,1,1,3333.632707595825,4.533052444458008,hypothyroid,6
classic,0.98,0.9130824372759856,0.8672458172458173,0.8623505602666578,0.9531047925211544,,0.0,0.0,17,9,9,374.88842010498047,6.656408309936523,hypothyroid,7
metacog,0.93,0.3333333333333333,0.3212435233160621,0.0,0.5,,0.0547892331780775,0.9720210560175028,1,1,1,3569.732189178467,4.143238067626953,hypothyroid,7
classic,0.99,0.8888888888888888,0.8962962962962964,0.9252276417112036,0.9427083333333334,,0.0,0.0,17,9,9,474.68090057373047,7.64012336730957,hypothyroid,8
metacog,0.93,0.3333333333333333,0.3212435233160621,0.0,0.5,,0.0008760529654815,0.9755927477019416,1,1,1,3735.0025177001953,8.023500442504883,hypothyroid,8
classic,0.98,0.992831541218638,0.9130434782608696,0.8755388802477589,0.9929793444924804,,0.0,0.0,17,9,8,276.979923248291,7.274150848388672,hypothyroid,9
metacog,0.93,0.3333333333333333,0.3212435233160621,0.0,0.5,,0.303518089395689,0.5436497002513937,1,1,1,3281.53395652771,4.125833511352539,hypothyroid,9
classic,1.0,1.0,1.0,1.0,1.0,,0.0,0.0,15,8,8,317.3413276672363,12.637615203857422,hypothyroid,10
metacog,0.93,0.3333333333333333,0.3212435233160621,0.0,0.5,,0.0206961180552445,0.972008102246546,1,1,1,3861.303329467773,4.205226898193359,hypothyroid,10
classic,1.0,1.0,1.0,1.0,1.0,,0.0,0.0,17,9,9,305.0508499145508,12.467384338378906,hypothyroid,11
metacog,0.93,0.3333333333333333,0.3212435233160621,0.0,0.5,,0.023507193232451,0.9874994648555474,1,1,1,3169.9295043945312,4.102468490600586,hypothyroid,11
classic,1.0,1.0,1.0,1.0,1.0,,0.0,0.0,17,9,9,289.05701637268066,7.797956466674805,hypothyroid,12
metacog,0.93,0.3333333333333333,0.3212435233160621,0.0,0.5,,0.0150099197355945,0.974596467509352,1,1,1,3240.7007217407227,4.285335540771484,hypothyroid,12
classic,0.99,0.8333333333333334,0.8585858585858586,0.9248904506187484,0.9149122807017545,,0.0,0.0,13,7,7,222.60379791259768,6.848812103271484,hypothyroid,13
metacog,0.93,0.3333333333333333,0.3212435233160621,0.0,0.5,,0.0074181320954483,0.9254967981052318,1,1,1,3242.140531539917,5.628824234008789,hypothyroid,13
classic,0.99,0.8333333333333334,0.8585858585858586,0.9248904506187484,0.9149122807017545,,0.0,0.0,17,9,9,307.29150772094727,6.937503814697266,hypothyroid,14
metacog,0.93,0.3333333333333333,0.3212435233160621,0.0,0.5,,0.0157892538146657,0.8907671913745565,1,1,1,3249.728918075561,4.1103363037109375,hypothyroid,14
classic,0.99,0.996415770609319,0.9505791505791508,0.9318804679981768,0.9964896722462404,,0.0,0.0,17,9,9,300.28796195983887,7.103919982910156,hypothyroid,15
metacog,0.93,0.3333333333333333,0.3212435233160621,0.0,0.5,,0.0014912039338094,0.9138378700410106,1,1,1,3299.785375595093,4.371881484985352,hypothyroid,15
classic,0.99,0.996415770609319,0.9505791505791508,0.9318804679981768,0.9964896722462404,,0.0,0.0,15,8,8,236.7424964904785,6.429195404052734,hypothyroid,16
metacog,0.93,0.3333333333333333,0.3212435233160621,0.0,0.5,,0.0229397792902659,0.9537004816687358,1,1,1,3256.3459873199463,4.155635833740234,hypothyroid,16
classic,0.99,0.996415770609319,0.9505791505791508,0.9318804679981768,0.9964896722462404,,0.0,0.0,17,9,9,253.6346912384033,6.569623947143555,hypothyroid,17
metacog,0.93,0.3333333333333333,0.3212435233160621,0.0,0.5,,0.0591314813264065,0.9703893922807092,1,1,1,3264.657974243164,5.110263824462891,hypothyroid,17
classic,0.99,0.8888888888888888,0.8962962962962964,0.9252276417112036,0.9427083333333334,,0.0,0.0,17,9,9,307.90019035339355,8.785486221313477,hypothyroid,18
metacog,0.93,0.3333333333333333,0.3212435233160621,0.0,0.5,,0.0204537263276588,0.9792011332731564,1,1,1,3170.938968658448,4.224061965942383,hypothyroid,18
classic,0.96,0.8261648745519713,0.7424085576259488,0.7430159420350487,0.9061916869896168,,0.0,0.0,17,9,8,241.6210174560547,5.821466445922852,hypothyroid,19
metacog,0.93,0.3333333333333333,0.3212435233160621,0.0,0.5,,0.2216098552067258,0.7126173816735125,1,1,1,3283.661127090454,4.143476486206055,hypothyroid,19
classic,1.0,1.0,1.0,1.0,1.0,,0.0,0.0,17,9,9,314.2242431640625,8.393049240112305,hypothyroid,20
metacog,0.93,0.3333333333333333,0.3212435233160621,0.0,0.5,,0.0278490885428393,0.9706736744246716,1,1,1,3297.3012924194336,4.899024963378906,hypothyroid,20
classic,1.0,1.0,1.0,1.0,1.0,,0.0,0.0,17,9,9,312.227725982666,8.324623107910156,hypothyroid,21
metacog,0.93,0.3333333333333333,0.3212435233160621,0.0,0.5,,0.004592177011468,0.9449696788152536,1,1,1,3322.8769302368164,3.5920143127441406,hypothyroid,21
classic,1.0,1.0,1.0,1.0,1.0,,0.0,0.0,17,9,9,344.0701961517334,6.949901580810547,hypothyroid,22
metacog,0.93,0.3333333333333333,0.3212435233160621,0.0,0.5,,0.0042409406538995,0.9836909656078878,1,1,1,3006.4027309417725,4.022359848022461,hypothyroid,22
classic,0.99,0.996415770609319,0.9315315315315316,0.9317813898423822,0.9965072050325506,,0.0,0.0,17,9,8,259.1650485992432,8.069276809692383,hypothyroid,23
metacog,0.93,0.3333333333333333,0.3212435233160621,0.0,0.5,,0.0734987588365769,0.5058199274343592,1,1,1,3535.5985164642334,3.995418548583984,hypothyroid,23
classic,0.97,0.6630824372759857,0.6093093093093094,0.789809746187045,0.8263317664360593,,0.0,0.0,15,8,8,263.5495662689209,8.07952880859375,hypothyroid,24
metacog,0.93,0.3333333333333333,0.3212435233160621,0.0,0.5,,0.0127533526797266,0.8869196878464237,1,1,1,3520.040273666382,4.058361053466797,hypothyroid,24
classic,1.0,1.0,1.0,1.0,1.0,,0.0,0.0,15,8,8,222.55539894104004,6.26373291015625,hypothyroid,25
metacog,0.93,0.3333333333333333,0.3212435233160621,0.0,0.5,,0.0922414871327473,0.9897997853059284,1,1,1,3190.073013305664,4.05430793762207,hypothyroid,25
classic,1.0,1.0,1.0,1.0,1.0,,0.0,0.0,17,9,9,310.9626770019531,7.123470306396484,hypothyroid,26
metacog,0.93,0.3333333333333333,0.3212435233160621,0.0,0.5,,0.0652586799836546,0.9830467788273816,1,1,1,3143.0983543396,5.492448806762695,hypothyroid,26
classic,0.97,0.8019713261648745,0.7759759759759759,0.7900746710742181,0.8957952278017958,,0.0,0.0,13,7,7,214.611291885376,7.390022277832031,hypothyroid,27
metacog,0.93,0.3333333333333333,0.3212435233160621,0.0,0.5,,0.0272187717323712,0.9519305304750516,1,1,1,3098.154306411743,4.285573959350586,hypothyroid,27
classic,1.0,1.0,1.0,1.0,1.0,,0.0,0.0,17,9,9,282.96566009521484,7.465600967407227,hypothyroid,28
metacog,0.93,0.3333333333333333,0.3212435233160621,0.0,0.5,,0.0269847812439205,0.9562137773265792,1,1,1,3023.7138271331787,4.733085632324219,hypothyroid,28
classic,0.99,0.996415770609319,0.9505791505791508,0.9318804679981768,0.9964896722462404,,0.0,0.0,17,9,9,225.53730010986328,4.548072814941406,hypothyroid,29
metacog,0.93,0.3333333333333333,0.3212435233160621,0.0,0.5,,0.0674044973343467,0.9696260676328224,1,1,1,3029.23583984375,4.160881042480469,hypothyroid,29
classic,1.0,1.0,1.0,1.0,1.0,,0.0,0.0,15,8,8,262.664794921875,6.051778793334961,hypothyroid,30
metacog,0.93,0.3333333333333333,0.3212435233160621,0.0,0.5,,0.0074181320954483,0.976608463920931,1,1,1,3450.670003890991,4.08935546875,hypothyroid,30
classic,0.99,0.996415770609319,0.9315315315315316,0.9317813898423822,0.9965072050325506,,0.0,0.0,15,8,8,220.98255157470703,6.342172622680664,hypothyroid,31
metacog,0.93,0.3333333333333333,0.3212435233160621,0.0,0.5,,0.0115985743411411,0.9554895773882156,1,1,1,3162.6718044281006,4.117488861083984,hypothyroid,31
classic,1.0,1.0,1.0,1.0,1.0,,0.0,0.0,17,9,9,330.0487995147705,6.961584091186523,hypothyroid,32
metacog,0.93,0.3333333333333333,0.3212435233160621,0.0,0.5,,0.0157892538146656,0.9714956768096308,1,1,1,3410.032033920288,4.197597503662109,hypothyroid,32
classic,0.99,0.8333333333333334,0.8585858585858586,0.9248904506187484,0.9149122807017545,,0.0,0.0,15,8,8,267.9135799407959,6.740331649780273,hypothyroid,33
metacog,0.93,0.3333333333333333,0.3212435233160621,0.0,0.5,,0.028445070488766,0.9731153980332556,1,1,1,3304.433822631836,4.047155380249023,hypothyroid,33
classic,0.99,0.9333333333333332,0.8962962962962964,0.9252276417112036,0.9649659863945578,,0.0,0.0,17,9,9,290.39597511291504,6.877899169921875,hypothyroid,34
metacog,0.93,0.3333333333333333,0.3212435233160621,0.0,0.5,,0.003564502519558,0.9657120309720466,1,1,1,3330.5647373199463,4.8122406005859375,hypothyroid,34
classic,1.0,1.0,1.0,1.0,1.0,,0.0,0.0,15,8,8,250.6942749023437,7.581710815429687,hypothyroid,35
metacog,0.93,0.3333333333333333,0.3212435233160621,0.0,0.5,,0.0028154228126351,0.9192565442961284,1,1,1,3461.8868827819824,4.090309143066406,hypothyroid,35
classic,0.99,0.8888888888888888,0.8962962962962964,0.9252276417112036,0.9427083333333334,,0.0,0.0,15,8,8,234.0087890625,8.000373840332031,hypothyroid,36
metacog,0.93,0.3333333333333333,0.3212435233160621,0.0,0.5,,0.0206961180552445,0.868306750759642,1,1,1,3586.467504501343,4.033565521240234,hypothyroid,36
classic,0.97,0.989247311827957,0.8802498048399688,0.8266307009005031,0.989433220633337,,0.0,0.0,15,8,8,223.17886352539065,8.357763290405273,hypothyroid,37
metacog,0.93,0.3333333333333333,0.3212435233160621,0.0,0.5,,0.1210984188727991,0.9694933916980428,1,1,1,3195.908308029175,4.088401794433594,hypothyroid,37
classic,1.0,1.0,1.0,1.0,1.0,,0.0,0.0,15,8,8,227.769136428833,6.325244903564453,hypothyroid,38
metacog,0.93,0.3333333333333333,0.3212435233160621,0.0,0.5,,0.0316724494807344,0.9397966884183916,1,1,1,3125.0228881835938,4.014730453491211,hypothyroid,38
classic,1.0,1.0,1.0,1.0,1.0,,0.0,0.0,17,9,9,318.1695938110352,7.9555511474609375,hypothyroid,39
metacog,0.93,0.3333333333333333,0.3212435233160621,0.0,0.5,,0.0442981900913953,0.9701205912434268,1,1,1,3318.251371383667,7.277011871337891,hypothyroid,39
classic,0.99,0.996415770609319,0.9315315315315316,0.9317813898423822,0.9965072050325506,,0.0,0.0,17,9,8,224.6103286743164,5.43212890625,hypothyroid,40
metacog,0.93,0.3333333333333333,0.3212435233160621,0.0,0.5,,0.1152802259158582,0.5981243980031892,1,1,1,3359.341144561768,5.35893440246582,hypothyroid,40
classic,1.0,1.0,1.0,1.0,1.0,,0.0,0.0,17,9,9,279.36840057373047,5.433559417724609,hypothyroid,41
metacog,0.93,0.3333333333333333,0.3212435233160621,0.0,0.5,,0.0088122661930608,0.9699845530537724,1,1,1,3606.590032577514,4.157066345214844,hypothyroid,41
classic,1.0,1.0,1.0,1.0,1.0,,0.0,0.0,15,8,8,208.1735134124756,6.539106369018555,hypothyroid,42
metacog,0.93,0.3333333333333333,0.3212435233160621,0.0,0.5,,0.0546997113152418,0.984866801086399,1,1,1,3524.5611667633057,4.129171371459961,hypothyroid,42
classic,0.99,0.8333333333333334,0.8585858585858586,0.9248904506187484,0.9149122807017545,,0.0,0.0,17,9,9,281.2340259552002,6.976127624511719,hypothyroid,43
metacog,0.93,0.3333333333333333,0.3212435233160621,0.0,0.5,,0.004592177011468,0.9821341516686934,1,1,1,3264.7509574890137,3.6766529083251953,hypothyroid,43
classic,0.99,0.8333333333333334,0.8585858585858586,0.9248904506187484,0.9149122807017545,,0.0,0.0,17,9,9,351.2346744537353,9.332656860351562,hypothyroid,44
metacog,0.93,0.3333333333333333,0.3212435233160621,0.0,0.5,,0.00266498033578,0.8968213915972026,1,1,1,2424.548625946045,3.322124481201172,hypothyroid,44
classic,0.98,0.8853046594982078,0.85005005005005,0.8609333859687669,0.9391980055795736,,0.0,0.0,15,8,8,298.3419895172119,7.862567901611328,hypothyroid,45
metacog,0.93,0.3333333333333333,0.3212435233160621,0.0,0.5,,0.0373793553411374,0.97244327600589,1,1,1,2483.8130474090576,2.1750926971435547,hypothyroid,45
classic,0.98,0.9130824372759856,0.8672458172458173,0.8623505602666578,0.9531047925211544,,0.0,0.0,17,9,9,298.36297035217285,6.361961364746094,hypothyroid,46
metacog,0.93,0.3333333333333333,0.3212435233160621,0.0,0.5,,0.0548971906148611,0.9734366167425684,1,1,1,2357.6884269714355,4.165410995483398,hypothyroid,46
classic,0.98,0.9130824372759856,0.8672458172458173,0.8610688822840296,0.9530868944684624,,0.0,0.0,15,8,8,242.1634197235108,6.325244903564453,hypothyroid,47
metacog,0.93,0.3333333333333333,0.3212435233160621,0.0,0.5,,0.0023844560899084,0.934046301415337,1,1,1,2433.4805011749268,4.297494888305664,hypothyroid,47
classic,0.99,0.996415770609319,0.9505791505791508,0.9318804679981768,0.9964896722462404,,0.0,0.0,17,9,9,280.63464164733887,3.5953521728515625,hypothyroid,48
metacog,0.93,0.3333333333333333,0.3212435233160621,0.0,0.5,,0.0206961180552445,0.9722870420543748,1,1,1,2424.1366386413574,2.159357070922852,hypothyroid,48
classic,1.0,1.0,1.0,1.0,1.0,,0.0,0.0,17,9,9,293.6344146728516,6.840944290161133,hypothyroid,49
metacog,0.93,0.3333333333333333,0.3212435233160621,0.0,0.5,,0.0220769803842626,0.9314651634472946,1,1,1,2231.630325317383,2.938270568847656,hypothyroid,49
classic,0.9722222222222222,0.9782608695652174,0.9703703703703704,0.9424429732158732,0.9782608695652174,0.9842995169082126,0.0,0.0,39,20,19,7772.213459014893,4.120826721191406,ionosphere,0
metacog,0.6388888888888888,0.5,0.3898305084745763,0.0,0.5,0.6388888888888888,0.6322017759947923,0.992962813877466,1,1,1,18595.221996307373,1.7397403717041016,ionosphere,0
classic,0.9428571428571428,0.9365942028985508,0.9365942028985508,0.8731884057971014,0.9347826086956522,0.9435052660005402,0.0,0.0,33,17,17,6818.65668296814,3.8156509399414062,ionosphere,1
metacog,0.6571428571428571,0.5,0.396551724137931,0.0,0.5,0.6571428571428571,0.0058309881156488,0.9806756948789792,1,1,1,18371.169567108154,1.656293869018555,ionosphere,1
classic,0.9428571428571428,0.9365942028985508,0.9365942028985508,0.8731884057971014,0.9365942028985508,0.9435052660005402,0.0,0.0,37,19,18,7005.598545074463,7.204771041870117,ionosphere,2
metacog,0.6571428571428571,0.5,0.396551724137931,0.0,0.5,0.6571428571428571,0.3466460440169014,0.9874995981546824,1,1,1,19425.620079040527,1.6567707061767578,ionosphere,2
classic,0.9142857142857144,0.914855072463768,0.9066666666666668,0.8150756607987959,0.9112318840579712,0.9286843591191416,0.0,0.0,35,18,17,6967.812776565552,3.958463668823242,ionosphere,3
metacog,0.6571428571428571,0.5,0.396551724137931,0.0,0.5,0.6571428571428571,0.1861924423268325,0.9826335184830648,1,1,1,20069.39625740052,1.6200542449951172,ionosphere,3
classic,0.9714285714285714,0.9583333333333331,0.967622571692877,0.9372684899334994,0.9565217391304348,0.9566005040957782,0.0,0.0,37,19,19,7477.810382843018,4.017114639282227,ionosphere,4
metacog,0.6571428571428571,0.5,0.396551724137931,0.0,0.5,0.6571428571428571,0.6488800682976643,0.9881500470184512,1,1,1,18817.190408706665,1.5282630920410156,ionosphere,4
classic,0.8857142857142857,0.8618881118881119,0.8731884057971014,0.753330178128478,0.8618881118881119,0.8637987012987013,0.0,0.0,33,17,17,6812.373638153076,5.452871322631836,ionosphere,5
metacog,0.6285714285714286,0.5,0.3859649122807017,0.0,0.5,0.6285714285714286,0.4774262203727955,0.9943326881471588,1,1,1,19730.265378952023,1.6493797302246094,ionosphere,5
classic,0.8857142857142857,0.8776223776223776,0.8776223776223776,0.7552447552447552,0.9108391608391608,0.9062190082644628,0.0,0.0,35,18,18,7032.530069351196,4.041194915771484,ionosphere,6
metacog,0.7142857142857143,0.6153846153846154,0.5949074074074074,0.3983137534078457,0.6153846153846154,0.6875,0.3744266915422316,0.9966555996749384,3,2,2,36735.00084877014,2.0515918731689453,ionosphere,6
classic,1.0,1.0,1.0,1.0,1.0,1.0,0.0,0.0,39,20,19,8014.801263809204,3.948211669921875,ionosphere,7
metacog,0.6285714285714286,0.5,0.3859649122807017,0.0,0.5,0.6285714285714286,0.3597192750496343,0.9914159222511228,1,1,1,18855.93557357788,1.652240753173828,ionosphere,7
classic,0.9142857142857144,0.916083916083916,0.9095607235142118,0.8207677342949549,0.958041958041958,0.9527573875399962,0.0,0.0,37,19,17,7370.3773021698,4.230499267578125,ionosphere,8
metacog,0.6285714285714286,0.5,0.3859649122807017,0.0,0.5,0.6285714285714286,0.5785529074035128,0.9828597506590636,1,1,1,19353.222370147705,1.468181610107422,ionosphere,8
classic,0.8571428571428571,0.8706293706293706,0.8528174936921783,0.7189787465447568,0.8706293706293707,0.8894053315105946,0.0,0.0,39,20,18,7310.765266418457,4.312038421630859,ionosphere,9
metacog,0.6285714285714286,0.5,0.3859649122807017,0.0,0.5,0.6285714285714286,0.2151251029357726,0.9901392980733044,1,1,1,20428.59578132629,1.6937255859375,ionosphere,9
classic,0.9722222222222222,0.9615384615384616,0.9693617021276596,0.9405399431259605,0.9615384615384616,0.9583333333333334,0.0,0.0,35,18,17,6940.359830856323,1.9602775573730469,ionosphere,10
metacog,0.6388888888888888,0.5,0.3898305084745763,0.0,0.5,0.6388888888888888,0.2841757957429293,0.9861086538980848,1,1,1,18063.350677490234,1.81269645690918,ionosphere,10
classic,0.9714285714285714,0.9583333333333331,0.967622571692877,0.9372684899334994,0.9565217391304348,0.9566005040957782,0.0,0.0,37,19,19,7218.557834625244,4.059553146362305,ionosphere,11
metacog,0.6571428571428571,0.5,0.396551724137931,0.0,0.5,0.6571428571428571,0.4141624385471193,0.9937239506386089,1,1,1,18036.88216209412,1.672506332397461,ionosphere,11
classic,0.9714285714285714,0.9782608695652174,0.9688888888888888,0.9396505434536336,1.0,1.0,0.0,0.0,39,20,19,8011.642456054687,3.4818649291992188,ionosphere,12
metacog,0.6571428571428571,0.5,0.396551724137931,0.0,0.5,0.6571428571428571,0.3882667441108223,0.9854222247037606,1,1,1,18324.867010116577,3.786325454711914,ionosphere,12
classic,0.9714285714285714,0.9782608695652174,0.9688888888888888,0.9396505434536336,0.9782608695652174,0.9850931677018634,0.0,0.0,37,19,18,7206.477880477905,4.116535186767578,ionosphere,13
metacog,0.6571428571428571,0.5,0.396551724137931,0.0,0.5,0.6571428571428571,0.5499951450139091,0.9938469135550416,1,1,1,17270.180225372314,9.730815887451172,ionosphere,13
classic,0.9428571428571428,0.9365942028985508,0.9365942028985508,0.8731884057971014,0.9547101449275364,0.9549338374291116,0.0,0.0,35,18,18,7607.339143753052,4.109621047973633,ionosphere,14
metacog,0.6571428571428571,0.5,0.396551724137931,0.0,0.5,0.6571428571428571,0.5249066767996359,0.9920499033022684,1,1,1,18449.18274879456,1.644611358642578,ionosphere,14
classic,0.9428571428571428,0.9230769230769232,0.9365942028985508,0.8807048459279792,0.9195804195804196,0.9132081686429512,0.0,0.0,35,18,17,6802.701711654663,3.872394561767578,ionosphere,15
metacog,0.6285714285714286,0.5,0.3859649122807017,0.0,0.5,0.6285714285714286,0.3882667441108223,0.9976673215841432,1,1,1,17274.680137634277,1.734018325805664,ionosphere,15
classic,0.8857142857142857,0.8933566433566433,0.8809523809523809,0.7681373347487838,0.9143356643356644,0.920887445887446,0.0,0.0,33,17,17,7013.139963150024,3.810882568359375,ionosphere,16
metacog,0.6285714285714286,0.5,0.3859649122807017,0.0,0.5,0.6285714285714286,0.303967316758582,0.981355155540948,1,1,1,18158.96248817444,1.6913414001464844,ionosphere,16
classic,0.9714285714285714,0.9615384615384616,0.9688888888888888,0.9396505434536336,0.9615384615384616,0.9565217391304348,0.0,0.0,37,19,18,7981.864452362061,4.024028778076172,ionosphere,17
metacog,0.6285714285714286,0.5,0.3859649122807017,0.0,0.5,0.6285714285714286,0.303518089395689,0.9798262902804862,1,1,1,18748.258113861084,1.7750263214111328,ionosphere,17
classic,0.9714285714285714,0.9772727272727272,0.9698535745047372,0.9414688716912718,0.9755244755244756,0.9831168831168832,0.0,0.0,37,19,18,7492.327690124512,3.9615631103515625,ionosphere,18
metacog,0.6285714285714286,0.5,0.3859649122807017,0.0,0.5,0.6285714285714286,0.3826371965972537,0.9866687466596096,1,1,1,17396.825790405273,1.6095638275146484,ionosphere,18
classic,0.8571428571428571,0.8548951048951049,0.8492678725236864,0.7000665968986379,0.854895104895105,0.8670995670995671,0.0,0.0,35,18,17,7054.141521453857,6.727457046508789,ionosphere,19
metacog,0.6285714285714286,0.5,0.3859649122807017,0.0,0.5,0.6285714285714286,0.3758595212132675,0.9932914961937168,1,1,1,18206.35485649109,1.741647720336914,ionosphere,19
classic,0.8888888888888888,0.8963210702341138,0.8831168831168831,0.7722492140123949,0.9147157190635452,0.9232480080306168,0.0,0.0,35,18,17,7447.937250137329,4.1828155517578125,ionosphere,20
metacog,0.6388888888888888,0.5,0.3898305084745763,0.0,0.5,0.6388888888888888,0.4186863900892918,0.9847211034920036,1,1,1,17742.84553527832,1.7368793487548828,ionosphere,20
classic,0.8857142857142857,0.8731884057971014,0.8731884057971014,0.7463768115942029,0.8659420289855073,0.8873542336680333,0.0,0.0,33,17,17,6092.034339904785,3.500223159790039,ionosphere,21
metacog,0.6571428571428571,0.5,0.396551724137931,0.0,0.5,0.6571428571428571,0.3895154409657533,0.9814096555253692,1,1,1,17128.888607025146,1.6677379608154297,ionosphere,21
classic,1.0,1.0,1.0,1.0,1.0,1.0,0.0,0.0,39,20,19,7505.532741546631,4.415273666381836,ionosphere,22
metacog,0.6571428571428571,0.5,0.396551724137931,0.0,0.5,0.6571428571428571,0.3882667441108223,0.9856955238596568,1,1,1,17986.876487731934,1.6560554504394531,ionosphere,22
classic,0.9428571428571428,0.9365942028985508,0.9365942028985508,0.8731884057971014,0.9365942028985508,0.9435052660005402,0.0,0.0,37,19,18,6710.858106613159,4.074335098266602,ionosphere,23
metacog,0.6571428571428571,0.5,0.396551724137931,0.0,0.5,0.6571428571428571,0.5700382092545211,0.992393331022894,1,1,1,18315.10281562805,1.6710758209228516,ionosphere,23
classic,0.9428571428571428,0.9565217391304348,0.9388111888111887,0.8846517369293828,0.9782608695652174,0.9850931677018634,0.0,0.0,35,18,17,6739.034414291382,3.9162635803222656,ionosphere,24
metacog,0.6571428571428571,0.5,0.396551724137931,0.0,0.5,0.6571428571428571,0.4212876598515478,0.9877623565543366,1,1,1,18047.6303100586,1.7049312591552734,ionosphere,24
classic,0.9142857142857144,0.931818181818182,0.911690496215307,0.837678067908278,0.931818181818182,0.9493506493506494,0.0,0.0,37,19,19,7042.955160140991,3.866434097290039,ionosphere,25
metacog,0.6285714285714286,0.5,0.3859649122807017,0.0,0.5,0.6285714285714286,0.3466460440169014,0.9953184119185332,1,1,1,17933.16912651062,1.653432846069336,ionosphere,25
classic,0.9142857142857144,0.916083916083916,0.9095607235142118,0.8207677342949549,0.9335664335664337,0.9358742706568792,0.0,0.0,39,20,18,6686.87915802002,3.9920806884765625,ionosphere,26
metacog,0.6285714285714286,0.5,0.3859649122807017,0.0,0.5,0.6285714285714286,0.5926933207892303,0.9894143521256672,1,1,1,17830.814123153687,1.4853477478027344,ionosphere,26
classic,0.9142857142857144,0.9003496503496504,0.9066666666666668,0.8150756607987959,0.8986013986013985,0.9001129305477131,0.0,0.0,33,17,17,6253.623723983765,3.928661346435547,ionosphere,27
metacog,0.6285714285714286,0.5,0.3859649122807017,0.0,0.5,0.6285714285714286,0.2623368225028105,0.984706912995598,1,1,1,18123.383283615112,1.675128936767578,ionosphere,27
classic,0.9428571428571428,0.9388111888111887,0.9388111888111887,0.8776223776223776,0.9370629370629372,0.9397284533648173,0.0,0.0,37,19,17,6277.625322341919,3.95965576171875,ionosphere,28
metacog,0.6285714285714286,0.5,0.3859649122807017,0.0,0.5,0.6285714285714286,0.3826371965972537,0.9889240816195664,1,1,1,18562.28876113892,3.0922889709472656,ionosphere,28
classic,1.0,1.0,1.0,1.0,1.0,1.0,0.0,0.0,41,21,19,7210.058450698852,3.988504409790039,ionosphere,29
metacog,0.6285714285714286,0.5,0.3859649122807017,0.0,0.5,0.6285714285714286,0.3149215412925583,0.9934796424551592,1,1,1,18254.41861152649,2.089262008666992,ionosphere,29
classic,0.9166666666666666,0.934782608695652,0.9133921411387328,0.8405484751817915,0.934782608695652,0.9528985507246376,0.0,0.0,37,19,18,6536.932229995728,3.9517879486083984,ionosphere,30
metacog,0.6388888888888888,0.5,0.3898305084745763,0.0,0.5,0.6388888888888888,0.5194630401710595,0.9884367284841276,1,1,1,17999.310970306396,1.712799072265625,ionosphere,30
classic,1.0,1.0,1.0,1.0,1.0,1.0,0.0,0.0,41,21,19,7093.236684799194,4.085540771484375,ionosphere,31
metacog,0.6571428571428571,0.5,0.396551724137931,0.0,0.5,0.6571428571428571,0.2561367758347762,0.9796667780200254,1,1,1,18194.88501548767,1.728534698486328,ionosphere,31
classic,0.9428571428571428,0.9565217391304348,0.9388111888111887,0.8846517369293828,1.0,1.0,0.0,0.0,39,20,18,7012.276887893677,4.197120666503906,ionosphere,32
metacog,0.6571428571428571,0.5,0.396551724137931,0.0,0.5,0.6571428571428571,0.1282076843554628,0.9881730476439898,1,1,1,19594.80619430542,1.9068717956542969,ionosphere,32
classic,1.0,1.0,1.0,1.0,1.0,1.0,0.0,0.0,39,20,19,7667.347192764282,5.615711212158203,ionosphere,33
metacog,0.8285714285714286,0.75,0.7756410256410255,0.6297235299224025,0.75,0.7931034482758621,0.4111090218298533,0.9926651604095944,3,2,2,32221.543550491333,1.0082721710205078,ionosphere,33
classic,0.9428571428571428,0.9166666666666669,0.9337121212121212,0.8755950357709131,0.9130434782608696,0.9168115942028984,0.0,0.0,35,18,17,7670.471668243408,16.829490661621094,ionosphere,34
metacog,0.6571428571428571,0.5,0.396551724137931,0.0,0.5,0.6571428571428571,0.0260139462196942,0.9919535890842488,1,1,1,18381.755590438843,1.650094985961914,ionosphere,34
classic,0.9714285714285714,0.9615384615384616,0.9688888888888888,0.9396505434536336,0.9615384615384616,0.9565217391304348,0.0,0.0,35,18,18,6973.103761672974,3.978729248046875,ionosphere,35
metacog,0.8,0.7307692307692308,0.7471620227038184,0.591720057117126,0.7307692307692308,0.7586206896551724,0.3821470967826651,0.9947686790129996,3,2,2,31458.28747749329,2.8913021087646484,ionosphere,35
classic,0.8,0.7937062937062938,0.788975021533161,0.5793654595023211,0.8041958041958042,0.8245623941276115,0.0,0.0,31,16,16,6386.874437332153,3.745794296264648,ionosphere,36
metacog,0.6285714285714286,0.5,0.3859649122807017,0.0,0.5,0.6285714285714286,0.3627335215965485,0.987418623543414,1,1,1,18214.020013809204,1.6601085662841797,ionosphere,36
classic,0.9428571428571428,0.9388111888111887,0.9388111888111887,0.8776223776223776,0.9370629370629372,0.9377607241243604,0.0,0.0,35,18,18,6157.043218612671,3.751277923583984,ionosphere,37
metacog,0.6285714285714286,0.5,0.3859649122807017,0.0,0.5,0.6285714285714286,0.6204652186148921,0.99226450773732,1,1,1,18196.043729782104,1.6734600067138672,ionosphere,37
classic,0.9714285714285714,0.9772727272727272,0.9698535745047372,0.9414688716912718,0.973776223776224,0.9831168831168832,0.0,0.0,35,18,17,7086.499214172363,3.80849838256836,ionosphere,38
metacog,0.6285714285714286,0.5,0.3859649122807017,0.0,0.5,0.6285714285714286,0.4774262203727955,0.9915859080165108,1,1,1,17833.214044570923,1.6355514526367188,ionosphere,38
classic,0.8571428571428571,0.8391608391608392,0.8444444444444444,0.690500778143958,0.8723776223776224,0.8687480997263606,0.0,0.0,31,16,16,5949.271440505981,3.416299819946289,ionosphere,39
metacog,0.6285714285714286,0.5,0.3859649122807017,0.0,0.5,0.6285714285714286,0.4212876598515478,0.9716974523075028,1,1,1,17859.840631484985,0.8692741394042969,ionosphere,39
classic,0.8888888888888888,0.8963210702341138,0.8831168831168831,0.7722492140123949,0.8913043478260869,0.9114906832298136,0.0,0.0,37,19,18,7548.642158508301,4.093647003173828,ionosphere,40
metacog,0.6388888888888888,0.5,0.3898305084745763,0.0,0.5,0.6388888888888888,0.6322017759947923,0.9784365013809494,1,1,1,18184.836626052856,1.7175674438476562,ionosphere,40
classic,1.0,1.0,1.0,1.0,1.0,1.0,0.0,0.0,41,21,19,7736.059904098511,4.248619079589844,ionosphere,41
metacog,0.6571428571428571,0.5,0.396551724137931,0.0,0.5,0.6571428571428571,0.4508081011804434,0.989454573906434,1,1,1,17983.416080474854,0.904083251953125,ionosphere,41
classic,0.9714285714285714,0.9782608695652174,0.9688888888888888,0.9396505434536336,0.9782608695652174,0.9850931677018634,0.0,0.0,39,20,19,7705.902099609375,5.269527435302734,ionosphere,42
metacog,0.6571428571428571,0.5,0.396551724137931,0.0,0.5,0.6571428571428571,0.2829786655358554,0.991174808043588,1,1,1,18391.7555809021,1.6622543334960938,ionosphere,42
classic,0.9142857142857144,0.914855072463768,0.9066666666666668,0.8150756607987959,0.914855072463768,0.9286843591191416,0.0,0.0,35,18,17,6290.210723876953,2.9039382934570312,ionosphere,43
metacog,0.6571428571428571,0.5,0.396551724137931,0.0,0.5,0.6571428571428571,0.1271273836005776,0.9886070959323614,1,1,1,15085.167407989502,0.9720325469970704,ionosphere,43
classic,0.9714285714285714,0.9583333333333331,0.967622571692877,0.9372684899334994,0.9583333333333331,0.9583333333333334,0.0,0.0,37,19,19,6219.354867935181,3.508329391479492,ionosphere,44
metacog,0.6571428571428571,0.5,0.396551724137931,0.0,0.5,0.6571428571428571,0.6401164981605235,0.9830828841474084,1,1,1,13077.619552612305,0.8289813995361328,ionosphere,44
classic,0.8571428571428571,0.8391608391608392,0.8444444444444444,0.690500778143958,0.8496503496503498,0.8557985492768102,0.0,0.0,35,18,17,6247.337102890015,2.460479736328125,ionosphere,45
metacog,0.6285714285714286,0.5,0.3859649122807017,0.0,0.5,0.6285714285714286,0.2117947695893133,0.9938981742499976,1,1,1,13237.996339797974,1.6782283782958984,ionosphere,45
classic,0.9714285714285714,0.9772727272727272,0.9698535745047372,0.9414688716912718,1.0,1.0,0.0,0.0,39,20,19,6523.864507675171,4.075050354003906,ionosphere,46
metacog,0.6285714285714286,0.5,0.3859649122807017,0.0,0.5,0.6285714285714286,0.4212876598515478,0.9861962323964428,1,1,1,13323.82035255432,0.9694099426269532,ionosphere,46
classic,0.9142857142857144,0.931818181818182,0.911690496215307,0.837678067908278,0.9772727272727272,0.9831168831168832,0.0,0.0,37,19,19,6367.530584335327,4.086732864379883,ionosphere,47
metacog,0.6285714285714286,0.5,0.3859649122807017,0.0,0.5,0.6285714285714286,0.5249066767996359,0.9938349938942248,1,1,1,13129.230499267578,1.0302066802978516,ionosphere,47
classic,0.9714285714285714,0.9615384615384616,0.9688888888888888,0.9396505434536336,0.9615384615384616,0.9565217391304348,0.0,0.0,35,18,17,5739.729404449463,3.788471221923828,ionosphere,48
metacog,0.6285714285714286,0.5,0.3859649122807017,0.0,0.5,0.6285714285714286,0.4212876598515478,0.9918805407633032,1,1,1,13117.827415466309,0.9546279907226562,ionosphere,48
classic,0.8571428571428571,0.8548951048951049,0.8492678725236864,0.7000665968986379,0.854895104895105,0.8670995670995671,0.0,0.0,31,16,16,4867.779970169067,3.668546676635742,ionosphere,49
metacog,0.6285714285714286,0.5,0.3859649122807017,0.0,0.5,0.6285714285714286,0.4681504481596282,0.9820794282850605,1,1,1,12781.463146209717,0.8373260498046875,ionosphere,49
classic,1.0,1.0,1.0,1.0,1.0,,0.0,0.0,17,9,7,60.76383590698242,1.285552978515625,iris,0
metacog,0.3333333333333333,0.3333333333333333,0.1666666666666666,0.0,0.5,,1.0,0.9973710865078222,1,1,1,482.0737838745117,0.9791851043701172,iris,0
classic,0.9333333333333332,0.9333333333333332,0.9326599326599326,0.9060606745389328,1.0,,0.0,0.0,13,7,6,44.930458068847656,2.096891403198242,iris,1
metacog,0.3333333333333333,0.3333333333333333,0.1666666666666666,0.0,0.5,,1.0,0.9970757773947008,1,1,1,431.6396713256836,0.7407665252685547,iris,1
classic,1.0,1.0,1.0,1.0,1.0,,0.0,0.0,13,7,6,51.53679847717285,1.2655258178710938,iris,2
metacog,0.3333333333333333,0.3333333333333333,0.1666666666666666,0.0,0.5,,1.0,0.9977269338811082,1,1,1,444.7829723358154,1.201629638671875,iris,2
classic,0.9333333333333332,0.9333333333333332,0.9326599326599326,0.9060606745389328,0.95,,0.0,0.0,15,8,7,54.14581298828125,1.0123252868652344,iris,3
metacog,0.3333333333333333,0.3333333333333333,0.1666666666666666,0.0,0.5,,1.0,0.9961780853484692,1,1,1,450.73962211608887,0.7741451263427734,iris,3
classic,0.8666666666666667,0.8666666666666667,0.8666666666666667,0.8,0.9433333333333334,,0.0,0.0,11,6,6,36.06724739074707,1.2309551239013672,iris,4
metacog,0.3333333333333333,0.3333333333333333,0.1666666666666666,0.0,0.5,,0.8413882683090157,0.9971051500737994,1,1,1,428.9450645446777,1.0094642639160156,iris,4
classic,0.8666666666666667,0.8666666666666667,0.8611111111111112,0.8222264517930379,0.8866666666666667,,0.0,0.0,13,7,6,36.54241561889648,1.1980533599853516,iris,5
metacog,0.3333333333333333,0.3333333333333333,0.1666666666666666,0.0,0.5,,1.0,0.9672377543059892,1,1,1,431.2121868133545,0.7023811340332031,iris,5
classic,1.0,1.0,1.0,1.0,1.0,,0.0,0.0,13,7,6,63.936710357666016,1.31988525390625,iris,6
metacog,0.3333333333333333,0.3333333333333333,0.1666666666666666,0.0,0.5,,1.0,0.9969408039306162,1,1,1,411.50403022766113,0.7162094116210938,iris,6
classic,1.0,1.0,1.0,1.0,1.0,,0.0,0.0,13,7,6,44.49152946472168,1.458883285522461,iris,7
metacog,0.3333333333333333,0.3333333333333333,0.1666666666666666,0.0,0.5,,1.0,0.9975735609233428,1,1,1,450.9730339050293,0.9577274322509766,iris,7
classic,0.8666666666666667,0.8666666666666667,0.8611111111111112,0.8222264517930379,0.9,,0.0,0.0,15,8,6,41.42856597900391,1.3098716735839844,iris,8
metacog,0.3333333333333333,0.3333333333333333,0.1666666666666666,0.0,0.5,,1.0,0.995036031793152,1,1,1,470.8142280578613,0.8528232574462891,iris,8
classic,0.8666666666666667,0.8666666666666667,0.8611111111111112,0.8222264517930379,0.95,,0.0,0.0,13,7,6,51.65410041809082,1.3332366943359375,iris,9
metacog,0.3333333333333333,0.3333333333333333,0.1666666666666666,0.0,0.5,,1.0,0.9973994934986355,1,1,1,429.527759552002,0.7033348083496094,iris,9
classic,0.9333333333333332,0.9333333333333332,0.9326599326599326,0.9060606745389328,0.95,,0.0,0.0,17,9,7,53.49302291870117,1.2335777282714844,iris,10
metacog,0.3333333333333333,0.3333333333333333,0.1666666666666666,0.0,0.5,,1.0,0.9993088568028444,1,1,1,453.6621570587158,0.7379055023193359,iris,10
classic,0.9333333333333332,0.9333333333333332,0.9326599326599326,0.9060606745389328,0.95,,0.0,0.0,15,8,6,43.393850326538086,1.1529922485351562,iris,11
metacog,0.3333333333333333,0.3333333333333333,0.1666666666666666,0.0,0.5,,1.0,0.997152435477444,1,1,1,487.8947734832764,0.7565021514892578,iris,11
classic,0.9333333333333332,0.9333333333333332,0.9326599326599326,0.9060606745389328,0.95,,0.0,0.0,13,7,6,41.41092300415039,1.6205310821533203,iris,12
metacog,0.3333333333333333,0.3333333333333333,0.1666666666666666,0.0,0.5,,1.0,0.9965842332707744,1,1,1,445.15538215637207,0.7197856903076172,iris,12
classic,0.8666666666666667,0.8666666666666667,0.8611111111111112,0.8222264517930379,0.95,,0.0,0.0,11,6,5,35.18414497375488,1.084089279174805,iris,13
metacog,0.3333333333333333,0.3333333333333333,0.1666666666666666,0.0,0.5,,1.0,0.9973870067754372,1,1,1,514.7290229797363,0.7243156433105469,iris,13
classic,0.8666666666666667,0.8666666666666667,0.8666666666666667,0.8,0.9,,0.0,0.0,11,6,5,47.56498336791992,1.2602806091308594,iris,14
metacog,0.3333333333333333,0.3333333333333333,0.1666666666666666,0.0,0.5,,0.8413882683090157,0.9977382082821374,1,1,1,493.1750297546387,0.6773471832275391,iris,14
classic,0.9333333333333332,0.9333333333333332,0.9326599326599326,0.9060606745389328,0.9866666666666668,,0.0,0.0,13,7,5,35.308837890625,1.1737346649169922,iris,15
metacog,0.3333333333333333,0.3333333333333333,0.1666666666666666,0.0,0.5,,1.0,0.9956306847051388,1,1,1,435.44650077819824,0.7371902465820312,iris,15
classic,0.9333333333333332,0.9333333333333332,0.9326599326599326,0.9060606745389328,1.0,,0.0,0.0,13,7,6,42.394161224365234,1.5790462493896484,iris,16
metacog,0.3333333333333333,0.3333333333333333,0.1666666666666666,0.0,0.5,,1.0,0.9976903809301728,1,1,1,475.2614498138428,0.7255077362060547,iris,16
classic,1.0,1.0,1.0,1.0,1.0,,0.0,0.0,13,7,6,53.2989501953125,1.137495040893555,iris,17
metacog,0.3333333333333333,0.3333333333333333,0.1666666666666666,0.0,0.5,,1.0,0.9967920249989366,1,1,1,505.5704116821289,0.6003379821777344,iris,17
classic,0.9333333333333332,0.9333333333333332,0.9326599326599326,0.9060606745389328,0.95,,0.0,0.0,11,6,6,41.963815689086914,1.1413097381591797,iris,18
metacog,0.3333333333333333,0.3333333333333333,0.1666666666666666,0.0,0.5,,1.0,0.997395464815365,1,1,1,458.3911895751953,0.7636547088623047,iris,18
classic,1.0,1.0,1.0,1.0,1.0,,0.0,0.0,13,7,6,38.529157638549805,1.207590103149414,iris,19
metacog,0.3333333333333333,0.3333333333333333,0.1666666666666666,0.0,0.5,,1.0,0.9666176180517544,1,1,1,459.2015743255615,0.5464553833007812,iris,19
classic,0.8666666666666667,0.8666666666666667,0.8666666666666667,0.8,0.9,,0.0,0.0,13,7,6,62.68596649169922,2.9430389404296875,iris,20
metacog,0.3333333333333333,0.3333333333333333,0.1666666666666666,0.0,0.5,,1.0,0.9625704533870424,1,1,1,516.9327259063721,0.7224082946777344,iris,20
classic,0.9333333333333332,0.9333333333333332,0.9326599326599326,0.9060606745389328,0.9433333333333334,,0.0,0.0,9,5,4,33.47063064575195,1.069784164428711,iris,21
metacog,0.3333333333333333,0.3333333333333333,0.1666666666666666,0.0,0.5,,1.0,0.9973932926486102,1,1,1,500.7047653198242,0.8769035339355469,iris,21
classic,1.0,1.0,1.0,1.0,1.0,,0.0,0.0,13,7,6,41.85056686401367,1.5330314636230469,iris,22
metacog,0.3333333333333333,0.3333333333333333,0.1666666666666666,0.0,0.5,,1.0,0.9980048650492302,1,1,1,496.1490631103516,0.7557868957519531,iris,22
classic,0.9333333333333332,0.9333333333333332,0.9326599326599326,0.9060606745389328,1.0,,0.0,0.0,13,7,6,36.763668060302734,1.2280941009521484,iris,23
metacog,0.3333333333333333,0.3333333333333333,0.1666666666666666,0.0,0.5,,1.0,0.9967606498700052,1,1,1,456.77876472473145,0.7290840148925781,iris,23
classic,0.9333333333333332,0.9333333333333332,0.9326599326599326,0.9060606745389328,1.0,,0.0,0.0,13,7,6,37.14489936828613,1.178264617919922,iris,24
metacog,0.3333333333333333,0.3333333333333333,0.1666666666666666,0.0,0.5,,1.0,0.9966050097971968,1,1,1,448.5182762145996,0.7488727569580078,iris,24
classic,0.9333333333333332,0.9333333333333332,0.9326599326599326,0.9060606745389328,1.0,,0.0,0.0,13,7,6,56.48446083068848,1.4202594757080078,iris,25
metacog,0.3333333333333333,0.3333333333333333,0.1666666666666666,0.0,0.5,,1.0,0.9981050722305967,1,1,1,553.7278652191162,0.7486343383789062,iris,25
classic,1.0,1.0,1.0,1.0,1.0,,0.0,0.0,13,7,6,44.928789138793945,1.264333724975586,iris,26
metacog,0.3333333333333333,0.3333333333333333,0.1666666666666666,0.0,0.5,,1.0,0.9995844802564388,1,1,1,475.6934642791748,0.7274150848388672,iris,26
classic,0.9333333333333332,0.9333333333333332,0.9326599326599326,0.9060606745389328,0.95,,0.0,0.0,11,6,6,49.4844913482666,1.7502307891845703,iris,27
metacog,0.3333333333333333,0.3333333333333333,0.1666666666666666,0.0,0.5,,1.0,0.9972732214696692,1,1,1,471.9059467315674,0.7693767547607422,iris,27
classic,0.9333333333333332,0.9333333333333332,0.9326599326599326,0.9060606745389328,0.95,,0.0,0.0,15,8,7,45.04823684692383,1.087188720703125,iris,28
metacog,0.3333333333333333,0.3333333333333333,0.1666666666666666,0.0,0.5,,1.0,0.965612623723666,1,1,1,479.65407371521,0.7259845733642578,iris,28
classic,0.9333333333333332,0.9333333333333332,0.9326599326599326,0.9060606745389328,0.95,,0.0,0.0,17,9,7,52.24895477294922,1.6324520111083984,iris,29
metacog,0.3333333333333333,0.3333333333333333,0.1666666666666666,0.0,0.5,,1.0,0.9939351143390214,1,1,1,489.3054962158203,0.7832050323486328,iris,29
classic,0.9333333333333332,0.9333333333333332,0.9326599326599326,0.9060606745389328,0.95,,0.0,0.0,13,7,6,44.0673828125,1.2099742889404297,iris,30
metacog,0.3333333333333333,0.3333333333333333,0.1666666666666666,0.0,0.5,,1.0,0.9971102496587758,1,1,1,509.0217590332031,0.5917549133300781,iris,30
classic,0.8666666666666667,0.8666666666666667,0.8666666666666667,0.8,0.9433333333333334,,0.0,0.0,11,6,5,45.44258117675781,1.353740692138672,iris,31
metacog,0.3333333333333333,0.3333333333333333,0.1666666666666666,0.0,0.5,,1.0,0.9975510884395866,1,1,1,544.2581176757812,0.8807182312011719,iris,31
classic,0.9333333333333332,0.9333333333333332,0.9326599326599326,0.9060606745389328,1.0,,0.0,0.0,13,7,6,39.7641658782959,1.1432170867919922,iris,32
metacog,0.3333333333333333,0.3333333333333333,0.1666666666666666,0.0,0.5,,1.0,0.9965204749469564,1,1,1,473.9086627960205,0.9415149688720704,iris,32
classic,0.8666666666666667,0.8666666666666667,0.8666666666666667,0.8,0.9433333333333334,,0.0,0.0,13,7,6,43.23387145996094,1.2085437774658203,iris,33
metacog,0.3333333333333333,0.3333333333333333,0.1666666666666666,0.0,0.5,,1.0,0.9960921488267688,1,1,1,439.5294189453125,0.7584095001220703,iris,33
classic,1.0,1.0,1.0,1.0,1.0,,0.0,0.0,13,7,6,38.14244270324707,1.1703968048095703,iris,34
metacog,0.3333333333333333,0.3333333333333333,0.1666666666666666,0.0,0.5,,1.0,0.99775454608394,1,1,1,446.6121196746826,0.7224082946777344,iris,34
classic,1.0,1.0,1.0,1.0,1.0,,0.0,0.0,13,7,6,37.36448287963867,1.2030601501464844,iris,35
metacog,0.3333333333333333,0.3333333333333333,0.1666666666666666,0.0,0.5,,0.8413882683090157,0.9967635218666604,1,1,1,460.6356620788574,0.6287097930908203,iris,35
classic,0.9333333333333332,0.9333333333333332,0.9326599326599326,0.9060606745389328,0.95,,0.0,0.0,11,6,6,35.34579277038574,1.1336803436279297,iris,36
metacog,0.3333333333333333,0.3333333333333333,0.1666666666666666,0.0,0.5,,1.0,0.9976429581550064,1,1,1,429.6576976776123,0.7150173187255859,iris,36
classic,0.9333333333333332,0.9333333333333332,0.9326599326599326,0.9060606745389328,0.95,,0.0,0.0,13,7,6,46.65255546569824,1.7650127410888672,iris,37
metacog,0.3333333333333333,0.3333333333333333,0.1666666666666666,0.0,0.5,,0.8413882683090157,0.9630940056615386,1,1,1,468.2450294494629,0.7300376892089844,iris,37
classic,1.0,1.0,1.0,1.0,1.0,,0.0,0.0,13,7,6,36.15832328796387,1.215219497680664,iris,38
metacog,0.3333333333333333,0.3333333333333333,0.1666666666666666,0.0,0.5,,1.0,0.9970800635632012,1,1,1,440.4673576354981,0.7262229919433594,iris,38
classic,0.8666666666666667,0.8666666666666667,0.8666666666666667,0.8,0.8933333333333334,,0.0,0.0,13,7,6,36.531925201416016,0.9224414825439452,iris,39
metacog,0.3333333333333333,0.3333333333333333,0.1666666666666666,0.0,0.5,,1.0,0.998124686004226,1,1,1,486.0010147094727,0.6680488586425781,iris,39
classic,0.8666666666666667,0.8666666666666667,0.8666666666666667,0.8,0.9433333333333334,,0.0,0.0,13,7,6,44.18158531188965,1.16729736328125,iris,40
metacog,0.3333333333333333,0.3333333333333333,0.1666666666666666,0.0,0.5,,1.0,0.9941400578616656,1,1,1,464.1039371490479,0.6806850433349609,iris,40
classic,0.8666666666666667,0.8666666666666667,0.8666666666666667,0.8,0.8933333333333334,,0.0,0.0,11,6,6,39.26587104797363,1.1382102966308594,iris,41
metacog,0.3333333333333333,0.3333333333333333,0.1666666666666666,0.0,0.5,,1.0,0.9969294785151284,1,1,1,471.6918468475342,0.6823539733886719,iris,41
classic,0.9333333333333332,0.9333333333333332,0.9326599326599326,0.9060606745389328,0.95,,0.0,0.0,13,7,6,39.45136070251465,1.967191696166992,iris,42
metacog,0.3333333333333333,0.3333333333333333,0.1666666666666666,0.0,0.5,,0.8413882683090157,0.9972298278022456,1,1,1,458.7404727935791,0.7150173187255859,iris,42
classic,0.9333333333333332,0.9333333333333332,0.9326599326599326,0.9060606745389328,0.95,,0.0,0.0,15,8,6,38.77711296081543,1.148223876953125,iris,43
metacog,0.3333333333333333,0.3333333333333333,0.1666666666666666,0.0,0.5,,1.0,0.9973383623544446,1,1,1,435.3806972503662,0.9696483612060548,iris,43
classic,0.9333333333333332,0.9333333333333332,0.9326599326599326,0.9060606745389328,0.95,,0.0,0.0,13,7,5,37.14132308959961,1.1725425720214844,iris,44
metacog,0.3333333333333333,0.3333333333333333,0.1666666666666666,0.0,0.5,,1.0,0.9992289163561404,1,1,1,346.6014862060547,0.6451606750488281,iris,44
classic,1.0,1.0,1.0,1.0,1.0,,0.0,0.0,15,8,6,36.0565185546875,1.124858856201172,iris,45
metacog,0.3333333333333333,0.3333333333333333,0.1666666666666666,0.0,0.5,,1.0,0.9979913954914956,1,1,1,348.7837314605713,0.3714561462402344,iris,45
classic,1.0,1.0,1.0,1.0,1.0,,0.0,0.0,13,7,6,39.14427757263184,1.1508464813232422,iris,46
metacog,0.3333333333333333,0.3333333333333333,0.1666666666666666,0.0,0.5,,1.0,0.9976564988825056,1,1,1,302.6776313781738,0.6399154663085938,iris,46
classic,0.9333333333333332,0.9333333333333332,0.9326599326599326,0.9060606745389328,0.95,,0.0,0.0,17,9,7,37.796974182128906,1.1339187622070312,iris,47
metacog,0.3333333333333333,0.3333333333333333,0.1666666666666666,0.0,0.5,,1.0,0.9971123434865088,1,1,1,321.0170269012451,0.3678798675537109,iris,47
classic,0.9333333333333332,0.9333333333333332,0.9326599326599326,0.9060606745389328,0.95,,0.0,0.0,11,6,5,35.605669021606445,1.0936260223388672,iris,48
metacog,0.3333333333333333,0.3333333333333333,0.1666666666666666,0.0,0.5,,1.0,0.9977681034289628,1,1,1,310.6706142425537,0.4105567932128906,iris,48
classic,1.0,1.0,1.0,1.0,1.0,,0.0,0.0,13,7,6,40.15636444091797,0.6749629974365234,iris,49
metacog,0.3333333333333333,0.3333333333333333,0.1666666666666666,0.0,0.5,,1.0,0.9979705502420994,1,1,1,282.1483612060547,0.3707408905029297,iris,49
classic,0.86,0.5882352941176471,0.6111111111111112,0.2891216547914559,0.7474509803921568,0.3205555555555555,0.0,0.0,95,48,21,4350.644111633301,12.896299362182615,kc1,0
metacog,0.85,0.5,0.4594594594594595,0.0,0.5,0.15,0.211987951971885,0.984430510266135,1,1,1,10868.313074111938,4.051685333251953,kc1,0
classic,0.86,0.615686274509804,0.6424923391215527,0.3237996905049435,0.6431372549019609,0.3033166248955722,0.0,0.0,121,61,21,4552.602767944336,14.13583755493164,kc1,1
metacog,0.85,0.5,0.4594594594594595,0.0,0.5,0.15,0.1223569868541831,0.8210909254527002,1,1,1,10403.8724899292,4.309654235839844,kc1,1
classic,0.84,0.5490196078431373,0.5555555555555556,0.1606231415508088,0.7411764705882353,0.2894152046783625,0.0,0.0,75,38,21,4623.925685882568,14.945030212402344,kc1,2
metacog,0.85,0.5,0.4594594594594595,0.0,0.5,0.15,0.0803967262168278,0.8927323513363734,1,1,1,11032.616138458252,4.0645599365234375,kc1,2
classic,0.85,0.5823529411764706,0.6009577015163607,0.2476421981870287,0.7376470588235294,0.2933333333333333,0.0,0.0,95,48,21,4229.14457321167,12.491941452026367,kc1,3
metacog,0.85,0.5,0.4594594594594595,0.0,0.5,0.15,0.0186367967721244,0.6321773738171166,1,1,1,10720.58391571045,4.555940628051758,kc1,3
classic,0.82,0.592156862745098,0.6021220159151194,0.2103397841855694,0.7321568627450981,0.2914596949891067,0.0,0.0,99,50,21,4366.30392074585,14.960050582885742,kc1,4
metacog,0.85,0.5,0.4594594594594595,0.0,0.5,0.15,0.0567266735310533,0.8038857364834894,1,1,1,10836.275815963743,4.128932952880859,kc1,4
classic,0.79,0.492156862745098,0.4841562269712601,-0.0206460034753833,0.663921568627451,0.2149624060150376,0.0,0.0,107,54,21,4538.875341415405,16.689062118530273,kc1,5
metacog,0.85,0.5,0.4594594594594595,0.0,0.5,0.15,0.0750234346477617,0.9957103630006696,1,1,1,10596.009731292725,4.0283203125,kc1,5
classic,0.88,0.625,0.6666666666666667,0.4677071733467426,0.715029761904762,0.4372443181818182,0.0,0.0,91,46,21,4216.020107269287,12.537956237792969,kc1,6
metacog,0.84,0.5,0.4565217391304347,0.0,0.5,0.16,0.2407821416354717,0.9390733963626792,1,1,1,10537.15467453003,4.233360290527344,kc1,6
classic,0.84,0.6011904761904762,0.6212121212121212,0.2734830171373094,0.7165178571428572,0.3321511627906977,0.0,0.0,119,60,21,4365.410804748535,14.189958572387695,kc1,7
metacog,0.84,0.5,0.4565217391304347,0.0,0.5,0.16,0.1240908010661261,0.8416352791020065,1,1,1,10842.373847961426,5.327701568603516,kc1,7
classic,0.8,0.5773809523809523,0.584717607973422,0.1745949755388323,0.6715029761904762,0.2707051282051282,0.0,0.0,117,59,21,4120.635271072388,14.03188705444336,kc1,8
metacog,0.84,0.5,0.4565217391304347,0.0,0.5,0.16,0.1568824367383488,0.9065706778510616,1,1,1,10824.141025543213,3.7441253662109375,kc1,8
classic,0.82,0.5386904761904762,0.5403472931562819,0.1194522000576604,0.5751488095238095,0.2054166666666666,0.0,0.0,99,50,21,4083.880424499512,14.40572738647461,kc1,9
metacog,0.84,0.5,0.4565217391304347,0.0,0.5,0.16,0.0960555870722483,0.8369497213830136,1,1,1,10563.822746276855,4.043102264404297,kc1,9
classic,0.85,0.5823529411764706,0.6009577015163607,0.2476421981870287,0.7603921568627451,0.3001234567901235,0.0,0.0,79,40,21,4517.738819122314,12.367725372314451,kc1,10
metacog,0.85,0.5,0.4594594594594595,0.0,0.5,0.15,0.079257958254204,0.8499988167956655,1,1,1,10899.707794189451,4.0340423583984375,kc1,10
classic,0.85,0.6098039215686274,0.6315401621223287,0.2890440486553668,0.7788235294117647,0.3263398692810458,0.0,0.0,99,50,21,4138.573884963989,11.48700714111328,kc1,11
metacog,0.85,0.5,0.4594594594594595,0.0,0.5,0.15,0.1292978685680472,0.9065529765059196,1,1,1,9739.315271377563,4.211187362670898,kc1,11
classic,0.89,0.7156862745098039,0.7485714285714287,0.5134360308102703,0.7929411764705884,0.4439716312056737,0.0,0.0,99,50,21,4326.629161834717,10.211706161499023,kc1,12
metacog,0.85,0.5,0.4594594594594595,0.0,0.5,0.15,0.0639115085299874,0.989731788964654,1,1,1,9693.032264709473,4.037857055664063,kc1,12
classic,0.84,0.5490196078431373,0.5555555555555556,0.1606231415508088,0.6066666666666667,0.2237229437229437,0.0,0.0,79,40,21,4419.925928115845,14.550447463989258,kc1,13
metacog,0.85,0.5,0.4594594594594595,0.0,0.5,0.15,0.2153844744071365,0.9458299427538948,1,1,1,9994.992017745972,4.1103363037109375,kc1,13
classic,0.81,0.5313725490196078,0.5332842053549496,0.0825840139015334,0.6701960784313726,0.2438461538461538,0.0,0.0,125,63,21,4531.970500946045,25.592565536499023,kc1,14
metacog,0.85,0.5,0.4594594594594595,0.0,0.5,0.15,0.037727102808795,0.8322777867840414,1,1,1,10414.762020111084,3.965854644775391,kc1,14
classic,0.82,0.5647058823529412,0.5738636363636364,0.1614681617175282,0.7698039215686274,0.2893650793650794,0.0,0.0,99,50,21,4123.454332351685,12.837409973144531,kc1,15
metacog,0.85,0.5,0.4594594594594595,0.0,0.5,0.15,0.1773482789469661,0.9178466446955847,1,1,1,9768.84412765503,4.091978073120117,kc1,15
classic,0.87,0.6443452380952381,0.6806681405060182,0.4148027213475515,0.7645089285714286,0.3996713525835866,0.0,0.0,83,42,21,4306.761026382446,12.695789337158203,kc1,16
metacog,0.84,0.5,0.4565217391304347,0.0,0.5,0.16,0.2284145270052943,0.9428467915872634,1,1,1,10052.006244659424,4.098415374755859,kc1,16
classic,0.83,0.5699404761904762,0.5824121837386391,0.2009868856013909,0.6354166666666666,0.2466743675200727,0.0,0.0,97,49,21,4491.660118103027,13.96036148071289,kc1,17
metacog,0.84,0.5,0.4565217391304347,0.0,0.5,0.16,0.1036278784243903,0.8702857096379915,1,1,1,9896.04926109314,4.414081573486328,kc1,17
classic,0.84,0.5758928571428572,0.5914198161389173,0.2343100847284877,0.5714285714285714,0.2422383720930232,0.0,0.0,119,60,21,4241.135835647583,13.59248161315918,kc1,18
metacog,0.84,0.5,0.4565217391304347,0.0,0.5,0.16,0.1229185185204892,0.9927827498439652,1,1,1,9799.365043640137,4.275083541870117,kc1,18
classic,0.85,0.5818452380952381,0.6009577015163607,0.2753443958769674,0.7388392857142857,0.4005030421555845,0.0,0.0,93,47,21,4522.45569229126,11.547565460205078,kc1,19
metacog,0.84,0.5,0.4565217391304347,0.0,0.5,0.16,0.0582989959371016,0.8391854115085963,1,1,1,10380.133390426636,3.190279006958008,kc1,19
classic,0.85,0.5823529411764706,0.6009577015163607,0.2476421981870287,0.703921568627451,0.3079231337767923,0.0,0.0,123,62,21,4357.178688049316,13.13161849975586,kc1,20
metacog,0.85,0.5,0.4594594594594595,0.0,0.5,0.15,0.0981500511391594,0.7649959476038037,1,1,1,9902.93002128601,4.690408706665039,kc1,20
classic,0.87,0.6490196078431373,0.6806681405060182,0.3922740660322836,0.6968627450980392,0.341950354609929,0.0,0.0,105,53,21,4578.047752380371,13.26608657836914,kc1,21
metacog,0.85,0.5,0.4594594594594595,0.0,0.5,0.15,0.1432968284953255,0.9948394829332504,1,1,1,10323.894262313845,4.069805145263672,kc1,21
classic,0.84,0.5490196078431373,0.5555555555555556,0.1606231415508088,0.731764705882353,0.2845034889962426,0.0,0.0,111,56,21,4197.529315948486,13.48423957824707,kc1,22
metacog,0.85,0.5,0.4594594594594595,0.0,0.5,0.15,0.1099096747789093,0.9956868192881208,1,1,1,9769.867420196531,4.096031188964844,kc1,22
classic,0.87,0.5941176470588235,0.6219831346321605,0.3429971702850176,0.743529411764706,0.3974418604651163,0.0,0.0,111,56,21,4135.277032852173,12.93182373046875,kc1,23
metacog,0.85,0.5,0.4594594594594595,0.0,0.5,0.15,0.0873932092350903,0.9387996031279648,1,1,1,9797.58334159851,2.0956993103027344,kc1,23
classic,0.86,0.5607843137254902,0.5726495726495726,0.2544662040152236,0.7835294117647059,0.3331111111111112,0.0,0.0,73,37,21,4279.319763183594,12.637853622436523,kc1,24
metacog,0.85,0.5,0.4594594594594595,0.0,0.5,0.15,0.0570008715566223,0.9923290894825538,1,1,1,9716.305255889893,4.858732223510742,kc1,24
classic,0.88,0.6,0.6336996336996337,0.4186379485411743,0.7717647058823529,0.4245945945945946,0.0,0.0,95,48,21,4071.2854862213135,11.301755905151367,kc1,25
metacog,0.85,0.5,0.4594594594594595,0.0,0.5,0.15,0.0350635083570453,0.86521585426794,1,1,1,9641.36791229248,4.031896591186523,kc1,25
classic,0.84,0.5758928571428572,0.5914198161389173,0.2343100847284877,0.6276041666666667,0.2454166666666666,0.0,0.0,89,45,21,4212.089061737061,12.24994659423828,kc1,26
metacog,0.84,0.5,0.4565217391304347,0.0,0.5,0.16,0.0430647750494269,0.5642738777182796,1,1,1,9495.094060897827,4.995584487915039,kc1,26
classic,0.79,0.5967261904761905,0.5991601450658522,0.1986180076894458,0.7284226190476191,0.2801715686274509,0.0,0.0,117,59,21,3987.818956375122,13.169050216674805,kc1,27
metacog,0.84,0.5,0.4565217391304347,0.0,0.5,0.16,0.3949930648936274,0.9761723658801676,1,1,1,9363.190174102783,4.057884216308594,kc1,27
classic,0.87,0.6696428571428572,0.7028571428571428,0.4346335603280937,0.7611607142857144,0.4187310606060606,0.0,0.0,101,51,21,3939.08953666687,13.855695724487305,kc1,28
metacog,0.84,0.5,0.4565217391304347,0.0,0.5,0.16,0.1236515011999871,0.9268005261239278,1,1,1,9647.691011428831,4.380702972412109,kc1,28
classic,0.87,0.7455357142857143,0.7518610421836229,0.5041841733655162,0.7540922619047619,0.50875,0.0,0.0,119,60,21,4008.213520050049,12.520313262939451,kc1,29
metacog,0.84,0.5,0.4565217391304347,0.0,0.5,0.16,0.1788418751019012,0.948750418344116,1,1,1,9595.23892402649,4.166364669799805,kc1,29
classic,0.83,0.5705882352941176,0.5824121837386391,0.1858140312784501,0.663921568627451,0.2530345471521942,0.0,0.0,77,39,21,4223.180770874023,13.509750366210938,kc1,30
metacog,0.85,0.5,0.4594594594594595,0.0,0.5,0.15,0.1289149839626628,0.9162838118564391,1,1,1,9459.018468856812,4.010438919067383,kc1,30
classic,0.84,0.5764705882352941,0.5914198161389173,0.2140370835541152,0.6894117647058824,0.2561053039101819,0.0,0.0,97,49,21,4072.769165039064,13.336896896362305,kc1,31
metacog,0.85,0.5,0.4594594594594595,0.0,0.5,0.15,0.0820377985956583,0.8569893415537158,1,1,1,9649.031400680542,4.871606826782227,kc1,31
classic,0.87,0.5941176470588235,0.6219831346321605,0.3429971702850176,0.7349019607843137,0.3499134199134199,0.0,0.0,81,41,21,4079.173803329468,14.283180236816406,kc1,32
metacog,0.85,0.5,0.4594594594594595,0.0,0.5,0.15,0.1243067648213936,0.9390795212536992,1,1,1,9574.874639511108,4.068136215209961,kc1,32
classic,0.83,0.5980392156862745,0.6114285714285714,0.2333800140046683,0.7407843137254903,0.2927642276422764,0.0,0.0,133,67,21,3988.492250442505,14.046669006347656,kc1,33
metacog,0.85,0.5,0.4594594594594595,0.0,0.5,0.15,0.0512303095091155,0.8270012256677917,1,1,1,10084.038734436035,4.072904586791992,kc1,33
classic,0.78,0.4588235294117647,0.4382022471910112,-0.1152507372983697,0.5270588235294117,0.1653276353276353,0.0,0.0,119,60,21,3971.653699874878,13.16976547241211,kc1,34
metacog,0.85,0.5,0.4594594594594595,0.0,0.5,0.15,0.0574658389468968,0.729548200827733,1,1,1,10153.283596038818,4.078149795532227,kc1,34
classic,0.83,0.488235294117647,0.453551912568306,-0.0600120036012004,0.6839215686274509,0.2223655913978494,0.0,0.0,77,39,21,4165.065765380859,13.553857803344728,kc1,35
metacog,0.85,0.5,0.4594594594594595,0.0,0.5,0.15,0.0875892714910365,0.6632377042031137,1,1,1,9740.31138420105,4.060983657836914,kc1,35
classic,0.84,0.5758928571428572,0.5914198161389173,0.2343100847284877,0.65625,0.26875,0.0,0.0,93,47,21,3889.314889907837,12.693643569946287,kc1,36
metacog,0.84,0.5,0.4565217391304347,0.0,0.5,0.16,0.0794956204704902,0.9784346623327914,1,1,1,9302.30188369751,2.9773712158203125,kc1,36
classic,0.89,0.7068452380952381,0.7485714285714287,0.5299479375930265,0.8709077380952381,0.5782670454545454,0.0,0.0,119,60,21,4188.454627990723,16.817569732666016,kc1,37
metacog,0.84,0.5,0.4565217391304347,0.0,0.5,0.16,0.0707744035536839,0.8564310247646922,1,1,1,9826.138257980348,4.097700119018555,kc1,37
classic,0.87,0.6443452380952381,0.6806681405060182,0.4148027213475515,0.6834077380952381,0.3503661275831087,0.0,0.0,95,48,21,3875.0603199005127,12.397050857543944,kc1,38
metacog,0.84,0.5,0.4565217391304347,0.0,0.5,0.16,0.1077276944881102,0.8333742135958225,1,1,1,9438.367366790771,4.043102264404297,kc1,38
classic,0.84,0.6517857142857143,0.6677740863787375,0.3424747597107866,0.7321428571428572,0.3599300699300699,0.0,0.0,119,60,21,4060.307502746582,12.741565704345703,kc1,39
metacog,0.84,0.5,0.4565217391304347,0.0,0.5,0.16,0.0725628894633908,0.7705387124119544,1,1,1,9487.355947494509,4.055976867675781,kc1,39
classic,0.86,0.5882352941176471,0.6111111111111112,0.2891216547914559,0.6913725490196079,0.2733986928104576,0.0,0.0,87,44,21,3973.656892776489,12.558937072753906,kc1,40
metacog,0.85,0.5,0.4594594594594595,0.0,0.5,0.15,0.1705443199998157,0.8414109091024068,1,1,1,9765.170097351074,4.273414611816406,kc1,40
classic,0.83,0.5705882352941176,0.5824121837386391,0.1858140312784501,0.7803921568627452,0.3372932330827067,0.0,0.0,113,57,21,4381.709575653076,14.041900634765623,kc1,41
metacog,0.85,0.5,0.4594594594594595,0.0,0.5,0.15,0.1256927152500825,0.9318420358219308,1,1,1,9984.959363937378,4.082441329956055,kc1,41
classic,0.83,0.5980392156862745,0.6114285714285714,0.2333800140046683,0.6137254901960785,0.2536733506908945,0.0,0.0,131,66,21,3944.090843200684,12.314558029174805,kc1,42
metacog,0.85,0.5,0.4594594594594595,0.0,0.5,0.15,0.4075918145059893,0.9785440007918071,1,1,1,9823.99606704712,5.252361297607422,kc1,42
classic,0.86,0.615686274509804,0.6424923391215527,0.3237996905049435,0.7345098039215686,0.3316333103289625,0.0,0.0,79,40,21,4225.620985031128,9.663581848144531,kc1,43
metacog,0.85,0.5,0.4594594594594595,0.0,0.5,0.15,0.1229542097600687,0.990198122984075,1,1,1,9877.09617614746,2.115011215209961,kc1,43
classic,0.86,0.5882352941176471,0.6111111111111112,0.2891216547914559,0.6988235294117647,0.324,0.0,0.0,91,46,21,3281.034708023072,6.072521209716797,kc1,44
metacog,0.85,0.5,0.4594594594594595,0.0,0.5,0.15,0.0791953022771118,0.9873706305108996,1,1,1,6590.343475341797,2.0215511322021484,kc1,44
classic,0.85,0.6098039215686274,0.6315401621223287,0.2890440486553668,0.6835294117647059,0.2955555555555555,0.0,0.0,119,60,21,3182.102680206299,6.188631057739258,kc1,45
metacog,0.85,0.5,0.4594594594594595,0.0,0.5,0.15,0.1217570739595142,0.8922967991621396,1,1,1,6580.299854278564,2.4085044860839844,kc1,45
classic,0.84,0.5505952380952381,0.5555555555555556,0.1893100463546339,0.71875,0.2779656862745098,0.0,0.0,75,38,21,3255.895137786865,5.796194076538086,kc1,46
metacog,0.84,0.5,0.4565217391304347,0.0,0.5,0.16,0.0599182674273657,0.7966257963502936,1,1,1,6728.057622909546,2.506256103515625,kc1,46
classic,0.81,0.5580357142857143,0.5657142857142857,0.1486904285332952,0.6964285714285714,0.2675641025641025,0.0,0.0,113,57,21,3028.9101600646973,7.994890213012695,kc1,47
metacog,0.84,0.5,0.4565217391304347,0.0,0.5,0.16,0.018718358914512,0.8939973373983725,1,1,1,6502.480983734131,2.036094665527344,kc1,47
classic,0.85,0.53125,0.5178399228543876,0.2302830932359191,0.7622767857142857,0.3249038461538461,0.0,0.0,75,38,21,3116.8127059936523,11.192560195922852,kc1,48
metacog,0.84,0.5,0.4565217391304347,0.0,0.5,0.16,0.0992005487259218,0.9518877836773484,1,1,1,6619.956970214844,2.248048782348633,kc1,48
classic,0.84,0.5758928571428572,0.5914198161389173,0.2343100847284877,0.6815476190476191,0.2875892857142857,0.0,0.0,83,42,21,3028.8727283477783,7.859706878662109,kc1,49
metacog,0.84,0.5,0.4565217391304347,0.0,0.5,0.16,0.0695042321526216,0.8742738733128306,1,1,1,6572.368621826172,2.0797252655029297,kc1,49
classic,0.98,0.9814814814814814,0.9799277398635088,0.960645359210588,0.9814814814814814,0.9829629629629628,0.0,0.0,55,28,14,156.05831146240234,8.846044540405273,kr-vs-kp,0
metacog,0.88,0.8743961352657005,0.8776009791921664,0.7617834401336351,0.9134460547504026,0.8886062378167641,0.6080567790999549,1.0,9,5,5,1928.4734725952148,6.35528564453125,kr-vs-kp,0
classic,0.98,0.9787234042553192,0.9798711755233496,0.9605366005147504,0.9787234042553192,0.9636363636363636,0.0,0.0,57,29,13,163.76948356628418,9.387969970703123,kr-vs-kp,1
metacog,0.91,0.9066639903653152,0.9088976617066504,0.8224583900416235,0.9472099558410276,0.9225422045680238,0.6795657957906616,1.0,7,4,4,1654.7017097473145,9.452342987060549,kr-vs-kp,1
classic,0.98,0.9799277398635088,0.9799277398635088,0.9598554797270172,0.9799277398635088,0.972620149519402,0.0,0.0,61,31,15,154.80637550354004,8.802413940429688,kr-vs-kp,2
metacog,0.87,0.865315134484143,0.8677652324280338,0.7443529319489177,0.9098755519871538,0.8728070175438598,0.7083669851841936,1.0,7,4,4,1666.7213439941406,6.0939788818359375,kr-vs-kp,2
classic,0.99,0.9905660377358492,0.9899749373433584,0.9801488784360114,1.0,1.0,0.0,0.0,57,29,13,152.06623077392578,5.558013916015625,kr-vs-kp,3
metacog,0.93,0.927940586109996,0.9294283697953424,0.8605576800937125,0.9516258530710558,0.9262484040289404,0.6287915984993958,1.0,9,5,5,2171.1266040802,3.023862838745117,kr-vs-kp,3
classic,1.0,1.0,1.0,1.0,1.0,1.0,0.0,0.0,59,30,14,140.07806777954102,8.333921432495117,kr-vs-kp,4
metacog,0.95,0.946808510638298,0.949387589837028,0.9036487543102932,0.96487354476114,0.9430709173715032,0.7368327566031202,1.0,7,4,4,1615.837812423706,8.435726165771484,kr-vs-kp,4
classic,1.0,1.0,1.0,1.0,1.0,1.0,0.0,0.0,59,30,14,153.57089042663574,8.557796478271484,kr-vs-kp,5
metacog,0.91,0.9078683259735046,0.909265046879726,0.8201938114213995,0.9409875551987156,0.9108519038760868,0.6307015648028245,1.0,7,4,4,1587.538719177246,5.786657333374023,kr-vs-kp,5
classic,0.97,0.9680851063829788,0.9697550156265752,0.9412854174383384,0.9787234042553192,0.9636363636363636,0.0,0.0,59,30,14,159.58046913146973,8.064746856689453,kr-vs-kp,6
metacog,0.94,0.9385788839823364,0.9396135265700484,0.8799884579139329,0.9642713769570452,0.9474699828473414,0.6855975919750231,1.0,11,6,6,2218.0328369140625,6.408452987670898,kr-vs-kp,6
classic,0.98,0.9799277398635088,0.9799277398635088,0.9598554797270172,0.9799277398635088,0.972620149519402,0.0,0.0,47,24,13,127.46047973632812,8.735418319702148,kr-vs-kp,7
metacog,0.93,0.927940586109996,0.9294283697953424,0.8605576800937125,0.9763147330389402,0.9664570230607966,0.5909227148732754,1.0,13,7,7,2723.510503768921,7.158756256103516,kr-vs-kp,7
classic,0.99,0.9893617021276596,0.9899507587177168,0.9801014726900014,1.0,1.0,0.0,0.0,57,29,14,170.61209678649902,8.961200714111328,kr-vs-kp,8
metacog,0.95,0.9492171818546769,0.949753793588584,0.8996993830517732,0.96487354476114,0.9478703277598814,0.7459967852337744,1.0,7,4,4,1742.9752349853516,6.666660308837891,kr-vs-kp,8
classic,0.99,0.9893617021276596,0.9899507587177168,0.9801014726900014,1.0,1.0,0.0,0.0,59,30,14,145.80678939819336,8.430719375610352,kr-vs-kp,9
metacog,0.85,0.844038538739462,0.8465473145780051,0.7075160735960749,0.8994379767161782,0.8659029649595689,0.6471638306505201,1.0,7,4,4,1712.9793167114258,6.52623176574707,kr-vs-kp,9
classic,1.0,1.0,1.0,1.0,1.0,1.0,0.0,0.0,59,30,14,148.8196849822998,7.6808929443359375,kr-vs-kp,10
metacog,0.92,0.9162640901771336,0.9188311688311688,0.8406904165181995,0.9436392914653784,0.9180557628833492,0.601744636165736,1.0,11,6,6,2151.677370071411,6.271839141845703,kr-vs-kp,10
classic,1.0,1.0,1.0,1.0,1.0,1.0,0.0,0.0,59,30,14,158.55765342712402,8.126974105834961,kr-vs-kp,11
metacog,0.91,0.9078683259735046,0.909265046879726,0.8201938114213995,0.951224407868326,0.9303092637253512,0.6564679588366701,1.0,7,4,4,1580.3613662719729,6.221771240234375,kr-vs-kp,11
classic,0.96,0.9586511441188278,0.9597423510466988,0.9202625292143416,0.9795262946607788,0.972620149519402,0.0,0.0,59,30,14,155.72619438171387,6.441593170166016,kr-vs-kp,12
metacog,0.91,0.9066639903653152,0.9088976617066504,0.8224583900416235,0.9456041750301084,0.9212264150943396,0.7053823370064669,1.0,7,4,4,1625.3652572631836,6.795167922973633,kr-vs-kp,12
classic,0.99,0.9905660377358492,0.9899749373433584,0.9801488784360114,0.9905660377358492,0.991132075471698,0.0,0.0,49,25,13,156.79550170898438,8.240699768066406,kr-vs-kp,13
metacog,0.93,0.9291449217181856,0.9296553110240175,0.8594983382326592,0.958249698916098,0.9369728994955152,0.646172850805209,1.0,7,4,4,1590.618133544922,6.271600723266602,kr-vs-kp,13
classic,0.99,0.9893617021276596,0.9899507587177168,0.9801014726900014,0.9893617021276596,0.9814814814814816,0.0,0.0,59,30,14,166.32890701293945,8.350610733032227,kr-vs-kp,14
metacog,0.92,0.9173022882376556,0.9191919191919192,0.8413873339025498,0.9454034524287436,0.9183917704275202,0.7098878233038125,1.0,11,6,6,2118.9966201782227,6.522178649902344,kr-vs-kp,14
classic,0.97,0.9680851063829788,0.9697550156265752,0.9412854174383384,0.9893617021276596,0.9814814814814816,0.0,0.0,61,31,15,183.2559108734131,3.788471221923828,kr-vs-kp,15
metacog,0.94,0.9361702127659576,0.9391233766233766,0.8852275638978949,0.9590525893215576,0.934761752478414,0.6500516806339338,1.0,11,6,6,2076.7951011657715,8.239030838012695,kr-vs-kp,15
classic,0.98,0.9799277398635088,0.9799277398635088,0.9598554797270172,0.9799277398635088,0.972620149519402,0.0,0.0,53,27,13,142.01664924621582,6.407976150512695,kr-vs-kp,16
metacog,0.94,0.939783219590526,0.939783219590526,0.8795664391810518,0.9556403050983542,0.944315889403109,0.6960098634886576,1.0,11,6,6,2131.2403678894043,7.23576545715332,kr-vs-kp,16
classic,0.99,0.9905660377358492,0.9899749373433584,0.9801488784360114,0.9905660377358492,0.991132075471698,0.0,0.0,59,30,14,145.43700218200684,9.154319763183594,kr-vs-kp,17
metacog,0.6,0.6226415094339622,0.5477159656264134,0.3640181548900665,0.6226415094339622,0.6452830188679246,0.678777310993572,1.0,3,2,2,646.4333534240723,5.18798828125,kr-vs-kp,17
classic,0.97,0.9692894419911682,0.9698522761531504,0.9399004278708872,0.9795262946607788,0.972620149519402,0.0,0.0,55,28,13,154.70051765441897,8.804559707641602,kr-vs-kp,18
metacog,0.91,0.9066639903653152,0.9088976617066504,0.8224583900416235,0.9450020072260136,0.9195902774302254,0.7230253313465863,1.0,7,4,4,1503.7429332733154,6.356000900268555,kr-vs-kp,18
classic,1.0,1.0,1.0,1.0,1.0,1.0,0.0,0.0,57,29,14,140.5773162841797,8.080244064331055,kr-vs-kp,19
metacog,0.9,0.8948213568847851,0.898000815993472,0.8080165852327799,0.9263348052990767,0.8909522789819728,0.7032274519628862,1.0,7,4,4,1602.036952972412,6.055355072021484,kr-vs-kp,19
classic,0.99,0.9891304347826086,0.9899183385421918,0.9800379116648474,0.9891304347826088,0.9818181818181818,0.0,0.0,59,30,14,142.58766174316406,7.897138595581055,kr-vs-kp,20
metacog,0.86,0.8542673107890499,0.8572011423908609,0.7208273412017193,0.9082125603864736,0.8815261044176708,0.7002801567402164,1.0,7,4,4,1591.0494327545166,6.299495697021484,kr-vs-kp,20
classic,1.0,1.0,1.0,1.0,1.0,1.0,0.0,0.0,59,30,14,160.11595726013184,7.815837860107422,kr-vs-kp,21
metacog,0.95,0.9480128462464874,0.9495916927109588,0.9009215487660254,0.9686872741870736,0.9503563120776872,0.6740957821748252,1.0,7,4,4,1541.1701202392578,6.031274795532227,kr-vs-kp,21
classic,0.99,0.9905660377358492,0.9899749373433584,0.9801488784360114,0.9905660377358492,0.991132075471698,0.0,0.0,49,25,13,135.8199119567871,4.007577896118164,kr-vs-kp,22
metacog,0.61,0.6320754716981132,0.5623386825272135,0.3799494204346618,0.6320754716981132,0.6541509433962265,0.7070812192735597,1.0,3,2,2,668.5149669647217,5.2337646484375,kr-vs-kp,22
classic,0.96,0.9586511441188278,0.9597423510466988,0.9202625292143416,0.9899638699317544,0.991132075471698,0.0,0.0,57,29,14,149.7044563293457,7.757186889648437,kr-vs-kp,23
metacog,0.94,0.9385788839823364,0.9396135265700484,0.8799884579139329,0.9524287434765154,0.93630465941399,0.6679374615858705,1.0,9,5,5,1839.532852172852,7.97724723815918,kr-vs-kp,23
classic,1.0,1.0,1.0,1.0,1.0,1.0,0.0,0.0,59,30,14,153.4576416015625,10.478019714355469,kr-vs-kp,24
metacog,0.9,0.8960256924929747,0.898538961038961,0.8037524084540022,0.9313528703331996,0.9002798209146148,0.6580087121969503,1.0,7,4,4,1628.720760345459,6.110191345214844,kr-vs-kp,24
classic,1.0,1.0,1.0,1.0,1.0,1.0,0.0,0.0,59,30,14,153.9149284362793,3.639936447143554,kr-vs-kp,25
metacog,0.96,0.9574468085106382,0.9595959595959596,0.9223288763655176,0.9743075070252912,0.9576299238662694,0.6307385255312461,1.0,11,6,6,2109.978199005127,9.892463684082031,kr-vs-kp,25
classic,0.97,0.9680851063829788,0.9697550156265752,0.9412854174383384,0.9787234042553192,0.9636363636363636,0.0,0.0,57,29,13,166.6696071624756,10.03575325012207,kr-vs-kp,26
metacog,0.91,0.9078683259735046,0.909265046879726,0.8201938114213995,0.9361702127659576,0.9076569831286814,0.7020817576335622,1.0,7,4,4,1533.20050239563,6.664276123046875,kr-vs-kp,26
classic,1.0,1.0,1.0,1.0,1.0,1.0,0.0,0.0,59,30,14,154.45542335510254,3.853082656860352,kr-vs-kp,27
metacog,0.86,0.8546768366118025,0.8572011423908609,0.7258593320316837,0.909273384183059,0.875896118743809,0.6872478762754669,1.0,7,4,4,1508.2366466522217,8.242130279541016,kr-vs-kp,27
classic,0.99,0.9905660377358492,0.9899749373433584,0.9801488784360114,0.990365315134484,0.991132075471698,0.0,0.0,57,29,14,161.17596626281738,8.065938949584961,kr-vs-kp,28
metacog,0.91,0.9066639903653152,0.9088976617066504,0.8224583900416235,0.9423926134082696,0.9141447889008072,0.6684657490589179,1.0,7,4,4,1589.1234874725342,15.857934951782228,kr-vs-kp,28
classic,0.97,0.9692894419911682,0.9698522761531504,0.9399004278708872,0.9781212364512244,0.9626509933113708,0.0,0.0,59,30,15,147.41992950439453,8.298158645629883,kr-vs-kp,29
metacog,0.94,0.9373745483741468,0.9393939393939394,0.8818581051340337,0.963067041348856,0.9428115743905218,0.6759514605868934,1.0,7,4,4,1563.7757778167725,6.241559982299805,kr-vs-kp,29
classic,0.98,0.9782608695652174,0.9797979797979798,0.9603958811069554,0.9782608695652174,0.9642857142857144,0.0,0.0,57,29,13,154.33907508850098,9.353160858154297,kr-vs-kp,30
metacog,0.91,0.9053945249597424,0.908452853219408,0.8216100373961859,0.9301529790660226,0.8988553819062293,0.6815873812685872,1.0,11,6,6,2134.419202804565,6.436824798583984,kr-vs-kp,30
classic,0.99,0.9893617021276596,0.9899507587177168,0.9801014726900014,0.9893617021276596,0.9814814814814816,0.0,0.0,61,31,15,151.1824131011963,7.782936096191406,kr-vs-kp,31
metacog,0.93,0.9267362505018064,0.9291426257718391,0.8630535721759582,0.9544359694901646,0.9298787795774408,0.7479059764373487,1.0,7,4,4,1594.698429107666,6.14166259765625,kr-vs-kp,31
classic,0.98,0.9799277398635088,0.9799277398635088,0.9598554797270172,0.9901645925331192,0.991132075471698,0.0,0.0,57,29,14,143.82004737854004,8.295059204101562,kr-vs-kp,32
metacog,0.89,0.8853873946206343,0.8881090428237208,0.7852514446933637,0.923524688879968,0.8891815731438373,0.630361920148742,1.0,7,4,4,1560.335636138916,6.26826286315918,kr-vs-kp,32
classic,0.99,0.9893617021276596,0.9899507587177168,0.9801014726900014,0.9893617021276596,0.9814814814814816,0.0,0.0,57,29,14,146.56686782836914,7.270336151123047,kr-vs-kp,33
metacog,0.91,0.9054596547571256,0.908452853219408,0.8261499574378097,0.9425933360096348,0.9139622641509434,0.7352039432626413,1.0,7,4,4,1570.5721378326416,6.029605865478516,kr-vs-kp,33
classic,0.99,0.9905660377358492,0.9899749373433584,0.9801488784360114,0.9905660377358492,0.991132075471698,0.0,0.0,49,25,13,129.60243225097656,7.753610610961914,kr-vs-kp,34
metacog,0.93,0.930349257326375,0.9298245614035088,0.8598360046509037,0.9546366920915296,0.9394913262837792,0.7315578396905928,1.0,7,4,4,1568.6891078948977,6.319522857666016,kr-vs-kp,34
classic,0.97,0.9680851063829788,0.9697550156265752,0.9412854174383384,0.9680851063829788,0.9464285714285714,0.0,0.0,55,28,12,131.93392753601074,4.487037658691406,kr-vs-kp,35
metacog,0.93,0.927940586109996,0.9294283697953424,0.8605576800937125,0.958249698916098,0.9376990933594708,0.655421291505882,1.0,11,6,6,2096.652030944824,4.215240478515625,kr-vs-kp,35
classic,0.99,0.9905660377358492,0.9899749373433584,0.9801488784360114,1.0,1.0,0.0,0.0,59,30,14,153.1050205230713,7.977008819580078,kr-vs-kp,36
metacog,0.88,0.8747490967482938,0.8776009791921664,0.7669379586322318,0.9273384183059012,0.8978806375706226,0.6107093834822874,1.0,7,4,4,1603.8100719451904,6.239652633666992,kr-vs-kp,36
classic,0.97,0.9704937775993576,0.9699248120300752,0.9400445871743088,0.9704937775993576,0.9637590711175616,0.0,0.0,55,28,13,154.45280075073242,8.632183074951172,kr-vs-kp,37
metacog,0.9,0.8960256924929747,0.898538961038961,0.8037524084540022,0.9263348052990767,0.9007478161345162,0.6824502201375124,1.0,9,5,5,1855.594158172608,4.553079605102539,kr-vs-kp,37
classic,1.0,1.0,1.0,1.0,1.0,1.0,0.0,0.0,59,30,14,155.02047538757324,7.866859436035156,kr-vs-kp,38
metacog,0.94,0.939783219590526,0.939783219590526,0.8795664391810518,0.962665596146126,0.9444220644170056,0.6835782350861248,1.0,7,4,4,1540.91215133667,6.510734558105469,kr-vs-kp,38
classic,0.98,0.9787234042553192,0.9798711755233496,0.9605366005147504,0.9893617021276596,0.9814814814814816,0.0,0.0,59,30,14,163.66147994995117,7.799386978149414,kr-vs-kp,39
metacog,0.65,0.6698113207547169,0.6178622120318812,0.4412048933753275,0.6698113207547169,0.689622641509434,0.7749975725069546,1.0,3,2,2,643.8491344451904,4.941463470458984,kr-vs-kp,39
classic,0.98,0.9798711755233496,0.9798711755233496,0.9597423510466988,0.979669887278583,0.9733058984910836,0.0,0.0,57,29,13,148.34260940551758,7.922649383544922,kr-vs-kp,40
metacog,0.91,0.9053945249597424,0.908452853219408,0.8216100373961859,0.9353864734299516,0.9073108310396446,0.7152342625079948,1.0,7,4,4,1558.8443279266355,6.246805191040039,kr-vs-kp,40
classic,0.99,0.9893617021276596,0.9899507587177168,0.9801014726900014,0.9893617021276596,0.9814814814814816,0.0,0.0,61,31,15,156.07714653015137,8.70060920715332,kr-vs-kp,41
metacog,0.98,0.9787234042553192,0.9798711755233496,0.9605366005147504,0.9855479727017262,0.9753001715265868,0.7185267113656417,1.0,7,4,4,1502.439022064209,6.014347076416016,kr-vs-kp,41
classic,0.98,0.9799277398635088,0.9799277398635088,0.9598554797270172,0.990365315134484,0.991132075471698,0.0,0.0,49,25,13,115.04888534545898,3.7734508514404297,kr-vs-kp,42
metacog,0.93,0.9291449217181856,0.9296553110240175,0.8594983382326592,0.951224407868326,0.9321583540539222,0.6542486922926897,1.0,11,6,6,2008.8937282562256,6.295680999755859,kr-vs-kp,42
classic,0.98,0.9799277398635088,0.9799277398635088,0.9598554797270172,0.990365315134484,0.991132075471698,0.0,0.0,57,29,14,159.21592712402344,8.880615234375,kr-vs-kp,43
metacog,0.92,0.9173022882376556,0.9191919191919192,0.8413873339025498,0.9510236852669612,0.926106297016773,0.6774609008430168,1.0,11,6,6,1924.5295524597168,3.409862518310547,kr-vs-kp,43
classic,0.99,0.9893617021276596,0.9899507587177168,0.9801014726900014,1.0,1.0,0.0,0.0,59,30,14,151.4430046081543,7.837772369384766,kr-vs-kp,44
metacog,0.9,0.8972300281011643,0.898989898989899,0.8009165626710659,0.9355680449618629,0.9064051638530288,0.7040645707825143,1.0,7,4,4,1444.6110725402832,5.831003189086914,kr-vs-kp,44
classic,0.99,0.9905660377358492,0.9899749373433584,0.9801488784360114,0.9905660377358492,0.991132075471698,0.0,0.0,59,30,14,167.77920722961426,10.050296783447266,kr-vs-kp,45
metacog,0.88,0.8759534323564833,0.8782467532467533,0.7630148307320558,0.923524688879968,0.8912951710905022,0.6548842862584395,1.0,7,4,4,1379.7380924224854,4.006862640380859,kr-vs-kp,45
classic,0.98,0.9799277398635088,0.9799277398635088,0.9598554797270172,0.9799277398635088,0.972620149519402,0.0,0.0,55,28,14,127.7310848236084,4.212617874145508,kr-vs-kp,46
metacog,0.92,0.916097952629466,0.9188311688311688,0.8444899861759485,0.9407868325973504,0.9172593540134316,0.6879427981206078,1.0,9,5,5,1489.5117282867432,3.5562515258789062,kr-vs-kp,46
classic,0.99,0.9893617021276596,0.9899507587177168,0.9801014726900014,0.9893617021276596,0.9814814814814816,0.0,0.0,59,30,14,143.45240592956543,3.8454532623291016,kr-vs-kp,47
metacog,0.92,0.918506623845845,0.9194847020933976,0.839714386613524,0.939783219590526,0.9090943812890188,0.7487702164609334,1.0,11,6,6,1518.789529800415,2.699136734008789,kr-vs-kp,47
classic,1.0,1.0,1.0,1.0,1.0,1.0,0.0,0.0,57,29,13,138.18717002868652,7.826328277587891,kr-vs-kp,48
metacog,0.88,0.8771577679646728,0.8787878787878788,0.760445791439582,0.93014853472501,0.9030122476001324,0.6475745325575408,1.0,7,4,4,1123.406171798706,2.90822982788086,kr-vs-kp,48
classic,0.98,0.9787234042553192,0.9798711755233496,0.9605366005147504,0.9787234042553192,0.9636363636363636,0.0,0.0,57,29,14,149.4650840759277,7.896661758422852,kr-vs-kp,49
metacog,0.86,0.8522681653954236,0.8553121124431583,0.7372241553160819,0.9008430349257326,0.8617148316216863,0.6783750087726145,1.0,7,4,4,1090.4297828674316,2.876758575439453,kr-vs-kp,49
classic,0.37,0.3653846153846153,0.3767666361416361,0.4141403387058265,0.7692089991843706,,0.0,0.0,119,60,21,887.3870372772217,13.035058975219728,letter,0
metacog,0.05,0.0384615384615384,0.0036630036630036,0.0,0.5,,0.1539503567921095,0.9742170085371132,1,1,1,1588.51957321167,5.535125732421875,letter,0
classic,0.39,0.3987179487179487,0.3910204752512444,0.4012873298344104,0.8264673428652421,,0.0,0.0,149,75,21,1020.8923816680908,17.291784286499023,letter,1
metacog,0.05,0.0384615384615384,0.0036630036630036,0.0,0.5,,0.09720222711282,0.9824775699560406,1,1,1,1610.3708744049072,4.442930221557617,letter,1
classic,0.28,0.2974358974358974,0.3103154909606522,0.3063941457494906,0.7773556214087957,,0.0,0.0,119,60,21,845.5748558044434,17.006874084472656,letter,2
metacog,0.05,0.0384615384615384,0.0036630036630036,0.0,0.5,,0.0768100108929322,0.3805681786568659,1,1,1,1616.6582107543943,15.841007232666016,letter,2
classic,0.29,0.2916666666666666,0.2929175399763635,0.3134115325044776,0.7959761282729525,,0.0,0.0,103,52,21,854.0487289428711,17.572402954101562,letter,3
metacog,0.05,0.0384615384615384,0.0036630036630036,0.0,0.5,,0.0521572729273227,1.0,1,1,1,1565.260887145996,5.325555801391602,letter,3
classic,0.37,0.3525641025641025,0.3331250448897507,0.3828301604050358,0.8206256695465866,,0.0,0.0,123,62,21,885.6182098388672,18.51844787597656,letter,4
metacog,0.05,0.0384615384615384,0.0036630036630036,0.0,0.5,,0.1504455535276146,0.4563946783961732,1,1,1,1575.6025314331057,6.642341613769531,letter,4
classic,0.49,0.4794871794871795,0.4358282742898127,0.5003105956846334,0.8875520300739458,,0.0,0.0,139,70,21,981.7111492156982,16.67499542236328,letter,5
metacog,0.04,0.0384615384615384,0.0029585798816568,0.0,0.5,,0.2657892846015593,0.4810781618892158,1,1,1,1615.5357360839844,5.361795425415039,letter,5
classic,0.3,0.2897435897435897,0.2926212676212676,0.3320407288899704,0.7540399484536083,,0.0,0.0,95,48,21,805.2022457122803,16.172170639038086,letter,6
metacog,0.05,0.0384615384615384,0.0036630036630036,0.0,0.5,,0.0915187350958155,0.9611447325646262,1,1,1,1589.698314666748,4.829645156860352,letter,6
classic,0.31,0.307051282051282,0.306608175252243,0.3267248305421388,0.7685719625627809,,0.0,0.0,101,51,21,806.8361282348633,16.176462173461914,letter,7
metacog,0.05,0.0384615384615384,0.0036630036630036,0.0,0.5,,0.1175833865283986,0.9707943596161228,1,1,1,1575.4823684692385,4.761695861816406,letter,7
classic,0.32,0.3108974358974358,0.2724664224664224,0.3224230593117217,0.7916548365610697,,0.0,0.0,137,69,21,915.6758785247804,19.95468139648437,letter,8
metacog,0.05,0.0384615384615384,0.0036630036630036,0.0,0.5,,0.1244572263062891,0.9934025847460672,1,1,1,1634.4711780548096,8.812189102172852,letter,8
classic,0.27,0.2512820512820513,0.2562444091855856,0.2973314858541455,0.7378217258302378,,0.0,0.0,93,47,21,812.6840591430664,15.74993133544922,letter,9
metacog,0.05,0.0384615384615384,0.0036630036630036,0.0,0.5,,0.1759538213180706,0.2439976367343032,1,1,1,1567.819595336914,7.30443000793457,letter,9
classic,0.35,0.3544871794871795,0.3294743717820641,0.3608442034994399,0.7931061798715165,,0.0,0.0,91,46,21,745.8286285400391,16.357421875,letter,10
metacog,0.05,0.0384615384615384,0.0036630036630036,0.0,0.5,,0.3119568643110762,0.966760211954018,1,1,1,1517.8954601287842,4.774093627929688,letter,10
classic,0.32,0.3262820512820513,0.3129162428617963,0.3395613408601492,0.7973820032833868,,0.0,0.0,85,43,21,803.4589290618896,16.393184661865234,letter,11
metacog,0.05,0.0384615384615384,0.0036630036630036,0.0,0.5,,0.1142131936861032,0.1667219064422432,1,1,1,1546.149492263794,5.342006683349609,letter,11
classic,0.33,0.3141025641025641,0.3111485288904644,0.360669010095465,0.7891729164927586,,0.0,0.0,91,46,21,792.1662330627441,15.958309173583984,letter,12
metacog,0.05,0.0384615384615384,0.0036630036630036,0.0,0.5,,0.1667175776918535,0.4726590440025342,1,1,1,1539.792776107788,4.787683486938477,letter,12
classic,0.38,0.3737179487179487,0.3590518455903071,0.3881953088548925,0.8292037395481169,,0.0,0.0,117,59,21,911.5362167358398,10.56194305419922,letter,13
metacog,0.05,0.0384615384615384,0.0036630036630036,0.0,0.5,,0.1140060275341277,0.39354236176419,1,1,1,1570.387601852417,6.173372268676758,letter,13
classic,0.33,0.330128205128205,0.3251783304414883,0.3549707516780004,0.8105163867179347,,0.0,0.0,125,63,21,982.3362827301024,16.40486717224121,letter,14
metacog,0.05,0.0384615384615384,0.0036630036630036,0.0,0.5,,0.18046932879921,0.9728834403419092,1,1,1,1546.410083770752,4.810810089111328,letter,14
classic,0.3,0.2955128205128204,0.3038598217702695,0.3454357836083429,0.7504571590181839,,0.0,0.0,117,59,21,873.6896514892578,16.027450561523438,letter,15
metacog,0.04,0.0384615384615384,0.0029585798816568,0.0,0.5,,0.147577010462059,0.9923936551410116,1,1,1,1548.2959747314453,4.857063293457031,letter,15
classic,0.28,0.2743589743589743,0.2508923700413062,0.2791959117027144,0.8061100962842773,,0.0,0.0,121,61,21,892.1980857849121,16.726255416870117,letter,16
metacog,0.05,0.0384615384615384,0.0036630036630036,0.0,0.5,,0.0816575063556328,0.1251579137554066,1,1,1,1572.288990020752,5.542755126953125,letter,16
classic,0.33,0.3243589743589744,0.3259573759573759,0.3608920016884724,0.7553165542350126,,0.0,0.0,121,61,21,913.0959510803224,15.941858291625977,letter,17
metacog,0.05,0.0384615384615384,0.0036630036630036,0.0,0.5,,0.0754178935267614,0.3054591496430432,1,1,1,1531.8365097045898,4.900932312011719,letter,17
classic,0.44,0.4307692307692308,0.4439641918365322,0.4527962049396142,0.8468643035585097,,0.0,0.0,157,79,21,1016.0338878631592,18.897056579589844,letter,18
metacog,0.05,0.0384615384615384,0.0036630036630036,0.0,0.5,,0.1685748428372838,0.2050127253658164,1,1,1,1564.158916473389,4.939794540405273,letter,18
classic,0.38,0.3641025641025641,0.338033078033078,0.3897107539553785,0.818451186575678,,0.0,0.0,125,63,21,862.4203205108643,15.835046768188477,letter,19
metacog,0.05,0.0384615384615384,0.0036630036630036,0.0,0.5,,0.0769391744785478,0.1287039037445291,1,1,1,1560.7619285583496,4.77910041809082,letter,19
classic,0.33,0.3230769230769231,0.31498778998779,0.3611449350096537,0.7991728088870571,,0.0,0.0,125,63,21,874.6609687805176,16.03531837463379,letter,20
metacog,0.05,0.0384615384615384,0.0036630036630036,0.0,0.5,,0.1426860528715306,0.0727044038563424,1,1,1,1561.1588954925537,4.865646362304688,letter,20
classic,0.32,0.3179487179487179,0.3039681710948679,0.3295009839433842,0.8099231814853847,,0.0,0.0,115,58,21,868.9377307891846,16.767024993896484,letter,21
metacog,0.05,0.0384615384615384,0.0036630036630036,0.0,0.5,,0.1848770485724477,0.4876816993221896,1,1,1,1565.6421184539795,4.903078079223633,letter,21
classic,0.28,0.2628205128205128,0.2679218217679756,0.3017222593573238,0.7015662020708989,,0.0,0.0,103,52,21,810.7049465179443,16.23249053955078,letter,22
metacog,0.05,0.0384615384615384,0.0036630036630036,0.0,0.5,,0.0271955855584473,0.987241738152531,1,1,1,1488.194465637207,4.813432693481445,letter,22
classic,0.35,0.3564102564102563,0.3360643312655696,0.3620974667723127,0.8208379853777982,,0.0,0.0,109,55,21,994.4908618927002,31.56447410583496,letter,23
metacog,0.05,0.0384615384615384,0.0036630036630036,0.0,0.5,,0.071519393503876,0.9957812952777064,1,1,1,1812.262773513794,4.815340042114258,letter,23
classic,0.31,0.3185897435897435,0.314943176481638,0.3194254017346706,0.7559972765975207,,0.0,0.0,129,65,21,944.8585510253906,15.814781188964844,letter,24
metacog,0.05,0.0384615384615384,0.0036630036630036,0.0,0.5,,0.0708494129581319,0.0369001456663577,1,1,1,1585.1192474365234,4.737138748168945,letter,24
classic,0.37,0.366025641025641,0.3810391363022942,0.4035357898976218,0.7937794763537015,,0.0,0.0,125,63,21,992.7070140838624,15.9759521484375,letter,25
metacog,0.04,0.0384615384615384,0.0029585798816568,0.0,0.5,,0.2192080481902359,0.4765069085134146,1,1,1,1581.7742347717283,4.858970642089844,letter,25
classic,0.23,0.2384615384615384,0.2292532604008014,0.2436585472016154,0.7013635664051088,,0.0,0.0,111,56,21,812.3762607574463,15.87057113647461,letter,26
metacog,0.05,0.0384615384615384,0.0036630036630036,0.0,0.5,,0.1268574586838129,0.4708265568295604,1,1,1,1479.3806076049805,5.7277679443359375,letter,26
classic,0.32,0.3083333333333333,0.2770757020757021,0.3322895149259569,0.7845073517519512,,0.0,0.0,133,67,21,1107.9473495483398,17.21811294555664,letter,27
metacog,0.05,0.0384615384615384,0.0036630036630036,0.0,0.5,,0.0894586490314859,0.9781153343879644,1,1,1,1733.438491821289,4.871606826782227,letter,27
classic,0.31,0.3019230769230769,0.3003062297179944,0.3275693579437403,0.7795799529926124,,0.0,0.0,115,58,21,1106.501579284668,18.22781562805176,letter,28
metacog,0.05,0.0384615384615384,0.0036630036630036,0.0,0.5,,0.1035294132064223,0.9849061100653088,1,1,1,1708.2571983337402,4.763126373291016,letter,28
classic,0.38,0.3705128205128205,0.3515734265734266,0.3906195755316737,0.8337710472404246,,0.0,0.0,107,54,21,914.6108627319336,17.009735107421875,letter,29
metacog,0.05,0.0384615384615384,0.0036630036630036,0.0,0.5,,0.0743197220596123,0.3477558579756651,1,1,1,1586.0161781311035,4.837274551391602,letter,29
classic,0.38,0.3525641025641025,0.3493052698935051,0.3920716451022264,0.8291514040478872,,0.0,0.0,125,63,21,974.4305610656738,16.277790069580078,letter,30
metacog,0.05,0.0384615384615384,0.0036630036630036,0.0,0.5,,0.0874581351091525,0.354958672504809,1,1,1,1567.995309829712,5.107879638671875,letter,30
classic,0.44,0.4365384615384615,0.4483771417837351,0.4565320969843627,0.8365957012500522,,0.0,0.0,121,61,21,1058.171033859253,16.438961029052734,letter,31
metacog,0.05,0.0384615384615384,0.0036630036630036,0.0,0.5,,0.082310484257547,0.0435008534028234,1,1,1,1710.2248668670654,5.817413330078125,letter,31
classic,0.2,0.2012820512820512,0.1874542124542124,0.2063396075518372,0.7454059191396414,,0.0,0.0,99,50,21,772.8288173675537,14.081478118896484,letter,32
metacog,0.05,0.0384615384615384,0.0036630036630036,0.0,0.5,,0.0769599069307024,0.3297393357073039,1,1,1,1500.0052452087402,4.085302352905273,letter,32
classic,0.32,0.3314102564102564,0.3554487179487179,0.360766838747289,0.758415877775575,,0.0,0.0,133,67,21,928.1458854675292,13.835430145263672,letter,33
metacog,0.05,0.0384615384615384,0.0036630036630036,0.0,0.5,,0.0609982317208966,0.9766490002463184,1,1,1,1562.5669956207275,5.136728286743164,letter,33
classic,0.32,0.3115384615384615,0.3053981106612685,0.3423324708092217,0.7872938318238101,,0.0,0.0,113,57,21,890.7177448272705,17.063379287719727,letter,34
metacog,0.05,0.0384615384615384,0.0036630036630036,0.0,0.5,,0.2271605810817093,0.961480063156537,1,1,1,1505.4614543914795,5.987405776977539,letter,34
classic,0.4,0.3891025641025641,0.369121388917769,0.4098732520992801,0.8386296294363984,,0.0,0.0,129,65,21,916.3894653320312,17.49444007873535,letter,35
metacog,0.04,0.0384615384615384,0.0029585798816568,0.0,0.5,,0.0418848306500936,0.9750790099788732,1,1,1,1588.160276412964,5.160808563232422,letter,35
classic,0.34,0.3378205128205128,0.3190058130275522,0.3440145020572367,0.8229391779967862,,0.0,0.0,117,59,21,857.2933673858643,16.679048538208008,letter,36
metacog,0.05,0.0384615384615384,0.0036630036630036,0.0,0.5,,0.0991790486595523,0.212248802795107,1,1,1,1579.2298316955566,6.593227386474609,letter,36
classic,0.41,0.4019230769230769,0.4052302100602638,0.4120445633902225,0.8219795742640204,,0.0,0.0,147,74,21,1013.0834579467772,16.598224639892578,letter,37
metacog,0.05,0.0384615384615384,0.0036630036630036,0.0,0.5,,0.1023909291728977,0.9919654880772024,1,1,1,1499.3226528167725,2.4900436401367188,letter,37
classic,0.37,0.3608974358974359,0.370960520960521,0.3867134258092105,0.8013942394646411,,0.0,0.0,155,78,21,994.3451881408693,16.707658767700195,letter,38
metacog,0.05,0.0384615384615384,0.0036630036630036,0.0,0.5,,0.1664525621745511,0.4130819790920056,1,1,1,1603.7859916687012,4.758596420288086,letter,38
classic,0.41,0.3942307692307692,0.4006211180124223,0.4165548642179967,0.8438968089583594,,0.0,0.0,139,70,21,913.8133525848388,15.91944694519043,letter,39
metacog,0.05,0.0384615384615384,0.0036630036630036,0.0,0.5,,0.1738039612607036,0.2176984478903921,1,1,1,1568.035364151001,4.643440246582031,letter,39
classic,0.35,0.3230769230769231,0.3178670744460218,0.3689292271664,0.7952476528913979,,0.0,0.0,117,59,21,850.9101867675781,16.035079956054688,letter,40
metacog,0.05,0.0384615384615384,0.0036630036630036,0.0,0.5,,0.0159276802753366,0.9951809952970796,1,1,1,1510.2500915527344,4.815101623535156,letter,40
classic,0.45,0.4532051282051282,0.4684881357958281,0.4756604349507331,0.8433982989168997,,0.0,0.0,151,76,21,1027.278184890747,16.95871353149414,letter,41
metacog,0.05,0.0384615384615384,0.0036630036630036,0.0,0.5,,0.0558252604533643,0.962975564693484,1,1,1,1485.2468967437744,5.035877227783203,letter,41
classic,0.33,0.3115384615384615,0.2982826876492035,0.3363683627759515,0.8138276250139127,,0.0,0.0,127,64,21,913.1362438201904,16.396760940551758,letter,42
metacog,0.05,0.0384615384615384,0.0036630036630036,0.0,0.5,,0.0572926715283283,0.9753963723867158,1,1,1,1508.570909500122,4.849910736083984,letter,42
classic,0.28,0.2897435897435897,0.2850306238970206,0.3148741154367411,0.7657298851249356,,0.0,0.0,99,50,21,784.3141555786133,15.891075134277344,letter,43
metacog,0.05,0.0384615384615384,0.0036630036630036,0.0,0.5,,0.2163030216550363,0.9768217144065952,1,1,1,1537.580966949463,3.661632537841797,letter,43
classic,0.32,0.330128205128205,0.3318986568986569,0.3288214151543998,0.8101807525790586,,0.0,0.0,125,63,21,839.8571014404297,16.608715057373047,letter,44
metacog,0.05,0.0384615384615384,0.0036630036630036,0.0,0.5,,0.1658411861257689,0.2550318666490288,1,1,1,1093.7447547912598,3.3712387084960938,letter,44
classic,0.35,0.3455128205128205,0.359385268819231,0.3692761154766372,0.8010269029470484,,0.0,0.0,129,65,21,771.4450359344482,8.609294891357422,letter,45
metacog,0.04,0.0384615384615384,0.0029585798816568,0.0,0.5,,0.1321471978655519,0.9809483637021228,1,1,1,1122.8792667388916,4.85539436340332,letter,45
classic,0.31,0.3108974358974358,0.3037240537240537,0.3269772264768019,0.7690772615457657,,0.0,0.0,111,56,21,703.7887573242188,9.570598602294922,letter,46
metacog,0.05,0.0384615384615384,0.0036630036630036,0.0,0.5,,0.1533595942846075,0.2689506212383046,1,1,1,1052.5715351104736,2.464532852172852,letter,46
classic,0.36,0.3519230769230769,0.354042373527134,0.3726543440324212,0.8167608857840479,,0.0,0.0,129,65,21,693.3913230895996,8.133411407470703,letter,47
metacog,0.05,0.0384615384615384,0.0036630036630036,0.0,0.5,,0.1341872187628637,0.9749845547489884,1,1,1,1118.5569763183594,3.769874572753906,letter,47
classic,0.3,0.291025641025641,0.2797457444516267,0.3114893448353083,0.8171734460432406,,0.0,0.0,99,50,21,640.7370567321777,7.745742797851562,letter,48
metacog,0.05,0.0384615384615384,0.0036630036630036,0.0,0.5,,0.1216700001188394,0.1377323231129146,1,1,1,1078.6666870117188,3.326416015625,letter,48
classic,0.42,0.3967948717948718,0.3722027972027972,0.4239846074702114,0.8272770648990638,,0.0,0.0,145,73,21,683.6438179016113,10.940074920654297,letter,49
metacog,0.05,0.0384615384615384,0.0036630036630036,0.0,0.5,,0.0745030718475896,1.0,1,1,1,1100.1615524291992,2.582550048828125,letter,49
classic,1.0,1.0,1.0,1.0,1.0,1.0,0.0,0.0,29,15,10,147.11809158325195,63.76051902770996,mushroom,0
metacog,0.948339483394834,0.9464285714285714,0.94794245709895,0.9010347509051936,0.947701051917204,0.9451610033801816,0.8614359948203848,1.0,9,5,4,4140.042304992676,45.63260078430176,mushroom,0
classic,1.0,1.0,1.0,1.0,1.0,1.0,0.0,0.0,31,16,10,158.42771530151367,63.532352447509766,mushroom,1
metacog,0.959409594095941,0.957908163265306,0.959172151417158,0.9215466235888397,0.9589079693635174,0.9569122169415712,0.8955807931539294,1.0,9,5,4,4016.2858963012695,51.99241638183594,mushroom,1
classic,1.0,1.0,1.0,1.0,1.0,1.0,0.0,0.0,29,15,10,161.6661548614502,64.54038619995117,mushroom,2
metacog,0.956949569495695,0.9553571428571428,0.9566811240528992,0.916958543187647,0.9563115032236172,0.9542466240227434,0.8614359948203848,1.0,9,5,4,3947.060823440552,47.92451858520508,mushroom,2
classic,1.0,1.0,1.0,1.0,1.0,1.0,0.0,0.0,29,15,10,150.2683162689209,60.69350242614746,mushroom,3
metacog,0.956949569495695,0.9553571428571428,0.9566811240528992,0.916958543187647,0.9566296233457752,0.9544096664883182,0.9682776536618032,1.0,9,5,4,4039.060592651367,49.25680160522461,mushroom,3
classic,1.0,1.0,1.0,1.0,1.0,1.0,0.0,0.0,29,15,10,132.88331031799316,65.10472297668457,mushroom,4
metacog,0.9642857142857144,0.9630102040816326,0.964108856186985,0.9307043713176012,0.9639789844509232,0.9622251522331778,1.0,1.0,9,5,4,3970.729112625122,46.56672477722168,mushroom,4
classic,1.0,1.0,1.0,1.0,1.0,1.0,0.0,0.0,29,15,10,146.1961269378662,62.05463409423828,mushroom,5
metacog,0.9655172413793104,0.9642857142857144,0.9653524492234168,0.9330250341152236,0.9654761904761904,0.9636591478696742,0.9454798996961764,1.0,9,5,4,4051.545858383178,51.49102210998535,mushroom,5
classic,1.0,1.0,1.0,1.0,1.0,1.0,0.0,0.0,31,16,10,154.21724319458008,58.23707580566406,mushroom,6
metacog,0.9507389162561576,0.948849104859335,0.9503700851409748,0.9054318444407962,0.95006409049213,0.9475735214393683,0.9454798996961764,1.0,9,5,4,3978.785276412964,53.0247688293457,mushroom,6
classic,1.0,1.0,1.0,1.0,1.0,1.0,0.0,0.0,31,16,10,153.7623405456543,65.10066986083984,mushroom,7
metacog,0.9532019704433498,0.9514066496163682,0.9528714565004888,0.9099838383215918,0.9519837677919458,0.9499012794062186,0.8828324877094239,1.0,9,5,4,4014.392375946045,50.39262771606445,mushroom,7
classic,1.0,1.0,1.0,1.0,1.0,1.0,0.0,0.0,29,15,10,145.1258659362793,60.6236457824707,mushroom,8
metacog,0.9630541871921182,0.9616368286445012,0.9628513566269764,0.928363376127324,0.9624569439466378,0.9606335576626016,0.9454798996961764,1.0,9,5,4,4025.693416595459,52.43086814880371,mushroom,8
classic,1.0,1.0,1.0,1.0,1.0,1.0,0.0,0.0,29,15,10,148.6656665802002,65.0637149810791,mushroom,9
metacog,0.9532019704433498,0.9514066496163682,0.9528714565004888,0.9099838383215918,0.9520991914270612,0.9499597012178482,0.9682776536618032,1.0,9,5,4,3936.311721801758,44.36182975769043,mushroom,9
classic,1.0,1.0,1.0,1.0,1.0,1.0,0.0,0.0,29,15,10,156.35323524475098,63.869476318359375,mushroom,10
metacog,0.9618696186961868,0.9604591836734694,0.9616608023803984,0.9261522751918584,0.961398395462698,0.9595235977329912,0.8614359948203848,1.0,9,5,4,4096.613883972168,50.28486251831055,mushroom,10
classic,1.0,1.0,1.0,1.0,1.0,1.0,0.0,0.0,29,15,10,163.6962890625,63.07673454284668,mushroom,11
metacog,0.955719557195572,0.9540816326530612,0.9554346899248414,0.914671007437406,0.9551723302147462,0.9529951457544412,1.0,1.0,9,5,4,3967.8218364715576,49.98612403869629,mushroom,11
classic,1.0,1.0,1.0,1.0,1.0,1.0,0.0,0.0,31,16,10,177.03843116760254,65.46306610107422,mushroom,12
metacog,0.953259532595326,0.951530612244898,0.9529399220082866,0.9101087769387848,0.9525667749284986,0.9503249060818356,0.8955807931539294,1.0,9,5,4,3940.25468826294,46.81277275085449,mushroom,12
classic,1.0,1.0,1.0,1.0,1.0,1.0,0.0,0.0,29,15,10,161.3483428955078,59.33785438537598,mushroom,13
metacog,0.958179581795818,0.9566326530612244,0.9579269406392694,0.919250403984348,0.9576627563139268,0.9556065265458612,1.0,1.0,9,5,4,3991.845607757568,53.29036712646485,mushroom,13
classic,1.0,1.0,1.0,1.0,1.0,1.0,0.0,0.0,29,15,10,169.30770874023438,68.39323043823242,mushroom,14
metacog,0.955665024630542,0.9540816326530612,0.955387883671526,0.9145852422893854,0.9551749271137028,0.9530510458547508,0.8715109243974288,1.0,9,5,4,3978.429794311523,51.9564151763916,mushroom,14
classic,1.0,1.0,1.0,1.0,1.0,1.0,0.0,0.0,31,16,10,189.29481506347656,60.55736541748047,mushroom,15
metacog,0.956896551724138,0.9553571428571428,0.9566355140186916,0.91687476825319,0.9559948979591836,0.9541386033321516,0.9454798996961764,1.0,9,5,4,3912.794828414917,53.25770378112793,mushroom,15
classic,1.0,1.0,1.0,1.0,1.0,1.0,0.0,0.0,29,15,10,174.7891902923584,66.81370735168457,mushroom,16
metacog,0.9544334975369458,0.9526854219948848,0.9541211413213612,0.9122661515510182,0.9544836007314214,0.9518532560500712,0.9264403551989584,1.0,9,5,4,3855.582237243652,48.78783226013184,mushroom,16
classic,1.0,1.0,1.0,1.0,1.0,1.0,0.0,0.0,29,15,10,154.19411659240723,56.795597076416016,mushroom,17
metacog,0.9655172413793104,0.9641943734015346,0.9653404067197172,0.9330025081355824,0.9649598143501954,0.9632579871517616,0.9099990290027818,1.0,9,5,4,3964.1056060791016,66.09702110290527,mushroom,17
classic,1.0,1.0,1.0,1.0,1.0,1.0,0.0,0.0,29,15,10,161.09013557434082,55.57966232299805,mushroom,18
metacog,0.9544334975369458,0.9526854219948848,0.9541211413213612,0.9122661515510182,0.9534721251921195,0.9513335769090244,1.0,1.0,9,5,4,3911.988019943237,40.68994522094727,mushroom,18
classic,1.0,1.0,1.0,1.0,1.0,1.0,0.0,0.0,29,15,10,170.51267623901367,60.18352508544922,mushroom,19
metacog,0.955665024630542,0.9539641943734016,0.9553701747207582,0.9145527199665736,0.9549483327359654,0.9527602691951218,0.9099990290027818,1.0,9,5,4,3873.662233352661,49.52645301818848,mushroom,19
classic,1.0,1.0,1.0,1.0,1.0,1.0,0.0,0.0,29,15,10,157.35554695129397,65.99259376525879,mushroom,20
metacog,0.96309963099631,0.9617346938775512,0.9629042659333706,0.9284617756459844,0.9623709341218674,0.9606902314275586,0.9099990290027818,1.0,9,5,4,4026.0283946990967,50.19783973693848,mushroom,20
classic,1.0,1.0,1.0,1.0,1.0,1.0,0.0,0.0,29,15,10,168.84350776672363,59.86666679382324,mushroom,21
metacog,0.947109471094711,0.9451530612244898,0.9466913698849472,0.8987765601454314,0.946586116631926,0.9439220825487302,0.9454798996961764,1.0,9,5,4,3998.534679412842,54.3968677520752,mushroom,21
classic,1.0,1.0,1.0,1.0,1.0,1.0,0.0,0.0,29,15,10,165.4810905456543,50.12655258178711,mushroom,22
metacog,0.95079950799508,0.9489795918367347,0.9504425426084412,0.9055634459944396,0.9501914780163848,0.9477723841716014,0.9264403551989584,1.0,9,5,4,3845.144271850586,47.52802848815918,mushroom,22
classic,1.0,1.0,1.0,1.0,1.0,1.0,0.0,0.0,29,15,10,148.75245094299316,57.45363235473633,mushroom,23
metacog,0.955719557195572,0.9540816326530612,0.9554346899248414,0.914671007437406,0.9546269814339038,0.952717720751667,0.9454798996961764,1.0,9,5,4,3885.384798049927,47.31345176696777,mushroom,23
classic,1.0,1.0,1.0,1.0,1.0,1.0,0.0,0.0,29,15,10,156.18085861206055,66.63131713867188,mushroom,24
metacog,0.961822660098522,0.9604591836734694,0.961620033452108,0.9260766662454752,0.9613064868804664,0.9595235977329912,0.9682776536618032,1.0,9,5,4,3812.594175338745,46.921491622924805,mushroom,24
classic,1.0,1.0,1.0,1.0,1.0,1.0,0.0,0.0,31,16,10,172.5316047668457,62.45589256286621,mushroom,25
metacog,0.955665024630542,0.9540816326530612,0.955387883671526,0.9145852422893854,0.955502915451895,0.9532195857066232,0.9264403551989584,1.0,9,5,4,3905.421257019043,52.58941650390625,mushroom,25
classic,1.0,1.0,1.0,1.0,1.0,1.0,0.0,0.0,29,15,10,167.7379608154297,62.58702278137207,mushroom,26
metacog,0.95935960591133,0.9578005115089514,0.959113484646195,0.921438291883988,0.958602402026596,0.9566457991373056,0.9099990290027818,1.0,9,5,4,3883.335828781128,47.44553565979004,mushroom,26
classic,1.0,1.0,1.0,1.0,1.0,1.0,0.0,0.0,29,15,10,159.6965789794922,61.86223030090332,mushroom,27
metacog,0.961822660098522,0.9603580562659846,0.9616059839267384,0.92605056745657,0.9614879929044838,0.9594661125319692,0.9099990290027818,1.0,9,5,4,3925.037145614624,45.2115535736084,mushroom,27
classic,1.0,1.0,1.0,1.0,1.0,1.0,0.0,0.0,31,16,10,157.4876308441162,67.39950180053711,mushroom,28
metacog,0.95935960591133,0.9578005115089514,0.959113484646195,0.921438291883988,0.9594042925442406,0.9570583094500636,0.8955807931539294,1.0,9,5,4,3912.6248359680176,49.85260963439941,mushroom,28
classic,1.0,1.0,1.0,1.0,1.0,1.0,0.0,0.0,29,15,10,152.06360816955566,65.31858444213867,mushroom,29
metacog,0.956896551724138,0.9552429667519182,0.9566185685348768,0.9168435770337596,0.955774522966266,0.9538564415583592,1.0,1.0,9,5,4,3865.500688552856,49.70955848693848,mushroom,29
classic,1.0,1.0,1.0,1.0,1.0,1.0,0.0,0.0,31,16,11,153.29957008361816,55.34482002258301,mushroom,30
metacog,0.960639606396064,0.9591836734693876,0.9604167680997128,0.923847235947016,0.9601531824131078,0.9582179073372812,1.0,1.0,9,5,4,3851.7324924468994,52.11973190307617,mushroom,30
classic,1.0,1.0,1.0,1.0,1.0,1.0,0.0,0.0,29,15,10,156.74161911010742,58.31313133239746,mushroom,31
metacog,0.96309963099631,0.9617346938775512,0.9629042659333706,0.9284617756459844,0.962098259731446,0.9605522060492924,0.8828324877094239,1.0,9,5,4,3986.4306449890137,46.98610305786133,mushroom,31
classic,1.0,1.0,1.0,1.0,1.0,1.0,0.0,0.0,29,15,10,148.33879470825195,54.2757511138916,mushroom,32
metacog,0.960639606396064,0.9591836734693876,0.9604167680997128,0.923847235947016,0.9603470842018516,0.958317409360748,0.8955807931539294,1.0,9,5,4,3989.042043685913,47.602176666259766,mushroom,32
classic,1.0,1.0,1.0,1.0,1.0,1.0,0.0,0.0,29,15,10,175.31418800354004,55.94468116760254,mushroom,33
metacog,0.9692496924969248,0.9681122448979592,0.9691134300732616,0.940077410947723,0.9687939308740122,0.9673190171591024,0.9454798996961764,1.0,9,5,4,3902.5137424468994,41.86820983886719,mushroom,33
classic,1.0,1.0,1.0,1.0,1.0,1.0,0.0,0.0,31,16,10,174.3462085723877,60.95194816589356,mushroom,34
metacog,0.955665024630542,0.9540816326530612,0.955387883671526,0.9145852422893854,0.9550655976676384,0.9529951457544412,0.8828324877094239,1.0,9,5,4,3898.913145065308,50.28009414672852,mushroom,34
classic,1.0,1.0,1.0,1.0,1.0,1.0,0.0,0.0,31,16,10,167.9368019104004,65.19150733947754,mushroom,35
metacog,0.9544334975369458,0.9528061224489796,0.9541396295940128,0.912300027975488,0.954042152575316,0.951804504573365,1.0,1.0,9,5,4,3928.1530380249023,50.557613372802734,mushroom,35
classic,1.0,1.0,1.0,1.0,1.0,1.0,0.0,0.0,29,15,10,161.15379333496094,55.51981925964356,mushroom,36
metacog,0.9482758620689656,0.946291560102302,0.9478659655130244,0.9008964740927204,0.9483327359653972,0.945346939300081,0.9454798996961764,1.0,9,5,4,3891.451835632324,43.72358322143555,mushroom,36
classic,1.0,1.0,1.0,1.0,1.0,1.0,0.0,0.0,29,15,10,169.44599151611328,60.09054183959961,mushroom,37
metacog,0.95935960591133,0.9578005115089514,0.959113484646195,0.921438291883988,0.9584019293971848,0.956543951057605,0.9454798996961764,1.0,9,5,4,3906.0521125793457,48.63905906677246,mushroom,37
classic,1.0,1.0,1.0,1.0,1.0,1.0,0.0,0.0,31,16,10,157.7131748199463,64.21327590942383,mushroom,38
metacog,0.9532019704433498,0.9514066496163682,0.9528714565004888,0.9099838383215918,0.9530225805079854,0.9504323468517842,0.9454798996961764,1.0,9,5,4,3958.3373069763184,47.2714900970459,mushroom,38
classic,1.0,1.0,1.0,1.0,1.0,1.0,0.0,0.0,29,15,10,146.45981788635254,56.09774589538574,mushroom,39
metacog,0.9470443349753694,0.9450127877237852,0.9466128452711328,0.898634940914968,0.9456658425014124,0.9433093424859842,0.8828324877094239,1.0,9,5,4,3828.6423683166495,38.960933685302734,mushroom,39
classic,1.0,1.0,1.0,1.0,1.0,1.0,0.0,0.0,31,16,10,156.1586856842041,62.84523010253906,mushroom,40
metacog,0.949569495694957,0.9477040816326532,0.9491928440453672,0.9032970353420734,0.9488220466333802,0.946403188140928,0.8374138695379333,1.0,9,5,4,3900.034189224243,48.04086685180664,mushroom,40
classic,1.0,1.0,1.0,1.0,1.0,1.0,0.0,0.0,29,15,10,149.8105525970459,61.278581619262695,mushroom,41
metacog,0.956949569495695,0.9553571428571428,0.9566811240528992,0.916958543187647,0.9567356633864946,0.9544642857142857,0.8715109243974288,1.0,9,5,4,3832.281827926636,46.63705825805664,mushroom,41
classic,1.0,1.0,1.0,1.0,1.0,1.0,0.0,0.0,29,15,10,154.5584201812744,52.021026611328125,mushroom,42
metacog,0.956949569495695,0.9553571428571428,0.9566811240528992,0.916958543187647,0.9562054631828978,0.9541925465838508,0.9099990290027818,1.0,9,5,4,3940.268039703369,26.712656021118164,mushroom,42
classic,1.0,1.0,1.0,1.0,1.0,1.0,0.0,0.0,31,16,10,160.62116622924805,57.98554420471192,mushroom,43
metacog,0.956949569495695,0.9553571428571428,0.9566811240528992,0.916958543187647,0.956523583305056,0.9543551834698968,0.9682776536618032,1.0,9,5,4,3902.4507999420166,30.493736267089844,mushroom,43
classic,1.0,1.0,1.0,1.0,1.0,1.0,0.0,0.0,29,15,10,159.1503620147705,42.65594482421875,mushroom,44
metacog,0.9544334975369458,0.9528061224489796,0.9541396295940128,0.912300027975488,0.9539297862001944,0.9517469082396052,0.8828324877094239,1.0,9,5,4,2949.322462081909,28.944015502929688,mushroom,44
classic,1.0,1.0,1.0,1.0,1.0,1.0,0.0,0.0,29,15,10,155.99727630615234,39.31117057800293,mushroom,45
metacog,0.961822660098522,0.9604591836734694,0.961620033452108,0.9260766662454752,0.961400631681244,0.95957173393048,0.9682776536618032,1.0,9,5,4,2837.014675140381,24.89590644836425,mushroom,45
classic,1.0,1.0,1.0,1.0,1.0,1.0,0.0,0.0,29,15,10,150.06113052368164,51.75209045410156,mushroom,46
metacog,0.961822660098522,0.9603580562659846,0.9616059839267384,0.92605056745657,0.9611113473583174,0.9592733264623176,0.9264403551989584,1.0,9,5,4,2898.571252822876,27.06766128540039,mushroom,46
classic,1.0,1.0,1.0,1.0,1.0,1.0,0.0,0.0,29,15,10,138.5190486907959,42.34766960144043,mushroom,47
metacog,0.95935960591133,0.9578005115089514,0.959113484646195,0.921438291883988,0.9590033472854184,0.9568510230179028,0.8955807931539294,1.0,9,5,4,2869.3881034851074,31.013011932373047,mushroom,47
classic,1.0,1.0,1.0,1.0,1.0,1.0,0.0,0.0,29,15,10,138.3066177368164,40.8480167388916,mushroom,48
metacog,0.955665024630542,0.9539641943734016,0.9553701747207582,0.9145527199665736,0.9549483327359654,0.9527602691951218,0.9264403551989584,1.0,9,5,4,2838.469982147217,31.56256675720215,mushroom,48
classic,1.0,1.0,1.0,1.0,1.0,1.0,0.0,0.0,31,16,10,138.2040977478027,60.6234073638916,mushroom,49
metacog,0.958128078817734,0.9565217391304348,0.9578663345786632,0.919138756397371,0.9571413818031602,0.9552271010896536,0.9264403551989584,1.0,9,5,4,2852.51259803772,23.345947265625,mushroom,49
