mode,accuracy,balanced_accuracy,f1_macro,mcc,roc_auc,pr_auc,avg_ns,avg_ts,nodes,leaves,depth,train_ms,infer_ms,dataset,fold
classic,0.89,0.7630952380952382,0.7649603460706561,0.83998760371553,0.9140835882330728,,0.0,0.0,169,85,13,210.9966278076172,8.215188980102539,nursery,0
metacog,0.77,0.5845238095238096,0.5677655677655677,0.6977684775744334,0.843848466825271,,0.6291689288772169,0.9307894286827308,7,4,4,790.8520698547363,5.996227264404297,nursery,0
classic,0.92,0.8613505747126436,0.8628539253539254,0.8831504701606397,0.9193826407473656,,0.0,0.0,169,85,12,247.3881244659424,17.758846282958984,nursery,1
metacog,0.8,0.6051245210727969,0.5956072351421189,0.7309678834588995,0.8564796091327809,,0.6933997270806964,0.972230921131206,7,4,4,976.4399528503418,6.046772003173828,nursery,1
classic,0.88,0.83022030651341,0.7974224224224224,0.8267270650079314,0.902910503649551,,0.0,0.0,163,82,14,216.0971164703369,8.281469345092773,nursery,2
metacog,0.77,0.5809386973180076,0.5677655677655677,0.6872801622272904,0.8439724168798439,,0.6681579541336057,0.966724464353942,7,4,4,897.6829051971436,6.243228912353516,nursery,2
classic,0.92,0.8663793103448276,0.8630613535736875,0.8854149835487417,0.9701705786124892,,0.0,0.0,179,90,12,220.8552360534668,8.697509765625,nursery,3
metacog,0.73,0.5548371647509579,0.5455882352941177,0.6080074014594655,0.8433702096674727,,0.6280612990425076,0.970137261504444,7,4,4,841.7470455169678,18.12124252319336,nursery,3
classic,0.89,0.6860632183908045,0.6785714285714286,0.8387714369755594,0.8318643263737115,,0.0,0.0,175,88,15,212.0611667633057,8.128643035888672,nursery,4
metacog,0.8,0.6118295019157088,0.6056910569105691,0.7094910205648358,0.9177162513092786,,0.6267583188598028,0.9521253420760324,11,6,5,1469.6884155273438,6.700754165649414,nursery,4
classic,0.89,0.9169061302681992,0.8827639751552795,0.8409167284097966,0.9663421746019278,,0.0,0.0,175,88,15,219.88415718078613,8.747577667236328,nursery,5
metacog,0.73,0.548132183908046,0.5274193548387097,0.6310795971955762,0.8233266094374041,,0.7775264354411098,0.9579484789785008,5,3,3,731.3435077667236,5.217552185058594,nursery,5
classic,0.86,0.891044061302682,0.8180555555555555,0.7984165097133128,0.945322289219962,,0.0,0.0,163,82,14,191.83969497680664,9.156227111816406,nursery,6
metacog,0.79,0.5948275862068966,0.5810483870967742,0.7280444520783791,0.846778970514788,,0.715214349247436,0.9626722779707964,7,4,4,973.9179611206056,16.579151153564453,nursery,6
classic,0.9,0.8457854406130267,0.8272551772551773,0.8547185900700182,0.9555368343141362,,0.0,0.0,165,83,13,206.2406539916992,8.955955505371094,nursery,7
metacog,0.74,0.5567528735632183,0.5391039236479321,0.6432289493924149,0.828936048432287,,0.7410393958902571,0.936790912361047,5,3,3,776.0426998138428,7.608652114868164,nursery,7
classic,0.91,0.7763409961685824,0.7930014430014429,0.8698034041087148,0.910437553505094,,0.0,0.0,159,80,13,198.4889507293701,12.21323013305664,nursery,8
metacog,0.78,0.5912356321839081,0.5819444444444444,0.692657760637637,0.8541329057150403,,0.6077815561288343,0.9655411700325304,7,4,4,817.9910182952881,5.93876838684082,nursery,8
classic,0.92,0.830952380952381,0.8436041083099906,0.8846594960521822,0.9003645833333332,,0.0,0.0,165,83,12,210.1728916168213,9.237289428710938,nursery,9
metacog,0.74,0.5666666666666667,0.5375548245614035,0.6750672978149217,0.8247098214285714,,0.6703087978501745,0.9695680856415844,7,4,4,875.375509262085,7.719516754150391,nursery,9
classic,0.92,0.8642857142857142,0.8928104575163398,0.8836957067201098,0.9586318020467504,,0.0,0.0,171,86,15,231.35113716125488,8.794307708740234,nursery,10
metacog,0.73,0.5511904761904762,0.5210526315789473,0.6528817390437672,0.821496025452211,,0.6180155486298257,0.9655334176203384,7,4,4,807.7282905578613,37.52708435058594,nursery,10
classic,0.88,0.7538314176245211,0.7696172248803828,0.824526637597771,0.8984704025578898,,0.0,0.0,157,79,12,253.5271644592285,8.41975212097168,nursery,11
metacog,0.74,0.5550766283524904,0.5334151663938898,0.6515951356191815,0.8269141747865933,,0.6184528804511036,0.9721426328673368,7,4,4,798.9253997802734,7.432222366333008,nursery,11
classic,0.9,0.9238505747126438,0.8904358353510896,0.8548252816781482,0.9580546832428016,,0.0,0.0,175,88,13,256.6249370574951,11.215686798095703,nursery,12
metacog,0.78,0.5895593869731801,0.5784237726098191,0.6993652944637029,0.8495818558747268,,0.7053386697367545,0.9634254028826283,7,4,4,730.5285930633545,6.229400634765625,nursery,12
classic,0.88,0.6774425287356322,0.6706293706293707,0.8246795499511289,0.8623345677513355,,0.0,0.0,157,79,12,285.3882312774658,8.336305618286133,nursery,13
metacog,0.74,0.5601053639846744,0.5483585858585859,0.6302561605801922,0.8386129608844186,,0.6394831642292594,0.9463797712908492,7,4,4,738.0380630493164,6.179094314575195,nursery,13
classic,0.94,0.8055555555555556,0.8035714285714286,0.9128664726614176,0.9776270489445592,,0.0,0.0,167,84,13,259.94348526000977,8.130788803100586,nursery,14
metacog,0.74,0.5550766283524904,0.5334151663938898,0.6515951356191815,0.8264543245693898,,0.6400131087139803,0.9639387365254056,7,4,4,762.5579833984375,6.969213485717773,nursery,14
classic,0.93,0.7935823754789272,0.7963636363636364,0.8983910959766518,0.8883620554376664,,0.0,0.0,171,86,15,227.56147384643555,7.745981216430664,nursery,15
metacog,0.83,0.6309865900383143,0.6250624687656172,0.7673006825254317,0.8726181507916242,,0.6259794779973353,0.9129733900343112,5,3,3,644.6921825408936,5.812406539916992,nursery,15
classic,0.88,0.7555076628352491,0.7699857752489331,0.8236499477929686,0.8713466059020388,,0.0,0.0,161,81,14,228.87682914733887,9.70458984375,nursery,16
metacog,0.8,0.6051245210727969,0.5956072351421189,0.7309678834588995,0.8568244967956835,,0.5859604340369605,0.962442573994362,7,4,4,763.5712623596191,5.982398986816406,nursery,16
classic,0.92,0.7866379310344828,0.8221109040074557,0.8822958247855417,0.9389463679113974,,0.0,0.0,171,86,15,236.1321449279785,8.668661117553711,nursery,17
metacog,0.75,0.5636973180076629,0.5452956989247312,0.6634012154898438,0.8327535388900781,,0.6761985562405973,0.9772465659707498,7,4,4,738.7115955352783,6.07609748840332,nursery,17
classic,0.85,0.7262931034482759,0.7437037037037036,0.7862248718284246,0.8989078967794875,,0.0,0.0,159,80,12,237.4749183654785,7.858514785766602,nursery,18
metacog,0.78,0.5878831417624522,0.5743637327677624,0.7073594528213696,0.8453756936973159,,0.6837157182363309,0.9643631908685072,7,4,4,753.3268928527832,10.799169540405272,nursery,18
classic,0.89,0.9142857142857144,0.8573715017376988,0.8438083203613923,0.94022707760989,,0.0,0.0,173,87,13,233.34765434265137,9.888648986816406,nursery,19
metacog,0.75,0.5785714285714285,0.5631086142322097,0.6583121877187208,0.8425881410256411,,0.6135298083913716,0.979798751841678,7,4,4,714.9848937988281,6.425619125366211,nursery,19
classic,0.85,0.8821428571428571,0.8097412480974124,0.7859449011313779,0.9318274423171332,,0.0,0.0,169,85,13,283.7328910827637,9.815692901611328,nursery,20
metacog,0.82,0.6297619047619047,0.6229952830188679,0.7408721141640451,0.9312491031305464,,0.5601517027068872,0.9656188690587784,13,7,5,1474.756956100464,6.424427032470703,nursery,20
classic,0.93,0.8666187739463601,0.8994949494949496,0.8994440040101874,0.9620225167455884,,0.0,0.0,175,88,15,212.41331100463867,9.891748428344728,nursery,21
metacog,0.76,0.5723180076628352,0.5567338282078473,0.6752942011068923,0.8379031276677573,,0.6336636163859437,0.9629689492335132,7,4,4,711.8194103240967,5.921602249145508,nursery,21
classic,0.86,0.6618773946360152,0.6666666666666666,0.7980390336279759,0.8205425391989085,,0.0,0.0,163,82,13,199.5422840118408,7.859945297241211,nursery,22
metacog,0.81,0.6120689655172413,0.6025641025641025,0.750931948495157,0.8579978485045539,,0.5877403585413005,0.9637852390158766,7,4,4,710.7031345367432,7.966995239257812,nursery,22
classic,0.9,0.9255268199233716,0.8502409438351611,0.857509125118365,0.9496264253617128,,0.0,0.0,163,82,12,206.76398277282715,8.923053741455078,nursery,23
metacog,0.75,0.5620210727969349,0.5394736842105263,0.6727597522109409,0.8282024890497646,,0.7076647530854284,0.971868934406749,7,4,4,705.2204608917236,6.208419799804688,nursery,23
classic,0.94,0.8038793103448276,0.8374999999999999,0.9120476997755924,0.934609112440174,,0.0,0.0,169,85,15,199.08428192138672,8.135557174682617,nursery,24
metacog,0.8,0.6051245210727969,0.5956072351421189,0.7309678834588995,0.8568244967956835,,0.6547886167728373,0.963551950483272,7,4,4,690.5150413513184,6.097316741943359,nursery,24
classic,0.95,0.8872126436781609,0.8863491684570701,0.9270044530300332,0.9338749891255638,,0.0,0.0,175,88,13,213.9582633972168,7.274627685546875,nursery,25
metacog,0.73,0.5514846743295019,0.5377936670071501,0.617372486214304,0.8353027729755538,,0.5855786242201295,0.9707605284715196,7,4,4,729.7854423522949,5.422115325927734,nursery,25
classic,0.93,0.8682950191570881,0.8706060606060606,0.8983910959766518,0.9731336839782648,,0.0,0.0,171,86,13,198.2400417327881,5.122184753417969,nursery,26
metacog,0.79,0.5965038314176245,0.5851648351648351,0.7191060553612236,0.8513300203551015,,0.675378481276347,0.9648236702683706,7,4,4,707.6277732849121,7.218599319458008,nursery,26
classic,0.88,0.6807950191570882,0.6749767008387697,0.8231210545115282,0.861480696880631,,0.0,0.0,161,81,12,207.9565525054932,9.265661239624023,nursery,27
metacog,0.76,0.5739942528735632,0.5612403100775194,0.6677627054685061,0.8418793647365663,,0.6476122990094642,0.966487571780878,7,4,4,665.1172637939453,7.878541946411133,nursery,27
classic,0.89,0.8338122605363985,0.8377388930255646,0.8439694063203371,0.9674930551383112,,0.0,0.0,171,86,15,215.1353359222412,9.847640991210938,nursery,28
metacog,0.77,0.5792624521072798,0.5631720430107527,0.6957228337841115,0.8395363295938312,,0.5977482723022653,0.9471211013079122,7,4,4,707.2041034698486,6.256103515625,nursery,28
classic,0.91,0.7648809523809523,0.7941379310344827,0.8701233358241609,0.9073018257783882,,0.0,0.0,167,84,12,202.1043300628662,9.086370468139648,nursery,29
metacog,0.73,0.5630952380952381,0.5463795255930087,0.6269565226690079,0.8356055402930402,,0.7143342870925535,0.9639176412002854,7,4,4,688.4841918945312,6.305217742919922,nursery,29
classic,0.92,0.7845238095238096,0.8218984962406015,0.8854123646510914,0.938283816698765,,0.0,0.0,159,80,13,180.53698539733887,7.969141006469727,nursery,30
metacog,0.77,0.5845238095238096,0.5677655677655677,0.6977684775744334,0.8435050602318643,,0.6091778218654392,0.9688042463895442,7,4,4,690.9520626068115,6.148576736450195,nursery,30
classic,0.86,0.8129789272030651,0.7949177188253653,0.7974189783229992,0.8943959261289558,,0.0,0.0,171,86,14,214.3454551696777,11.291027069091797,nursery,31
metacog,0.73,0.54477969348659,0.513745704467354,0.65017964237698,0.816638723397096,,0.5660006396793186,0.9857446452570812,7,4,4,711.7233276367188,5.491971969604492,nursery,31
classic,0.89,0.6877394636015326,0.6788505747126437,0.8378052552598557,0.8795779612988815,,0.0,0.0,169,85,14,208.6400985717773,9.30929183959961,nursery,32
metacog,0.75,0.5653735632183907,0.5503663003663004,0.655454269093357,0.8345454874271699,,0.7241602972577027,0.9335558496760926,5,3,3,571.3534355163574,6.019830703735352,nursery,32
classic,0.95,0.8872126436781609,0.8863491684570701,0.9270044530300332,0.9432394753234966,,0.0,0.0,171,86,15,208.1396579742432,8.345365524291992,nursery,33
metacog,0.77,0.5809386973180076,0.5677655677655677,0.6872801622272904,0.8423629411196313,,0.7392357871353391,0.9414606203926904,5,3,3,584.2890739440918,5.446672439575195,nursery,33
classic,0.91,0.7813697318007663,0.8146213345647656,0.8682757740536906,0.8713298145253224,,0.0,0.0,169,85,12,207.19671249389648,7.77888298034668,nursery,34
metacog,0.77,0.5842911877394636,0.5752123938030984,0.674238137646665,0.85422414210348,,0.628159730208648,0.9463204723062544,7,4,4,698.9908218383789,4.41288948059082,nursery,34
classic,0.89,0.7607758620689655,0.7646001796945193,0.8412442649147763,0.9002961495334232,,0.0,0.0,159,80,13,197.06392288208008,7.495641708374023,nursery,35
metacog,0.78,0.5912356321839081,0.5819444444444444,0.692657760637637,0.854477793377943,,0.6259568109225941,0.9679039197688114,7,4,4,690.7694339752197,4.186153411865234,nursery,35
classic,0.8,0.7729885057471263,0.7348039215686275,0.711835110364756,0.9065483749463492,,0.0,0.0,167,84,12,204.89931106567383,8.337020874023438,nursery,36
metacog,0.77,0.5809386973180076,0.5677655677655677,0.6872801622272904,0.8423629411196313,,0.6535899870509623,0.9569091142305258,5,3,3,595.9129333496094,8.116006851196289,nursery,36
classic,0.92,0.7832854406130269,0.800774068698597,0.8858483102283187,0.875315546080801,,0.0,0.0,177,89,15,215.2392864227295,8.27479362487793,nursery,37
metacog,0.76,0.5706417624521073,0.5515548281505729,0.6841911904275447,0.8341568157075501,,0.7090763374801192,0.981785734126537,7,4,4,799.9045848846436,5.960702896118164,nursery,37
classic,0.93,0.869971264367816,0.8707642393655372,0.8975379962018168,0.9639634751009488,,0.0,0.0,161,81,13,199.57971572875977,3.8559436798095694,nursery,38
metacog,0.82,0.6257183908045977,0.6198979591836734,0.7437674924115062,0.9237380881896426,,0.54029760565094,0.9540436188320466,13,7,5,1420.5303192138672,3.158092498779297,nursery,38
classic,0.87,0.7351190476190477,0.7638127853881278,0.810126566586411,0.8640750915750917,,0.0,0.0,171,86,13,215.3420448303223,7.880687713623047,nursery,39
metacog,0.77,0.5952380952380952,0.5828442161897774,0.6827228404503779,0.8529945054945055,,0.7170163037360444,0.9635767683413152,7,4,4,735.5868816375732,8.78763198852539,nursery,39
classic,0.87,0.7476190476190477,0.7623760037789324,0.8096780646342757,0.9105079113326536,,0.0,0.0,163,82,12,202.7947902679444,8.925676345825195,nursery,40
metacog,0.75,0.569047619047619,0.5503663003663004,0.6657313573919524,0.836179052905857,,0.6871084516986418,0.9679945633388092,7,4,4,798.3307838439941,9.925365447998049,nursery,40
classic,0.86,0.7349137931034483,0.7317602040816327,0.8028293591715493,0.900509332976085,,0.0,0.0,167,84,12,207.0143222808838,7.627725601196289,nursery,41
metacog,0.77,0.5809386973180076,0.5677655677655677,0.6872801622272904,0.8442023419884457,,0.6787495831198863,0.9626946547365388,7,4,4,684.2861175537109,5.350112915039063,nursery,41
classic,0.91,0.8560823754789272,0.8353049330465552,0.8689980821356514,0.9224667690358784,,0.0,0.0,169,85,13,213.50669860839844,8.12387466430664,nursery,42
metacog,0.76,0.5706417624521073,0.5515548281505729,0.6841911904275447,0.8290410538908889,,0.5563291156637902,0.9523259217192164,9,5,5,846.8673229217529,6.235599517822266,nursery,42
classic,0.92,0.9377394636015326,0.9058061821219716,0.8834486176586064,0.9605011915026618,,0.0,0.0,163,82,14,205.817461013794,10.161161422729492,nursery,43
metacog,0.8,0.6051245210727969,0.5956072351421189,0.7309678834588995,0.8565945716870818,,0.6429906049234726,0.9653168228111566,7,4,4,646.8968391418457,6.712675094604492,nursery,43
classic,0.95,0.9619252873563218,0.9294387011725526,0.9272907591194282,0.9831137963101464,,0.0,0.0,177,89,15,218.22309494018555,8.296966552734375,nursery,44
metacog,0.8,0.6068007662835249,0.5987373737373738,0.7238585606663593,0.8610306589730944,,0.611766990083735,0.9692241634093686,7,4,4,613.3213043212891,6.096601486206055,nursery,44
classic,0.9,0.7744252873563219,0.7855971896955504,0.8542097544660948,0.9215589717518312,,0.0,0.0,175,88,13,205.4662704467773,7.867813110351562,nursery,45
metacog,0.78,0.592911877394636,0.5849826818406729,0.68711858829027,0.9029061396953184,,0.5698635977103879,0.9499241063452664,11,6,5,947.974443435669,3.384113311767578,nursery,45
classic,0.87,0.8266283524904213,0.8545114539504441,0.8110715338493243,0.9081073448292724,,0.0,0.0,167,84,15,190.26565551757807,8.42595100402832,nursery,46
metacog,0.76,0.5773467432950192,0.5685304304799604,0.6562645879180081,0.852705902731707,,0.6531361005991241,0.9658989005007051,7,4,4,578.301191329956,5.353927612304688,nursery,46
classic,0.86,0.7432950191570881,0.7549180327868853,0.7954809985729292,0.94735869308115,,0.0,0.0,173,87,15,188.89617919921875,8.62264633178711,nursery,47
metacog,0.73,0.548132183908046,0.5274193548387097,0.6310795971955762,0.8233266094374041,,0.6980705760620861,0.9658626008677637,5,3,3,515.4721736907959,5.954742431640625,nursery,47
classic,0.92,0.7866379310344828,0.7884491634491635,0.8831504701606397,0.9686376137134828,,0.0,0.0,169,85,14,178.6644458770752,8.63194465637207,nursery,48
metacog,0.76,0.5689655172413793,0.5456081081081081,0.6946280086123399,0.8299506535301393,,0.7589270698155712,0.964924927068252,7,4,4,556.4537048339844,2.811908721923828,nursery,48
classic,0.89,0.8601190476190477,0.8434515136797798,0.8413851516183416,0.9618330757783884,,0.0,0.0,161,81,13,179.4106960296631,6.181478500366211,nursery,49
metacog,0.73,0.5595238095238095,0.5315114709851552,0.6528571266216274,0.8232738095238095,,0.6609698931895156,0.9634539278719167,7,4,4,551.161527633667,2.673625946044922,nursery,49
classic,0.94,0.7340425531914894,0.7340425531914894,0.4680851063829787,0.8040780141843971,0.4033333333333333,0.0,0.0,81,41,21,5767.408132553101,12.597322463989258,pc1,0
metacog,0.94,0.5,0.4845360824742268,0.0,0.5,0.06,0.0847127223601458,0.9169443440117166,1,1,1,13892.769813537598,4.040241241455078,pc1,0
classic,0.9,0.4787234042553192,0.4736842105263157,-0.0515710623129396,0.875886524822695,0.2138888888888888,0.0,0.0,71,36,21,5181.453943252564,12.394189834594728,pc1,1
metacog,0.94,0.5,0.4845360824742268,0.0,0.5,0.06,0.1287148216635994,0.9621308438859748,1,1,1,13995.123863220217,4.039525985717773,pc1,1
classic,0.94,0.7035330261136713,0.7340425531914894,0.4765501107803123,0.76036866359447,0.4228571428571428,0.0,0.0,87,44,21,5398.222923278809,11.78884506225586,pc1,2
metacog,0.93,0.5,0.4818652849740932,0.0,0.5,0.07,0.0525062837517563,0.4805929087010723,1,1,1,14422.649383544922,4.00090217590332,pc1,2
classic,0.91,0.5552995391705069,0.5670995670995671,0.1440046082211958,0.7980030721966207,0.2508123249299719,0.0,0.0,77,39,21,5551.052808761597,12.34722137451172,pc1,3
metacog,0.93,0.5,0.4818652849740932,0.0,0.5,0.07,0.0365664592467922,0.9380157479608656,1,1,1,14068.659782409668,4.411220550537109,pc1,3
classic,0.96,0.7142857142857143,0.7894736842105263,0.6410135567759428,0.6835637480798772,0.4685714285714285,0.0,0.0,83,42,21,5513.944149017334,11.647224426269531,pc1,4
metacog,0.93,0.5,0.4818652849740932,0.0,0.5,0.07,0.1460965214716929,0.3453605422493696,1,1,1,13943.874835968018,4.124879837036133,pc1,4
classic,0.93,0.7642089093701997,0.7477477477477478,0.4969687047910646,0.8940092165898618,0.4275824175824175,0.0,0.0,79,40,21,5019.092082977295,10.97393035888672,pc1,5
metacog,0.93,0.5,0.4818652849740932,0.0,0.5,0.07,0.1457339223426973,0.5743019272984445,1,1,1,14066.688776016235,4.322528839111328,pc1,5
classic,0.89,0.6766513056835637,0.646415943426551,0.3004803573066879,0.7188940092165899,0.1646938775510204,0.0,0.0,83,42,21,5491.356134414673,11.720418930053713,pc1,6
metacog,0.93,0.5,0.4818652849740932,0.0,0.5,0.07,0.1365071599187963,0.3313783643419563,1,1,1,14081.61211013794,4.480838775634766,pc1,6
classic,0.93,0.5660522273425499,0.5927865037812682,0.2407575533699548,0.6682027649769585,0.3257142857142857,0.0,0.0,71,36,21,4929.920673370361,11.48056983947754,pc1,7
metacog,0.93,0.5,0.4818652849740932,0.0,0.5,0.07,0.1212998838164248,0.0004902956147787,1,1,1,14064.086437225342,4.051685333251953,pc1,7
classic,0.9,0.5499231950844854,0.5567375886524822,0.1168896498140388,0.8225806451612903,0.21,0.0,0.0,59,30,21,5467.338562011719,12.547731399536133,pc1,8
metacog,0.93,0.5,0.4818652849740932,0.0,0.5,0.07,0.1624536340732136,0.4277597459385154,1,1,1,14075.615406036375,3.924369812011719,pc1,8
classic,0.91,0.489247311827957,0.4764397905759162,-0.039193090083481,0.7119815668202765,0.1609523809523809,0.0,0.0,93,47,21,5609.367609024048,13.709068298339844,pc1,9
metacog,0.93,0.5,0.4818652849740932,0.0,0.5,0.07,0.1366142652649284,0.708305725714639,1,1,1,13946.346521377563,5.158424377441406,pc1,9
classic,0.95,0.6613475177304965,0.7091332169866201,0.4492471612253934,0.9202127659574468,0.3703703703703703,0.0,0.0,75,38,21,5662.024259567261,12.998104095458984,pc1,10
metacog,0.94,0.5,0.4845360824742268,0.0,0.5,0.06,0.2104086256723058,0.3975090107752074,1,1,1,14118.155002593994,2.053260803222656,pc1,10
classic,0.94,0.6560283687943262,0.6842105263157895,0.3781877902948909,0.9370567375886524,0.3585858585858585,0.0,0.0,67,34,21,5376.986026763916,11.572837829589844,pc1,11
metacog,0.94,0.5,0.4845360824742268,0.0,0.5,0.06,0.1285830805007828,0.6024021415019561,1,1,1,14548.586368560793,4.659414291381836,pc1,11
classic,0.88,0.4731182795698925,0.4680851063829787,-0.0629405806690978,0.728110599078341,0.2061904761904761,0.0,0.0,89,45,21,5280.073165893555,6.972551345825195,pc1,12
metacog,0.93,0.5,0.4818652849740932,0.0,0.5,0.07,0.0768545572789563,0.6964717543152129,1,1,1,14450.415134429932,4.049062728881836,pc1,12
classic,0.92,0.6267281105990783,0.6453900709219859,0.2967198802971756,0.6405529953917051,0.1757142857142857,0.0,0.0,77,39,21,5412.478446960449,12.214422225952148,pc1,13
metacog,0.93,0.5,0.4818652849740932,0.0,0.5,0.07,0.1653791702570755,0.7442726609668825,1,1,1,14087.711095809937,4.068613052368164,pc1,13
classic,0.91,0.6874039938556068,0.6756756756756757,0.3525010580494761,0.6643625192012289,0.2542857142857143,0.0,0.0,87,44,21,5120.279788970947,13.140439987182615,pc1,14
metacog,0.93,0.5,0.4818652849740932,0.0,0.5,0.07,0.0924170887567128,0.940631706169324,1,1,1,14393.526554107666,4.030704498291016,pc1,14
classic,0.92,0.4946236559139785,0.4791666666666667,-0.0275733763415314,0.7219662058371736,0.1924649859943977,0.0,0.0,67,34,21,5141.170263290405,11.631011962890623,pc1,15
metacog,0.93,0.5,0.4818652849740932,0.0,0.5,0.07,0.0470354909649393,0.9940027413785848,1,1,1,14592.506170272827,3.654003143310547,pc1,15
classic,0.9,0.5499231950844854,0.5567375886524822,0.1168896498140388,0.7926267281105992,0.2222408963585434,0.0,0.0,73,37,21,4931.561470031738,12.209177017211914,pc1,16
metacog,0.93,0.5,0.4818652849740932,0.0,0.5,0.07,0.149718686852364,0.5832869385266125,1,1,1,13899.048328399658,4.415750503540039,pc1,16
classic,0.89,0.6105990783410138,0.6036036036036037,0.2080334113078875,0.7119815668202765,0.2104576376004947,0.0,0.0,69,35,21,5203.246593475342,14.17398452758789,pc1,17
metacog,0.93,0.5,0.4818652849740932,0.0,0.5,0.07,0.1456096617417236,0.8949247485177294,1,1,1,14410.251379013062,4.044771194458008,pc1,17
classic,0.93,0.5660522273425499,0.5927865037812682,0.2407575533699548,0.7350230414746544,0.2953061224489796,0.0,0.0,77,39,21,5045.610666275024,12.37773895263672,pc1,18
metacog,0.93,0.5,0.4818652849740932,0.0,0.5,0.07,0.2588033165996751,0.7842491573758279,1,1,1,14152.95433998108,4.0130615234375,pc1,18
classic,0.93,0.6981566820276498,0.7120526532291238,0.4257843157717432,0.7365591397849462,0.2882417582417582,0.0,0.0,83,42,21,5547.804117202759,11.686325073242188,pc1,19
metacog,0.93,0.5,0.4818652849740932,0.0,0.5,0.07,0.0562502176769618,0.6025995443675148,1,1,1,14743.667602539062,4.233837127685547,pc1,19
classic,0.92,0.7234042553191489,0.6927803379416283,0.391130858858204,0.7960992907801417,0.3676190476190476,0.0,0.0,83,42,21,5086.939811706543,10.163545608520508,pc1,20
metacog,0.94,0.5,0.4845360824742268,0.0,0.5,0.06,0.1972911393274729,0.9138577131326064,1,1,1,13957.62014389038,4.490375518798828,pc1,20
classic,0.94,0.7340425531914894,0.7340425531914894,0.4680851063829787,0.7792553191489361,0.2625925925925926,0.0,0.0,89,45,21,5941.879034042358,13.509750366210938,pc1,21
metacog,0.94,0.5,0.4845360824742268,0.0,0.5,0.06,0.1112274387510361,0.9149381054310866,1,1,1,14747.502326965332,4.915714263916016,pc1,21
classic,0.94,0.7035330261136713,0.7340425531914894,0.4765501107803123,0.8271889400921659,0.4842857142857142,0.0,0.0,73,37,21,5950.952053070068,12.818098068237305,pc1,22
metacog,0.93,0.5,0.4818652849740932,0.0,0.5,0.07,0.1239708271631747,0.8426218080136775,1,1,1,14180.367469787598,4.090785980224609,pc1,22
classic,0.91,0.6213517665130568,0.6297819827231592,0.2607516352400598,0.7158218125960062,0.2330075187969924,0.0,0.0,69,35,21,5491.870164871216,10.185956954956056,pc1,23
metacog,0.93,0.5,0.4818652849740932,0.0,0.5,0.07,0.053590833220241,0.2151222473872217,1,1,1,13861.818790435793,4.247903823852539,pc1,23
classic,0.9,0.6159754224270353,0.6159754224270353,0.2319508448540706,0.7972350230414746,0.2444897959183673,0.0,0.0,75,38,21,4754.343986511231,8.452415466308594,pc1,24
metacog,0.93,0.5,0.4818652849740932,0.0,0.5,0.07,0.082525959169861,0.7941865518959196,1,1,1,14075.54531097412,4.65846061706543,pc1,24
classic,0.93,0.6321044546850998,0.6632996632996633,0.3440110085284121,0.7434715821812595,0.2607692307692307,0.0,0.0,75,38,21,4942.603588104248,12.639522552490234,pc1,25
metacog,0.93,0.5,0.4818652849740932,0.0,0.5,0.07,0.0524826139217495,0.4481353060483574,1,1,1,13962.952375411987,4.093170166015625,pc1,25
classic,0.91,0.5552995391705069,0.5670995670995671,0.1440046082211958,0.640552995391705,0.1390870032223415,0.0,0.0,69,35,21,5612.62059211731,14.301776885986328,pc1,26
metacog,0.93,0.5,0.4818652849740932,0.0,0.5,0.07,0.1003770478627346,0.3454003142359874,1,1,1,14384.616613388062,3.964900970458984,pc1,26
classic,0.94,0.6374807987711213,0.6842105263157895,0.4112595937738128,0.7457757296466975,0.3442857142857142,0.0,0.0,69,35,21,5095.953702926636,12.047767639160156,pc1,27
metacog,0.93,0.5,0.4818652849740932,0.0,0.5,0.07,0.1341030528805419,0.6028954062741086,1,1,1,14217.851400375366,4.094600677490234,pc1,27
classic,0.93,0.6321044546850998,0.6632996632996633,0.3440110085284121,0.7910906298003072,0.2992207792207792,0.0,0.0,73,37,21,4757.404565811157,10.071039199829102,pc1,28
metacog,0.93,0.5,0.4818652849740932,0.0,0.5,0.07,0.0502769719398233,0.3954927469000455,1,1,1,14057.78169631958,4.065752029418945,pc1,28
classic,0.94,0.5714285714285714,0.609375,0.3663319999660611,0.7757296466973886,0.2927272727272727,0.0,0.0,73,37,21,5234.468221664429,13.808965682983398,pc1,29
metacog,0.93,0.5,0.4818652849740932,0.0,0.5,0.07,0.0952656302907462,0.5626756374008622,1,1,1,14546.151876449583,4.244565963745117,pc1,29
classic,0.92,0.6453900709219859,0.6453900709219859,0.2907801418439716,0.925531914893617,0.5151515151515151,0.0,0.0,69,35,21,5336.153984069824,12.190818786621094,pc1,30
metacog,0.94,0.5,0.4845360824742268,0.0,0.5,0.06,0.0876557428043157,0.2129641568765881,1,1,1,14101.896286010742,4.157781600952148,pc1,30
classic,0.91,0.6400709219858156,0.6297819827231592,0.2607516352400598,0.700354609929078,0.1636996336996337,0.0,0.0,81,41,21,5499.770641326904,13.000965118408203,pc1,31
metacog,0.94,0.5,0.4845360824742268,0.0,0.5,0.06,0.038777289039099,0.5532953734496091,1,1,1,14388.636112213137,5.301952362060547,pc1,31
classic,0.92,0.6267281105990783,0.6453900709219859,0.2967198802971756,0.7235023041474655,0.2442857142857142,0.0,0.0,85,43,21,4684.062957763672,11.267423629760742,pc1,32
metacog,0.93,0.5,0.4818652849740932,0.0,0.5,0.07,0.2312965644193526,0.7957022942103097,1,1,1,14530.43293952942,3.359556198120117,pc1,32
classic,0.9,0.6159754224270353,0.6159754224270353,0.2319508448540706,0.7196620583717358,0.1806202480992397,0.0,0.0,87,44,21,4853.760480880737,12.200355529785156,pc1,33
metacog,0.93,0.5,0.4818652849740932,0.0,0.5,0.07,0.1318148057038131,0.933887997508684,1,1,1,14913.466215133669,4.028558731079102,pc1,33
classic,0.94,0.5714285714285714,0.609375,0.3663319999660611,0.8840245775729647,0.4462637362637362,0.0,0.0,91,46,21,6124.727249145508,13.20338249206543,pc1,34
metacog,0.93,0.5,0.4818652849740932,0.0,0.5,0.07,0.2338741359813523,0.9194286927717784,1,1,1,15316.237926483154,4.110097885131836,pc1,34
classic,0.93,0.5660522273425499,0.5927865037812682,0.2407575533699548,0.7304147465437788,0.1899507389162561,0.0,0.0,59,30,21,4984.837293624878,11.809349060058594,pc1,35
metacog,0.93,0.5,0.4818652849740932,0.0,0.5,0.07,0.0513457839172725,0.6658887058293084,1,1,1,14579.686880111694,3.21340560913086,pc1,35
classic,0.92,0.6927803379416283,0.6927803379416283,0.3855606758832565,0.8740399385560675,0.3722448979591836,0.0,0.0,81,41,21,5516.470432281494,9.875059127807615,pc1,36
metacog,0.93,0.5,0.4818652849740932,0.0,0.5,0.07,0.1346991191066892,0.519473914113037,1,1,1,14426.448583602903,2.928972244262696,pc1,36
classic,0.94,0.7035330261136713,0.7340425531914894,0.4765501107803123,0.8809523809523809,0.5219047619047619,0.0,0.0,71,36,21,5488.625764846802,12.357473373413086,pc1,37
metacog,0.93,0.5,0.4818652849740932,0.0,0.5,0.07,0.1017612899801375,0.7196020863476245,1,1,1,15717.813968658447,3.2608509063720703,pc1,37
classic,0.95,0.7089093701996928,0.7594997594997595,0.5440174088356285,0.7450076804915515,0.4921848739495798,0.0,0.0,77,39,21,5853.736162185669,11.121273040771484,pc1,38
metacog,0.93,0.5,0.4818652849740932,0.0,0.5,0.07,0.1072927686180212,0.8171800781133051,1,1,1,15105.531692504885,4.260778427124023,pc1,38
classic,0.9,0.4838709677419355,0.4736842105263157,-0.0482483322304473,0.5476190476190477,0.0885714285714285,0.0,0.0,91,46,21,4900.110960006714,13.75436782836914,pc1,39
metacog,0.93,0.5,0.4818652849740932,0.0,0.5,0.07,0.0272851364045133,0.9935075058453312,1,1,1,15087.12387084961,4.0225982666015625,pc1,39
classic,0.91,0.4840425531914893,0.4764397905759162,-0.0444310379233905,0.6329787234042553,0.0952173913043478,0.0,0.0,67,34,21,5702.423095703125,8.600234985351562,pc1,40
metacog,0.94,0.5,0.4845360824742268,0.0,0.5,0.06,0.1465063557556128,0.5318077985521106,1,1,1,15370.288610458374,4.08935546875,pc1,40
classic,0.9,0.4787234042553192,0.4736842105263157,-0.0515710623129396,0.7411347517730498,0.1362626262626262,0.0,0.0,61,31,21,5180.128335952759,11.859893798828123,pc1,41
metacog,0.94,0.5,0.4845360824742268,0.0,0.5,0.06,0.4980464646367701,0.9000352464562997,1,1,1,15403.881072998049,4.073143005371094,pc1,41
classic,0.92,0.6267281105990783,0.6453900709219859,0.2967198802971756,0.7665130568356375,0.2388775510204081,0.0,0.0,81,41,21,5798.945903778076,10.876893997192385,pc1,42
metacog,0.93,0.5,0.4818652849740932,0.0,0.5,0.07,0.1076714039835396,0.7107821706725709,1,1,1,15459.498167037964,3.454446792602539,pc1,42
classic,0.96,0.7142857142857143,0.7894736842105263,0.6410135567759428,0.8141321044546851,0.5279365079365079,0.0,0.0,69,35,21,5235.741138458252,17.85731315612793,pc1,43
metacog,0.93,0.5,0.4818652849740932,0.0,0.5,0.07,0.097923070600486,0.7837466445974444,1,1,1,15218.5320854187,4.703044891357422,pc1,43
classic,0.89,0.6105990783410138,0.6036036036036037,0.2080334113078875,0.6697388632872504,0.1692517006802721,0.0,0.0,101,51,21,5479.517221450806,9.143352508544922,pc1,44
metacog,0.93,0.5,0.4818652849740932,0.0,0.5,0.07,0.2011430419858753,0.7757676429624628,1,1,1,10483.522415161133,2.209663391113281,pc1,44
classic,0.92,0.4946236559139785,0.4791666666666667,-0.0275733763415314,0.640552995391705,0.2270748299319727,0.0,0.0,75,38,21,5301.528930664063,8.68368148803711,pc1,45
metacog,0.93,0.5,0.4818652849740932,0.0,0.5,0.07,0.2288513508077678,0.3390004567868642,1,1,1,10578.9053440094,3.6163330078125,pc1,45
classic,0.93,0.6321044546850998,0.6632996632996633,0.3440110085284121,0.6666666666666666,0.213469387755102,0.0,0.0,75,38,21,4834.415912628174,9.086847305297852,pc1,46
metacog,0.93,0.5,0.4818652849740932,0.0,0.5,0.07,0.0906016113856672,0.264808287835911,1,1,1,10373.469591140749,4.00853157043457,pc1,46
classic,0.93,0.6321044546850998,0.6632996632996633,0.3440110085284121,0.7857142857142858,0.2648979591836735,0.0,0.0,73,37,21,5082.624197006226,11.224031448364258,pc1,47
metacog,0.93,0.5,0.4818652849740932,0.0,0.5,0.07,0.1618561908102398,0.9057574081288108,1,1,1,10321.202039718628,2.153635025024414,pc1,47
classic,0.93,0.5660522273425499,0.5927865037812682,0.2407575533699548,0.6136712749615976,0.1571428571428571,0.0,0.0,77,39,21,4718.222856521606,17.006635665893555,pc1,48
metacog,0.93,0.5,0.4818652849740932,0.0,0.5,0.07,0.1023991623831709,0.4040756445414959,1,1,1,10126.363039016724,3.644466400146485,pc1,48
classic,0.9,0.6159754224270353,0.6159754224270353,0.2319508448540706,0.8010752688172043,0.271984126984127,0.0,0.0,93,47,21,4894.492387771606,7.2727203369140625,pc1,49
metacog,0.93,0.5,0.4818652849740932,0.0,0.5,0.07,0.1743362759922991,0.9194764256948426,1,1,1,9923.947095870972,1.9783973693847656,pc1,49
classic,0.83,0.8275252525252526,0.8271737228835088,0.8116026789822415,0.9218703411133186,,0.0,0.0,135,68,18,2866.5759563446045,15.761852264404297,pendigits,0
metacog,0.12,0.1,0.0214285714285714,0.0,0.5,,0.3071799741019244,0.9936249210908772,1,1,1,7627.823114395142,4.467964172363281,pendigits,0
classic,0.83,0.8216161616161616,0.8174771463262511,0.812719278264929,0.9140819211998988,,0.0,0.0,135,68,20,3065.480232238769,11.671066284179688,pendigits,1
metacog,0.12,0.1,0.0214285714285714,0.0,0.5,,0.155769387667763,0.9950271535177492,1,1,1,7701.915264129639,4.224777221679688,pendigits,1
classic,0.9,0.8922222222222222,0.8943955519660189,0.889310128242422,0.9400904111493998,,0.0,0.0,123,62,16,3160.997152328491,11.20305061340332,pendigits,2
metacog,0.12,0.1,0.0214285714285714,0.0,0.5,,0.3071799741019244,0.994631443702136,1,1,1,7658.041000366211,4.146814346313477,pendigits,2
classic,0.89,0.8855555555555554,0.884567206592782,0.8793911151165097,0.936684432920388,,0.0,0.0,145,73,19,3405.8916568756104,11.850357055664062,pendigits,3
metacog,0.12,0.1,0.0214285714285714,0.0,0.5,,0.0107567408804808,0.956376405947294,1,1,1,7901.336431503296,3.793001174926758,pendigits,3
classic,0.84,0.8416919191919192,0.839245247506117,0.8229665122717813,0.9173280876562508,,0.0,0.0,127,64,17,2958.765745162964,12.115001678466797,pendigits,4
metacog,0.12,0.1,0.0214285714285714,0.0,0.5,,0.000600321282495,0.9934271724595934,1,1,1,7636.684417724609,2.8107166290283203,pendigits,4
classic,0.86,0.861060606060606,0.8585015073916675,0.8449638757025333,0.9408296878988134,,0.0,0.0,133,67,18,2813.695192337036,11.478424072265623,pendigits,5
metacog,0.12,0.1,0.0214285714285714,0.0,0.5,,0.0021259181426961,0.9030280496152352,1,1,1,7813.479423522949,4.29224967956543,pendigits,5
classic,0.93,0.9263888888888888,0.9287673147062028,0.9224005620683954,0.9697498628088516,,0.0,0.0,135,68,21,3198.915243148804,11.732339859008787,pendigits,6
metacog,0.12,0.1,0.0214285714285714,0.0,0.5,,0.0174296433271988,0.9934513602842704,1,1,1,7684.176683425903,4.501819610595703,pendigits,6
classic,0.92,0.9141666666666666,0.9163602187286396,0.9119597332098044,0.9748535936597732,,0.0,0.0,139,70,17,3295.5141067504883,11.16490364074707,pendigits,7
metacog,0.12,0.1,0.0214285714285714,0.0,0.5,,0.0255616403091697,0.9961895994071428,1,1,1,7654.630899429321,4.359245300292969,pendigits,7
classic,0.87,0.8745454545454546,0.8720267396189458,0.8561729034152854,0.9406187725657073,,0.0,0.0,141,71,21,3360.5127334594727,9.953975677490234,pendigits,8
metacog,0.12,0.1,0.0214285714285714,0.0,0.5,,0.0366827588764849,0.99281413978885,1,1,1,7969.90704536438,4.49371337890625,pendigits,8
classic,0.86,0.8614141414141414,0.8606690969848865,0.8455722085551346,0.9233803156893045,,0.0,0.0,125,63,20,2867.5460815429688,11.078596115112305,pendigits,9
metacog,0.11,0.1,0.0198198198198198,0.0,0.5,,0.1282076843554628,0.9970505088800252,1,1,1,7946.176767349243,4.557609558105469,pendigits,9
classic,0.87,0.8677272727272728,0.8717545068786823,0.8565870534741697,0.9274615830486616,,0.0,0.0,127,64,18,3145.620822906494,12.562036514282228,pendigits,10
metacog,0.12,0.1,0.0214285714285714,0.0,0.5,,0.2224575240901101,0.9927012290434372,1,1,1,7509.680986404419,4.2591094970703125,pendigits,10
classic,0.85,0.849040404040404,0.8491408770706119,0.8338535237013843,0.916435562252978,,0.0,0.0,131,66,21,2801.2075424194336,11.476278305053713,pendigits,11
metacog,0.12,0.1,0.0214285714285714,0.0,0.5,,0.0174296433271988,0.9930064161744108,1,1,1,7862.714290618896,4.5928955078125,pendigits,11
classic,0.9,0.9001515151515151,0.8995210260791093,0.8892968622480389,0.9505267803357692,,0.0,0.0,139,70,17,2956.953763961792,11.242389678955078,pendigits,12
metacog,0.12,0.1,0.0214285714285714,0.0,0.5,,0.0159440315540061,0.9953006353430924,1,1,1,8333.621501922607,4.451990127563477,pendigits,12
classic,0.95,0.9464646464646466,0.9492342589209596,0.9460795821419932,0.9703019203019204,,0.0,0.0,133,67,18,3037.834405899048,12.757539749145508,pendigits,13
metacog,0.12,0.1,0.0214285714285714,0.0,0.5,,0.1870693476896668,0.993402117388033,1,1,1,7683.286428451538,5.183219909667969,pendigits,13
classic,0.85,0.8482828282828283,0.8516940886546486,0.8352328017444111,0.9274166308098892,,0.0,0.0,137,69,21,3405.3242206573486,12.223243713378906,pendigits,14
metacog,0.12,0.1,0.0214285714285714,0.0,0.5,,0.0107567408804808,0.9936102444089506,1,1,1,7552.753925323486,4.266023635864258,pendigits,14
classic,0.88,0.8841919191919192,0.8767680069739565,0.868210237435096,0.9457122667269224,,0.0,0.0,135,68,21,3038.3200645446777,11.808633804321287,pendigits,15
metacog,0.12,0.1,0.0214285714285714,0.0,0.5,,0.0830963705385151,0.9935196667390372,1,1,1,8154.130220413208,4.944324493408203,pendigits,15
classic,0.9,0.9000252525252526,0.8981073896863372,0.8901765379310747,0.9560273409486892,,0.0,0.0,135,68,21,3132.128953933716,12.657403945922852,pendigits,16
metacog,0.12,0.1,0.0214285714285714,0.0,0.5,,0.0,0.9557184491803692,1,1,1,7459.057569503784,4.319429397583008,pendigits,16
classic,0.83,0.8287626262626262,0.8258464310625436,0.8128308235954622,0.9053927203550128,,0.0,0.0,141,71,20,3005.890130996704,14.902591705322266,pendigits,17
metacog,0.12,0.1,0.0214285714285714,0.0,0.5,,0.0260139462196942,0.9941540973605254,1,1,1,7813.3368492126465,4.254341125488281,pendigits,17
classic,0.88,0.8791161616161617,0.8785608251397725,0.8678947240098834,0.9328719922399696,,0.0,0.0,131,66,18,2796.684503555298,12.215614318847656,pendigits,18
metacog,0.12,0.1,0.0214285714285714,0.0,0.5,,0.0366827588764849,0.999594915606499,1,1,1,8102.256536483765,7.217884063720703,pendigits,18
classic,0.91,0.9105050505050504,0.911202337394288,0.9003559609684691,0.9519609878261563,,0.0,0.0,139,70,21,3193.272590637207,12.295007705688477,pendigits,19
metacog,0.11,0.1,0.0198198198198198,0.0,0.5,,0.0366827588764849,0.9941257507521958,1,1,1,7623.107671737671,4.390716552734375,pendigits,19
classic,0.87,0.8707070707070708,0.8732651374813845,0.8564593283636949,0.9389799873971224,,0.0,0.0,149,75,20,3154.895305633545,11.026382446289062,pendigits,20
metacog,0.12,0.1,0.0214285714285714,0.0,0.5,,0.3071799741019244,0.9936819251011308,1,1,1,7676.0876178741455,4.422187805175781,pendigits,20
classic,0.94,0.9431313131313132,0.9405353712111016,0.9338153503893216,0.9737320488500264,,0.0,0.0,137,69,18,3158.041954040528,12.269258499145508,pendigits,21
metacog,0.12,0.1,0.0214285714285714,0.0,0.5,,0.0496196547178001,0.9933666903996248,1,1,1,8099.465131759644,4.862785339355469,pendigits,21
classic,0.84,0.8397474747474748,0.8350771089935177,0.8228552811864689,0.9107442491964964,,0.0,0.0,135,68,17,2803.957939147949,13.18812370300293,pendigits,22
metacog,0.12,0.1,0.0214285714285714,0.0,0.5,,0.2224575240901101,0.994111667162077,1,1,1,7617.835521697998,4.523992538452148,pendigits,22
classic,0.85,0.8468181818181819,0.8472639933166249,0.8337968679918494,0.9269268886544167,,0.0,0.0,129,65,17,2830.0366401672363,11.507511138916016,pendigits,23
metacog,0.12,0.1,0.0214285714285714,0.0,0.5,,0.0260139462196942,0.9950720460305108,1,1,1,7709.681749343872,5.121946334838867,pendigits,23
classic,0.8,0.7977272727272727,0.8022818982665528,0.7826830553367058,0.8884349397006945,,0.0,0.0,133,67,17,2854.397773742676,11.05952262878418,pendigits,24
metacog,0.12,0.1,0.0214285714285714,0.0,0.5,,0.0830963705385151,0.9961984248905672,1,1,1,7681.7522048950195,4.364013671875,pendigits,24
classic,0.85,0.8443939393939395,0.851336199038245,0.8340422163223129,0.9198096647964747,,0.0,0.0,129,65,21,2883.88466835022,12.846946716308594,pendigits,25
metacog,0.12,0.1,0.0214285714285714,0.0,0.5,,0.0024956430370781,0.9536343094584964,1,1,1,7656.600475311279,4.226922988891602,pendigits,25
classic,0.91,0.9088888888888887,0.9061300309597524,0.900089007565643,0.9554015766841852,,0.0,0.0,141,71,17,2892.2548294067383,8.78143310546875,pendigits,26
metacog,0.12,0.1,0.0214285714285714,0.0,0.5,,0.1282076843554628,0.9940161608028704,1,1,1,7581.50839805603,3.841876983642578,pendigits,26
classic,0.86,0.8593939393939394,0.859012200539324,0.846369122177664,0.9333628953077536,,0.0,0.0,137,69,21,3021.89302444458,12.983560562133787,pendigits,27
metacog,0.12,0.1,0.0214285714285714,0.0,0.5,,0.0024956430370781,0.993409736858192,1,1,1,7496.119737625122,3.61490249633789,pendigits,27
classic,0.87,0.8712121212121211,0.8691365959461935,0.8566501192727597,0.9289472261034304,,0.0,0.0,133,67,19,2992.565870285034,12.186288833618164,pendigits,28
metacog,0.12,0.1,0.0214285714285714,0.0,0.5,,0.030597933528162,0.9930878834533888,1,1,1,7524.827003479004,5.817174911499023,pendigits,28
classic,0.94,0.9386868686868686,0.9368903964747956,0.9345511453392216,0.9765374363464252,,0.0,0.0,133,67,21,2930.690050125122,11.499881744384766,pendigits,29
metacog,0.11,0.1,0.0198198198198198,0.0,0.5,,0.0045814906622955,0.9972857049390896,1,1,1,7686.506509780884,4.103660583496094,pendigits,29
classic,0.94,0.9364646464646464,0.9372039700701028,0.9336673677156604,0.9708445181535068,,0.0,0.0,131,66,16,2797.4302768707275,11.360645294189451,pendigits,30
metacog,0.12,0.1,0.0214285714285714,0.0,0.5,,0.0045814906622955,0.996010806103692,1,1,1,7691.478729248047,3.523588180541992,pendigits,30
classic,0.87,0.8680808080808081,0.86790339931826,0.8567300973471419,0.9473550909140798,,0.0,0.0,147,74,21,3253.925085067749,12.369632720947266,pendigits,31
metacog,0.12,0.1,0.0214285714285714,0.0,0.5,,0.0496196547178001,0.9932549978205598,1,1,1,7590.920686721802,3.838062286376953,pendigits,31
classic,0.84,0.8392424242424242,0.8361211493820189,0.8242859030921393,0.9158565289267536,,0.0,0.0,135,68,18,2865.1301860809326,12.099981307983398,pendigits,32
metacog,0.12,0.1,0.0214285714285714,0.0,0.5,,0.1870693476896668,0.9950248319034124,1,1,1,7571.084260940552,5.232095718383789,pendigits,32
classic,0.85,0.85010101010101,0.8478368817882884,0.8347461451248869,0.9166000173359724,,0.0,0.0,135,68,15,3240.052938461304,13.642549514770508,pendigits,33
metacog,0.12,0.1,0.0214285714285714,0.0,0.5,,0.2623368225028105,0.996517058308216,1,1,1,7661.670923233032,4.262447357177734,pendigits,33
classic,0.9,0.8982070707070708,0.8985049691189145,0.8903902606018936,0.9431907568087344,,0.0,0.0,141,71,20,3368.532657623291,8.658885955810547,pendigits,34
metacog,0.12,0.1,0.0214285714285714,0.0,0.5,,0.0830963705385151,0.9930231270488042,1,1,1,7706.394672393799,4.561185836791992,pendigits,34
classic,0.9,0.9012626262626264,0.9003643146461829,0.8893712237538123,0.9563644639841512,,0.0,0.0,137,69,18,2999.479293823242,11.372089385986328,pendigits,35
metacog,0.12,0.1,0.0214285714285714,0.0,0.5,,0.2623368225028105,0.9948935393713062,1,1,1,7724.353075027466,4.281759262084961,pendigits,35
classic,0.85,0.848989898989899,0.8434966839519941,0.8349687004934796,0.9375929416075972,,0.0,0.0,141,71,21,2974.2095470428467,13.604402542114258,pendigits,36
metacog,0.12,0.1,0.0214285714285714,0.0,0.5,,0.0496196547178001,0.9942574101054455,1,1,1,7640.39134979248,4.631757736206055,pendigits,36
classic,0.89,0.8943181818181818,0.8924030431810752,0.8787847017697832,0.956933700194936,,0.0,0.0,139,70,21,2819.1936016082764,9.858369827270508,pendigits,37
metacog,0.12,0.1,0.0214285714285714,0.0,0.5,,0.0024956430370781,0.9942170762648626,1,1,1,7637.505054473877,4.242181777954102,pendigits,37
classic,0.85,0.8463383838383839,0.8498419304480684,0.8334270581342275,0.9417101071525228,,0.0,0.0,127,64,18,2946.627855300904,8.873462677001953,pendigits,38
metacog,0.12,0.1,0.0214285714285714,0.0,0.5,,0.0024956430370781,0.9533796068447916,1,1,1,7680.001735687256,6.107091903686523,pendigits,38
classic,0.92,0.9209090909090908,0.917844611528822,0.91161757094759,0.9616950826950827,,0.0,0.0,123,62,21,3003.0412673950195,6.820201873779297,pendigits,39
metacog,0.11,0.1,0.0198198198198198,0.0,0.5,,0.000600321282495,0.9943232027834786,1,1,1,7565.8979415893555,2.2161006927490234,pendigits,39
classic,0.88,0.8799494949494949,0.8774909508911393,0.8670597450471613,0.9394598210777986,,0.0,0.0,145,73,20,3346.0769653320312,13.4735107421875,pendigits,40
metacog,0.12,0.1,0.0214285714285714,0.0,0.5,,0.2623368225028105,0.9938787152075216,1,1,1,7630.44548034668,4.35948371887207,pendigits,40
classic,0.98,0.9788888888888888,0.9788544891640866,0.9778618371778994,0.9883394383394384,,0.0,0.0,137,69,20,3102.4086475372314,12.247562408447266,pendigits,41
metacog,0.12,0.1,0.0214285714285714,0.0,0.5,,0.2224575240901101,0.9949644185671572,1,1,1,7795.624256134033,4.380464553833008,pendigits,41
classic,0.8,0.7978787878787879,0.7934268856283933,0.7789291957214992,0.893758678119633,,0.0,0.0,123,62,16,2641.125202178955,11.291980743408203,pendigits,42
metacog,0.12,0.1,0.0214285714285714,0.0,0.5,,0.0260139462196942,0.9954042447666136,1,1,1,7603.117942810059,4.407882690429688,pendigits,42
classic,0.87,0.8657070707070706,0.866569619235254,0.8561252524327247,0.954008658008658,,0.0,0.0,127,64,20,2970.25465965271,11.430501937866213,pendigits,43
metacog,0.12,0.1,0.0214285714285714,0.0,0.5,,0.1870693476896668,0.9935787635966647,1,1,1,7516.188144683838,4.130840301513672,pendigits,43
classic,0.86,0.8564141414141414,0.859596132468659,0.8458891506000271,0.9330430769733712,,0.0,0.0,131,66,18,2213.8776779174805,7.519721984863281,pendigits,44
metacog,0.12,0.1,0.0214285714285714,0.0,0.5,,0.0058309881156488,0.9508487006986842,1,1,1,5447.133779525757,2.21109390258789,pendigits,44
classic,0.95,0.9493181818181816,0.9484962406015038,0.9449082329708256,0.9718935231435232,,0.0,0.0,135,68,17,2287.0397567749023,7.599830627441406,pendigits,45
metacog,0.12,0.1,0.0214285714285714,0.0,0.5,,0.0,0.9946009361259874,1,1,1,5306.500673294067,2.184152603149414,pendigits,45
classic,0.82,0.8126515151515152,0.8060973813282335,0.8014088967558901,0.9021898564884336,,0.0,0.0,139,70,21,2453.593969345093,6.256580352783203,pendigits,46
metacog,0.12,0.1,0.0214285714285714,0.0,0.5,,0.0650206087473442,0.9935958621147446,1,1,1,5296.161890029907,3.002405166625977,pendigits,46
classic,0.9,0.9042424242424244,0.9006259448512781,0.8906976228123933,0.9574857894914076,,0.0,0.0,129,65,20,2268.1725025177,10.60175895690918,pendigits,47
metacog,0.12,0.1,0.0214285714285714,0.0,0.5,,0.0496196547178001,0.9943340769893542,1,1,1,5215.296030044556,3.825902938842773,pendigits,47
classic,0.84,0.8353787878787878,0.8392797903850535,0.8243302671976069,0.9248725472405248,,0.0,0.0,133,67,21,2122.964859008789,6.211996078491211,pendigits,48
metacog,0.12,0.1,0.0214285714285714,0.0,0.5,,0.0024956430370781,0.9945193282096424,1,1,1,5240.562438964844,2.183675765991211,pendigits,48
classic,0.86,0.8627272727272727,0.8622313359155465,0.8449390090943201,0.929733798660765,,0.0,0.0,145,73,21,2193.7081813812256,11.230707168579102,pendigits,49
metacog,0.11,0.1,0.0198198198198198,0.0,0.5,,0.0021259181426961,0.9950325156389844,1,1,1,5207.318544387817,2.125263214111328,pendigits,49
classic,0.94,0.9413265306122448,0.9420993652492704,0.931136349729472,0.9804127930241864,,0.0,0.0,79,40,21,5435.720443725586,10.308027267456056,segment,0
metacog,0.16,0.1428571428571428,0.0394088669950738,0.0,0.5,,0.4228948914624839,0.999362578422318,1,1,1,26012.104272842407,4.201173782348633,segment,0
classic,0.96,0.9612244897959183,0.960984393757503,0.953738552047341,0.987279283806546,,0.0,0.0,73,37,21,5219.512939453125,10.236978530883787,segment,1
metacog,0.16,0.1428571428571428,0.0394088669950738,0.0,0.5,,0.3758595212132675,0.9992971742220984,1,1,1,26071.696758270264,4.212141036987305,segment,1
classic,0.86,0.8649659863945578,0.8654827315541601,0.8369160934428163,0.9417797467824338,,0.0,0.0,69,35,21,5010.792970657349,10.543584823608398,segment,2
metacog,0.16,0.1428571428571428,0.0394088669950738,0.0,0.5,,0.4190310334821857,0.9995590009869784,1,1,1,26154.245615005493,4.630088806152344,segment,2
classic,0.95,0.9522108843537416,0.9522809000005884,0.9418563987137024,0.9813395823445656,,0.0,0.0,79,40,21,4636.78240776062,10.19287109375,segment,3
metacog,0.16,0.1428571428571428,0.0394088669950738,0.0,0.5,,0.0129036258507745,0.9999035959823824,1,1,1,26165.1418209076,7.0552825927734375,segment,3
classic,0.93,0.9331632653061224,0.9324699611645424,0.91879898154807,0.9707669346808492,,0.0,0.0,77,39,21,5184.947729110718,9.81426239013672,segment,4
metacog,0.16,0.1428571428571428,0.0394088669950738,0.0,0.5,,0.5785529074035128,0.9986218419379336,1,1,1,26197.42226600647,2.198457717895508,segment,4
classic,0.95,0.9523809523809524,0.9502539564831,0.94230999593597,0.971121526397247,,0.0,0.0,75,38,21,5175.968885421753,11.304855346679688,segment,5
metacog,0.15,0.1428571428571428,0.0372670807453416,0.0,0.5,,0.5499951450139091,0.9995422887763266,1,1,1,25559.00931358337,4.231452941894531,segment,5
classic,0.93,0.9326530612244898,0.9335020981572706,0.9185938867435728,0.9696878751500602,,0.0,0.0,69,35,21,5148.038387298584,10.847806930541992,segment,6
metacog,0.15,0.1428571428571428,0.0372670807453416,0.0,0.5,,0.4190310334821857,0.9992123908303702,1,1,1,26369.069576263428,4.214048385620117,segment,6
classic,0.93,0.9333333333333332,0.9315314656328482,0.9186223063195004,0.9604674973437652,,0.0,0.0,75,38,21,5133.3558559417725,10.066986083984377,segment,7
metacog,0.15,0.1428571428571428,0.0372670807453416,0.0,0.5,,0.4980464646367701,0.9986199766392144,1,1,1,26022.79019355774,4.601955413818359,segment,7
classic,0.93,0.928937728937729,0.930405385542523,0.9196231918925696,0.9635725059254472,,0.0,0.0,83,42,21,5186.406373977661,10.88237762451172,segment,8
metacog,0.15,0.1428571428571428,0.0372670807453416,0.0,0.5,,0.2854097545580232,0.9994452369483804,1,1,1,25580.25097846985,4.1713714599609375,segment,8
classic,0.91,0.9139259549973836,0.9128096474036408,0.895166963460736,0.954961355679154,,0.0,0.0,77,39,21,5130.295753479004,10.123491287231444,segment,9
metacog,0.16,0.1428571428571428,0.0394088669950738,0.0,0.5,,0.3071799741019244,0.9989749337572053,1,1,1,25673.681497573853,4.179000854492188,segment,9
classic,0.97,0.971343537414966,0.971343537414966,0.9649778192855476,0.9894184127139228,,0.0,0.0,79,40,21,5178.518772125244,7.573366165161133,segment,10
metacog,0.16,0.1428571428571428,0.0394088669950738,0.0,0.5,,0.4774262203727955,0.9994216776314312,1,1,1,26569.546937942505,4.180431365966797,segment,10
classic,0.93,0.9318027210884354,0.9327419583259404,0.9191310447841832,0.965250786361056,,0.0,0.0,77,39,21,5105.985641479492,10.176420211791992,segment,11
metacog,0.16,0.1428571428571428,0.0394088669950738,0.0,0.5,,0.542780709994237,0.9988362753013316,1,1,1,25803.90763282776,4.18400764465332,segment,11
classic,0.91,0.914625850340136,0.916651104886399,0.8960849020472814,0.955187051564812,,0.0,0.0,75,38,21,5084.802627563477,10.31494140625,segment,12
metacog,0.16,0.1428571428571428,0.0394088669950738,0.0,0.5,,0.6488800682976643,0.999192790511082,1,1,1,25355.31234741211,4.267692565917969,segment,12
classic,0.96,0.9624149659863946,0.9630269670592252,0.9536378023067456,0.9826283304019284,,0.0,0.0,73,37,21,5232.674360275269,11.40594482421875,segment,13
metacog,0.16,0.1428571428571428,0.0394088669950738,0.0,0.5,,0.3375950089108288,0.999054533831206,1,1,1,25710.70671081543,4.274606704711914,segment,13
classic,0.95,0.9522108843537416,0.9533254881260602,0.9418089367143044,0.9716462166261854,,0.0,0.0,81,41,21,5112.230062484741,10.36214828491211,segment,14
metacog,0.16,0.1428571428571428,0.0394088669950738,0.0,0.5,,0.2224575240901101,0.9986957258004104,1,1,1,25429.9099445343,4.2057037353515625,segment,14
classic,0.94,0.9428571428571428,0.9407715131535248,0.9304144838663064,0.9654072406829614,,0.0,0.0,71,36,21,4968.149185180664,9.992361068725586,segment,15
metacog,0.15,0.1428571428571428,0.0372670807453416,0.0,0.5,,0.4228948914624839,0.9989982540754736,1,1,1,25817.74044036865,5.002498626708984,segment,15
classic,0.94,0.9421768707482991,0.9424734966289072,0.9300642211668964,0.9657760778730096,,0.0,0.0,83,42,21,4863.871097564697,9.992599487304688,segment,16
metacog,0.15,0.1428571428571428,0.0372670807453416,0.0,0.5,,0.0379854917513664,0.999235649130342,1,1,1,26562.83688545227,5.159854888916016,segment,16
classic,0.93,0.9333333333333332,0.9307539682539682,0.9190516694213836,0.9625331936488124,,0.0,0.0,77,39,21,5147.964477539063,9.88626480102539,segment,17
metacog,0.15,0.1428571428571428,0.0372670807453416,0.0,0.5,,0.3143783384786975,0.9992354479651964,1,1,1,25156.63504600525,4.117488861083984,segment,17
classic,0.96,0.961904761904762,0.961872980560411,0.9534150677942348,0.975126050420168,,0.0,0.0,75,38,21,5137.655973434448,10.241031646728516,segment,18
metacog,0.15,0.1428571428571428,0.0372670807453416,0.0,0.5,,0.542780709994237,0.999665035185628,1,1,1,25971.66919708252,4.340171813964844,segment,18
classic,0.91,0.91324568288854,0.9146404361921604,0.8952103781127638,0.9584161656304,,0.0,0.0,77,39,21,5388.222455978394,11.681318283081056,segment,19
metacog,0.16,0.1428571428571428,0.0394088669950738,0.0,0.5,,0.4190310334821857,0.9989686431271922,1,1,1,26308.13145637512,4.252433776855469,segment,19
classic,0.97,0.971938775510204,0.9713305053822296,0.9655495162224066,0.9875062990312404,,0.0,0.0,79,40,21,5075.3374099731445,7.1868896484375,segment,20
metacog,0.16,0.1428571428571428,0.0394088669950738,0.0,0.5,,0.3826371965972537,0.998914275831298,1,1,1,26115.150213241577,4.228830337524414,segment,20
classic,0.98,0.979591836734694,0.9800824175824177,0.977103043768246,0.9931348353294808,,0.0,0.0,77,39,21,5176.695108413696,9.995460510253906,segment,21
metacog,0.16,0.1428571428571428,0.0394088669950738,0.0,0.5,,0.3143783384786975,0.9996469831893604,1,1,1,26741.09983444214,4.254579544067383,segment,21
classic,0.95,0.952295918367347,0.9525810324129652,0.9420563061868886,0.977294976129987,,0.0,0.0,77,39,21,5241.615295410156,10.207653045654297,segment,22
metacog,0.16,0.1428571428571428,0.0394088669950738,0.0,0.5,,0.266008077043361,0.9991888595138116,1,1,1,25843.966960906982,3.490686416625977,segment,22
classic,0.94,0.9408163265306122,0.9418611889200124,0.9302491719621166,0.974783739077026,,0.0,0.0,73,37,21,5033.024311065674,11.60264015197754,segment,23
metacog,0.16,0.1428571428571428,0.0394088669950738,0.0,0.5,,0.3758595212132675,0.999025528612556,1,1,1,25461.89975738525,4.145383834838867,segment,23
classic,0.93,0.929251700680272,0.9272847522847524,0.919603926384276,0.9638682915026476,,0.0,0.0,73,37,21,4911.489248275757,10.055065155029297,segment,24
metacog,0.16,0.1428571428571428,0.0394088669950738,0.0,0.5,,0.5194630401710595,0.9990956598968856,1,1,1,26091.843605041504,4.230022430419922,segment,24
classic,0.91,0.9142857142857144,0.9129720853858786,0.895050198459024,0.9485251775128656,,0.0,0.0,77,39,21,5033.205509185791,10.756731033325195,segment,25
metacog,0.15,0.1428571428571428,0.0372670807453416,0.0,0.5,,0.5785529074035128,0.9987126695230808,1,1,1,25721.37761116028,4.140615463256836,segment,25
classic,0.96,0.961904761904762,0.9608830505382228,0.9534259432292824,0.9772670872062352,,0.0,0.0,81,41,21,4966.797590255737,9.586572647094728,segment,26
metacog,0.15,0.1428571428571428,0.0372670807453416,0.0,0.5,,0.4681504481596282,0.9992164143654136,1,1,1,25948.741674423218,4.228353500366211,segment,26
classic,0.92,0.9216640502354788,0.9212364696235664,0.9076570916249856,0.9583781841649126,,0.0,0.0,77,39,21,5010.974645614624,9.87863540649414,segment,27
metacog,0.15,0.1428571428571428,0.0372670807453416,0.0,0.5,,0.4228948914624839,0.9992637624958376,1,1,1,25930.994510650635,5.557775497436523,segment,27
classic,0.93,0.931868131868132,0.9336826632766566,0.9186918144659836,0.9658709106984968,,0.0,0.0,85,43,21,4590.888261795044,9.755373001098633,segment,28
metacog,0.15,0.1428571428571428,0.0372670807453416,0.0,0.5,,0.0476819996959609,0.9993474450277606,1,1,1,25381.89172744751,4.364013671875,segment,28
classic,0.9,0.9036172161172162,0.9031011025099696,0.8852757059746009,0.9489863243736826,,0.0,0.0,75,38,21,4977.327108383179,9.56439971923828,segment,29
metacog,0.16,0.1428571428571428,0.0394088669950738,0.0,0.5,,0.3071799741019244,0.9988454812667628,1,1,1,25902.899980545044,4.243135452270508,segment,29
classic,0.96,0.9624149659863946,0.961247947454844,0.9538874620593042,0.977825897800981,,0.0,0.0,79,40,21,5037.252187728882,10.041952133178713,segment,30
metacog,0.16,0.1428571428571428,0.0394088669950738,0.0,0.5,,0.2593960589017444,0.9992855781285536,1,1,1,26216.410160064697,5.589723587036133,segment,30
classic,0.87,0.8762755102040816,0.8711807677324919,0.852712097041941,0.9388538554956868,,0.0,0.0,71,36,21,4899.793148040772,11.208057403564451,segment,31
metacog,0.16,0.1428571428571428,0.0394088669950738,0.0,0.5,,0.3071799741019244,0.9992443125543816,1,1,1,25577.133893966675,6.342649459838867,segment,31
classic,0.93,0.9312074829931972,0.9328923293455312,0.919309097739101,0.9645124125231488,,0.0,0.0,81,41,21,4748.227119445801,10.653257369995115,segment,32
metacog,0.16,0.1428571428571428,0.0394088669950738,0.0,0.5,,0.4681504481596282,0.9984830686690668,1,1,1,25829.323053359985,4.249811172485352,segment,32
classic,0.93,0.9350340136054422,0.9337689290275496,0.9192852870292688,0.9679893381771312,,0.0,0.0,83,42,21,5270.674467086792,10.295867919921877,segment,33
metacog,0.16,0.1428571428571428,0.0394088669950738,0.0,0.5,,0.4980464646367701,0.9991734992048786,1,1,1,25165.701866149902,4.310131072998047,segment,33
classic,0.93,0.9312074829931972,0.9314916405433646,0.91938833526037,0.9597111519026216,,0.0,0.0,75,38,21,5076.915264129639,10.441064834594728,segment,34
metacog,0.16,0.1428571428571428,0.0394088669950738,0.0,0.5,,0.3346625074256906,0.9990161357557632,1,1,1,26160.11643409729,5.53131103515625,segment,34
classic,0.92,0.923809523809524,0.9220643454514422,0.9073492928231346,0.9747899159663864,,0.0,0.0,77,39,21,5183.43186378479,10.306358337402344,segment,35
metacog,0.15,0.1428571428571428,0.0372670807453416,0.0,0.5,,0.4681504481596282,0.9994034739609524,1,1,1,25309.643507003784,5.285739898681641,segment,35
classic,0.91,0.9136054421768708,0.9136288998357964,0.895050198459024,0.9544133002038024,,0.0,0.0,87,44,21,5223.324298858643,10.323047637939451,segment,36
metacog,0.15,0.1428571428571428,0.0372670807453416,0.0,0.5,,0.1095927467120938,0.998917017419196,1,1,1,24748.122930526733,4.158258438110352,segment,36
classic,0.93,0.9326530612244898,0.9335722819593788,0.9183792870708058,0.9695758303321328,,0.0,0.0,73,37,21,5363.387823104858,10.912179946899414,segment,37
metacog,0.15,0.1428571428571428,0.0372670807453416,0.0,0.5,,0.5249066767996359,0.9992113434955472,1,1,1,25778.45072746277,3.518104553222656,segment,37
classic,0.94,0.9428571428571428,0.9436576354679804,0.9302815005113316,0.9702521008403362,,0.0,0.0,87,44,21,5483.10112953186,11.228084564208984,segment,38
metacog,0.15,0.1428571428571428,0.0372670807453416,0.0,0.5,,0.2331297888371842,0.9991224763995434,1,1,1,25568.79591941833,4.141807556152344,segment,38
classic,0.97,0.9700680272108844,0.970857099889358,0.9652958670603384,0.9823938325330132,,0.0,0.0,89,45,21,5486.830711364746,9.505748748779297,segment,39
metacog,0.16,0.1428571428571428,0.0394088669950738,0.0,0.5,,0.3758595212132675,0.9991329332303376,1,1,1,25944.24653053284,3.049612045288086,segment,39
classic,0.92,0.9204081632653062,0.9229955229955228,0.907689150471063,0.9630829104897772,,0.0,0.0,73,37,21,5366.086483001709,9.02700424194336,segment,40
metacog,0.16,0.1428571428571428,0.0394088669950738,0.0,0.5,,0.5785529074035128,0.9986557986151642,1,1,1,26076.20024681092,2.1991729736328125,segment,40
classic,0.97,0.971343537414966,0.9707611631972032,0.9652153678456096,0.984547877290451,,0.0,0.0,81,41,21,5141.105175018311,11.295318603515623,segment,41
metacog,0.16,0.1428571428571428,0.0394088669950738,0.0,0.5,,0.4577353806235611,0.9990189123915392,1,1,1,25695.746183395386,4.199028015136719,segment,41
classic,0.95,0.9534863945578232,0.952891156462585,0.942083164410332,0.9705527879756553,,0.0,0.0,79,40,21,5086.956262588501,10.093212127685549,segment,42
metacog,0.16,0.1428571428571428,0.0394088669950738,0.0,0.5,,0.4681504481596282,0.9988498161344466,1,1,1,25723.663568496704,2.2253990173339844,segment,42
classic,0.95,0.951530612244898,0.9525054466230936,0.9428412235733592,0.9812138111058378,,0.0,0.0,85,43,21,5159.402847290039,10.785341262817385,segment,43
metacog,0.16,0.1428571428571428,0.0394088669950738,0.0,0.5,,0.4774262203727955,0.9996860288459644,1,1,1,25682.3525428772,3.222942352294922,segment,43
classic,0.95,0.95093537414966,0.9541950113378684,0.9422231502356312,0.9703032026764196,,0.0,0.0,79,40,21,4241.073131561279,9.552240371704102,segment,44
metacog,0.16,0.1428571428571428,0.0394088669950738,0.0,0.5,,0.3969869871666973,0.999396587646184,1,1,1,17683.510303497314,3.854036331176758,segment,44
classic,0.94,0.9428571428571428,0.9427935801684412,0.9301728418062352,0.9869467787114844,,0.0,0.0,77,39,21,4222.97215461731,5.821466445922852,segment,45
metacog,0.15,0.1428571428571428,0.0372670807453416,0.0,0.5,,0.3882667441108223,0.9983538133329212,1,1,1,17506.998777389526,4.176855087280273,segment,45
classic,0.92,0.9223443223443224,0.9242290375549552,0.9067975761827208,0.9539941599982168,,0.0,0.0,75,38,21,3803.905725479126,4.895210266113281,segment,46
metacog,0.15,0.1428571428571428,0.0372670807453416,0.0,0.5,,0.0821100024408175,0.9990049540870078,1,1,1,17758.262395858765,2.1219253540039062,segment,46
classic,0.95,0.9523809523809524,0.9503635937133474,0.9422134018211534,0.980981470374838,,0.0,0.0,77,39,21,4058.537006378174,5.143404006958008,segment,47
metacog,0.15,0.1428571428571428,0.0372670807453416,0.0,0.5,,0.5785529074035128,0.9991482912853288,1,1,1,17503.68618965149,2.808809280395508,segment,47
classic,0.93,0.9304029304029304,0.9308888182636792,0.9186823962745696,0.9905980066445182,,0.0,0.0,77,39,21,3975.513458251953,10.099411010742188,segment,48
metacog,0.15,0.1428571428571428,0.0372670807453416,0.0,0.5,,0.3758595212132675,0.9991699190524956,1,1,1,17526.437997817993,2.044677734375,segment,48
classic,0.9,0.9043171114599684,0.9063903478268646,0.8838380893495474,0.9471791686263056,,0.0,0.0,77,39,21,3772.924661636353,4.8065185546875,segment,49
metacog,0.16,0.1428571428571428,0.0394088669950738,0.0,0.5,,0.2117947695893133,0.9993450193585824,1,1,1,17308.229207992554,2.0575523376464844,segment,49
classic,0.98,0.8947368421052632,0.8947368421052632,0.7894736842105263,0.8947368421052632,0.6500000000000001,0.0,0.0,29,15,10,283.9984893798828,6.331682205200195,sick,0
metacog,0.96,0.8842105263157896,0.8226950354609929,0.656380341263449,0.883157894736842,0.4671428571428571,0.5256227977269009,0.9652518795505428,5,3,3,7156.047821044922,5.417585372924805,sick,0
classic,0.99,0.9947368421052633,0.9518999518999518,0.9080536347093006,0.9947368421052633,0.8333333333333334,0.0,0.0,35,18,11,353.56903076171875,6.571769714355469,sick,1
metacog,0.98,0.9894736842105264,0.9113475177304964,0.8362105717465858,0.9894736842105264,0.7142857142857143,0.3801543215069078,0.9530155388581244,3,2,2,6804.862260818481,5.676031112670898,sick,1
classic,1.0,1.0,1.0,1.0,1.0,1.0,0.0,0.0,35,18,12,332.5839042663574,6.839513778686523,sick,2
metacog,0.94,0.8736842105263158,0.7695852534562212,0.5691668497885934,0.8736842105263158,0.3655555555555556,0.3433158717235482,0.9489750766044738,3,2,2,6421.382427215576,6.306886672973633,sick,2
classic,0.99,0.9,0.941826643397324,0.8897565210026094,0.9,0.81,0.0,0.0,35,18,11,385.493278503418,6.947517395019531,sick,3
metacog,0.97,0.8894736842105264,0.8556998556998556,0.7148507337073218,0.8894736842105264,0.5433333333333333,0.4566340515725999,0.9283378682973242,3,2,2,6633.239030838013,6.589412689208984,sick,3
classic,0.96,0.7894736842105263,0.7894736842105263,0.5789473684210527,0.8863157894736843,0.5033333333333334,0.0,0.0,29,15,9,336.8349075317383,7.577419281005859,sick,4
metacog,0.97,0.9842105263157894,0.8765939942410531,0.777986605215499,0.9842105263157896,0.625,0.4838754913996995,0.9677223830870436,3,2,2,6390.395641326904,4.947423934936523,sick,4
classic,0.97,0.7,0.7779422649888971,0.6226998490772391,0.6905263157894737,0.43,0.0,0.0,29,15,10,323.8484859466553,6.680965423583984,sick,5
metacog,0.98,0.8947368421052632,0.8947368421052632,0.7894736842105263,0.8947368421052632,0.6500000000000001,0.4373720408291724,0.9453195743052956,3,2,2,6707.885503768921,7.894039154052734,sick,5
classic,0.98,0.9894736842105264,0.9113475177304964,0.8362105717465858,0.9894736842105264,0.7142857142857143,0.0,0.0,35,18,11,367.7558898925781,7.744550704956055,sick,6
metacog,0.98,0.9894736842105264,0.9113475177304964,0.8362105717465858,0.9894736842105264,0.7142857142857143,0.3982951136678321,0.954040458597003,3,2,2,6877.883672714233,5.1517486572265625,sick,6
classic,0.98,0.9113475177304964,0.9113475177304964,0.8226950354609929,0.9920212765957448,0.7972222222222223,0.0,0.0,35,18,12,362.4305725097656,6.904363632202148,sick,7
metacog,0.95,0.9734042553191488,0.8392799742847958,0.7186382997048709,0.9734042553191488,0.5454545454545454,0.3969570566780964,0.91751891456656,3,2,2,6327.816724777222,4.870891571044922,sick,7
classic,0.95,0.8173758865248226,0.7943233237350884,0.5908169963034265,0.8156028368794326,0.4009523809523809,0.0,0.0,29,15,9,315.8378601074219,6.278753280639648,sick,8
metacog,0.97,0.9060283687943262,0.8765939942410531,0.75584967683511,0.9060283687943262,0.6052380952380952,0.3944942510150483,0.9547746825599508,3,2,2,6754.627704620361,6.306648254394531,sick,8
classic,0.97,0.75,0.8254799301919721,0.6960862607997853,0.75,0.53,0.0,0.0,31,16,9,328.4385204315185,7.489919662475586,sick,9
metacog,0.99,0.99468085106383,0.9588646647470176,0.9208823573667934,0.99468085106383,0.8571428571428571,0.4633975151862715,0.9676838421116262,3,2,2,6557.35445022583,5.015850067138672,sick,9
classic,0.99,0.9,0.941826643397324,0.8897565210026094,0.9,0.81,0.0,0.0,35,18,12,361.67383193969727,5.103826522827148,sick,10
metacog,1.0,1.0,1.0,1.0,1.0,1.0,0.3429722783809259,0.9294329131878992,3,2,2,6941.541433334351,5.360126495361328,sick,10
classic,0.99,0.9,0.941826643397324,0.8897565210026094,0.9989473684210528,0.9666666666666668,0.0,0.0,35,18,12,359.222412109375,7.154464721679688,sick,11
metacog,0.98,0.9894736842105264,0.9113475177304964,0.8362105717465858,0.9894736842105264,0.7142857142857143,0.4090373720857132,0.9537591903394148,3,2,2,6660.871744155884,5.418300628662109,sick,11
classic,0.96,0.6,0.6563573883161512,0.4380858271151805,0.7,0.43,0.0,0.0,33,17,10,309.9327087402344,5.887985229492188,sick,12
metacog,0.99,0.9,0.941826643397324,0.8897565210026094,0.9,0.81,0.3060190472001522,0.9309540214287022,3,2,2,6338.190078735352,5.198001861572266,sick,12
classic,0.96,0.7894736842105263,0.7894736842105263,0.5789473684210527,0.8873684210526316,0.5033333333333334,0.0,0.0,31,16,10,337.986707687378,6.578683853149414,sick,13
metacog,0.97,0.9842105263157894,0.8765939942410531,0.777986605215499,0.9842105263157896,0.625,0.5019865317872999,0.9588806083561972,3,2,2,6676.2635707855225,5.1898956298828125,sick,13
classic,0.95,0.5947368421052631,0.6299037749814952,0.2949630864050079,0.6936842105263158,0.2633333333333333,0.0,0.0,31,16,9,349.29394721984863,6.512880325317383,sick,14
metacog,0.97,0.8894736842105264,0.8556998556998556,0.7148507337073218,0.8894736842105264,0.5433333333333333,0.3565169160365831,0.9602860204792868,3,2,2,6178.57027053833,5.109548568725586,sick,14
classic,0.97,0.7947368421052632,0.8254799301919721,0.6556100681071858,0.7947368421052632,0.47,0.0,0.0,31,16,11,326.4055252075196,8.301258087158203,sick,15
metacog,0.96,0.7894736842105263,0.7894736842105263,0.5789473684210527,0.7894736842105263,0.38,0.4928647666416288,0.965159194933632,3,2,2,6668.949365615845,5.101680755615234,sick,15
classic,0.99,0.9947368421052633,0.9518999518999518,0.9080536347093006,0.9947368421052633,0.8333333333333334,0.0,0.0,31,16,9,367.3241138458252,6.784915924072266,sick,16
metacog,0.96,0.8842105263157896,0.8226950354609929,0.656380341263449,0.8842105263157896,0.4671428571428571,0.3827056597619531,0.8400969292450545,3,2,2,6383.147239685059,5.282163619995117,sick,16
classic,0.97,0.9060283687943262,0.8765939942410531,0.75584967683511,0.9060283687943262,0.6052380952380952,0.0,0.0,35,18,12,422.609806060791,19.179105758666992,sick,17
metacog,0.95,0.9734042553191488,0.8392799742847958,0.7186382997048709,0.9734042553191488,0.5454545454545454,0.3554817460009722,0.9523764907174398,3,2,2,6588.93609046936,4.792451858520508,sick,17
classic,0.98,0.9893617021276596,0.9231950844854072,0.8567628336893993,0.9893617021276596,0.75,0.0,0.0,33,17,10,443.2222843170166,7.726430892944336,sick,18
metacog,0.95,0.9734042553191488,0.8392799742847958,0.7186382997048709,0.9734042553191488,0.5454545454545454,0.4508036293166795,0.9379518188475848,3,2,2,6185.203790664673,5.443096160888672,sick,18
classic,0.97,0.9840425531914894,0.8918918918918919,0.8033617310539418,0.9840425531914894,0.6666666666666666,0.0,0.0,31,16,9,332.7569961547852,6.907224655151367,sick,19
metacog,0.96,0.9787234042553192,0.8641304347826086,0.7579367289598671,0.9787234042553192,0.6,0.394318501230594,0.9277053183544453,3,2,2,6193.997144699097,5.469560623168945,sick,19
classic,1.0,1.0,1.0,1.0,1.0,1.0,0.0,0.0,35,18,11,341.63594245910645,6.668567657470703,sick,20
metacog,0.98,0.9894736842105264,0.9113475177304964,0.8362105717465858,0.9894736842105264,0.7142857142857143,0.4888628386184028,0.9414544416184546,3,2,2,6492.074012756348,5.190372467041016,sick,20
classic,0.97,0.7947368421052632,0.8254799301919721,0.6556100681071858,0.7926315789473685,0.47,0.0,0.0,31,16,10,332.37600326538086,8.140087127685547,sick,21
metacog,0.99,0.9,0.941826643397324,0.8897565210026094,0.9,0.81,0.4016292038419668,0.9757314589470736,3,2,2,6284.352779388428,5.017518997192383,sick,21
classic,0.98,0.8,0.8697916666666667,0.7665695441245898,0.9989473684210526,0.9666666666666668,0.0,0.0,31,16,10,339.59007263183594,4.95600700378418,sick,22
metacog,0.97,0.8894736842105264,0.8556998556998556,0.7148507337073218,0.8894736842105264,0.5433333333333333,0.3719383750948222,0.9470623916546752,3,2,2,6335.613250732422,5.411863327026367,sick,22
classic,0.97,0.8894736842105264,0.8556998556998556,0.7148507337073218,0.8894736842105264,0.5433333333333333,0.0,0.0,29,15,8,332.8542709350586,7.33637809753418,sick,23
metacog,0.96,0.9789473684210526,0.8463901689708142,0.7294955398698875,0.9789473684210526,0.5555555555555556,0.5048439999745694,0.9599902341073704,3,2,2,6370.623588562012,8.911848068237305,sick,23
classic,0.99,0.9,0.941826643397324,0.8897565210026094,0.9,0.81,0.0,0.0,31,16,11,296.50354385375977,6.636857986450195,sick,24
metacog,0.97,0.8894736842105264,0.8556998556998556,0.7148507337073218,0.8873684210526316,0.5433333333333333,0.4900907285533321,0.9532488750984128,5,3,3,6758.482933044434,7.278919219970703,sick,24
classic,0.96,0.7894736842105263,0.7894736842105263,0.5789473684210527,0.7873684210526316,0.38,0.0,0.0,27,14,8,294.0552234649658,7.767438888549805,sick,25
metacog,0.94,0.968421052631579,0.7961956521739131,0.6525621200883198,0.968421052631579,0.4545454545454545,0.3913344051071112,0.9846139212185712,3,2,2,6307.377576828003,4.271030426025391,sick,25
classic,0.98,0.8947368421052632,0.8947368421052632,0.7894736842105263,0.8926315789473684,0.6500000000000001,0.0,0.0,35,18,12,371.7303276062012,6.993532180786133,sick,26
metacog,0.99,0.9947368421052633,0.9518999518999518,0.9080536347093006,0.9947368421052633,0.8333333333333334,0.335634624393009,0.9180923509189584,3,2,2,6354.219436645508,5.089521408081055,sick,26
classic,0.98,0.8333333333333333,0.8947368421052632,0.8079466429027216,0.9148936170212768,0.8155555555555556,0.0,0.0,31,16,11,353.4848690032959,6.0138702392578125,sick,27
metacog,0.97,0.9060283687943262,0.8765939942410531,0.75584967683511,0.9060283687943262,0.6052380952380952,0.4345903718732559,0.9431316599223286,3,2,2,6356.062173843384,5.135059356689453,sick,27
classic,0.99,0.9166666666666669,0.9518999518999518,0.9080536347093006,1.0,1.0,0.0,0.0,35,18,11,375.2171993255615,7.150411605834961,sick,28
metacog,0.98,0.9893617021276596,0.9231950844854072,0.8567628336893993,0.9893617021276596,0.75,0.464436467124401,0.9264793955600298,3,2,2,6394.32692527771,4.018068313598633,sick,28
classic,1.0,1.0,1.0,1.0,1.0,1.0,0.0,0.0,35,18,12,380.5956840515137,6.943941116333008,sick,29
metacog,0.94,0.8900709219858156,0.7961956521739131,0.6175780754487806,0.8900709219858157,0.4266666666666667,0.4153195241902866,0.9477487856566064,3,2,2,6504.3370723724365,5.160808563232422,sick,29
classic,0.98,0.9894736842105264,0.9113475177304964,0.8362105717465858,0.9894736842105264,0.7142857142857143,0.0,0.0,33,17,10,334.5966339111328,6.668806076049805,sick,30
metacog,0.98,0.9894736842105264,0.9113475177304964,0.8362105717465858,0.9894736842105264,0.7142857142857143,0.289613155837409,0.9274894373567412,3,2,2,6303.02357673645,5.0563812255859375,sick,30
classic,0.98,0.8947368421052632,0.8947368421052632,0.7894736842105263,0.8947368421052632,0.6500000000000001,0.0,0.0,31,16,10,339.33043479919434,6.585359573364258,sick,31
metacog,0.97,0.8894736842105264,0.8556998556998556,0.7148507337073218,0.8894736842105264,0.5433333333333333,0.5525713098455248,0.8178626819078411,3,2,2,6441.171646118164,5.379915237426758,sick,31
classic,0.99,0.9,0.941826643397324,0.8897565210026094,1.0,1.0,0.0,0.0,37,19,12,361.12046241760254,6.948709487915039,sick,32
metacog,0.98,0.9894736842105264,0.9113475177304964,0.8362105717465858,0.9894736842105264,0.7142857142857143,0.4404630442145629,0.9440131531648186,3,2,2,6437.66975402832,5.173444747924805,sick,32
classic,0.99,0.9,0.941826643397324,0.8897565210026094,0.8989473684210527,0.81,0.0,0.0,33,17,13,384.2742443084717,6.3686370849609375,sick,33
metacog,0.97,0.7947368421052632,0.8254799301919721,0.6556100681071858,0.7947368421052632,0.47,0.3483557924126487,0.9253513632738736,3,2,2,6346.776962280273,4.854679107666016,sick,33
classic,0.98,0.8,0.8697916666666667,0.7665695441245898,0.7978947368421052,0.62,0.0,0.0,35,18,12,381.0744285583496,7.432222366333008,sick,34
metacog,0.98,0.9894736842105264,0.9113475177304964,0.8362105717465858,0.9894736842105264,0.7142857142857143,0.4313622863865201,0.9788567479628691,7,4,4,8784.279823303223,6.513833999633789,sick,34
classic,0.96,0.8842105263157896,0.8226950354609929,0.656380341263449,0.9810526315789474,0.5821428571428571,0.0,0.0,31,16,9,325.40249824523926,6.659030914306641,sick,35
metacog,0.96,0.9789473684210526,0.8463901689708142,0.7294955398698875,0.9789473684210526,0.5555555555555556,0.3843357086078221,0.9526682268005006,3,2,2,6285.351991653442,4.065275192260742,sick,35
classic,0.97,0.7,0.7779422649888971,0.6226998490772391,0.6968421052631578,0.43,0.0,0.0,29,15,9,339.6594524383545,9.964466094970703,sick,36
metacog,0.93,0.868421052631579,0.7477477477477478,0.5353033790313108,0.868421052631579,0.33,0.4455310295927016,0.9711000399697785,3,2,2,6206.552743911743,5.005359649658203,sick,36
classic,0.99,0.99468085106383,0.9588646647470176,0.9208823573667934,0.9946808510638298,0.8571428571428571,0.0,0.0,33,17,11,350.6152629852295,7.095098495483398,sick,37
metacog,0.99,0.99468085106383,0.9588646647470176,0.9208823573667934,0.99468085106383,0.8571428571428571,0.4935279333008531,0.8805174378024737,3,2,2,6262.073278427124,5.187273025512695,sick,37
classic,0.99,0.9166666666666669,0.9518999518999518,0.9080536347093006,0.999113475177305,0.9761904761904762,0.0,0.0,31,16,10,365.114688873291,7.233381271362305,sick,38
metacog,0.97,0.9060283687943262,0.8765939942410531,0.75584967683511,0.9060283687943262,0.6052380952380952,0.4136151950378171,0.9347400147388064,3,2,2,6198.622465133667,5.959033966064453,sick,38
classic,0.97,0.8280141843971631,0.8556998556998556,0.7148507337073218,0.9086879432624112,0.6623809523809524,0.0,0.0,37,19,13,401.2961387634277,6.928205490112305,sick,39
metacog,0.96,0.9787234042553192,0.8641304347826086,0.7579367289598671,0.9787234042553192,0.6,0.3991348122709371,0.953852807645144,3,2,2,6165.67063331604,5.104780197143555,sick,39
classic,0.98,0.8,0.8697916666666667,0.7665695441245898,0.8,0.62,0.0,0.0,33,17,10,340.2578830718994,6.67262077331543,sick,40
metacog,0.99,0.9,0.941826643397324,0.8897565210026094,0.9,0.81,0.3823182517179793,0.9418991676757358,3,2,2,6304.337501525879,5.192279815673828,sick,40
classic,0.97,0.7947368421052632,0.8254799301919721,0.6556100681071858,0.8936842105263159,0.62,0.0,0.0,29,15,9,324.13458824157715,6.676197052001953,sick,41
metacog,0.95,0.9736842105263156,0.8198198198198199,0.6882472016116853,0.9736842105263158,0.5,0.5584727592075877,0.9572230337545392,3,2,2,6153.142690658569,4.944324493408203,sick,41
classic,0.96,0.8842105263157896,0.8226950354609929,0.656380341263449,0.98,0.5682539682539682,0.0,0.0,31,16,10,332.3333263397217,6.480932235717773,sick,42
metacog,0.97,0.8894736842105264,0.8556998556998556,0.7148507337073218,0.8894736842105264,0.5433333333333333,0.4473135567095737,0.8975433617694509,3,2,2,6434.008836746216,2.457857131958008,sick,42
classic,0.98,0.8947368421052632,0.8947368421052632,0.7894736842105263,0.8947368421052632,0.6500000000000001,0.0,0.0,31,16,11,280.5917263031006,6.15239143371582,sick,43
metacog,0.98,0.8947368421052632,0.8947368421052632,0.7894736842105263,0.8936842105263159,0.6500000000000001,0.6144335384205122,0.9468613387984626,5,3,3,6718.014717102051,6.003618240356445,sick,43
classic,0.97,0.8894736842105264,0.8556998556998556,0.7148507337073218,0.9863157894736844,0.6583333333333333,0.0,0.0,37,19,13,362.2581958770752,7.287502288818359,sick,44
metacog,0.95,0.9736842105263156,0.8198198198198199,0.6882472016116853,0.9736842105263158,0.5,0.4299156009996847,0.9584704213256646,3,2,2,4552.251100540161,2.5260448455810547,sick,44
classic,0.98,0.9894736842105264,0.9113475177304964,0.8362105717465858,0.9894736842105264,0.7142857142857143,0.0,0.0,31,16,9,300.2636432647705,7.934808731079102,sick,45
metacog,0.95,0.8789473684210527,0.7943233237350884,0.6088590823425645,0.8789473684210526,0.41,0.43548765326522,0.9517758435584271,3,2,2,4687.307357788086,2.306699752807617,sick,45
classic,0.97,0.7,0.7779422649888971,0.6226998490772391,0.7,0.43,0.0,0.0,33,17,11,327.2192478179932,5.576610565185547,sick,46
metacog,0.99,0.9947368421052633,0.9518999518999518,0.9080536347093006,0.9947368421052633,0.8333333333333334,0.4621450565162059,0.9134008186487996,3,2,2,4542.027235031128,2.427339553833008,sick,46
classic,0.99,0.9166666666666669,0.9518999518999518,0.9080536347093006,1.0,1.0,0.0,0.0,33,17,10,326.7652988433838,6.803274154663086,sick,47
metacog,0.98,0.9893617021276596,0.9231950844854072,0.8567628336893993,0.9893617021276596,0.75,0.4079844507911767,0.922719071140126,3,2,2,4525.248527526856,2.460002899169922,sick,47
classic,0.94,0.8900709219858156,0.7961956521739131,0.6175780754487806,0.8900709219858157,0.4266666666666667,0.0,0.0,29,15,8,314.1942024230957,6.783723831176758,sick,48
metacog,0.94,0.8900709219858156,0.7961956521739131,0.6175780754487806,0.8900709219858157,0.4266666666666667,0.3607293678010905,0.8324498921923665,3,2,2,4419.683218002319,2.436399459838867,sick,48
classic,1.0,1.0,1.0,1.0,1.0,1.0,0.0,0.0,37,19,13,343.6906337738037,7.695198059082031,sick,49
metacog,0.99,0.99468085106383,0.9588646647470176,0.9208823573667934,0.99468085106383,0.8571428571428571,0.3473745134370343,0.8864614465145951,3,2,2,4461.70973777771,2.31313705444336,sick,49
classic,0.7619047619047619,0.759090909090909,0.7597254004576659,0.5229577884350213,0.7909090909090909,0.7553571428571428,0.0,0.0,57,29,21,9072.985887527466,4.075050354003906,sonar,0
metacog,0.5238095238095238,0.5,0.34375,0.0,0.5,0.4761904761904761,0.0482723672391264,0.8940604656729167,1,1,1,23009.83500480652,0.885009765625,sonar,0
classic,0.5238095238095238,0.5272727272727272,0.5227272727272727,0.055048188256318,0.5227272727272727,0.4897243107769423,0.0,0.0,45,23,21,8579.728364944458,2.520322799682617,sonar,1
metacog,0.5238095238095238,0.5,0.34375,0.0,0.5,0.4761904761904761,0.0113712712909779,0.973742193309051,1,1,1,22594.091653823853,1.174211502075195,sonar,1
classic,0.6190476190476191,0.6045454545454545,0.5714285714285714,0.2659359417861561,0.6045454545454546,0.5583333333333333,0.0,0.0,53,27,15,8417.266368865967,2.9239654541015625,sonar,2
metacog,0.5238095238095238,0.5,0.34375,0.0,0.5,0.4761904761904761,0.1906735017575766,0.93138950804846,1,1,1,22833.229303359985,1.203775405883789,sonar,2
classic,0.6190476190476191,0.6181818181818182,0.6181818181818182,0.2363636363636363,0.6181818181818183,0.5504761904761905,0.0,0.0,47,24,21,9649.857997894287,3.0868053436279297,sonar,3
metacog,0.5238095238095238,0.5,0.34375,0.0,0.5,0.4761904761904761,0.1567175829167439,0.9374128365262632,1,1,1,22529.05488014221,1.2009143829345703,sonar,3
classic,0.4285714285714285,0.4272727272727272,0.4272727272727272,-0.1454545454545454,0.4272727272727272,0.4457142857142857,0.0,0.0,41,21,21,10438.89307975769,2.743721008300781,sonar,4
metacog,0.5238095238095238,0.5,0.34375,0.0,0.5,0.4761904761904761,0.1622504809480458,0.9091127568126872,1,1,1,22826.80630683899,1.241922378540039,sonar,4
classic,0.8095238095238095,0.8181818181818181,0.8055555555555556,0.674199862463242,0.8181818181818181,0.7142857142857143,0.0,0.0,57,29,20,9015.377044677734,2.74038314819336,sonar,5
metacog,0.5238095238095238,0.5,0.34375,0.0,0.5,0.4761904761904761,0.0519067238794695,0.8986684791594796,1,1,1,22961.886167526245,1.1959075927734375,sonar,5
classic,0.8095238095238095,0.8090909090909091,0.8090909090909091,0.6181818181818182,0.7818181818181819,0.7196825396825397,0.0,0.0,59,30,20,9536.856889724731,2.619504928588867,sonar,6
metacog,0.5238095238095238,0.5,0.34375,0.0,0.5,0.4761904761904761,0.0388923373219707,0.923120900748079,1,1,1,22877.41541862488,1.1942386627197266,sonar,6
classic,0.4285714285714285,0.4305555555555556,0.4272727272727272,-0.137620470640795,0.4537037037037037,0.3983886483886484,0.0,0.0,49,25,16,7820.515871047974,2.723932266235352,sonar,7
metacog,0.5714285714285714,0.5,0.3636363636363636,0.0,0.5,0.4285714285714285,0.0828187688474898,0.8003070263723993,1,1,1,22900.644540786743,1.193523406982422,sonar,7
classic,0.65,0.6515151515151515,0.6491228070175439,0.3015113445777636,0.6313131313131313,0.5253086419753087,0.0,0.0,55,28,17,8536.680459976196,2.55727767944336,sonar,8
metacog,0.55,0.5,0.3548387096774194,0.0,0.5,0.45,0.1730325522441011,0.9266540588598238,1,1,1,23303.97152900696,1.1484622955322266,sonar,8
classic,0.7,0.6767676767676767,0.6703296703296704,0.4061811972299616,0.6464646464646464,0.6815789473684211,0.0,0.0,49,25,21,10279.229164123535,3.90315055847168,sonar,9
metacog,0.55,0.5,0.3548387096774194,0.0,0.5,0.45,0.1200913799975034,0.9014264266053446,1,1,1,23359.418869018555,1.392841339111328,sonar,9
classic,0.7619047619047619,0.759090909090909,0.7597254004576659,0.5229577884350213,0.759090909090909,0.6873015873015873,0.0,0.0,57,29,17,8715.521574020386,2.840518951416016,sonar,10
metacog,0.5238095238095238,0.5,0.34375,0.0,0.5,0.4761904761904761,0.0762738359801435,0.9042905847526044,1,1,1,23548.038005828857,1.246929168701172,sonar,10
classic,0.5238095238095238,0.5272727272727272,0.5227272727272727,0.055048188256318,0.5454545454545454,0.4867965367965368,0.0,0.0,57,29,21,9833.539962768557,2.508163452148437,sonar,11
metacog,0.5238095238095238,0.5,0.34375,0.0,0.5,0.4761904761904761,0.1015945669811045,0.9035448418542984,1,1,1,23219.76590156555,1.1663436889648438,sonar,11
classic,0.6190476190476191,0.6227272727272727,0.6181818181818182,0.2477168471534311,0.6227272727272727,0.5511904761904762,0.0,0.0,57,29,21,9639.374017715454,2.661466598510742,sonar,12
metacog,0.5238095238095238,0.5,0.34375,0.0,0.5,0.4761904761904761,0.0748632552980442,0.9232791980207546,1,1,1,22680.81545829773,1.168966293334961,sonar,12
classic,0.7142857142857143,0.7090909090909091,0.7083333333333333,0.4300756154038903,0.7181818181818181,0.6654761904761904,0.0,0.0,43,22,21,8525.376319885254,2.3496150970458984,sonar,13
metacog,0.5238095238095238,0.5,0.34375,0.0,0.5,0.4761904761904761,0.0203481754318132,0.2624632021508327,1,1,1,23044.61002349853,1.2323856353759766,sonar,13
classic,0.6666666666666666,0.6636363636363636,0.6636155606407322,0.3302891295379082,0.6636363636363637,0.5904761904761904,0.0,0.0,55,28,19,8955.05690574646,2.5887489318847656,sonar,14
metacog,0.5238095238095238,0.5,0.34375,0.0,0.5,0.4761904761904761,0.0503339754665348,0.932941237647694,1,1,1,23589.985609054565,1.2080669403076172,sonar,14
classic,0.6190476190476191,0.6136363636363636,0.6111111111111112,0.2337367475021143,0.6136363636363635,0.5505952380952381,0.0,0.0,45,23,21,10379.93621826172,3.7839412689208975,sonar,15
metacog,0.5238095238095238,0.5,0.34375,0.0,0.5,0.4761904761904761,0.1403755637922807,0.9072688726935566,1,1,1,23638.73267173767,1.1103153228759766,sonar,15
classic,0.6666666666666666,0.6727272727272727,0.6636155606407322,0.3552798562032137,0.5954545454545455,0.5228604728604729,0.0,0.0,59,30,21,9951.694250106812,2.7196407318115234,sonar,16
metacog,0.5238095238095238,0.5,0.34375,0.0,0.5,0.4761904761904761,0.0712785059584427,0.958198463726881,1,1,1,23027.79746055603,1.1942386627197266,sonar,16
classic,0.6666666666666666,0.6805555555555556,0.6666666666666666,0.3611111111111111,0.6712962962962963,0.5257834757834758,0.0,0.0,49,25,21,9621.536016464232,2.712249755859375,sonar,17
metacog,0.5714285714285714,0.5,0.3636363636363636,0.0,0.5,0.4285714285714285,0.2171116369207611,0.9716052068787584,1,1,1,23365.77081680298,1.166582107543945,sonar,17
classic,0.8,0.7878787878787878,0.7916666666666667,0.6005325641789633,0.808080808080808,0.8007936507936508,0.0,0.0,57,29,20,9369.790315628052,3.100156784057617,sonar,18
metacog,0.55,0.5,0.3548387096774194,0.0,0.5,0.45,0.0427031849616392,0.9394921065201572,1,1,1,23184.07416343689,1.1625289916992188,sonar,18
classic,0.7,0.696969696969697,0.696969696969697,0.3939393939393939,0.6666666666666666,0.5712962962962962,0.0,0.0,47,24,20,8632.033586502075,1.6570091247558594,sonar,19
metacog,0.55,0.5,0.3548387096774194,0.0,0.5,0.45,0.0898952476416182,0.797484970377716,1,1,1,22924.27134513855,1.2650489807128906,sonar,19
classic,0.7142857142857143,0.7090909090909091,0.7083333333333333,0.4300756154038903,0.7090909090909091,0.6404761904761904,0.0,0.0,53,27,15,8047.797441482544,2.5987625122070312,sonar,20
metacog,0.5238095238095238,0.5,0.34375,0.0,0.5,0.4761904761904761,0.0725578890559627,0.9047457399474236,1,1,1,23250.157833099365,1.1913776397705078,sonar,20
classic,0.5238095238095238,0.5227272727272727,0.5227272727272727,0.0454545454545454,0.5272727272727272,0.4727994227994228,0.0,0.0,49,25,21,9207.441806793213,3.2150745391845703,sonar,21
metacog,0.5238095238095238,0.5,0.34375,0.0,0.5,0.4761904761904761,0.162872005131699,0.9404278514640004,1,1,1,23274.158239364624,1.306772232055664,sonar,21
classic,0.5238095238095238,0.5272727272727272,0.5227272727272727,0.055048188256318,0.5272727272727273,0.4904761904761904,0.0,0.0,41,21,21,11234.358072280884,2.4564266204833984,sonar,22
metacog,0.5238095238095238,0.5,0.34375,0.0,0.5,0.4761904761904761,0.007245113966819,0.9966877835623396,1,1,1,22643.54968070984,1.22833251953125,sonar,22
classic,0.6666666666666666,0.6636363636363636,0.6636155606407322,0.3302891295379082,0.7,0.6128571428571428,0.0,0.0,55,28,18,8452.668905258179,2.489805221557617,sonar,23
metacog,0.5238095238095238,0.5,0.34375,0.0,0.5,0.4761904761904761,0.2677300059405524,0.8705108242047244,1,1,1,22510.066747665405,1.1780261993408203,sonar,23
classic,0.7142857142857143,0.7136363636363636,0.7136363636363636,0.4272727272727272,0.6727272727272727,0.5953571428571428,0.0,0.0,55,28,21,9130.043506622314,2.8085708618164062,sonar,24
metacog,0.5238095238095238,0.5,0.34375,0.0,0.5,0.4761904761904761,0.0801551478379411,0.9221405652793856,1,1,1,22893.96619796753,1.2674331665039062,sonar,24
classic,0.6666666666666666,0.6636363636363636,0.6636155606407322,0.3302891295379082,0.6272727272727272,0.5826190476190476,0.0,0.0,47,24,21,10342.792272567747,2.753257751464844,sonar,25
metacog,0.5238095238095238,0.5,0.34375,0.0,0.5,0.4761904761904761,0.0875110548266759,0.92297991990756,1,1,1,23091.872930526733,1.1761188507080078,sonar,25
classic,0.5714285714285714,0.5727272727272728,0.5714285714285714,0.1454545454545454,0.5499999999999999,0.495021645021645,0.0,0.0,51,26,20,8811.654329299927,2.5413036346435547,sonar,26
metacog,0.5238095238095238,0.5,0.34375,0.0,0.5,0.4761904761904761,0.1099176895082564,0.9274235634900384,1,1,1,23600.020170211792,1.0225772857666016,sonar,26
classic,0.8095238095238095,0.8194444444444444,0.8090909090909091,0.6330541649476573,0.8194444444444444,0.6940836940836941,0.0,0.0,53,27,19,8956.09450340271,2.636194229125977,sonar,27
metacog,0.5714285714285714,0.5,0.3636363636363636,0.0,0.5,0.4285714285714285,0.1384304614570295,0.9437312700631776,1,1,1,23062.058210372925,1.2013912200927734,sonar,27
classic,0.7,0.6868686868686869,0.6875,0.3898193837652919,0.6868686868686869,0.5968253968253968,0.0,0.0,55,28,18,8215.487480163574,2.38037109375,sonar,28
metacog,0.55,0.5,0.3548387096774194,0.0,0.5,0.45,0.0085183115805643,0.980862311151068,1,1,1,23771.458625793457,1.1434555053710938,sonar,28
classic,0.55,0.5606060606060606,0.5488721804511278,0.1230914909793327,0.5606060606060606,0.4833333333333333,0.0,0.0,59,30,20,9604.564189910889,2.6907920837402344,sonar,29
metacog,0.55,0.5,0.3548387096774194,0.0,0.5,0.45,0.0759013205028616,0.8955371761032488,1,1,1,23091.35413169861,1.2841224670410156,sonar,29
classic,0.6666666666666666,0.6590909090909092,0.6541176470588235,0.337099931231621,0.6409090909090909,0.6064285714285714,0.0,0.0,53,27,21,9251.23929977417,1.4257431030273438,sonar,30
metacog,0.5238095238095238,0.5,0.34375,0.0,0.5,0.4761904761904761,0.0773119504057943,0.8912040413156139,1,1,1,23113.11674118042,2.7456283569335938,sonar,30
classic,0.4761904761904761,0.4909090909090909,0.4296296296296296,-0.023124864503144,0.5272727272727273,0.4952380952380952,0.0,0.0,61,31,21,9932.94882774353,2.5587081909179688,sonar,31
metacog,0.5238095238095238,0.5,0.34375,0.0,0.5,0.4761904761904761,0.0359850254406237,0.9373938901909536,1,1,1,23827.794075012207,1.185894012451172,sonar,31
classic,0.6666666666666666,0.6727272727272727,0.6636155606407322,0.3552798562032137,0.6727272727272727,0.5875457875457876,0.0,0.0,55,28,19,9017.536878585815,2.5517940521240234,sonar,32
metacog,0.5238095238095238,0.5,0.34375,0.0,0.5,0.4761904761904761,0.2262244431182147,0.92164094108225,1,1,1,23025.079011917114,1.1343955993652344,sonar,32
classic,0.6666666666666666,0.6727272727272727,0.6636155606407322,0.3552798562032137,0.6409090909090909,0.5651098901098901,0.0,0.0,55,28,19,9159.870147705078,2.409219741821289,sonar,33
metacog,0.5238095238095238,0.5,0.34375,0.0,0.5,0.4761904761904761,0.1106552248065844,0.9418030169753178,1,1,1,22952.13341712952,1.227617263793945,sonar,33
classic,0.7142857142857143,0.7136363636363636,0.7136363636363636,0.4272727272727272,0.7727272727272727,0.6676190476190476,0.0,0.0,57,29,21,9882.404088974,2.9494762420654297,sonar,34
metacog,0.5238095238095238,0.5,0.34375,0.0,0.5,0.4761904761904761,0.2230787269464104,0.9217159722603536,1,1,1,23407.63211250305,1.1777877807617188,sonar,34
classic,0.5714285714285714,0.5681818181818181,0.5675057208237986,0.137620470640795,0.6227272727272728,0.5629761904761905,0.0,0.0,59,30,20,9731.696128845217,2.785682678222656,sonar,35
metacog,0.5238095238095238,0.5,0.34375,0.0,0.5,0.4761904761904761,0.2743660427351152,0.8398986333024216,1,1,1,22881.442070007324,1.1677742004394531,sonar,35
classic,0.7142857142857143,0.7090909090909091,0.7083333333333333,0.4300756154038903,0.7090909090909091,0.6404761904761904,0.0,0.0,51,26,15,7952.5556564331055,2.2187232971191406,sonar,36
metacog,0.5238095238095238,0.5,0.34375,0.0,0.5,0.4761904761904761,0.1003153810465769,0.9049655101550456,1,1,1,23080.98030090332,1.2085437774658203,sonar,36
classic,0.6666666666666666,0.6527777777777778,0.6541176470588235,0.3113761843897638,0.5833333333333333,0.5345238095238095,0.0,0.0,51,26,21,9657.485485076904,3.522157669067383,sonar,37
metacog,0.5714285714285714,0.5,0.3636363636363636,0.0,0.5,0.4285714285714285,0.1162000827168844,0.9326624836246458,1,1,1,23307.374477386475,1.674652099609375,sonar,37
classic,0.65,0.6616161616161615,0.6491228070175439,0.3282439759448872,0.6616161616161615,0.5537037037037037,0.0,0.0,55,28,20,9013.111352920532,2.548694610595703,sonar,38
metacog,0.55,0.5,0.3548387096774194,0.0,0.5,0.45,0.0671148547981178,0.9898299061376736,1,1,1,23321.354389190677,1.3051033020019531,sonar,38
classic,0.55,0.5505050505050505,0.5488721804511278,0.1005037815259212,0.5202020202020202,0.4681286549707602,0.0,0.0,45,23,21,7868.923664093018,2.6717185974121094,sonar,39
metacog,0.55,0.5,0.3548387096774194,0.0,0.5,0.45,0.0247626770227447,0.8867745491192673,1,1,1,23050.257921218872,1.163482666015625,sonar,39
classic,0.7142857142857143,0.7090909090909091,0.7083333333333333,0.4300756154038903,0.6863636363636364,0.6397243107769424,0.0,0.0,57,29,21,9476.388454437256,2.9702186584472656,sonar,40
metacog,0.5238095238095238,0.5,0.34375,0.0,0.5,0.4761904761904761,0.0453310619897683,0.9646755410102102,1,1,1,23089.327335357662,1.197099685668945,sonar,40
classic,0.7142857142857143,0.7272727272727273,0.6971153846153846,0.533001790889026,0.7272727272727273,0.625,0.0,0.0,53,27,18,8956.618785858154,2.403736114501953,sonar,41
metacog,0.5238095238095238,0.5,0.34375,0.0,0.5,0.4761904761904761,0.1864974186949181,0.943104879710518,1,1,1,23267.457723617557,1.2297630310058594,sonar,41
classic,0.8095238095238095,0.8045454545454545,0.8055555555555556,0.6264144833056663,0.7363636363636363,0.7553571428571428,0.0,0.0,55,28,21,9342.484951019287,1.2760162353515625,sonar,42
metacog,0.5238095238095238,0.5,0.34375,0.0,0.5,0.4761904761904761,0.0847867984415812,0.897255502403695,1,1,1,23032.223224639893,1.2035369873046875,sonar,42
classic,0.6190476190476191,0.6090909090909091,0.5961538461538461,0.2412090756622109,0.5999999999999999,0.5323809523809524,0.0,0.0,49,25,19,8217.259883880615,2.629518508911133,sonar,43
metacog,0.5238095238095238,0.5,0.34375,0.0,0.5,0.4761904761904761,0.1539508998989395,0.9323970413832298,1,1,1,22749.17769432068,0.6475448608398438,sonar,43
classic,0.7142857142857143,0.7136363636363636,0.7136363636363636,0.4272727272727272,0.7136363636363636,0.6328571428571428,0.0,0.0,55,28,18,7255.234003067017,1.300334930419922,sonar,44
metacog,0.5238095238095238,0.5,0.34375,0.0,0.5,0.4761904761904761,0.0539381541869917,0.8317814140196802,1,1,1,16016.45541191101,0.6544589996337891,sonar,44
classic,0.5238095238095238,0.5181818181818182,0.5138888888888888,0.0373978796003382,0.5181818181818182,0.4857142857142857,0.0,0.0,51,26,18,6430.388689041138,1.27410888671875,sonar,45
metacog,0.5238095238095238,0.5,0.34375,0.0,0.5,0.4761904761904761,0.1054681896587695,0.9562342276286776,1,1,1,16291.972160339355,0.6232261657714844,sonar,45
classic,0.8095238095238095,0.8,0.7980769230769231,0.6633249580710799,0.8772727272727272,0.8716269841269841,0.0,0.0,55,28,17,6637.953281402588,1.1982917785644531,sonar,46
metacog,0.5238095238095238,0.5,0.34375,0.0,0.5,0.4761904761904761,0.051616680466243,0.8844778101454375,1,1,1,16069.243907928469,0.6148815155029297,sonar,46
classic,0.6190476190476191,0.6388888888888888,0.6181818181818182,0.2830692585361489,0.5833333333333333,0.4631479631479631,0.0,0.0,57,29,19,6656.790018081665,1.4109611511230469,sonar,47
metacog,0.5714285714285714,0.5,0.3636363636363636,0.0,0.5,0.4285714285714285,0.0490714679537846,0.8378041850430084,1,1,1,16050.45485496521,0.5695819854736328,sonar,47
classic,0.7,0.7171717171717171,0.696969696969697,0.4530333378893934,0.7171717171717171,0.5970085470085471,0.0,0.0,53,27,17,5698.388338088989,1.7466545104980469,sonar,48
metacog,0.55,0.5,0.3548387096774194,0.0,0.5,0.45,0.0317211993055373,0.989302661399402,1,1,1,16187.93511390686,1.1157989501953125,sonar,48
classic,0.75,0.7323232323232323,0.7333333333333334,0.5044296328024895,0.7272727272727273,0.6481481481481481,0.0,0.0,63,32,19,7288.978576660156,1.3527870178222656,sonar,49
metacog,0.55,0.5,0.3548387096774194,0.0,0.5,0.45,0.0789937029825827,0.8602592393159926,1,1,1,15964.590311050417,0.6124973297119141,sonar,49
classic,0.93,0.9295163290615958,0.9279167953866748,0.8560299646158385,0.9408846630839188,0.880796996147763,0.0,0.0,93,47,21,8037.984132766724,11.952638626098633,spambase,0
metacog,0.59,0.5,0.3710691823899371,0.0,0.5,0.41,0.2216098552067258,0.9979260220179796,1,1,1,19738.232612609863,4.156351089477539,spambase,0
classic,0.86,0.8441504754030591,0.8514431239388794,0.709750330066519,0.8799090533278213,0.8543586658082509,0.0,0.0,79,40,21,7869.308948516846,12.315511703491213,spambase,1
metacog,0.59,0.5,0.3710691823899371,0.0,0.5,0.41,0.0494879001523951,0.959662201911444,1,1,1,19088.844060897827,4.317283630371094,spambase,1
classic,0.93,0.9183546920214964,0.926090169992609,0.8573365453276998,0.9268292682926828,0.916057413255286,0.0,0.0,95,48,21,8133.272647857666,12.037277221679688,spambase,2
metacog,0.59,0.5,0.3710691823899371,0.0,0.5,0.41,0.1949598217742063,0.9944021048317542,1,1,1,19775.494813919067,4.775762557983398,spambase,2
classic,0.87,0.8452380952380952,0.8580631073261273,0.7510332699033224,0.819376026272578,0.8329606625258799,0.0,0.0,91,46,21,8453.225135803223,12.880325317382812,spambase,3
metacog,0.58,0.5,0.3670886075949367,0.0,0.5,0.42,0.2622974311422865,0.993285007083292,1,1,1,19157.82594680786,2.1152496337890625,spambase,3
classic,0.88,0.8735632183908046,0.8759818106655644,0.7527090282612888,0.8784893267651888,0.820843278585214,0.0,0.0,93,47,21,8114.989519119263,11.823892593383787,spambase,4
metacog,0.58,0.5,0.3670886075949367,0.0,0.5,0.42,0.1693168586077853,0.9972131637995068,1,1,1,19037.57667541504,4.503726959228516,spambase,4
classic,0.9,0.8875205254515599,0.8949138293400589,0.7969335501652227,0.889367816091954,0.8580846918346918,0.0,0.0,95,48,21,8191.274166107178,11.807680130004885,spambase,5
metacog,0.58,0.5,0.3670886075949367,0.0,0.5,0.42,0.0533436783510522,0.9932073767568984,1,1,1,19325.91271400452,4.111051559448242,spambase,5
classic,0.86,0.8497536945812808,0.8541666666666666,0.7112844353836953,0.8555008210180624,0.7946560550311951,0.0,0.0,75,38,21,7504.712104797363,11.099576950073242,spambase,6
metacog,0.58,0.5,0.3670886075949367,0.0,0.5,0.42,0.1142142116670994,0.9999510505691618,1,1,1,19605.244159698486,4.715442657470703,spambase,6
classic,0.91,0.9059934318555009,0.907321594068582,0.8148350673773477,0.9176929392446632,0.8812615751640142,0.0,0.0,75,38,21,7987.494468688965,12.241125106811523,spambase,7
metacog,0.58,0.5,0.3670886075949367,0.0,0.5,0.42,0.0751417809107153,0.9999661043057648,1,1,1,19184.44514274597,4.209756851196289,spambase,7
classic,0.9,0.8973727422003284,0.8973727422003284,0.7947454844006568,0.8669950738916256,0.825833936411444,0.0,0.0,93,47,21,8632.187366485596,10.37454605102539,spambase,8
metacog,0.58,0.5,0.3670886075949367,0.0,0.5,0.42,0.0659175416952738,0.9872759526084052,1,1,1,19467.970848083496,4.433155059814453,spambase,8
classic,0.88,0.8669950738916257,0.8738965952080706,0.7547230867030816,0.8897783251231527,0.8384619515822523,0.0,0.0,95,48,21,7897.571325302124,11.946678161621094,spambase,9
metacog,0.58,0.5,0.3670886075949367,0.0,0.5,0.42,0.0878146059075673,0.997834631855466,1,1,1,19862.887144088745,4.178524017333984,spambase,9
classic,0.92,0.90988011575031,0.9159310634720472,0.8350906924614013,0.923728813559322,0.8816417869232833,0.0,0.0,91,46,21,8382.701635360718,11.250972747802734,spambase,10
metacog,0.59,0.5,0.3710691823899371,0.0,0.5,0.41,0.2052673779644608,0.9965982921123304,1,1,1,19436.05065345764,4.520177841186523,spambase,10
classic,0.86,0.8478710210830922,0.8528793610760823,0.7087532200769231,0.8303017775940471,0.784212324731943,0.0,0.0,81,41,21,7572.089910507202,11.727333068847656,spambase,11
metacog,0.59,0.5,0.3710691823899371,0.0,0.5,0.41,0.0586250468081841,0.9958225429219196,1,1,1,19391.016006469727,3.310680389404297,spambase,11
classic,0.91,0.8976849937990905,0.904973075704783,0.8149780203609162,0.8774286895411325,0.8532620168306946,0.0,0.0,85,43,21,7624.821662902832,11.137008666992188,spambase,12
metacog,0.59,0.5,0.3710691823899371,0.0,0.5,0.41,0.0299950902666614,1.0,1,1,1,19594.02108192444,2.1283626556396484,spambase,12
classic,0.88,0.8669950738916257,0.8738965952080706,0.7547230867030816,0.835591133004926,0.8088847117794487,0.0,0.0,75,38,21,7397.477865219116,13.404130935668944,spambase,13
metacog,0.58,0.5,0.3670886075949367,0.0,0.5,0.42,0.1297680242718271,0.982256063581732,1,1,1,19226.57823562622,4.087686538696289,spambase,13
classic,0.93,0.9265188834154352,0.9279167953866748,0.8560299646158385,0.930623973727422,0.880665077327465,0.0,0.0,93,47,21,8062.6819133758545,11.817455291748049,spambase,14
metacog,0.58,0.5,0.3670886075949367,0.0,0.5,0.42,0.1299106460515063,0.999363712402314,1,1,1,18661.03982925415,3.9217472076416016,spambase,14
classic,0.92,0.9211822660098524,0.9184006527947776,0.8375646950454272,0.9328817733990148,0.8741075846469216,0.0,0.0,97,49,21,7970.056533813477,11.48700714111328,spambase,15
metacog,0.58,0.5,0.3670886075949367,0.0,0.5,0.42,0.1709351819672526,0.9975123918675796,1,1,1,19125.54216384888,4.029989242553711,spambase,15
classic,0.88,0.8702791461412152,0.875,0.7530264797137244,0.854679802955665,0.8234105534105535,0.0,0.0,91,46,21,7948.645830154419,12.02249526977539,spambase,16
metacog,0.58,0.5,0.3670886075949367,0.0,0.5,0.42,0.1604673511408571,0.9901454528117044,1,1,1,19414.85381126404,3.978729248046875,spambase,16
classic,0.89,0.8788998357963875,0.8849252013808976,0.7746792402350008,0.8774630541871922,0.8345948631917957,0.0,0.0,91,46,21,8112.903118133545,11.442184448242188,spambase,17
metacog,0.58,0.5,0.3670886075949367,0.0,0.5,0.42,0.1590805105175,0.996052165850725,1,1,1,19414.478302001957,4.472970962524414,spambase,17
classic,0.9,0.8940886699507389,0.8966515088879703,0.7940666671767442,0.8860837438423644,0.8429904028363592,0.0,0.0,91,46,21,7796.428442001343,11.636018753051758,spambase,18
metacog,0.58,0.5,0.3670886075949367,0.0,0.5,0.42,0.1076418763618824,0.9962308637419576,1,1,1,18518.58377456665,5.936861038208008,spambase,18
classic,0.89,0.888752052545156,0.8874680306905371,0.7751213103201221,0.9045566502463054,0.8357426303854875,0.0,0.0,87,44,21,7887.505531311035,5.400896072387695,spambase,19
metacog,0.58,0.5,0.3670886075949367,0.0,0.5,0.42,0.0337563024106956,0.9934029075384896,1,1,1,20116.267442703247,4.203081130981445,spambase,19
classic,0.91,0.8939644481190575,0.904,0.818075781367256,0.8943778420835056,0.886185909537114,0.0,0.0,89,45,21,7905.617713928223,13.366222381591797,spambase,20
metacog,0.59,0.5,0.3710691823899371,0.0,0.5,0.41,0.0860125398111836,0.992855560886608,1,1,1,18952.91638374329,4.1046142578125,spambase,20
classic,0.89,0.8695742042166185,0.8813504476324021,0.7793277393445387,0.8116990491938819,0.8291742345614945,0.0,0.0,93,47,21,8185.6935024261475,16.462087631225586,spambase,21
metacog,0.59,0.5,0.3710691823899371,0.0,0.5,0.41,0.1202320051801932,0.994448576280111,1,1,1,19367.014169692997,4.20069694519043,spambase,21
classic,0.85,0.8356758991318727,0.841621792841305,0.6879024454605653,0.805291442744936,0.7596147457752493,0.0,0.0,83,42,21,7292.926549911499,11.52968406677246,spambase,22
metacog,0.59,0.5,0.3710691823899371,0.0,0.5,0.41,0.0459225183074432,0.999926639871588,1,1,1,19439.647436141968,4.157543182373047,spambase,22
classic,0.89,0.882183908045977,0.8858802780371408,0.773470605423415,0.8932676518883416,0.8480852139284937,0.0,0.0,87,44,21,7785.860538482666,11.173248291015623,spambase,23
metacog,0.58,0.5,0.3670886075949367,0.0,0.5,0.42,0.2809851198805793,0.9951987874053192,1,1,1,19538.790225982662,4.131078720092773,spambase,23
classic,0.94,0.9384236453201972,0.9384236453201972,0.8768472906403941,0.9172824302134646,0.8922699606158253,0.0,0.0,91,46,21,7846.7113971710205,11.535406112670898,spambase,24
metacog,0.58,0.5,0.3670886075949367,0.0,0.5,0.42,0.273151978741886,0.993099858834364,1,1,1,18729.16007041931,4.122018814086914,spambase,24
classic,0.91,0.9027093596059113,0.9066293183940244,0.8150103801507734,0.9064039408866996,0.853064461311884,0.0,0.0,81,41,21,7327.994585037231,11.899471282958984,spambase,25
metacog,0.58,0.5,0.3670886075949367,0.0,0.5,0.42,0.12794933574255,0.9999542199647828,1,1,1,19194.523572921757,4.087686538696289,spambase,25
classic,0.85,0.8378489326765188,0.8430798200648604,0.6907486616613279,0.8310755336617406,0.7595190330241877,0.0,0.0,81,41,21,7557.908296585083,12.174129486083984,spambase,26
metacog,0.58,0.5,0.3670886075949367,0.0,0.5,0.42,0.0132802282788843,0.9999929368609142,1,1,1,18784.36231613159,5.551576614379883,spambase,26
classic,0.94,0.9417077175697866,0.9388004895960832,0.8783816879813642,0.9490968801313628,0.9045084763052362,0.0,0.0,91,46,21,8002.539157867432,11.603832244873049,spambase,27
metacog,0.58,0.5,0.3670886075949367,0.0,0.5,0.42,0.0647545806842779,0.9951764328857996,1,1,1,18850.64148902893,4.044771194458008,spambase,27
classic,0.9,0.8973727422003284,0.8973727422003284,0.7947454844006568,0.879720853858785,0.8264722342837844,0.0,0.0,99,50,21,7792.06919670105,12.259244918823242,spambase,28
metacog,0.58,0.5,0.3670886075949367,0.0,0.5,0.42,0.0960728892599901,0.9889309033897002,1,1,1,19257.816314697266,4.113435745239258,spambase,28
classic,0.87,0.8649425287356323,0.8661311914323963,0.7324452729003661,0.8682266009852215,0.7942736360214162,0.0,0.0,97,49,21,7795.123815536499,11.974334716796877,spambase,29
metacog,0.58,0.5,0.3670886075949367,0.0,0.5,0.42,0.1204323498439134,0.998302121825134,1,1,1,19536.77439689636,4.090070724487305,spambase,29
classic,0.86,0.8515915667631253,0.8541666666666666,0.7090700770450236,0.8790822653989251,0.8075475589418183,0.0,0.0,97,49,21,7998.927354812622,12.786388397216797,spambase,30
metacog,0.59,0.5,0.3710691823899371,0.0,0.5,0.41,0.0354618108874755,0.999027393801474,1,1,1,19654.040336608887,4.143953323364258,spambase,30
classic,0.86,0.8515915667631253,0.8541666666666666,0.7090700770450236,0.8627532038032244,0.7906803594351733,0.0,0.0,89,45,21,8102.85496711731,12.849092483520508,spambase,31
metacog,0.59,0.5,0.3710691823899371,0.0,0.5,0.41,0.0604815427402988,0.9954157881065312,1,1,1,19190.11068344116,4.641532897949219,spambase,31
classic,0.95,0.9464654816039686,0.9481273991077912,0.8964585137568516,0.9367507234394378,0.9110269576379976,0.0,0.0,95,48,21,7880.29146194458,11.552095413208008,spambase,32
metacog,0.59,0.5,0.3710691823899371,0.0,0.5,0.41,0.1707724558583355,0.9964983014834154,1,1,1,19196.41160964966,4.690408706665039,spambase,32
classic,0.87,0.8649425287356323,0.8661311914323963,0.7324452729003661,0.8454433497536945,0.7756108846224379,0.0,0.0,83,42,21,7438.812494277954,11.41643524169922,spambase,33
metacog,0.58,0.5,0.3670886075949367,0.0,0.5,0.42,0.1021716244678694,0.996179917159622,1,1,1,18751.277208328247,4.159927368164063,spambase,33
classic,0.89,0.8920361247947455,0.8881090428237208,0.7778701812482095,0.8805418719211824,0.8212265512265513,0.0,0.0,77,39,21,7608.194351196289,10.838508605957031,spambase,34
metacog,0.58,0.5,0.3670886075949367,0.0,0.5,0.42,0.1897036038818825,0.9931141997853916,1,1,1,19056.001663208008,3.4003257751464844,spambase,34
classic,0.91,0.9092775041050905,0.907928388746803,0.8160464059019659,0.9039408866995076,0.850869553375486,0.0,0.0,95,48,21,8048.496007919311,12.940168380737305,spambase,35
metacog,0.58,0.5,0.3670886075949367,0.0,0.5,0.42,0.1422789148625489,0.996354961413304,1,1,1,19249.536275863647,4.065036773681641,spambase,35
classic,0.87,0.8616584564860428,0.8651312376802573,0.7319308306960565,0.8622742200328407,0.7847205008859145,0.0,0.0,83,42,21,7705.091953277588,12.154340744018556,spambase,36
metacog,0.58,0.5,0.3670886075949367,0.0,0.5,0.42,0.1533595942846075,0.9944347641955212,1,1,1,18645.43986320496,2.2644996643066406,spambase,36
classic,0.89,0.888752052545156,0.8874680306905371,0.7751213103201221,0.9002463054187193,0.8623706590567055,0.0,0.0,95,48,21,8258.222579956055,9.04536247253418,spambase,37
metacog,0.58,0.5,0.3670886075949367,0.0,0.5,0.42,0.0834420050826935,0.9949173777904357,1,1,1,19025.02751350403,4.74095344543457,spambase,37
classic,0.92,0.9146141215106732,0.9173212071103762,0.8354243060921998,0.8922413793103448,0.8596285021285022,0.0,0.0,81,41,21,8142.428398132324,11.517047882080078,spambase,38
metacog,0.58,0.5,0.3670886075949367,0.0,0.5,0.42,0.0576188341861277,0.9999698092940495,1,1,1,18757.69019126892,4.629373550415039,spambase,38
classic,0.85,0.8312807881773399,0.8400000000000001,0.6954573752274348,0.8306650246305418,0.8006372549019609,0.0,0.0,81,41,21,8019.5159912109375,12.731313705444336,spambase,39
metacog,0.58,0.5,0.3670886075949367,0.0,0.5,0.42,0.0442823873604452,0.9990817301121676,1,1,1,19069.20981407165,4.125833511352539,spambase,39
classic,0.9,0.8929309632079372,0.8958333333333333,0.7924410443636625,0.8710210830921868,0.8461621599238064,0.0,0.0,89,45,21,7824.828147888184,5.336523056030273,spambase,40
metacog,0.59,0.5,0.3710691823899371,0.0,0.5,0.41,0.1189599137559162,0.9936390360759192,1,1,1,18699.195623397827,4.127025604248047,spambase,40
classic,0.9,0.9003720545680034,0.8973727422003284,0.7954997196198865,0.9096734187680858,0.8358221337315415,0.0,0.0,77,39,21,7481.557130813599,9.830951690673828,spambase,41
metacog,0.59,0.5,0.3710691823899371,0.0,0.5,0.41,0.1108037943430735,0.9999913945296224,1,1,1,19052.869081497192,2.6557445526123047,spambase,41
classic,0.84,0.8346424142207525,0.8346424142207525,0.6692848284415047,0.8185200496072758,0.7279056952315351,0.0,0.0,83,42,21,7694.806575775146,9.506940841674805,spambase,42
metacog,0.59,0.5,0.3710691823899371,0.0,0.5,0.41,0.183141285238,0.9962466035128708,1,1,1,18763.10682296753,4.122257232666016,spambase,42
classic,0.88,0.8735632183908046,0.8759818106655644,0.7527090282612888,0.8747947454844006,0.8098782265519449,0.0,0.0,95,48,21,8043.586492538452,12.386560440063477,spambase,43
metacog,0.58,0.5,0.3670886075949367,0.0,0.5,0.42,0.135485223277713,0.9951354162794336,1,1,1,18633.76379013061,4.159212112426758,spambase,43
classic,0.87,0.8550903119868637,0.862738887129131,0.7348805627632793,0.8058292282430212,0.7950026164311879,0.0,0.0,91,46,21,6202.034950256348,6.387710571289063,spambase,44
metacog,0.58,0.5,0.3670886075949367,0.0,0.5,0.42,0.217569465269094,0.9957479706128268,1,1,1,12780.46464920044,4.111289978027344,spambase,44
classic,0.88,0.8702791461412152,0.875,0.7530264797137244,0.8908045977011494,0.8261226236322513,0.0,0.0,87,44,21,6278.323173522949,5.459308624267578,spambase,45
metacog,0.58,0.5,0.3670886075949367,0.0,0.5,0.42,0.2964615227909402,0.9958041722400616,1,1,1,13337.572813034058,2.716541290283203,spambase,45
classic,0.93,0.9298029556650248,0.928388746803069,0.8569715014838097,0.9373973727422004,0.8904575288579827,0.0,0.0,79,40,21,6024.3566036224365,5.292177200317383,spambase,46
metacog,0.58,0.5,0.3670886075949367,0.0,0.5,0.42,0.0150099197355945,0.9999759701218726,1,1,1,13543.880701065063,4.105567932128906,spambase,46
classic,0.83,0.8173234811165846,0.8221571294068417,0.6487833723744915,0.8427750410509033,0.7959702528037947,0.0,0.0,93,47,21,5906.601428985596,6.54911994934082,spambase,47
metacog,0.58,0.5,0.3670886075949367,0.0,0.5,0.42,0.3494732587845545,0.9941347509227328,1,1,1,13517.078638076782,2.419710159301758,spambase,47
classic,0.92,0.9178981937602628,0.9178981937602628,0.8357963875205254,0.9295977011494252,0.8706953333291381,0.0,0.0,93,47,21,5765.097141265869,5.796909332275391,spambase,48
metacog,0.58,0.5,0.3670886075949367,0.0,0.5,0.42,0.3779248958323156,0.9962002726517624,1,1,1,13040.704727172852,3.852605819702149,spambase,48
classic,0.9,0.8875205254515599,0.8949138293400589,0.7969335501652227,0.8932676518883416,0.8587901195068048,0.0,0.0,85,43,21,5774.330854415894,5.921125411987305,spambase,49
metacog,0.58,0.5,0.3670886075949367,0.0,0.5,0.42,0.0440047572911491,0.997072815110274,1,1,1,12885.25652885437,2.7871131896972656,spambase,49
classic,0.9,0.5454545454545454,0.5567375886524822,0.2858782161229274,0.6118488253319714,0.2058516196447231,0.0,0.0,41,21,21,6402.531385421753,12.44497299194336,synthetic_imbalanced,0
metacog,0.89,0.5,0.4708994708994709,0.0,0.5,0.11,0.1554502851888247,0.1368545606283028,1,1,1,11124.159336090088,4.221916198730469,synthetic_imbalanced,0
classic,0.86,0.4831460674157303,0.4623655913978494,-0.0618267046741558,0.4902962206332993,0.1121450459652706,0.0,0.0,43,22,21,6842.126131057739,14.149665832519531,synthetic_imbalanced,1
metacog,0.89,0.5,0.4708994708994709,0.0,0.5,0.11,0.0901516193033019,0.3355009271032026,1,1,1,11734.85016822815,4.023551940917969,synthetic_imbalanced,1
classic,0.89,0.5,0.4708994708994709,0.0,0.4044943820224719,0.0953728294177732,0.0,0.0,41,21,21,6441.346883773804,13.466596603393556,synthetic_imbalanced,2
metacog,0.89,0.5,0.4708994708994709,0.0,0.5,0.11,0.1539503567921095,0.9904206920703048,1,1,1,11318.761825561523,4.090309143066406,synthetic_imbalanced,2
classic,0.88,0.5342185903983656,0.5391705069124424,0.1255269458535891,0.5357507660878447,0.1312121212121212,0.0,0.0,41,21,21,6472.03254699707,13.393640518188477,synthetic_imbalanced,3
metacog,0.89,0.5,0.4708994708994709,0.0,0.5,0.11,0.167629504915462,0.9589551120679146,1,1,1,11499.395847320557,3.948211669921875,synthetic_imbalanced,3
classic,0.87,0.4887640449438202,0.46524064171123,-0.0502230749507608,0.4412665985699693,0.1018294051627384,0.0,0.0,43,22,21,6389.543056488037,13.706684112548828,synthetic_imbalanced,4
metacog,0.89,0.5,0.4708994708994709,0.0,0.5,0.11,0.3514658385381792,0.2105793185252771,1,1,1,11471.672534942629,4.271030426025391,synthetic_imbalanced,4
classic,0.88,0.4943820224719101,0.4680851063829787,-0.0353332626668786,0.4943820224719101,0.1099000999000999,0.0,0.0,41,21,21,6648.230314254761,17.152786254882812,synthetic_imbalanced,5
metacog,0.89,0.5,0.4708994708994709,0.0,0.5,0.11,0.1577343484172564,0.1529436077431998,1,1,1,11443.338871002195,3.741741180419922,synthetic_imbalanced,5
classic,0.87,0.4887640449438202,0.46524064171123,-0.0502230749507608,0.4790602655771194,0.1099000999000999,0.0,0.0,41,21,21,6659.028291702271,19.477367401123047,synthetic_imbalanced,6
metacog,0.89,0.5,0.4708994708994709,0.0,0.5,0.11,0.179202356862306,0.3314395360826052,1,1,1,11274.200201034546,4.149675369262695,synthetic_imbalanced,6
classic,0.88,0.5,0.4680851063829787,0.0,0.4796401515151515,0.1423118279569892,0.0,0.0,41,21,21,6685.571908950806,13.463020324707031,synthetic_imbalanced,7
metacog,0.88,0.5,0.4680851063829787,0.0,0.5,0.12,0.1301937529671961,0.8842483866597656,1,1,1,11719.796657562256,4.593372344970703,synthetic_imbalanced,7
classic,0.88,0.5,0.4680851063829787,0.0,0.4526515151515152,0.1125925925925925,0.0,0.0,43,22,21,6446.92325592041,9.554386138916016,synthetic_imbalanced,8
metacog,0.88,0.5,0.4680851063829787,0.0,0.5,0.12,0.1456096617417236,0.1142399201320606,1,1,1,11185.73546409607,4.155158996582031,synthetic_imbalanced,8
classic,0.87,0.4943181818181818,0.46524064171123,-0.0371134809512602,0.4810606060606061,0.1180392156862745,0.0,0.0,47,24,21,6333.021402359009,9.094953536987305,synthetic_imbalanced,9
metacog,0.88,0.5,0.4680851063829787,0.0,0.5,0.12,0.2295363003022956,0.9778748614531604,1,1,1,11170.310735702516,3.997802734375,synthetic_imbalanced,9
classic,0.89,0.5,0.4708994708994709,0.0,0.517364657814096,0.1157082452431289,0.0,0.0,47,24,21,6418.705224990845,13.322830200195312,synthetic_imbalanced,10
metacog,0.89,0.5,0.4708994708994709,0.0,0.5,0.11,0.2006033458250594,0.3624990085035702,1,1,1,11330.729246139526,5.750894546508789,synthetic_imbalanced,10
classic,0.9,0.5454545454545454,0.5567375886524822,0.2858782161229274,0.50561797752809,0.1852892561983471,0.0,0.0,45,23,21,6922.461271286011,13.522863388061523,synthetic_imbalanced,11
metacog,0.89,0.5,0.4708994708994709,0.0,0.5,0.11,0.2044958763955774,0.2828993620298858,1,1,1,11501.701354980469,4.175424575805664,synthetic_imbalanced,11
classic,0.89,0.5,0.4708994708994709,0.0,0.5725229826353422,0.1265501165501165,0.0,0.0,47,24,21,6454.031944274902,13.46731185913086,synthetic_imbalanced,12
metacog,0.89,0.5,0.4708994708994709,0.0,0.5,0.11,0.1828565533083647,0.1766856434625579,1,1,1,11783.00142288208,4.015445709228516,synthetic_imbalanced,12
classic,0.86,0.4831460674157303,0.4623655913978494,-0.0618267046741558,0.3861082737487232,0.0943237250554323,0.0,0.0,41,21,21,6409.24072265625,12.707948684692385,synthetic_imbalanced,13
metacog,0.89,0.5,0.4708994708994709,0.0,0.5,0.11,0.1507113056699291,0.99799101754522,1,1,1,11713.058710098268,4.167795181274414,synthetic_imbalanced,13
classic,0.89,0.5,0.4708994708994709,0.0,0.5020429009193055,0.115187165775401,0.0,0.0,41,21,21,7039.433717727661,13.661384582519531,synthetic_imbalanced,14
metacog,0.89,0.5,0.4708994708994709,0.0,0.5,0.11,0.2154222399311985,0.1518715472007336,1,1,1,11671.875953674316,4.035234451293945,synthetic_imbalanced,14
classic,0.89,0.5,0.4708994708994709,0.0,0.4719101123595505,0.1056236786469344,0.0,0.0,45,23,21,6475.947141647339,13.28420639038086,synthetic_imbalanced,15
metacog,0.89,0.5,0.4708994708994709,0.0,0.5,0.11,0.226204196857916,0.9767641381459152,3,2,2,22941.385507583615,4.855155944824219,synthetic_imbalanced,15
classic,0.88,0.4943820224719101,0.4680851063829787,-0.0353332626668786,0.4846782431052094,0.111010101010101,0.0,0.0,41,21,21,7157.793283462524,15.16103744506836,synthetic_imbalanced,16
metacog,0.89,0.5,0.4708994708994709,0.0,0.5,0.11,0.1867811345024893,0.1279078050877102,1,1,1,11658.419847488403,4.029750823974609,synthetic_imbalanced,16
classic,0.84,0.4772727272727273,0.4565217391304347,-0.0753778361444409,0.4327651515151516,0.1115750915750915,0.0,0.0,49,25,21,6921.218633651733,14.48369026184082,synthetic_imbalanced,17
metacog,0.88,0.5,0.4680851063829787,0.0,0.5,0.12,0.1730110124389064,0.9906136858870148,1,1,1,11584.452390670776,3.33857536315918,synthetic_imbalanced,17
classic,0.88,0.5,0.4680851063829787,0.0,0.5440340909090908,0.1314859437751004,0.0,0.0,41,21,21,6394.087553024292,13.94200325012207,synthetic_imbalanced,18
metacog,0.88,0.5,0.4680851063829787,0.0,0.5,0.12,0.1822329288948634,0.366108989870656,1,1,1,11806.541442871094,5.19251823425293,synthetic_imbalanced,18
classic,0.87,0.4943181818181818,0.46524064171123,-0.0371134809512602,0.4696969696969697,0.1157854406130268,0.0,0.0,47,24,21,6609.980583190918,13.84592056274414,synthetic_imbalanced,19
metacog,0.88,0.5,0.4680851063829787,0.0,0.5,0.12,0.2407157054308722,0.3918401708132286,1,1,1,11810.143947601318,4.057407379150391,synthetic_imbalanced,19
classic,0.88,0.4943820224719101,0.4680851063829787,-0.0353332626668786,0.3447395301327886,0.0894949494949494,0.0,0.0,41,21,21,6534.284353256226,24.71494674682617,synthetic_imbalanced,20
metacog,0.89,0.5,0.4708994708994709,0.0,0.5,0.11,0.1012057660569133,0.9749829438581225,1,1,1,11928.53045463562,4.02379035949707,synthetic_imbalanced,20
classic,0.89,0.5,0.4708994708994709,0.0,0.4325842696629214,0.0991788856304985,0.0,0.0,43,22,21,6379.616022109985,13.911724090576172,synthetic_imbalanced,21
metacog,0.89,0.5,0.4708994708994709,0.0,0.5,0.11,0.2005497807673552,0.1410905549538791,1,1,1,11472.233057022097,4.037380218505859,synthetic_imbalanced,21
classic,0.89,0.5,0.4708994708994709,0.0,0.5163432073544433,0.1133057851239669,0.0,0.0,41,21,21,6352.053642272949,13.528108596801758,synthetic_imbalanced,22
metacog,0.89,0.5,0.4708994708994709,0.0,0.5,0.11,0.1022131703959014,0.2730828680193735,1,1,1,11245.461702346802,4.449605941772461,synthetic_imbalanced,22
classic,0.88,0.4943820224719101,0.4680851063829787,-0.0353332626668786,0.550561797752809,0.1222222222222222,0.0,0.0,41,21,21,6370.34010887146,13.957023620605469,synthetic_imbalanced,23
metacog,0.89,0.5,0.4708994708994709,0.0,0.5,0.11,0.229196743425728,0.9877058375390384,1,1,1,11324.629783630371,4.091739654541016,synthetic_imbalanced,23
classic,0.89,0.5,0.4708994708994709,0.0,0.3539325842696629,0.0900510725229826,0.0,0.0,51,26,21,6262.2246742248535,6.077766418457031,synthetic_imbalanced,24
metacog,0.89,0.5,0.4708994708994709,0.0,0.5,0.11,0.1404150240738156,0.144640750910439,1,1,1,11839.863061904907,3.979921340942383,synthetic_imbalanced,24
classic,0.87,0.4887640449438202,0.46524064171123,-0.0502230749507608,0.501532175689479,0.1144932079414838,0.0,0.0,45,23,21,6208.359003067017,13.237476348876951,synthetic_imbalanced,25
metacog,0.89,0.5,0.4708994708994709,0.0,0.5,0.11,0.2075928383638684,0.3846119422303979,1,1,1,11632.558584213257,4.090785980224609,synthetic_imbalanced,25
classic,0.88,0.5342185903983656,0.5391705069124424,0.1255269458535891,0.575076608784474,0.1401931401931402,0.0,0.0,43,22,21,6430.616140365601,13.741493225097656,synthetic_imbalanced,26
metacog,0.89,0.5,0.4708994708994709,0.0,0.5,0.11,0.002364627081925,1.0,1,1,1,11709.326267242432,4.365682601928711,synthetic_imbalanced,26
classic,0.88,0.5,0.4680851063829787,0.0,0.4105113636363636,0.105,0.0,0.0,49,25,21,6376.925468444824,13.056516647338867,synthetic_imbalanced,27
metacog,0.88,0.5,0.4680851063829787,0.0,0.5,0.12,0.210741937417785,0.0613302068057519,1,1,1,11681.767463684082,4.234790802001953,synthetic_imbalanced,27
classic,0.87,0.4943181818181818,0.46524064171123,-0.0371134809512602,0.378314393939394,0.1023504273504273,0.0,0.0,47,24,21,6079.053640365601,12.894630432128906,synthetic_imbalanced,28
metacog,0.88,0.5,0.4680851063829787,0.0,0.5,0.12,0.2190046600846505,0.9593895467810902,1,1,1,11220.859050750732,4.825115203857422,synthetic_imbalanced,28
classic,0.88,0.5,0.4680851063829787,0.0,0.5227272727272727,0.1276595744680851,0.0,0.0,41,21,21,6406.800270080566,10.864734649658203,synthetic_imbalanced,29
metacog,0.88,0.5,0.4680851063829787,0.0,0.5,0.12,0.1730110124389064,0.138319066000414,1,1,1,11215.518236160278,4.275798797607422,synthetic_imbalanced,29
classic,0.86,0.4831460674157303,0.4623655913978494,-0.0618267046741558,0.4902962206332993,0.1121450459652706,0.0,0.0,43,22,21,6337.410926818848,14.824628829956056,synthetic_imbalanced,30
metacog,0.89,0.5,0.4708994708994709,0.0,0.5,0.11,0.3855527144886816,0.2333844010271082,1,1,1,11479.99119758606,4.619359970092773,synthetic_imbalanced,30
classic,0.89,0.5398365679264555,0.5475113122171946,0.1780636293708795,0.5265577119509705,0.1453646353646353,0.0,0.0,43,22,21,6366.375684738159,12.05897331237793,synthetic_imbalanced,31
metacog,0.89,0.5,0.4708994708994709,0.0,0.5,0.11,0.079908857120309,0.3393182930738943,1,1,1,11251.49631500244,5.263566970825195,synthetic_imbalanced,31
classic,0.87,0.4887640449438202,0.46524064171123,-0.0502230749507608,0.5010214504596527,0.1133057851239669,0.0,0.0,41,21,21,6422.090768814087,13.695001602172852,synthetic_imbalanced,32
metacog,0.89,0.5,0.4708994708994709,0.0,0.5,0.11,0.1709351819672527,0.9866202062934754,1,1,1,11400.724172592165,2.8395652770996094,synthetic_imbalanced,32
classic,0.86,0.4831460674157303,0.4623655913978494,-0.0618267046741558,0.5010214504596527,0.1133057851239669,0.0,0.0,41,21,21,6735.417604446411,18.30768585205078,synthetic_imbalanced,33
metacog,0.89,0.5,0.4708994708994709,0.0,0.5,0.11,0.1666718200978136,0.1068461222985482,1,1,1,11348.597526550291,5.088567733764648,synthetic_imbalanced,33
classic,0.89,0.5,0.4708994708994709,0.0,0.4596527068437182,0.1027374872318692,0.0,0.0,41,21,21,6420.25899887085,14.734745025634766,synthetic_imbalanced,34
metacog,0.89,0.5,0.4708994708994709,0.0,0.5,0.11,0.1040968405512473,0.1145035556871846,1,1,1,11023.009300231934,4.009008407592773,synthetic_imbalanced,34
classic,0.89,0.5,0.4708994708994709,0.0,0.3953013278855974,0.0949943883277216,0.0,0.0,41,21,21,6228.6365032196045,11.873006820678713,synthetic_imbalanced,35
metacog,0.89,0.5,0.4708994708994709,0.0,0.5,0.11,0.0761438677328142,0.9685542438629342,1,1,1,11027.041673660278,4.032373428344727,synthetic_imbalanced,35
classic,0.89,0.5,0.4708994708994709,0.0,0.550561797752809,0.1208791208791208,0.0,0.0,41,21,21,6686.948776245117,13.744115829467772,synthetic_imbalanced,36
metacog,0.89,0.5,0.4708994708994709,0.0,0.5,0.11,0.1669599137559162,0.0615881663556792,1,1,1,11185.580015182495,4.009246826171875,synthetic_imbalanced,36
classic,0.88,0.5,0.4680851063829787,0.0,0.3380681818181817,0.0984615384615384,0.0,0.0,41,21,21,6458.179950714111,12.770891189575195,synthetic_imbalanced,37
metacog,0.88,0.5,0.4680851063829787,0.0,0.5,0.12,0.1425901674637597,0.9757763221234462,1,1,1,11147.04203605652,4.213094711303711,synthetic_imbalanced,37
classic,0.85,0.4829545454545454,0.4594594594594595,-0.0649417589266228,0.4161931818181818,0.1084883720930232,0.0,0.0,41,21,21,6340.131998062134,12.980937957763672,synthetic_imbalanced,38
metacog,0.88,0.5,0.4680851063829787,0.0,0.5,0.12,0.1210247892205741,0.9561571642033744,1,1,1,11239.583015441896,4.755973815917969,synthetic_imbalanced,38
classic,0.86,0.4886363636363636,0.4623655913978494,-0.0527534961339997,0.4247159090909091,0.1084883720930232,0.0,0.0,47,24,21,6311.216831207275,14.138221740722656,synthetic_imbalanced,39
metacog,0.88,0.5,0.4680851063829787,0.0,0.5,0.12,0.2127619866894514,0.3612755306735093,1,1,1,11294.609308242798,2.189874649047852,synthetic_imbalanced,39
classic,0.88,0.4943820224719101,0.4680851063829787,-0.0353332626668786,0.4392236976506639,0.1009190809190809,0.0,0.0,41,21,21,6848.174571990967,15.761375427246094,synthetic_imbalanced,40
metacog,0.89,0.5,0.4708994708994709,0.0,0.5,0.11,0.0839843025009766,0.9630440634344152,1,1,1,11144.155740737917,4.022836685180664,synthetic_imbalanced,40
classic,0.88,0.4943820224719101,0.4680851063829787,-0.0353332626668786,0.550561797752809,0.125,0.0,0.0,47,24,21,6446.662902832031,13.333559036254885,synthetic_imbalanced,41
metacog,0.89,0.5,0.4708994708994709,0.0,0.5,0.11,0.0742902430942078,0.9633652552369968,1,1,1,11349.971055984495,4.129171371459961,synthetic_imbalanced,41
classic,0.89,0.5,0.4708994708994709,0.0,0.4831460674157303,0.1077517106549364,0.0,0.0,41,21,21,6736.966609954834,17.746686935424805,synthetic_imbalanced,42
metacog,0.89,0.5,0.4708994708994709,0.0,0.5,0.11,0.1972911393274729,0.85809721285822,1,1,1,11182.95168876648,4.078388214111328,synthetic_imbalanced,42
classic,0.87,0.4887640449438202,0.46524064171123,-0.0502230749507608,0.4570990806945864,0.1046394984326018,0.0,0.0,41,21,21,6203.20987701416,12.966156005859377,synthetic_imbalanced,43
metacog,0.89,0.5,0.4708994708994709,0.0,0.5,0.11,0.190996292005619,0.3514173956923457,1,1,1,8691.879749298096,2.168893814086914,synthetic_imbalanced,43
classic,0.88,0.4943820224719101,0.4680851063829787,-0.0353332626668786,0.367211440245148,0.0917970401691332,0.0,0.0,45,23,21,5130.300521850586,5.861759185791016,synthetic_imbalanced,44
metacog,0.89,0.5,0.4708994708994709,0.0,0.5,0.11,0.1748858760179456,0.9276247349020096,1,1,1,8116.075277328491,2.0275115966796875,synthetic_imbalanced,44
classic,0.87,0.4887640449438202,0.46524064171123,-0.0502230749507608,0.4284984678243105,0.0992640692640692,0.0,0.0,41,21,21,5238.776445388794,7.943868637084961,synthetic_imbalanced,45
metacog,0.89,0.5,0.4708994708994709,0.0,0.5,0.11,0.5056848213626358,0.1337803335777112,1,1,1,8123.78191947937,2.465486526489258,synthetic_imbalanced,45
classic,0.87,0.4887640449438202,0.46524064171123,-0.0502230749507608,0.4341164453524004,0.1000985761226725,0.0,0.0,49,25,21,4978.3477783203125,10.644912719726562,synthetic_imbalanced,46
metacog,0.89,0.5,0.4708994708994709,0.0,0.5,0.11,0.1676295049154621,0.9647575973155548,1,1,1,7816.072940826416,3.7488937377929688,synthetic_imbalanced,46
classic,0.87,0.4943181818181818,0.46524064171123,-0.0371134809512602,0.4275568181818182,0.1075862068965517,0.0,0.0,45,23,21,4832.555532455444,8.507490158081055,synthetic_imbalanced,47
metacog,0.88,0.5,0.4680851063829787,0.0,0.5,0.12,0.2568035138463925,0.3762533476545101,1,1,1,7902.292013168335,4.01616096496582,synthetic_imbalanced,47
classic,0.85,0.4829545454545454,0.4594594594594595,-0.0649417589266228,0.5454545454545454,0.1363636363636363,0.0,0.0,41,21,21,5037.677526473999,6.382942199707031,synthetic_imbalanced,48
metacog,0.88,0.5,0.4680851063829787,0.0,0.5,0.12,0.1155201037839676,0.3719420728080598,1,1,1,8060.042381286621,1.9724369049072263,synthetic_imbalanced,48
classic,0.88,0.5,0.4680851063829787,0.0,0.4526515151515152,0.1125925925925925,0.0,0.0,41,21,21,4809.065341949463,10.31804084777832,synthetic_imbalanced,49
metacog,0.88,0.5,0.4680851063829787,0.0,0.5,0.12,0.1797089509135969,0.3935010124511316,1,1,1,8076.46107673645,1.9907951354980469,synthetic_imbalanced,49
classic,0.52,0.4917703733440385,0.36,-0.0481560102763387,0.5174628663187475,0.5437168977686387,0.0,0.0,41,21,21,5328.86528968811,14.80722427368164,synthetic_noise_20,0
metacog,0.53,0.5,0.3464052287581699,0.0,0.5,0.53,0.0229021342283911,0.9897783584349438,1,1,1,9051.663160324097,4.019260406494141,synthetic_noise_20,0
classic,0.55,0.5236852669610598,0.4224104736234116,0.099553284164618,0.5668406262545163,0.5852348454435969,0.0,0.0,41,21,21,5330.358028411865,13.428449630737305,synthetic_noise_20,1
metacog,0.53,0.5,0.3464052287581699,0.0,0.5,0.53,0.3678258323669676,0.0665964422344046,1,1,1,9020.235776901243,4.004240036010742,synthetic_noise_20,1
classic,0.54,0.5588117221999197,0.5008680555555556,0.1496447367748491,0.5808912083500603,0.578201718405941,0.0,0.0,85,43,21,5171.120643615723,13.79680633544922,synthetic_noise_20,2
metacog,0.53,0.5,0.3464052287581699,0.0,0.5,0.53,0.0156475238185921,0.9988455493962666,1,1,1,8906.270503997803,4.000186920166016,synthetic_noise_20,2
classic,0.54,0.5106382978723404,0.3695175438596491,0.1067262889460833,0.509233239662786,0.5346864875166762,0.0,0.0,41,21,21,5459.826946258545,15.68913459777832,synthetic_noise_20,3
metacog,0.53,0.5,0.3464052287581699,0.0,0.5,0.53,0.1883432691134486,0.014121916565737,1,1,1,8905.226707458496,4.024505615234375,synthetic_noise_20,3
classic,0.53,0.5240384615384616,0.5160127690248172,0.0503579746698443,0.5228365384615384,0.5318119792295616,0.0,0.0,41,21,21,5389.025449752808,14.387130737304688,synthetic_noise_20,4
metacog,0.52,0.5,0.3421052631578947,0.0,0.5,0.52,0.068759184416522,0.993246089870053,1,1,1,9106.059789657593,3.9632320404052734,synthetic_noise_20,4
classic,0.53,0.5112179487179487,0.3814975654691407,0.0657081503208844,0.470352564102564,0.5256621728786677,0.0,0.0,41,21,21,5349.506855010986,13.019800186157228,synthetic_noise_20,5
metacog,0.52,0.5,0.3421052631578947,0.0,0.5,0.52,0.0640035184638748,0.136057656783277,1,1,1,8866.918325424194,3.987550735473633,synthetic_noise_20,5
classic,0.62,0.6282051282051282,0.6072757337742869,0.2795426231258449,0.6530448717948717,0.6312532411408815,0.0,0.0,59,30,21,5252.161026000977,13.82899284362793,synthetic_noise_20,6
metacog,0.52,0.5,0.3421052631578947,0.0,0.5,0.52,0.0656620919999526,0.1800613668215646,1,1,1,8967.509746551514,4.021167755126953,synthetic_noise_20,6
classic,0.52,0.500801282051282,0.36,0.0057188626358959,0.5282451923076923,0.5419073783359498,0.0,0.0,41,21,21,5372.225046157837,14.796018600463867,synthetic_noise_20,7
metacog,0.52,0.5,0.3421052631578947,0.0,0.5,0.52,0.1035294132064223,0.0083733830017105,1,1,1,8864.807844161987,4.029512405395508,synthetic_noise_20,7
classic,0.58,0.592948717948718,0.5384615384615385,0.2417422229188384,0.600761217948718,0.6020565688606925,0.0,0.0,45,23,21,5332.659482955933,18.897056579589844,synthetic_noise_20,8
metacog,0.52,0.5,0.3421052631578947,0.0,0.5,0.52,0.0636746207511742,0.9767956978191308,1,1,1,9016.613245010376,3.5614967346191406,synthetic_noise_20,8
classic,0.51,0.4911858974358974,0.3551783129359126,-0.0516278323949806,0.5166266025641026,0.529815442289669,0.0,0.0,41,21,21,5245.212078094482,15.009403228759766,synthetic_noise_20,9
metacog,0.52,0.5,0.3421052631578947,0.0,0.5,0.52,0.0880463711238351,0.9965883437682108,1,1,1,9018.528938293455,4.031896591186523,synthetic_noise_20,9
classic,0.54,0.5118426334805299,0.3866666666666666,0.0692976733244874,0.5285026093938177,0.5480762497568566,0.0,0.0,41,21,21,5427.210807800293,14.386892318725586,synthetic_noise_20,10
metacog,0.53,0.5,0.3464052287581699,0.0,0.5,0.53,0.0432019198559305,0.2257471115105529,1,1,1,8931.854963302612,4.628419876098633,synthetic_noise_20,10
classic,0.51,0.4811320754716981,0.3377483443708609,-0.1345280831640731,0.4811320754716981,0.5207701193685021,0.0,0.0,41,21,21,5282.629489898682,16.286373138427734,synthetic_noise_20,11
metacog,0.53,0.5,0.3464052287581699,0.0,0.5,0.53,0.0362080558201512,0.9948314618470708,1,1,1,9149.39546585083,4.149436950683594,synthetic_noise_20,11
classic,0.55,0.5236852669610598,0.4224104736234116,0.099553284164618,0.5236852669610599,0.5420794861501405,0.0,0.0,41,21,21,5340.857267379761,13.425350189208984,synthetic_noise_20,12
metacog,0.53,0.5,0.3464052287581699,0.0,0.5,0.53,0.0546948677744902,0.9892035265785796,1,1,1,8774.04499053955,3.0088424682617188,synthetic_noise_20,12
classic,0.56,0.5764753111200321,0.5331069609507639,0.1813964699731679,0.5758731433159374,0.5780695440472094,0.0,0.0,49,25,21,5605.1185131073,19.576311111450195,synthetic_noise_20,13
metacog,0.53,0.5,0.3464052287581699,0.0,0.5,0.53,0.0248176877226814,0.1875273383424188,1,1,1,9000.349760055542,4.112720489501953,synthetic_noise_20,13
classic,0.62,0.6314102564102564,0.5924495924495925,0.3169734648125207,0.6278044871794871,0.6291504240440411,0.0,0.0,67,34,21,5051.753759384155,13.422250747680664,synthetic_noise_20,14
metacog,0.52,0.5,0.3421052631578947,0.0,0.5,0.52,0.0650324422776282,0.1139198655847423,1,1,1,8833.817720413208,4.017829895019531,synthetic_noise_20,14
classic,0.53,0.5104166666666666,0.3647790241924584,0.1046076524101413,0.4989983974358974,0.5215617715617715,0.0,0.0,41,21,21,5142.7929401397705,9.734630584716797,synthetic_noise_20,15
metacog,0.52,0.5,0.3421052631578947,0.0,0.5,0.52,0.0602130975742343,0.9965089913529288,1,1,1,9025.66647529602,5.011081695556641,synthetic_noise_20,15
classic,0.54,0.5208333333333334,0.3866666666666666,0.1486904285332952,0.5540865384615384,0.553414442700157,0.0,0.0,41,21,21,5207.599878311157,9.598255157470703,synthetic_noise_20,16
metacog,0.52,0.5,0.3421052631578947,0.0,0.5,0.52,0.0387589199796069,0.9569422122156844,1,1,1,9103.492021560667,5.23829460144043,synthetic_noise_20,16
classic,0.49,0.4711538461538461,0.3288590604026846,-0.1689638151108457,0.4805689102564102,0.512223103357124,0.0,0.0,41,21,21,5657.602071762085,14.073610305786133,synthetic_noise_20,17
metacog,0.52,0.5,0.3421052631578947,0.0,0.5,0.52,0.1558857913822609,0.9053523249065464,1,1,1,9414.13712501526,4.595518112182617,synthetic_noise_20,17
classic,0.55,0.5328525641025641,0.4357366771159875,0.1286563017181778,0.5272435897435898,0.5340612076095946,0.0,0.0,43,22,21,5301.013946533203,14.901399612426758,synthetic_noise_20,18
metacog,0.52,0.5,0.3421052631578947,0.0,0.5,0.52,0.331624540638019,0.0653048626594699,1,1,1,9130.65242767334,4.056215286254883,synthetic_noise_20,18
classic,0.51,0.4911858974358974,0.3551783129359126,-0.0516278323949806,0.4899839743589744,0.5150436161776367,0.0,0.0,41,21,21,5285.433053970337,15.216588973999023,synthetic_noise_20,19
metacog,0.52,0.5,0.3421052631578947,0.0,0.5,0.52,0.0820342846604818,0.0161441210465551,1,1,1,9416.112661361694,4.183053970336914,synthetic_noise_20,19
classic,0.64,0.6567643516659976,0.6179966044142615,0.3718389581339741,0.6527498996386993,0.6552228267784724,0.0,0.0,69,35,21,5436.313152313232,15.097618103027344,synthetic_noise_20,20
metacog,0.53,0.5,0.3464052287581699,0.0,0.5,0.53,0.049139409705275,0.9948558851987132,1,1,1,9383.090496063232,4.478931427001953,synthetic_noise_20,20
classic,0.52,0.4917703733440385,0.36,-0.0481560102763387,0.4969891609795263,0.5287423544922086,0.0,0.0,41,21,21,5654.17742729187,14.460325241088867,synthetic_noise_20,21
metacog,0.53,0.5,0.3464052287581699,0.0,0.5,0.53,0.0218973178727591,0.996023227901354,1,1,1,9228.13320159912,4.088401794433594,synthetic_noise_20,21
classic,0.56,0.5740666399036531,0.5416666666666666,0.166531421913322,0.5519871537535126,0.551085078443569,0.0,0.0,93,47,21,5119.086980819702,15.562772750854492,synthetic_noise_20,22
metacog,0.53,0.5,0.3464052287581699,0.0,0.5,0.53,0.1059923860295687,0.0062067985545832,1,1,1,9079.065322875977,4.041671752929688,synthetic_noise_20,22
classic,0.55,0.5224809313528703,0.4078168180023687,0.1145158356844488,0.5104375752709756,0.5375157232704403,0.0,0.0,41,21,21,5297.176361083984,13.594388961791992,synthetic_noise_20,23
metacog,0.53,0.5,0.3464052287581699,0.0,0.5,0.53,0.0585551672754563,0.9965400643463852,1,1,1,9281.196355819702,4.163026809692383,synthetic_noise_20,23
classic,0.53,0.5104166666666666,0.3647790241924584,0.1046076524101413,0.478165064102564,0.518997668997669,0.0,0.0,41,21,21,5275.545120239258,12.72869110107422,synthetic_noise_20,24
metacog,0.52,0.5,0.3421052631578947,0.0,0.5,0.52,0.0065719384744004,0.987421274601516,1,1,1,9418.83897781372,4.123926162719727,synthetic_noise_20,24
classic,0.52,0.5016025641025641,0.3762993762993762,0.0081715056307576,0.5008012820512822,0.520400641025641,0.0,0.0,41,21,21,5711.360692977905,14.816522598266602,synthetic_noise_20,25
metacog,0.52,0.5,0.3421052631578947,0.0,0.5,0.52,0.0347652049391762,0.1010207247761366,1,1,1,9454.03003692627,6.361246109008789,synthetic_noise_20,25
classic,0.66,0.6666666666666667,0.6532027743778049,0.3515520295364293,0.6704727564102564,0.6511886659939626,0.0,0.0,77,39,21,5202.222108840942,14.048576354980469,synthetic_noise_20,26
metacog,0.52,0.5,0.3421052631578947,0.0,0.5,0.52,0.0761561393411655,0.9928560653624504,1,1,1,9043.28441619873,5.645751953125,synthetic_noise_20,26
classic,0.51,0.4919871794871794,0.3710691823899371,-0.0367359179185322,0.501201923076923,0.5253441295546559,0.0,0.0,41,21,21,5415.908098220825,13.047218322753906,synthetic_noise_20,27
metacog,0.52,0.5,0.3421052631578947,0.0,0.5,0.52,0.0732994113640281,0.9897769753057126,1,1,1,9495.225667953491,6.09898567199707,synthetic_noise_20,27
classic,0.51,0.4927884615384615,0.3855799373040752,-0.0282416272064292,0.5102163461538461,0.5299193548387097,0.0,0.0,41,21,21,5484.250068664551,13.113975524902344,synthetic_noise_20,28
metacog,0.52,0.5,0.3421052631578947,0.0,0.5,0.52,0.4186863900892918,0.0370613492733332,1,1,1,9051.748275756836,4.227876663208008,synthetic_noise_20,28
classic,0.55,0.5328525641025641,0.4357366771159875,0.1286563017181778,0.538661858974359,0.5405541770057899,0.0,0.0,41,21,21,5590.10124206543,13.396263122558594,synthetic_noise_20,29
metacog,0.52,0.5,0.3421052631578947,0.0,0.5,0.52,0.2329255266277276,0.0068417383056752,1,1,1,9453.054904937744,6.829977035522461,synthetic_noise_20,29
classic,0.55,0.5670413488558812,0.52,0.1615477677229002,0.5586109995985548,0.5719801199620724,0.0,0.0,93,47,21,4966.756343841553,13.312816619873049,synthetic_noise_20,30
metacog,0.53,0.5,0.3464052287581699,0.0,0.5,0.53,0.0230082420891152,0.966419891167304,1,1,1,9474.692106246948,4.249095916748047,synthetic_noise_20,30
classic,0.53,0.5469690887193898,0.4986666666666667,0.1131801725962833,0.5415495784825372,0.5584243637785674,0.0,0.0,63,32,21,5671.600818634033,14.15085792541504,synthetic_noise_20,31
metacog,0.53,0.5,0.3464052287581699,0.0,0.5,0.53,0.1301360229245431,0.0066414607199719,1,1,1,9668.566465377808,5.46574592590332,synthetic_noise_20,31
classic,0.64,0.6543556804496187,0.625,0.3470532884860288,0.6487354476114011,0.6732226505263632,0.0,0.0,63,32,21,5343.853235244751,13.612508773803713,synthetic_noise_20,32
metacog,0.53,0.5,0.3464052287581699,0.0,0.5,0.53,0.0215315913453376,0.9501977819833364,1,1,1,9798.797607421877,4.055261611938477,synthetic_noise_20,32
classic,0.5,0.4716981132075472,0.3333333333333333,-0.165609693877165,0.5076274588518667,0.5406594047850612,0.0,0.0,41,21,21,5656.595706939697,18.3866024017334,synthetic_noise_20,33
metacog,0.53,0.5,0.3464052287581699,0.0,0.5,0.53,0.0301004252172343,0.148640053431725,1,1,1,8992.85912513733,4.057168960571289,synthetic_noise_20,33
classic,0.52,0.5024038461538461,0.39117199391172,0.0101139174257841,0.5016025641025641,0.5207937806873977,0.0,0.0,41,21,21,5769.530534744263,15.623331069946287,synthetic_noise_20,34
metacog,0.52,0.5,0.3421052631578947,0.0,0.5,0.52,0.2060783296404922,0.0435314359366217,1,1,1,9101.492643356323,4.177331924438477,synthetic_noise_20,34
classic,0.52,0.500801282051282,0.36,0.0057188626358959,0.508613782051282,0.5249921507064365,0.0,0.0,41,21,21,5691.542625427246,14.136552810668944,synthetic_noise_20,35
metacog,0.52,0.5,0.3421052631578947,0.0,0.5,0.52,0.0341658559187803,0.0246761719775149,1,1,1,9235.445022583008,4.048347473144531,synthetic_noise_20,35
classic,0.51,0.4919871794871794,0.3710691823899371,-0.0367359179185322,0.5190304487179486,0.5378947368421054,0.0,0.0,41,21,21,5616.437911987305,14.00136947631836,synthetic_noise_20,36
metacog,0.52,0.5,0.3421052631578947,0.0,0.5,0.52,0.025227659742932,0.1267283604654475,1,1,1,9016.400575637816,4.065752029418945,synthetic_noise_20,36
classic,0.53,0.5112179487179487,0.3814975654691407,0.0657081503208844,0.5010016025641025,0.5256621728786677,0.0,0.0,41,21,21,5611.648321151733,14.225006103515623,synthetic_noise_20,37
metacog,0.52,0.5,0.3421052631578947,0.0,0.5,0.52,0.0160685640970313,0.3823897937333632,1,1,1,9066.956758499146,3.938674926757813,synthetic_noise_20,37
classic,0.53,0.5128205128205128,0.4106583072100314,0.0502073372558742,0.4931891025641026,0.5264846980976013,0.0,0.0,41,21,21,5606.752157211304,13.411283493041992,synthetic_noise_20,38
metacog,0.52,0.5,0.3421052631578947,0.0,0.5,0.52,0.2042859538897844,0.0049805375945745,1,1,1,9115.11516571045,4.058361053466797,synthetic_noise_20,38
classic,0.55,0.53125,0.4078168180023687,0.1830441330367495,0.540264423076923,0.5450039651070578,0.0,0.0,41,21,21,5648.693084716797,15.92731475830078,synthetic_noise_20,39
metacog,0.52,0.5,0.3421052631578947,0.0,0.5,0.52,0.1076418763618823,0.0040047716362342,1,1,1,9054.97908592224,4.094600677490234,synthetic_noise_20,39
classic,0.54,0.5118426334805299,0.3866666666666666,0.0692976733244874,0.5090325170614212,0.5346061077611359,0.0,0.0,41,21,21,5588.705539703369,14.427900314331056,synthetic_noise_20,40
metacog,0.53,0.5,0.3464052287581699,0.0,0.5,0.53,0.0417033804532478,0.9921715661119692,1,1,1,9134.172439575195,4.571437835693359,synthetic_noise_20,40
classic,0.53,0.5012043356081894,0.3647790241924584,0.0085868989253663,0.518466479325572,0.5430188679245284,0.0,0.0,41,21,21,5530.80415725708,14.12367820739746,synthetic_noise_20,41
metacog,0.53,0.5,0.3464052287581699,0.0,0.5,0.53,0.0249844270128983,0.993524584228584,1,1,1,9083.049774169922,4.027605056762695,synthetic_noise_20,41
classic,0.55,0.5212765957446809,0.3918097040140559,0.1517018810148058,0.5212765957446808,0.5408163265306123,0.0,0.0,41,21,21,5611.4771366119385,13.815641403198242,synthetic_noise_20,42
metacog,0.53,0.5,0.3464052287581699,0.0,0.5,0.53,0.0538271616652918,0.9943659194657144,1,1,1,8826.003074645996,2.721786499023437,synthetic_noise_20,42
classic,0.56,0.5319148936170213,0.4133333333333333,0.1867513569253137,0.5495784825371337,0.5635090449328923,0.0,0.0,41,21,21,5605.615615844727,12.12310791015625,synthetic_noise_20,43
metacog,0.53,0.5,0.3464052287581699,0.0,0.5,0.53,0.0909995097071064,0.0034841021779718,1,1,1,8911.984920501709,2.5153160095214844,synthetic_noise_20,43
classic,0.5,0.4815705128205128,0.3503118503118503,-0.0939723147537131,0.4807692307692308,0.5105689102564103,0.0,0.0,41,21,21,4195.457696914673,11.77048683166504,synthetic_noise_20,44
metacog,0.52,0.5,0.3421052631578947,0.0,0.5,0.52,0.2611960913687347,0.5830675464125981,1,1,1,6357.110261917114,4.068851470947266,synthetic_noise_20,44
classic,0.56,0.5424679487179487,0.4419076610857433,0.1786792078555206,0.5172275641025641,0.53245294599018,0.0,0.0,41,21,21,4064.262390136719,7.154464721679688,synthetic_noise_20,45
metacog,0.52,0.5,0.3421052631578947,0.0,0.5,0.52,0.0414665618339803,0.9944960635788253,1,1,1,6458.773136138916,3.240823745727539,synthetic_noise_20,45
classic,0.57,0.5769230769230769,0.5601023017902813,0.1634611547359457,0.553485576923077,0.5633223820251622,0.0,0.0,71,36,21,4002.2361278533936,6.197452545166016,synthetic_noise_20,46
metacog,0.52,0.5,0.3421052631578947,0.0,0.5,0.52,0.0761561393411655,0.9942208727391594,1,1,1,6385.333061218262,2.057313919067383,synthetic_noise_20,46
classic,0.68,0.6858974358974359,0.6753246753246753,0.3869763716956272,0.703125,0.6838543043439951,0.0,0.0,67,34,21,3892.05813407898,10.802268981933594,synthetic_noise_20,47
metacog,0.52,0.5,0.3421052631578947,0.0,0.5,0.52,0.0278523506308856,0.9672694220559064,1,1,1,6407.283306121826,2.12860107421875,synthetic_noise_20,47
classic,0.54,0.5496794871794872,0.5166036149642708,0.1131688379551056,0.5552884615384615,0.5510159824315256,0.0,0.0,41,21,21,4021.702289581299,13.00644874572754,synthetic_noise_20,48
metacog,0.52,0.5,0.3421052631578947,0.0,0.5,0.52,0.056063217199249,0.9878734784476886,1,1,1,6270.902156829834,1.9440650939941408,synthetic_noise_20,48
classic,0.5,0.4815705128205128,0.3503118503118503,-0.0939723147537131,0.4615384615384615,0.5059615384615384,0.0,0.0,41,21,21,3870.783567428589,6.999969482421875,synthetic_noise_20,49
metacog,0.52,0.5,0.3421052631578947,0.0,0.5,0.52,0.1360637799537984,0.0044601756892762,1,1,1,6365.08321762085,2.565860748291016,synthetic_noise_20,49
classic,0.84375,0.8376623376623377,0.8303287380699894,0.6625413488689131,0.8468013468013468,0.8725639329805996,0.0,0.0,213,107,12,271.1598873138428,7.69495964050293,tic-tac-toe,0
metacog,0.65625,0.5,0.3962264150943396,0.0,0.7099567099567099,0.7829921602787456,0.4226915012917292,0.8842522543476116,3,2,2,427.236557006836,4.6863555908203125,tic-tac-toe,0
classic,0.8333333333333334,0.8297258297258298,0.8201405152224824,0.6435515524021977,0.8684463684463684,0.8885674285781548,0.0,0.0,225,113,12,293.8525676727295,7.723331451416016,tic-tac-toe,1
metacog,0.65625,0.5,0.3962264150943396,0.0,0.7503607503607503,0.8072967282150956,0.4109369966926807,0.9668936021458108,3,2,2,444.9560642242432,4.669904708862305,tic-tac-toe,1
classic,0.8854166666666666,0.8694083694083694,0.8720775287704422,0.7443873683187766,0.8609908609908609,0.8795785425404764,0.0,0.0,219,110,12,296.0855960845947,7.31658935546875,tic-tac-toe,2
metacog,0.65625,0.5,0.3962264150943396,0.0,0.7106782106782106,0.7813401875901875,0.4327980906436459,0.9365625664820976,3,2,2,418.1020259857178,6.436347961425781,tic-tac-toe,2
classic,0.8854166666666666,0.8766233766233766,0.8739104477611941,0.7480475584533226,0.8874458874458875,0.9079332552693208,0.0,0.0,211,106,11,294.0952777862549,7.967710494995117,tic-tac-toe,3
metacog,0.65625,0.5,0.3962264150943396,0.0,0.6955266955266955,0.7697641093474428,0.3820741185248435,0.9493527517462396,3,2,2,427.8302192687988,5.3730010986328125,tic-tac-toe,3
classic,0.8854166666666666,0.8621933621933622,0.870062753783684,0.742275510030551,0.8840788840788842,0.8966230040173702,0.0,0.0,209,105,12,274.8417854309082,7.795810699462891,tic-tac-toe,4
metacog,0.65625,0.5,0.3962264150943396,0.0,0.5952380952380953,0.7053571428571429,0.4305081719378851,0.9269361928743418,3,2,2,444.3116188049317,4.606008529663086,tic-tac-toe,4
classic,0.875,0.8831168831168831,0.8666666666666667,0.7410010097502685,0.9035594035594036,0.9275748349193048,0.0,0.0,217,109,12,291.7935848236084,9.016036987304688,tic-tac-toe,5
metacog,0.65625,0.5,0.3962264150943396,0.0,0.6190476190476191,0.7189399696048632,0.430542237238457,0.8789757076484864,3,2,2,442.45243072509766,4.951000213623047,tic-tac-toe,5
classic,0.8541666666666666,0.8472485768500948,0.8426229508196721,0.6860865379147928,0.8534155597722959,0.8740584049101395,0.0,0.0,209,105,11,269.35386657714844,10.826826095581056,tic-tac-toe,6
metacog,0.6458333333333334,0.5,0.3924050632911392,0.0,0.6204933586337761,0.710773141654979,0.381255563542364,0.9569850967095868,3,2,2,441.5740966796875,4.418373107910156,tic-tac-toe,6
classic,0.8854166666666666,0.8648007590132827,0.8720775287704422,0.7462485614701092,0.8913662239089184,0.902905785970302,0.0,0.0,209,105,12,279.2699337005615,8.054971694946289,tic-tac-toe,7
metacog,0.6458333333333334,0.5,0.3924050632911392,0.0,0.594876660341556,0.696236559139785,0.5731514089153115,1.0,3,2,2,460.9794616699219,5.272865295410156,tic-tac-toe,7
classic,0.8842105263157894,0.8687683284457478,0.8713846153846154,0.7430040160601965,0.8814760508308895,0.8978448984062654,0.0,0.0,199,100,12,250.43582916259768,7.864952087402344,tic-tac-toe,8
metacog,0.6526315789473685,0.5,0.3949044585987261,0.0,0.7052785923753665,0.766723259762309,0.422936593765354,0.9596955862699384,3,2,2,447.5133419036865,4.900455474853516,tic-tac-toe,8
classic,0.9157894736842104,0.8929618768328447,0.904233870967742,0.8125727669029035,0.9105571847507332,0.9155596389916772,0.0,0.0,193,97,12,257.3535442352295,7.841348648071289,tic-tac-toe,9
metacog,0.6526315789473685,0.5,0.3949044585987261,0.0,0.5369012707722385,0.6703330907914948,0.414628866593155,0.9301402996520975,3,2,2,450.5839347839356,4.645824432373047,tic-tac-toe,9
classic,0.8333333333333334,0.8080808080808081,0.8125,0.6258703241737896,0.8253968253968255,0.8487324474374519,0.0,0.0,209,105,12,249.42708015441892,8.015871047973633,tic-tac-toe,10
metacog,0.65625,0.5,0.3962264150943396,0.0,0.6031746031746033,0.7098434744268078,0.4931999021799508,1.0,3,2,2,445.6443786621094,4.656076431274414,tic-tac-toe,10
classic,0.8958333333333334,0.8845598845598845,0.8845598845598845,0.7691197691197691,0.9105339105339104,0.9217931486076646,0.0,0.0,205,103,11,253.37862968444824,8.284330368041992,tic-tac-toe,11
metacog,0.65625,0.5,0.3962264150943396,0.0,0.7106782106782106,0.7813401875901875,0.3869961239178235,0.9433266348980364,3,2,2,528.8095474243164,5.962848663330078,tic-tac-toe,11
classic,0.9270833333333334,0.9155844155844156,0.918594791035736,0.8374357893586237,0.933862433862434,0.9421018407362944,0.0,0.0,215,108,11,266.9045925140381,9.461641311645508,tic-tac-toe,12
metacog,0.6145833333333334,0.5548340548340549,0.5554999374296083,0.114597232678489,0.5897065897065897,0.7071733455286877,0.3165769654122388,0.977067640012344,5,3,3,821.9630718231201,5.121707916259766,tic-tac-toe,12
classic,0.875,0.8542568542568543,0.859375,0.7196775858766528,0.8667628667628667,0.8811437767594484,0.0,0.0,187,94,12,251.3234615325928,7.148504257202148,tic-tac-toe,13
metacog,0.65625,0.5,0.3962264150943396,0.0,0.7034632034632035,0.7748447204968945,0.4383814266246162,0.969086886098281,3,2,2,457.7150344848633,4.531145095825195,tic-tac-toe,13
classic,0.8645833333333334,0.8463203463203464,0.8488188976377953,0.6978631577988531,0.8761423761423761,0.8945993823339159,0.0,0.0,213,107,12,288.3882522583008,7.665634155273437,tic-tac-toe,14
metacog,0.6666666666666666,0.6305916305916306,0.6305916305916306,0.2611832611832612,0.6673881673881674,0.754069035021416,0.3161635668757085,0.9542543398820856,5,3,3,824.3203163146973,4.769086837768555,tic-tac-toe,14
classic,0.8020833333333334,0.7987012987012987,0.7876847864043767,0.5802144707878518,0.8229918229918229,0.8577987414839869,0.0,0.0,213,107,12,295.8221435546875,7.343769073486328,tic-tac-toe,15
metacog,0.65625,0.5,0.3962264150943396,0.0,0.6262626262626263,0.7237654320987654,0.4222936215308275,0.9293607727066068,3,2,2,562.279462814331,3.700733184814453,tic-tac-toe,15
classic,0.8541666666666666,0.8472485768500948,0.8426229508196721,0.6860865379147928,0.890180265654649,0.8995010852143778,0.0,0.0,201,101,12,267.87257194519043,7.799863815307617,tic-tac-toe,16
metacog,0.6458333333333334,0.5,0.3924050632911392,0.0,0.6821631878557874,0.7506720430107527,0.3616163548258179,0.896631288019398,3,2,2,485.4269027709961,4.817962646484375,tic-tac-toe,16
classic,0.90625,0.900853889943074,0.8981972428419936,0.7966223039091501,0.9342979127134724,0.938846670802316,0.0,0.0,207,104,12,257.338285446167,9.348154067993164,tic-tac-toe,17
metacog,0.6458333333333334,0.5,0.3924050632911392,0.0,0.7167931688804554,0.7806681091004459,0.3833491032621204,0.914487827316516,3,2,2,479.9482822418213,7.166147232055664,tic-tac-toe,17
classic,0.8842105263157894,0.8687683284457478,0.8713846153846154,0.7430040160601965,0.8870967741935484,0.896130530730029,0.0,0.0,229,115,12,265.4719352722168,7.383108139038086,tic-tac-toe,18
metacog,0.6526315789473685,0.5,0.3949044585987261,0.0,0.6155913978494625,0.7137336679707684,0.3833793141058184,0.9621056153287584,3,2,2,512.1951103210449,4.820585250854492,tic-tac-toe,18
classic,0.8421052631578947,0.8365102639296188,0.8293208767517068,0.6605472203782413,0.8741446725317693,0.8968190260243303,0.0,0.0,231,116,12,303.99322509765625,7.489442825317383,tic-tac-toe,19
metacog,0.6526315789473685,0.5,0.3949044585987261,0.0,0.6397849462365592,0.7279442846748208,0.435954145728705,1.0,3,2,2,502.659797668457,4.658937454223633,tic-tac-toe,19
classic,0.9270833333333334,0.9011544011544012,0.9159053935677636,0.8383692285426303,0.9112554112554112,0.9171348463627876,0.0,0.0,197,99,12,256.7286491394043,7.790327072143555,tic-tac-toe,20
metacog,0.65625,0.5,0.3962264150943396,0.0,0.608946608946609,0.7149560274560275,0.4031084432378398,0.9560073822241004,3,2,2,532.2446823120117,4.660606384277344,tic-tac-toe,20
classic,0.8229166666666666,0.7784992784992785,0.7920224289537403,0.5953133485563813,0.8294853294853295,0.8542101314629605,0.0,0.0,217,109,12,263.51189613342285,8.044004440307617,tic-tac-toe,21
metacog,0.6354166666666666,0.5995670995670996,0.5988059701492537,0.1977596993612232,0.656084656084656,0.75490375570083,0.3388627422303093,0.9857789027169878,5,3,3,847.1555709838867,5.418062210083008,tic-tac-toe,21
classic,0.8854166666666666,0.8766233766233766,0.8739104477611941,0.7480475584533226,0.9090909090909092,0.9237382057979624,0.0,0.0,211,106,12,259.4146728515625,7.468938827514648,tic-tac-toe,22
metacog,0.65625,0.5,0.3962264150943396,0.0,0.6789321789321788,0.7608134920634921,0.4109119559634193,0.9129339453018928,3,2,2,456.0644626617432,4.643678665161133,tic-tac-toe,22
classic,0.8541666666666666,0.8311688311688312,0.8359375,0.6727739550252212,0.8518518518518519,0.8687894460781784,0.0,0.0,227,114,12,282.7491760253906,8.86392593383789,tic-tac-toe,23
metacog,0.65625,0.5,0.3962264150943396,0.0,0.6738816738816739,0.752353719265484,0.4148185543453388,0.9253308824729194,3,2,2,442.9357051849365,5.1746368408203125,tic-tac-toe,23
classic,0.875,0.8398268398268398,0.8545454545454545,0.717973623597536,0.8934583934583935,0.9035543931377265,0.0,0.0,179,90,12,226.8462181091309,8.765220642089844,tic-tac-toe,24
metacog,0.65625,0.5,0.3962264150943396,0.0,0.6111111111111112,0.7143719806763285,0.4552074626850216,0.9206259077522304,3,2,2,435.58216094970703,4.621982574462891,tic-tac-toe,24
classic,0.8125,0.7922077922077921,0.7922077922077921,0.5844155844155844,0.8446368446368446,0.8763421682232215,0.0,0.0,227,114,12,291.7959690093994,7.691383361816406,tic-tac-toe,25
metacog,0.65625,0.5,0.3962264150943396,0.0,0.7878787878787877,0.8409722222222222,0.4767838010761052,0.9278881223644998,3,2,2,493.8151836395264,7.174968719482422,tic-tac-toe,25
classic,0.8645833333333334,0.855313092979127,0.8529515729939908,0.7061184681987616,0.8809297912713472,0.8945824379206644,0.0,0.0,211,106,12,282.6621532440185,10.633230209350586,tic-tac-toe,26
metacog,0.6458333333333334,0.5,0.3924050632911392,0.0,0.6043643263757116,0.7012768817204301,0.3889671436026998,0.9008265838508936,3,2,2,481.7497730255127,4.703044891357422,tic-tac-toe,26
classic,0.84375,0.8458254269449715,0.8342350638885692,0.673523090594112,0.8787950664136622,0.8960277864562993,0.0,0.0,217,109,12,270.648717880249,8.948087692260742,tic-tac-toe,27
metacog,0.6458333333333334,0.5,0.3924050632911392,0.0,0.6299810246679316,0.7158064516129032,0.4021149375068511,0.93777466722914,3,2,2,470.69263458251953,4.595518112182617,tic-tac-toe,27
classic,0.8842105263157894,0.8758553274682307,0.8731950006067224,0.7466191840712891,0.9264418377321604,0.9351937602369756,0.0,0.0,215,108,11,252.3176670074463,7.264852523803711,tic-tac-toe,28
metacog,0.6526315789473685,0.5,0.3949044585987261,0.0,0.6710654936461389,0.7477079796264856,0.4569630254352868,0.9053099813918518,3,2,2,438.7481212615967,4.617929458618164,tic-tac-toe,28
classic,0.8315789473684211,0.8213587487781036,0.8167791706846672,0.6344001701218819,0.8365102639296188,0.8589456658321584,0.0,0.0,227,114,13,287.7635955810547,10.950088500976562,tic-tac-toe,29
metacog,0.6526315789473685,0.5,0.3949044585987261,0.0,0.6175464320625611,0.7138794567062818,0.3751198444273143,0.9184173231430997,3,2,2,475.095272064209,4.496574401855469,tic-tac-toe,29
classic,0.875,0.8686868686868687,0.8633776091081593,0.727639003642915,0.8821548821548821,0.8973389826483112,0.0,0.0,211,106,13,270.28346061706543,10.235071182250977,tic-tac-toe,30
metacog,0.65625,0.5,0.3962264150943396,0.0,0.5714285714285715,0.6921820557491289,0.3981637453372795,1.0,3,2,2,457.5793743133545,4.805326461791992,tic-tac-toe,30
classic,0.8854166666666666,0.8838383838383839,0.8755744079179921,0.7531452940133799,0.901875901875902,0.9129042170937164,0.0,0.0,193,97,11,265.8379077911377,8.334159851074219,tic-tac-toe,31
metacog,0.65625,0.5,0.3962264150943396,0.0,0.6883116883116883,0.763677811550152,0.4576985686601307,0.90921915617316,3,2,2,450.5274295806885,4.758596420288086,tic-tac-toe,31
classic,0.875,0.8831168831168831,0.8666666666666667,0.7410010097502685,0.8828763828763828,0.9085805808820974,0.0,0.0,217,109,12,294.22688484191895,6.74891471862793,tic-tac-toe,32
metacog,0.6354166666666666,0.6284271284271284,0.6170940170940171,0.2459192282548747,0.6786916786916788,0.7757318148578312,0.3258610626175945,0.944324676439948,5,3,3,726.0315418243408,5.896568298339844,tic-tac-toe,32
classic,0.8333333333333334,0.8152958152958153,0.8152958152958153,0.6305916305916306,0.8453583453583454,0.8672981873307882,0.0,0.0,217,109,13,271.39902114868164,7.733345031738281,tic-tac-toe,33
metacog,0.65625,0.5,0.3962264150943396,0.0,0.6731601731601732,0.7529761904761905,0.4240697611333459,0.9013973314069044,3,2,2,450.2418041229248,3.43179702758789,tic-tac-toe,33
classic,0.8958333333333334,0.8701298701298701,0.8808933002481389,0.7657287878628333,0.8932178932178934,0.9023934543497056,0.0,0.0,199,100,11,245.8033561706543,7.323265075683594,tic-tac-toe,34
metacog,0.65625,0.5,0.3962264150943396,0.0,0.696969696969697,0.7677696078431372,0.4871129304311457,1.0,3,2,2,452.6622295379639,5.020856857299805,tic-tac-toe,34
classic,0.8645833333333334,0.8463203463203464,0.8488188976377953,0.6978631577988531,0.8648388648388647,0.883475631085078,0.0,0.0,205,103,12,254.43673133850095,7.912158966064453,tic-tac-toe,35
metacog,0.65625,0.5,0.3962264150943396,0.0,0.6724386724386724,0.7537257495590829,0.3640093310116512,0.9529217042211312,3,2,2,424.5858192443848,6.681442260742188,tic-tac-toe,35
classic,0.8854166666666666,0.8847248576850095,0.8770806658130601,0.7561164362711243,0.8875711574952562,0.9030046978265748,0.0,0.0,217,109,12,261.204481124878,6.953001022338867,tic-tac-toe,36
metacog,0.6458333333333334,0.5,0.3924050632911392,0.0,0.676944971537002,0.745156218299858,0.3625839225839657,1.0,3,2,2,457.77392387390137,6.074428558349609,tic-tac-toe,36
classic,0.8958333333333334,0.8927893738140418,0.8875878220140515,0.7760651002642738,0.9055977229601518,0.9143753200204814,0.0,0.0,219,110,12,291.6395664215088,9.569168090820312,tic-tac-toe,37
metacog,0.6458333333333334,0.5,0.3924050632911392,0.0,0.5977229601518026,0.6969962599345488,0.4457755359267719,0.9715725949504672,3,2,2,463.8972282409668,4.642009735107422,tic-tac-toe,37
classic,0.8947368421052632,0.8839198435972629,0.8839198435972629,0.7678396871945259,0.8990713587487781,0.9071406230015292,0.0,0.0,213,107,12,261.460542678833,7.198810577392578,tic-tac-toe,38
metacog,0.6526315789473685,0.5,0.3949044585987261,0.0,0.6458944281524928,0.7332574471369039,0.4160787463914928,0.9222157057417396,3,2,2,423.12073707580566,4.721879959106445,tic-tac-toe,38
classic,0.8736842105263158,0.8677908113391984,0.8625843780135005,0.7260625521166785,0.8768328445747801,0.8935065190550716,0.0,0.0,215,108,13,257.1425437927246,6.985187530517578,tic-tac-toe,39
metacog,0.6526315789473685,0.5,0.3949044585987261,0.0,0.6297653958944283,0.7234659228716953,0.4322547549419108,0.9074404347130012,3,2,2,467.1187400817871,5.11479377746582,tic-tac-toe,39
classic,0.8958333333333334,0.8917748917748918,0.8861480075901328,0.7732054383133128,0.9042809042809044,0.9163657949518604,0.0,0.0,221,111,12,268.72944831848145,8.86845588684082,tic-tac-toe,40
metacog,0.65625,0.6154401154401155,0.6162325863113265,0.2326210525996177,0.6875901875901876,0.7771013708513709,0.3215890527236948,0.9642390521868854,5,3,3,698.2886791229248,3.638267517089844,tic-tac-toe,40
classic,0.875,0.8542568542568543,0.859375,0.7196775858766528,0.8617123617123617,0.8848410518053376,0.0,0.0,211,106,12,272.08399772644043,9.368896484375,tic-tac-toe,41
metacog,0.65625,0.5,0.3962264150943396,0.0,0.5800865800865801,0.6966269841269841,0.3791089198302029,0.8805880857391156,3,2,2,433.8235855102539,3.255605697631836,tic-tac-toe,41
classic,0.8645833333333334,0.8463203463203464,0.8488188976377953,0.6978631577988531,0.8463203463203463,0.8685475273402572,0.0,0.0,205,103,12,268.39470863342285,10.551691055297852,tic-tac-toe,42
metacog,0.65625,0.5,0.3962264150943396,0.0,0.6414141414141414,0.7335858585858586,0.3913178415806409,0.92404054377499,3,2,2,443.18366050720215,5.003690719604492,tic-tac-toe,42
classic,0.8541666666666666,0.8311688311688312,0.8359375,0.6727739550252212,0.8309283309283308,0.8571230601121905,0.0,0.0,209,105,12,256.93821907043457,7.66444206237793,tic-tac-toe,43
metacog,0.65625,0.5,0.3962264150943396,0.0,0.6810966810966811,0.757885892452219,0.4230002472753698,1.0,3,2,2,379.9893856048584,2.3658275604248047,tic-tac-toe,43
classic,0.90625,0.8708513708513708,0.8898942270931566,0.7927229563678239,0.8838383838383839,0.8930563892223556,0.0,0.0,195,98,12,244.38714981079104,7.349014282226562,tic-tac-toe,44
metacog,0.6458333333333334,0.6075036075036075,0.6075036075036075,0.215007215007215,0.6452621452621452,0.7410692239858907,0.3516396622697754,0.987298677027274,5,3,3,534.9667072296143,2.344846725463867,tic-tac-toe,44
classic,0.8125,0.7994227994227994,0.7950664136622392,0.5909396996317215,0.8475228475228475,0.8738946317336148,0.0,0.0,205,103,11,276.76939964294434,6.926298141479492,tic-tac-toe,45
metacog,0.65625,0.5,0.3962264150943396,0.0,0.5808080808080809,0.6967592592592593,0.4408287555071077,0.9154581866681684,3,2,2,380.1536560058594,4.554271697998047,tic-tac-toe,45
classic,0.8645833333333334,0.8486717267552182,0.8509850746268657,0.7021902368623143,0.8541271347248577,0.8692621621456349,0.0,0.0,239,120,12,290.9555435180664,7.95435905456543,tic-tac-toe,46
metacog,0.6458333333333334,0.5,0.3924050632911392,0.0,0.6888045540796963,0.7563113604488079,0.4031134975487144,0.9253706383891565,3,2,2,354.22468185424805,3.754854202270508,tic-tac-toe,46
classic,0.8645833333333334,0.8486717267552182,0.8509850746268657,0.7021902368623143,0.8586337760910816,0.87108466259167,0.0,0.0,225,113,12,267.5647735595703,7.236480712890625,tic-tac-toe,47
metacog,0.6458333333333334,0.5,0.3924050632911392,0.0,0.6859582542694497,0.7577956989247312,0.4406440656552641,0.9679535312812866,3,2,2,353.5580635070801,2.197265625,tic-tac-toe,47
classic,0.8105263157894737,0.7768817204301075,0.7845262096774194,0.5725403886200184,0.8110948191593352,0.8347316942512346,0.0,0.0,211,106,12,241.9278621673584,7.491827011108398,tic-tac-toe,48
metacog,0.6526315789473685,0.5,0.3949044585987261,0.0,0.6771749755620723,0.7538388983210715,0.3941464752021666,0.9575829055139288,3,2,2,354.74252700805664,2.401590347290039,tic-tac-toe,48
classic,0.8736842105263158,0.8677908113391984,0.8625843780135005,0.7260625521166785,0.8729227761485826,0.899370157875222,0.0,0.0,213,107,11,252.26569175720212,7.961273193359375,tic-tac-toe,49
metacog,0.6526315789473685,0.5,0.3949044585987261,0.0,0.6700879765395895,0.7481703572589675,0.4476630006825131,0.9651893702899872,3,2,2,322.7977752685547,2.2056102752685547,tic-tac-toe,49
