mode,accuracy,balanced_accuracy,f1_macro,mcc,roc_auc,pr_auc,avg_ns,avg_ts,nodes,leaves,depth,train_ms,infer_ms,dataset,fold
classic,0.77,0.6912087912087912,0.7047875754075215,0.4747723007967709,0.7516483516483515,0.6598519407763106,0.0,0.0,79,40,21,66525.50888061523,17.569541931152344,MagicTelescope,0
metacog,0.65,0.5,0.3939393939393939,0.0,0.5,0.35,0.0316724494807344,0.9087863193289344,1,1,1,381501.7378330231,4.32133674621582,MagicTelescope,0
classic,0.76,0.676923076923077,0.6881496881496881,0.4493054359813343,0.7701098901098901,0.6376543087170113,0.0,0.0,99,50,21,67368.97134780884,15.093564987182615,MagicTelescope,1
metacog,0.65,0.5,0.3939393939393939,0.0,0.5,0.35,0.044363333452697,0.9514530753494882,1,1,1,393977.767944336,4.195690155029297,MagicTelescope,1
classic,0.77,0.6912087912087912,0.7047875754075215,0.4747723007967709,0.8021978021978022,0.6864069540859823,0.0,0.0,73,37,21,63027.33278274536,13.094186782836914,MagicTelescope,2
metacog,0.65,0.5,0.3939393939393939,0.0,0.5,0.35,0.0468804302236977,0.9319829644042468,1,1,1,404949.1732120514,4.038810729980469,MagicTelescope,2
classic,0.79,0.732967032967033,0.7475658131987017,0.5203586134220901,0.8281318681318681,0.6793650793650794,0.0,0.0,91,46,21,63013.69762420654,13.30876350402832,MagicTelescope,3
metacog,0.65,0.5,0.3939393939393939,0.0,0.5,0.35,0.0991432267588758,0.9297002156445836,1,1,1,393625.2987384796,4.235744476318359,MagicTelescope,3
classic,0.78,0.7120879120879121,0.7271825396825397,0.4967220278519846,0.845054945054945,0.6939402774096652,0.0,0.0,83,42,21,65954.185962677,12.81285285949707,MagicTelescope,4
metacog,0.65,0.5,0.3939393939393939,0.0,0.5,0.35,0.1677549226889918,0.9420058241309246,1,1,1,391177.7086257935,4.181385040283203,MagicTelescope,4
classic,0.73,0.667032967032967,0.6754417598269022,0.3730873077365929,0.758021978021978,0.5875893775847615,0.0,0.0,93,47,21,63600.68893432617,13.196945190429688,MagicTelescope,5
metacog,0.65,0.5,0.3939393939393939,0.0,0.5,0.35,0.009541776396624,0.9319835427236046,1,1,1,392875.7390975952,4.227399826049805,MagicTelescope,5
classic,0.78,0.7049910873440286,0.7209538305428715,0.4855303805588614,0.8484848484848485,0.6832244154025692,0.0,0.0,73,37,21,66342.6034450531,13.094425201416016,MagicTelescope,6
metacog,0.66,0.5,0.3975903614457831,0.0,0.5,0.34,0.0021604349985638,0.9969238503648248,1,1,1,391370.6946372986,4.346609115600586,MagicTelescope,6
classic,0.69,0.679590017825312,0.6693333333333333,0.3459439033483779,0.7417557932263815,0.5794917768335478,0.0,0.0,81,41,21,63570.65105438232,12.956857681274414,MagicTelescope,7
metacog,0.66,0.5,0.3975903614457831,0.0,0.5,0.34,0.1040754163967059,0.938006033233182,1,1,1,403801.68986320496,4.150629043579102,MagicTelescope,7
classic,0.8,0.7344028520499108,0.751984126984127,0.5360998327910006,0.7450980392156863,0.6500381970970206,0.0,0.0,87,44,21,63718.24169158936,12.765169143676758,MagicTelescope,8
metacog,0.66,0.5,0.3975903614457831,0.0,0.5,0.34,0.0921312282339746,0.89113363143695,1,1,1,392068.3977603912,4.530668258666992,MagicTelescope,8
classic,0.77,0.6902852049910874,0.7047875754075215,0.4595440363323629,0.8308823529411764,0.658908414624431,0.0,0.0,67,34,21,65771.71087265015,13.217926025390623,MagicTelescope,9
metacog,0.66,0.5,0.3975903614457831,0.0,0.5,0.34,0.3071799741019244,0.9570858550254476,1,1,1,380892.6434516907,4.677772521972656,MagicTelescope,9
classic,0.82,0.7494505494505495,0.7716894977168949,0.6065768774742287,0.9015384615384616,0.7960498029241316,0.0,0.0,77,39,21,67482.25808143616,12.835979461669922,MagicTelescope,10
metacog,0.65,0.5,0.3939393939393939,0.0,0.5,0.35,0.0417189929394044,0.946805761403543,1,1,1,403928.2810688019,4.304409027099609,MagicTelescope,10
classic,0.74,0.6483516483516484,0.6533333333333333,0.3963309423975692,0.7503296703296704,0.6208357027021335,0.0,0.0,77,39,21,61521.45791053772,12.670278549194336,MagicTelescope,11
metacog,0.65,0.5,0.3939393939393939,0.0,0.5,0.35,0.0159292394737089,0.9726863089703852,1,1,1,365473.6750125885,4.175901412963867,MagicTelescope,11
classic,0.79,0.7395604395604396,0.7523292841136926,0.5209946499548523,0.7881318681318681,0.6582319541432842,0.0,0.0,85,43,21,66357.2633266449,13.586044311523438,MagicTelescope,12
metacog,0.65,0.5,0.3939393939393939,0.0,0.5,0.35,0.0691767034765872,0.9482746036357445,1,1,1,363327.7137279511,4.414558410644531,MagicTelescope,12
classic,0.74,0.654945054945055,0.6621621621621622,0.3934910961078766,0.709010989010989,0.572480705002634,0.0,0.0,83,42,21,65591.2606716156,13.549089431762695,MagicTelescope,13
metacog,0.65,0.5,0.3939393939393939,0.0,0.5,0.35,0.0242255529573228,0.9368522675006228,1,1,1,374821.346282959,4.235982894897461,MagicTelescope,13
classic,0.68,0.589010989010989,0.5841995841995842,0.2260480764875036,0.7037362637362637,0.5341262707330123,0.0,0.0,81,41,21,63434.2200756073,12.955904006958008,MagicTelescope,14
metacog,0.65,0.5,0.3939393939393939,0.0,0.5,0.35,0.0098204159231035,0.9925592569177611,1,1,1,364665.98081588745,4.157304763793945,MagicTelescope,14
classic,0.78,0.7186813186813187,0.7328800388538126,0.4957047718940179,0.7628571428571429,0.6302241791510986,0.0,0.0,89,45,21,62518.18919181824,12.396574020385742,MagicTelescope,15
metacog,0.65,0.5,0.3939393939393939,0.0,0.5,0.35,0.2561367758347762,0.993187731619094,1,1,1,375244.8465824127,4.219532012939453,MagicTelescope,15
classic,0.76,0.661319073083779,0.6710526315789473,0.440467527420641,0.8137254901960784,0.6559059687704869,0.0,0.0,79,40,21,63268.61667633057,14.523744583129885,MagicTelescope,16
metacog,0.66,0.5,0.3975903614457831,0.0,0.5,0.34,0.0725436109670727,0.9336099341834572,1,1,1,362471.27199172974,4.653215408325195,MagicTelescope,16
classic,0.79,0.7268270944741533,0.7423629002576371,0.5106543915352408,0.8184046345811052,0.7018200717718175,0.0,0.0,85,43,21,62802.90985107422,13.56363296508789,MagicTelescope,17
metacog,0.66,0.5,0.3975903614457831,0.0,0.5,0.34,0.0551514941814562,0.961565596338856,1,1,1,378520.37382125854,4.2133331298828125,MagicTelescope,17
classic,0.77,0.6760249554367201,0.6891471820516286,0.4670469847381044,0.7508912655971478,0.6173813762792173,0.0,0.0,77,39,21,65527.53376960754,12.996435165405272,MagicTelescope,18
metacog,0.66,0.5,0.3975903614457831,0.0,0.5,0.34,0.0627726301844751,0.9922579719547542,1,1,1,372030.4400920868,4.210948944091797,MagicTelescope,18
classic,0.72,0.6452762923351159,0.6527777777777778,0.3322595921860574,0.7511140819964348,0.5809373962350898,0.0,0.0,87,44,21,62850.651025772095,19.512176513671875,MagicTelescope,19
metacog,0.66,0.5,0.3975903614457831,0.0,0.5,0.34,0.0962519865733015,0.910405788663803,1,1,1,367808.1052303314,4.184484481811523,MagicTelescope,19
classic,0.79,0.732967032967033,0.7475658131987017,0.5203586134220901,0.7573626373626373,0.6678010142306163,0.0,0.0,99,50,21,62257.7269077301,12.575387954711914,MagicTelescope,20
metacog,0.65,0.5,0.3939393939393939,0.0,0.5,0.35,0.0451636039352681,0.9623330464763376,1,1,1,363868.7949180603,4.197359085083008,MagicTelescope,20
classic,0.81,0.7483516483516484,0.7668997668997668,0.5719118579265684,0.854945054945055,0.7189023790854454,0.0,0.0,89,45,21,66379.98652458191,12.8173828125,MagicTelescope,21
metacog,0.65,0.5,0.3939393939393939,0.0,0.5,0.35,0.0627726301844751,0.8736758517261377,1,1,1,369956.40230178833,4.302740097045898,MagicTelescope,21
classic,0.78,0.6989010989010989,0.7141372141372141,0.505119775854792,0.807032967032967,0.6901823586577489,0.0,0.0,83,42,21,60117.855072021484,12.918949127197266,MagicTelescope,22
metacog,0.65,0.5,0.3939393939393939,0.0,0.5,0.35,0.123084559714144,0.903036813858349,1,1,1,363419.3592071533,4.261970520019531,MagicTelescope,22
classic,0.71,0.6186813186813187,0.6183708382681932,0.3088185823383823,0.7276923076923076,0.5428407793377399,0.0,0.0,77,39,21,61508.84008407593,12.818098068237305,MagicTelescope,23
metacog,0.65,0.5,0.3939393939393939,0.0,0.5,0.35,0.0633448989614688,0.9448315437882678,1,1,1,368976.26972198486,4.196882247924805,MagicTelescope,23
classic,0.72,0.6395604395604395,0.6448503297818367,0.3393623940054054,0.7013186813186814,0.552360021030235,0.0,0.0,95,48,21,63782.82332420349,15.66457748413086,MagicTelescope,24
metacog,0.65,0.5,0.3939393939393939,0.0,0.5,0.35,0.1271273836005776,0.9133630394652344,1,1,1,370922.315120697,4.114866256713867,MagicTelescope,24
classic,0.73,0.6538461538461539,0.6614420062695925,0.3668996928526714,0.7364835164835166,0.5660302887035032,0.0,0.0,93,47,21,58871.25039100647,12.847185134887695,MagicTelescope,25
metacog,0.65,0.5,0.3939393939393939,0.0,0.5,0.35,0.2216098552067258,0.9485206418072388,1,1,1,366770.7703113556,5.444049835205078,MagicTelescope,25
classic,0.77,0.6760249554367201,0.6891471820516286,0.4670469847381044,0.8562834224598931,0.7152397929752732,0.0,0.0,75,38,21,66654.52265739441,13.054132461547852,MagicTelescope,26
metacog,0.66,0.5,0.3975903614457831,0.0,0.5,0.34,0.1010377431427386,0.9968320551537032,1,1,1,369447.51954078674,5.932331085205078,MagicTelescope,26
classic,0.84,0.786096256684492,0.8057309373482273,0.6346600775346786,0.8836898395721925,0.8042139631060565,0.0,0.0,81,41,21,60151.9615650177,12.68935203552246,MagicTelescope,27
metacog,0.66,0.5,0.3975903614457831,0.0,0.5,0.34,0.0991432267588758,0.9147257781009086,1,1,1,374156.8331718445,8.902311325073242,MagicTelescope,27
classic,0.72,0.6167557932263815,0.6162280701754386,0.3187914148735026,0.786096256684492,0.59480930833872,0.0,0.0,75,38,21,60354.92038726807,12.984037399291992,MagicTelescope,28
metacog,0.66,0.5,0.3975903614457831,0.0,0.5,0.34,0.1133224647139935,0.9968514181833404,1,1,1,366327.7816772461,4.399538040161133,MagicTelescope,28
classic,0.77,0.6974153297682709,0.7115987460815048,0.459197063960513,0.7751782531194296,0.6266943373093918,0.0,0.0,75,38,21,64626.18112564087,12.94255256652832,MagicTelescope,29
metacog,0.66,0.5,0.3975903614457831,0.0,0.5,0.34,0.4779039657696469,0.9601371811409268,1,1,1,365132.5731277466,4.189252853393555,MagicTelescope,29
classic,0.77,0.6912087912087912,0.7047875754075215,0.4747723007967709,0.8074725274725274,0.6763122823784691,0.0,0.0,101,51,21,60102.06747055054,12.62807846069336,MagicTelescope,30
metacog,0.65,0.5,0.3939393939393939,0.0,0.5,0.35,0.0282725833704746,0.9586517252789364,1,1,1,361046.1094379425,4.220724105834961,MagicTelescope,30
classic,0.77,0.7043956043956044,0.7178260336155073,0.4706885202404501,0.7426373626373626,0.6358011289622232,0.0,0.0,97,49,21,64325.10256767273,16.06440544128418,MagicTelescope,31
metacog,0.65,0.5,0.3939393939393939,0.0,0.5,0.35,0.0710971718201291,0.94388858294335,1,1,1,366715.3420448303,4.105329513549805,MagicTelescope,31
classic,0.71,0.6120879120879121,0.6080551425868361,0.3081528808046927,0.7461538461538461,0.5753559155621011,0.0,0.0,75,38,21,62130.43689727783,15.021800994873049,MagicTelescope,32
metacog,0.65,0.5,0.3939393939393939,0.0,0.5,0.35,0.1511137903665449,0.9557725184119292,1,1,1,369017.2743797302,3.562450408935547,MagicTelescope,32
classic,0.72,0.6065934065934067,0.592074592074592,0.3553113553113553,0.7474725274725276,0.6086205234782085,0.0,0.0,81,41,21,59442.31343269348,13.306140899658203,MagicTelescope,33
metacog,0.65,0.5,0.3939393939393939,0.0,0.5,0.35,0.0513452331021451,0.9574752693672754,1,1,1,360056.6668510437,4.242897033691406,MagicTelescope,33
classic,0.8,0.7274725274725274,0.7463216641298833,0.553133980780464,0.7819780219780219,0.7020393511408711,0.0,0.0,79,40,21,65438.5883808136,13.62919807434082,MagicTelescope,34
metacog,0.65,0.5,0.3939393939393939,0.0,0.5,0.35,0.0127533526797265,0.952528398705858,1,1,1,365522.399187088,4.156827926635742,MagicTelescope,34
classic,0.73,0.6538461538461539,0.6614420062695925,0.3668996928526714,0.6914285714285714,0.5562271062271062,0.0,0.0,97,49,21,63948.62318038941,15.740394592285156,MagicTelescope,35
metacog,0.65,0.5,0.3939393939393939,0.0,0.5,0.35,0.1133686286135165,0.95855664778077,1,1,1,365890.5835151672,4.105329513549805,MagicTelescope,35
classic,0.73,0.6528520499108734,0.6614420062695925,0.3555408418475304,0.7468805704099822,0.568688155494756,0.0,0.0,85,43,21,62091.25208854675,12.668132781982422,MagicTelescope,36
metacog,0.66,0.5,0.3975903614457831,0.0,0.5,0.34,0.0113983668609432,0.950078050899956,1,1,1,370418.58959198,4.118680953979492,MagicTelescope,36
classic,0.79,0.7339572192513368,0.7475658131987017,0.5118906968889915,0.8355614973262032,0.6834519339650753,0.0,0.0,89,45,21,59782.34934806824,12.415885925292969,MagicTelescope,37
metacog,0.66,0.5,0.3975903614457831,0.0,0.5,0.34,0.0372686607050933,0.9457849198742032,1,1,1,359391.0362720489,4.305601119995117,MagicTelescope,37
classic,0.73,0.6314616755793226,0.6350858224084336,0.3488072417664324,0.7736185383244206,0.5955047385921367,0.0,0.0,77,39,21,60239.32147026062,13.244867324829102,MagicTelescope,38
metacog,0.66,0.5,0.3975903614457831,0.0,0.5,0.34,0.0700712373878127,0.8897890361177201,1,1,1,363096.1589813232,4.1961669921875,MagicTelescope,38
classic,0.82,0.7566844919786097,0.7767857142857143,0.5870598929422364,0.8589572192513368,0.7416008660741903,0.0,0.0,85,43,21,59062.554121017456,12.319564819335938,MagicTelescope,39
metacog,0.66,0.5,0.3975903614457831,0.0,0.5,0.34,0.0391593246430964,0.9972974814902092,1,1,1,375492.7089214325,4.235744476318359,MagicTelescope,39
classic,0.76,0.6835164835164835,0.69558599695586,0.4462481873929347,0.7345054945054945,0.6031865913435417,0.0,0.0,103,52,21,62579.66899871826,12.53199577331543,MagicTelescope,40
metacog,0.65,0.5,0.3939393939393939,0.0,0.5,0.35,0.0451636039352681,0.9390173078529216,1,1,1,372959.75494384766,4.131793975830078,MagicTelescope,40
classic,0.73,0.6736263736263737,0.6815662224318906,0.3776016270314984,0.7435164835164835,0.5692100167997398,0.0,0.0,101,51,21,60292.49405860901,14.70184326171875,MagicTelescope,41
metacog,0.65,0.5,0.3939393939393939,0.0,0.5,0.35,0.0476819996959609,0.9531763435534149,1,1,1,375742.419719696,2.058267593383789,MagicTelescope,41
classic,0.79,0.7263736263736263,0.7423629002576371,0.5213001890835093,0.847032967032967,0.6979567449739341,0.0,0.0,73,37,21,61263.31949234009,12.376070022583008,MagicTelescope,42
metacog,0.65,0.5,0.3939393939393939,0.0,0.5,0.35,0.2151251029357726,0.9543636747051614,1,1,1,359865.2639389038,4.116535186767578,MagicTelescope,42
classic,0.82,0.7494505494505495,0.7716894977168949,0.6065768774742287,0.7960439560439561,0.749553264604811,0.0,0.0,85,43,21,60116.16134643555,12.644767761230469,MagicTelescope,43
metacog,0.65,0.5,0.3939393939393939,0.0,0.5,0.35,0.0282725833704746,0.946071488496084,1,1,1,364622.2195625305,4.089117050170898,MagicTelescope,43
classic,0.77,0.6780219780219781,0.6891471820516286,0.4894192812780414,0.8474725274725274,0.7310165851134478,0.0,0.0,75,38,21,55868.31760406494,11.873006820678713,MagicTelescope,44
metacog,0.65,0.5,0.3939393939393939,0.0,0.5,0.35,0.0551514941814562,0.9027499280078324,1,1,1,251355.655670166,4.086494445800781,MagicTelescope,44
classic,0.76,0.676923076923077,0.6881496881496881,0.4493054359813343,0.7054945054945055,0.6068181673103317,0.0,0.0,79,40,21,50330.23118972778,12.866973876953123,MagicTelescope,45
metacog,0.65,0.5,0.3939393939393939,0.0,0.5,0.35,0.0962519865733015,0.8749632569959879,1,1,1,250606.4739227295,2.050161361694336,MagicTelescope,45
classic,0.74,0.7531194295900179,0.7291666666666667,0.4811617650373572,0.749331550802139,0.6178261423146334,0.0,0.0,71,36,21,50089.2972946167,10.828495025634766,MagicTelescope,46
metacog,0.66,0.5,0.3975903614457831,0.0,0.5,0.34,0.2593960589017444,0.9441758276632132,1,1,1,251512.27021217343,3.6869049072265625,MagicTelescope,46
classic,0.71,0.6091800356506238,0.6080551425868361,0.2896873702805964,0.7185828877005347,0.52945530152817,0.0,0.0,77,39,21,49325.46186447144,6.047964096069336,MagicTelescope,47
metacog,0.66,0.5,0.3975903614457831,0.0,0.5,0.34,0.2964615227909402,0.9449633546635834,1,1,1,250904.6671390533,2.087116241455078,MagicTelescope,47
classic,0.73,0.6528520499108734,0.6614420062695925,0.3555408418475304,0.7738413547237076,0.5910457516339869,0.0,0.0,83,42,21,47884.31811332703,5.976200103759766,MagicTelescope,48
metacog,0.66,0.5,0.3975903614457831,0.0,0.5,0.34,0.0042260896277861,0.91510823491918,1,1,1,251862.79916763303,1.8620491027832031,MagicTelescope,48
classic,0.78,0.6907308377896613,0.7066666666666668,0.4929044102669807,0.8106060606060604,0.6996828876823413,0.0,0.0,91,46,21,44913.72632980347,12.64810562133789,MagicTelescope,49
metacog,0.66,0.5,0.3975903614457831,0.0,0.5,0.34,0.3065086227754972,0.964063551481778,1,1,1,247903.4006595612,1.924753189086914,MagicTelescope,49
classic,0.795,0.7525409373235461,0.7319473047628386,0.4708641363515957,0.8414737436476567,0.4924009444988945,0.0,0.0,277,139,21,14111.45305633545,25.537729263305664,adult,0
metacog,0.8,0.5652173913043478,0.5579133510167993,0.3217778938936845,0.5652173913043478,0.3304347826086956,0.5541350673001662,1.0,3,2,2,167699.95951652527,9.881258010864258,adult,0
classic,0.77,0.7363071710897797,0.7082699137493658,0.4300419130036369,0.7783738001129306,0.4566276592552585,0.0,0.0,237,119,21,13434.4642162323,22.35579490661621,adult,1
metacog,0.805,0.5913325804630153,0.6010434248887525,0.3371846188159856,0.5913325804630153,0.3450790513833992,0.6867096625830987,0.99993115173406,5,3,3,260137.49384880063,10.885953903198242,adult,1
classic,0.795,0.6153303218520609,0.6324682891847071,0.3166479006827506,0.7885375494071146,0.4597584001634467,0.0,0.0,235,118,21,12767.31777191162,23.55837821960449,adult,2
metacog,0.8,0.5652173913043478,0.5579133510167993,0.3217778938936845,0.5652173913043478,0.3304347826086956,0.5177485492624431,1.0,3,2,2,164945.89471817017,10.341405868530272,adult,2
classic,0.77,0.5762281197063805,0.5826528760660498,0.2138618054347908,0.7551524562394127,0.4115283006690618,0.0,0.0,245,123,21,13088.924646377563,23.596763610839844,adult,3
metacog,0.805,0.5760869565217391,0.5758795062802458,0.3484590995891856,0.5760869565217391,0.3471739130434783,0.5289958634037956,0.998915671347438,3,2,2,168205.9714794159,9.940385818481444,adult,3
classic,0.805,0.7285431959345003,0.7268046653357151,0.4536729900227803,0.7643280632411067,0.4776936338407199,0.0,0.0,229,115,21,13037.655353546144,23.07271957397461,adult,4
metacog,0.795,0.5543478260869565,0.5392999606719479,0.292987533074953,0.5543478260869565,0.313695652173913,0.5123123594125598,1.0,3,2,2,166350.30341148376,9.668827056884766,adult,4
classic,0.845,0.8078769057029926,0.7919393268230477,0.5871509701580412,0.8612365894974591,0.627372189431016,0.0,0.0,211,106,21,12598.160982131958,22.66812324523925,adult,5
metacog,0.815,0.5978260869565217,0.6100131752305665,0.3971787600668156,0.5978260869565217,0.3806521739130435,0.598035159554147,1.0,3,2,2,170215.60144424438,14.852523803710938,adult,5
classic,0.815,0.7426595143986449,0.740814682497986,0.4816947929889804,0.7980660643704124,0.4911594258060708,0.0,0.0,225,113,21,12995.395421981812,23.329973220825195,adult,6
metacog,0.795,0.5543478260869565,0.5392999606719479,0.292987533074953,0.5543478260869565,0.313695652173913,0.5363583552709889,0.99974301249997,3,2,2,163935.79006195068,9.874105453491213,adult,6
classic,0.8,0.717673630717109,0.717673630717109,0.435347261434218,0.8116883116883117,0.5069553036403824,0.0,0.0,275,138,21,13874.780893325806,21.70085906982422,adult,7
metacog,0.81,0.5869565217391304,0.5932348533504603,0.3734872870971492,0.5869565217391304,0.3639130434782608,0.5833692402180064,0.998682165718022,3,2,2,169544.80385780334,9.629487991333008,adult,7
classic,0.805,0.761994159365874,0.7450230459939198,0.4948128736033296,0.8020442219440969,0.4952781950368167,0.0,0.0,247,124,21,13769.830703735352,26.03912353515625,adult,8
metacog,0.8,0.574468085106383,0.5718261614215371,0.3436110739901573,0.574468085106383,0.3489361702127659,0.5167964231973616,1.0,3,2,2,173104.45737838745,8.236885070800781,adult,8
classic,0.825,0.6718815185648728,0.7003296373988612,0.4485303832338286,0.8089973578083715,0.5486618141097424,0.0,0.0,245,123,21,12886.374235153198,21.865129470825195,adult,9
metacog,0.82,0.6170212765957447,0.6370235934664247,0.4352734993659197,0.6170212765957447,0.4140425531914893,0.5235639139344918,1.0,3,2,2,164124.58562850952,9.82522964477539,adult,9
classic,0.81,0.7699040090344438,0.7499671009343334,0.5059450459494215,0.8033596837944664,0.5084315371271892,0.0,0.0,241,121,21,12655.198335647585,22.08542823791504,adult,10
metacog,0.805,0.5760869565217391,0.5758795062802458,0.3484590995891856,0.5760869565217391,0.3471739130434783,0.6638192919025178,0.9994221785777244,3,2,2,165898.45752716064,10.14399528503418,adult,10
classic,0.77,0.7363071710897797,0.7082699137493658,0.4300419130036369,0.8010304912478825,0.4833662395993156,0.0,0.0,233,117,21,12221.423864364624,22.78447151184082,adult,11
metacog,0.795,0.5543478260869565,0.5392999606719479,0.292987533074953,0.5543478260869565,0.313695652173913,0.5342211025091295,1.0,3,2,2,162081.20203018188,11.419057846069336,adult,11
classic,0.765,0.5729813664596274,0.578683160772713,0.2003757217294762,0.7527526821005083,0.4166356107660455,0.0,0.0,229,115,21,13076.508045196531,25.308847427368164,adult,12
metacog,0.81,0.5869565217391304,0.5932348533504603,0.3734872870971492,0.5869565217391304,0.3639130434782608,0.544086551727854,1.0,3,2,2,161507.5981616974,9.677648544311523,adult,12
classic,0.835,0.778514963297572,0.7722174288179465,0.5450436584216708,0.8372388481084133,0.5562597424321412,0.0,0.0,231,116,21,13067.21568107605,22.811412811279297,adult,13
metacog,0.8,0.5652173913043478,0.5579133510167993,0.3217778938936845,0.5652173913043478,0.3304347826086956,0.5398131515639322,1.0,3,2,2,162715.05403518677,9.977340698242188,adult,13
classic,0.825,0.7796442687747036,0.7650927883486023,0.5333086070073726,0.8409090909090909,0.557884398701482,0.0,0.0,243,122,21,13421.249151229858,23.53692054748535,adult,14
metacog,0.805,0.5760869565217391,0.5758795062802458,0.3484590995891856,0.5760869565217391,0.3471739130434783,0.60667561604184,1.0,3,2,2,163556.87499046326,10.089397430419922,adult,14
classic,0.795,0.7601637492941841,0.735270379338176,0.4801539351020719,0.8354037267080745,0.526541796306669,0.0,0.0,257,129,21,12674.137592315674,22.52507209777832,adult,15
metacog,0.795,0.5543478260869565,0.5392999606719479,0.292987533074953,0.5543478260869565,0.313695652173913,0.5404924214937099,1.0,3,2,2,163871.5341091156,9.705305099487305,adult,15
classic,0.845,0.7926312817617165,0.7860224331320104,0.572668780490686,0.8316629023150762,0.6285731763060955,0.0,0.0,231,116,21,12631.525754928589,31.995058059692383,adult,16
metacog,0.82,0.6086956521739131,0.6262458471760798,0.4197634726815944,0.6086956521739131,0.3973913043478261,0.554383540935585,1.0,3,2,2,162942.65270233154,10.07366180419922,adult,16
classic,0.795,0.7296725014116319,0.7210030281378653,0.4435065621744377,0.8040654997176736,0.5025249875473119,0.0,0.0,257,129,21,12545.793056488035,23.104190826416016,adult,17
metacog,0.805,0.5760869565217391,0.5758795062802458,0.3484590995891856,0.5760869565217391,0.3471739130434783,0.5132268778018805,1.0,3,2,2,166202.33750343323,11.24262809753418,adult,17
classic,0.805,0.7325128633013489,0.7308024158757549,0.4616674033972615,0.784313725490196,0.4923798535852848,0.0,0.0,227,114,21,13416.755437850952,30.267953872680664,adult,18
metacog,0.815,0.6063829787234043,0.6215027364329191,0.4139234069077445,0.6063829787234043,0.3977659574468085,0.5588057984828143,1.0,3,2,2,171154.67619895935,10.207414627075195,adult,18
classic,0.78,0.6129884577944653,0.6273712737127372,0.2897141400294976,0.763384786538729,0.4485106382978723,0.0,0.0,219,110,21,13266.30401611328,23.175477981567383,adult,19
metacog,0.805,0.5851063829787234,0.5889328063241106,0.3682910504917821,0.5851063829787234,0.3652127659574468,0.5370730419585145,0.9982246963989542,3,2,2,170255.7725906372,12.77470588684082,adult,19
classic,0.8,0.6033314511575382,0.6182477572055736,0.320577396557923,0.818464144551101,0.5042957202643903,0.0,0.0,245,123,21,13039.288759231567,23.177146911621094,adult,20
metacog,0.795,0.5543478260869565,0.5392999606719479,0.292987533074953,0.5543478260869565,0.313695652173913,0.5356570049083086,1.0,3,2,2,167103.21593284607,9.864091873168944,adult,20
classic,0.775,0.7166854884246189,0.7019768866518759,0.4084451592825365,0.7948193111236589,0.4790287972896668,0.0,0.0,249,125,21,14245.336055755615,24.90544319152832,adult,21
metacog,0.805,0.5760869565217391,0.5758795062802458,0.3484590995891856,0.5760869565217391,0.3471739130434783,0.5592017339668328,1.0,3,2,2,172805.84812164307,16.053199768066406,adult,21
classic,0.785,0.7765386787125919,0.7348216212882736,0.4931305785716126,0.8351919819311124,0.5384889762718582,0.0,0.0,247,124,21,13112.179279327393,21.367549896240234,adult,22
metacog,0.835,0.6413043478260869,0.6719518862766539,0.4824277903376065,0.6413043478260869,0.4476086956521739,0.5429441085231462,1.0,3,2,2,161922.53232002258,10.929346084594728,adult,22
classic,0.775,0.5870976849237719,0.5966115369100444,0.239133114713901,0.7614342179559571,0.4175328153813068,0.0,0.0,223,112,21,12514.44411277771,22.044658660888672,adult,23
metacog,0.8,0.5652173913043478,0.5579133510167993,0.3217778938936845,0.5652173913043478,0.3304347826086956,0.5694288420782971,1.0,3,2,2,162416.8152809143,9.958982467651367,adult,23
classic,0.815,0.7807735742518351,0.7580987872250009,0.5235040621594879,0.8070299265951439,0.5158250245178163,0.0,0.0,243,122,21,12770.094633102415,23.39816093444824,adult,24
metacog,0.8,0.5652173913043478,0.5579133510167993,0.3217778938936845,0.5652173913043478,0.3304347826086956,0.5401532840835576,1.0,3,2,2,162275.35438537598,9.934425354003906,adult,24
classic,0.835,0.8090062111801242,0.7842502696871629,0.5761439879673801,0.8369565217391304,0.5615594583972477,0.0,0.0,249,125,21,12621.610403060911,23.76103401184082,adult,25
metacog,0.81,0.5869565217391304,0.5932348533504603,0.3734872870971492,0.5869565217391304,0.3639130434782608,0.5220382160628734,1.0,3,2,2,163517.6203250885,10.075807571411133,adult,25
classic,0.775,0.739553924336533,0.7129278172945042,0.4379255096728415,0.7823969508752117,0.4398020828618404,0.0,0.0,237,119,21,13134.883642196655,25.3145694732666,adult,26
metacog,0.815,0.5978260869565217,0.6100131752305665,0.3971787600668156,0.5978260869565217,0.3806521739130435,0.5869746810781014,1.0,3,2,2,163935.85562705994,12.208938598632812,adult,26
classic,0.78,0.5827216261998871,0.5907738095238095,0.2432855915660758,0.7734330886504801,0.4465571749915262,0.0,0.0,227,114,21,13369.98200416565,23.6818790435791,adult,27
metacog,0.8,0.5652173913043478,0.5579133510167993,0.3217778938936845,0.5652173913043478,0.3304347826086956,0.5427105219704301,0.9979016712857074,3,2,2,161428.82442474365,9.798049926757812,adult,27
classic,0.825,0.8045473508552357,0.7767216356735032,0.5635595622271021,0.8699763593380615,0.5815059110355862,0.0,0.0,259,130,21,14418.72501373291,24.726152420043945,adult,28
metacog,0.795,0.5638297872340425,0.5541297373715405,0.3173010773357668,0.5638297872340425,0.3326595744680851,0.6156045120903196,0.9966141425611312,3,2,2,171396.06761932373,9.898900985717772,adult,28
classic,0.825,0.7676957307745793,0.7618318532884216,0.5242463958819695,0.7972465581977473,0.5211321844613459,0.0,0.0,243,122,21,13660.950183868408,23.58365058898925,adult,29
metacog,0.8,0.574468085106383,0.5718261614215371,0.3436110739901573,0.574468085106383,0.3489361702127659,0.6026336889822305,0.9998526846904012,3,2,2,168506.1318874359,9.569168090820312,adult,29
classic,0.81,0.7775268210050819,0.753118503118503,0.5147733603051349,0.8245341614906833,0.5111441621810354,0.0,0.0,225,113,21,12567.903518676758,22.419452667236328,adult,30
metacog,0.81,0.5869565217391304,0.5932348533504603,0.3734872870971492,0.5869565217391304,0.3639130434782608,0.525617863365229,1.0,3,2,2,162201.15160942078,10.002851486206056,adult,30
classic,0.84,0.7893845285149632,0.7807017543859649,0.5624888898248213,0.8380858272162619,0.5676475825272971,0.0,0.0,239,120,21,13680.721759796144,39.16573524475098,adult,31
metacog,0.815,0.5978260869565217,0.6100131752305665,0.3971787600668156,0.5978260869565217,0.3806521739130435,0.5269772173622165,1.0,3,2,2,172025.29907226562,9.950876235961914,adult,31
classic,0.795,0.73729531338227,0.7248229806369342,0.4525450622813696,0.7961603613777527,0.4812419544183879,0.0,0.0,245,123,21,13598.22416305542,23.15711975097656,adult,32
metacog,0.805,0.5760869565217391,0.5758795062802458,0.3484590995891856,0.5760869565217391,0.3471739130434783,0.5636319169772633,1.0,3,2,2,167345.85976600647,9.680509567260742,adult,32
classic,0.795,0.607707509881423,0.6234213547646383,0.3091712981248604,0.7771033314511575,0.4740123190123799,0.0,0.0,217,109,21,13410.65788269043,24.54686164855957,adult,33
metacog,0.82,0.6086956521739131,0.6262458471760798,0.4197634726815944,0.6086956521739131,0.3973913043478261,0.6401850912861916,0.9994217073733596,3,2,2,166131.8325996399,9.85574722290039,adult,33
classic,0.81,0.7622811970638057,0.7466666666666666,0.4972366378757117,0.8255223037831734,0.5288423857391399,0.0,0.0,265,133,21,12742.64669418335,24.50847625732422,adult,34
metacog,0.82,0.6086956521739131,0.6262458471760798,0.4197634726815944,0.6086956521739131,0.3973913043478261,0.6256174736024064,0.9993714251189344,3,2,2,163294.6617603302,9.870290756225586,adult,34
classic,0.75,0.7233201581027668,0.6899801587301587,0.3997356035490466,0.7345426312817618,0.3965776369836472,0.0,0.0,241,121,21,13615.08584022522,24.241924285888672,adult,35
metacog,0.79,0.5434782608695652,0.52,0.2613866510869666,0.5434782608695652,0.2969565217391304,0.5166813154134262,1.0,3,2,2,171716.61949157715,9.686946868896484,adult,35
classic,0.84,0.8046301524562394,0.7866666666666666,0.5775224244003153,0.8743647656691136,0.6221341219809453,0.0,0.0,235,118,21,13118.766069412231,23.567676544189453,adult,36
metacog,0.815,0.5978260869565217,0.6100131752305665,0.3971787600668156,0.5978260869565217,0.3806521739130435,0.5377200359784609,0.998977929015642,3,2,2,162486.1192703247,9.833097457885742,adult,36
classic,0.805,0.7209203839638623,0.7226074895977808,0.4452797604138698,0.8194522868435912,0.5066194900830954,0.0,0.0,255,128,21,13010.632514953611,23.17070960998535,adult,37
metacog,0.815,0.5978260869565217,0.6100131752305665,0.3971787600668156,0.5978260869565217,0.3806521739130435,0.5633526795229044,1.0,3,2,2,163631.2427520752,9.916067123413086,adult,37
classic,0.75,0.5638993185926853,0.5670995670995671,0.1698518634224265,0.7288972326519261,0.3788481885059128,0.0,0.0,229,115,21,12661.605834960938,25.12073516845703,adult,38
metacog,0.785,0.5425531914893617,0.5168267880217989,0.2577500430109891,0.5425531914893617,0.3001063829787234,0.5386283159736268,1.0,3,2,2,164987.4653816223,9.981870651245115,adult,38
classic,0.75,0.5417883465442914,0.5349702380952381,0.1270661355806152,0.7641496314837991,0.4130070573323653,0.0,0.0,231,116,21,12536.675930023192,23.1020450592041,adult,39
metacog,0.78,0.5319148936170213,0.4971428571428571,0.2226508209166666,0.5319148936170213,0.2838297872340425,0.5079354166347375,1.0,3,2,2,168542.25397109985,12.102365493774414,adult,39
classic,0.845,0.8154997176736307,0.7946951885824034,0.5947067954374392,0.8767645398080182,0.673466099118273,0.0,0.0,239,120,21,13758.535861968994,23.53358268737793,adult,40
metacog,0.815,0.5978260869565217,0.6100131752305665,0.3971787600668156,0.5978260869565217,0.3806521739130435,0.5276729103919869,0.9988081025322756,3,2,2,163726.9365787506,10.024070739746094,adult,40
classic,0.78,0.7275550536420101,0.7104882221344914,0.4265603630075666,0.785643704121965,0.4783195307108351,0.0,0.0,259,130,21,13385.218381881714,23.340463638305664,adult,41
metacog,0.81,0.5869565217391304,0.5932348533504603,0.3734872870971492,0.5869565217391304,0.3639130434782608,0.548688648274328,1.0,3,2,2,161994.8890209198,9.467363357543944,adult,41
classic,0.77,0.5762281197063805,0.5826528760660498,0.2138618054347908,0.7440005646527386,0.4034321086056617,0.0,0.0,231,116,21,13732.42735862732,29.834747314453125,adult,42
metacog,0.81,0.5869565217391304,0.5932348533504603,0.3734872870971492,0.5869565217391304,0.3639130434782608,0.6528538544042839,0.9989722476995556,3,2,2,168816.43748283386,9.59157943725586,adult,42
classic,0.785,0.6012140033879164,0.6145399130473758,0.2778905076983258,0.7931253529079616,0.4684740273106675,0.0,0.0,233,117,21,13012.32886314392,22.47905731201172,adult,43
metacog,0.8,0.5652173913043478,0.5579133510167993,0.3217778938936845,0.5652173913043478,0.3304347826086956,0.5140725320728896,1.0,3,2,2,141757.95674324036,9.968996047973633,adult,43
classic,0.81,0.7317899491812536,0.7317899491812536,0.463579898362507,0.7671513269339357,0.4564030199047529,0.0,0.0,225,113,21,13004.086256027222,22.581100463867188,adult,44
metacog,0.795,0.5543478260869565,0.5392999606719479,0.292987533074953,0.5543478260869565,0.313695652173913,0.6372093316773801,0.9982421852342924,3,2,2,122570.38831710815,7.740020751953125,adult,44
classic,0.81,0.7546583850931676,0.7432085416948236,0.4886464219984092,0.8450028232636928,0.5240967782757089,0.0,0.0,269,135,21,12924.514770507812,24.15800094604492,adult,45
metacog,0.82,0.6086956521739131,0.6262458471760798,0.4197634726815944,0.6086956521739131,0.3973913043478261,0.5391760313609266,1.0,3,2,2,121499.13382530212,4.613161087036133,adult,45
classic,0.77,0.5686053077357426,0.5721726190476191,0.2017692790121379,0.7613636363636365,0.430196703208983,0.0,0.0,227,114,21,12658.761024475098,22.66144752502441,adult,46
metacog,0.795,0.5543478260869565,0.5392999606719479,0.292987533074953,0.5543478260869565,0.313695652173913,0.5629273167223845,1.0,3,2,2,120328.1021118164,7.2021484375,adult,46
classic,0.795,0.744918125352908,0.728467830060598,0.4616627696125087,0.8236871823828346,0.536372386516764,0.0,0.0,245,123,21,13068.69339942932,23.56576919555664,adult,47
metacog,0.8,0.5652173913043478,0.5579133510167993,0.3217778938936845,0.5652173913043478,0.3304347826086956,0.5673352691064799,1.0,3,2,2,121025.99883079527,4.538536071777344,adult,47
classic,0.82,0.6465025726602698,0.673380511703865,0.4236954530397295,0.831525518008622,0.5766499273159773,0.0,0.0,235,118,21,12884.763956069946,22.85289764404297,adult,48
metacog,0.815,0.6063829787234043,0.6215027364329191,0.4139234069077445,0.6063829787234043,0.3977659574468085,0.5364812866054038,1.0,3,2,2,120376.39451026917,4.382133483886719,adult,48
classic,0.82,0.7939090529828953,0.7689641894493646,0.5465149432844895,0.8460575719649561,0.5570986712530167,0.0,0.0,241,121,21,12999.149322509766,21.41809463500977,adult,49
metacog,0.795,0.5638297872340425,0.5541297373715405,0.3173010773357668,0.5638297872340425,0.3326595744680851,0.537615181693712,1.0,3,2,2,118222.92280197144,9.213685989379885,adult,49
classic,0.6984126984126984,0.560919540229885,0.5723976608187135,0.5335843922113052,0.7074712643678162,,0.0,0.0,153,77,13,312.0877742767334,5.61070442199707,balance-scale,0
metacog,0.4603174603174603,0.3333333333333333,0.2101449275362319,0.0,0.5,,0.0364577268574745,1.0,1,1,1,1409.245252609253,2.201080322265625,balance-scale,0
classic,0.7777777777777778,0.5632183908045977,0.5695203400121432,0.6176931109168295,0.7268424611223798,,0.0,0.0,161,81,14,320.7888603210449,5.783319473266602,balance-scale,1
metacog,0.4603174603174603,0.3333333333333333,0.2101449275362319,0.0,0.5,,0.0060202459388988,1.0,1,1,1,1397.5729942321775,2.758026123046875,balance-scale,1
classic,0.8253968253968254,0.5977011494252874,0.6027424884049203,0.6971906806556257,0.7461122379986477,,0.0,0.0,163,82,15,361.2120151519776,7.109880447387695,balance-scale,2
metacog,0.4603174603174603,0.3333333333333333,0.2101449275362319,0.0,0.5,,0.0014062699055918,0.9620359117234784,1,1,1,1320.0852870941162,2.6865005493164062,balance-scale,2
classic,0.8412698412698413,0.6091954022988505,0.604093567251462,0.7195155919908751,0.7523664638269101,,0.0,0.0,153,77,13,301.1188507080078,5.698680877685547,balance-scale,3
metacog,0.4603174603174603,0.3333333333333333,0.2101449275362319,0.0,0.5,,0.0236599662167297,0.7927748817661089,1,1,1,1263.4665966033936,2.724647521972656,balance-scale,3
classic,0.6507936507936508,0.5264367816091954,0.5408237369021682,0.4697189280398405,0.7132183908045976,,0.0,0.0,149,75,13,292.5570011138916,5.653142929077148,balance-scale,4
metacog,0.4603174603174603,0.3333333333333333,0.2101449275362319,0.0,0.5,,0.0446088998896811,0.8866093019926319,1,1,1,1367.7597045898438,7.682561874389648,balance-scale,4
classic,0.7903225806451613,0.5734811165845649,0.5781119465329991,0.6376668044288247,0.724447180015932,,0.0,0.0,155,78,15,315.6867027282715,5.706310272216797,balance-scale,5
metacog,0.4516129032258064,0.3333333333333333,0.2074074074074074,0.0,0.5,,0.0012081534425029,0.9591396890326808,1,1,1,1429.1906356811523,2.489328384399414,balance-scale,5
classic,0.7903225806451613,0.5743021346469622,0.5619275189167662,0.6340544116363752,0.7933483768583054,,0.0,0.0,157,79,15,307.7418804168701,5.650520324707031,balance-scale,6
metacog,0.4516129032258064,0.3333333333333333,0.2074074074074074,0.0,0.5,,0.0165304073162208,0.877424307304173,1,1,1,1361.764669418335,2.312660217285156,balance-scale,6
classic,0.7419354838709677,0.59376026272578,0.5906768837803321,0.561013211404961,0.7619868868187433,,0.0,0.0,157,79,15,300.22239685058594,6.91676139831543,balance-scale,7
metacog,0.4516129032258064,0.3333333333333333,0.2074074074074074,0.0,0.5,,0.1941536993551653,0.7743057694978058,1,1,1,1261.5561485290527,2.176523208618164,balance-scale,7
classic,0.7096774193548387,0.5155993431855501,0.5378531073446328,0.5298235404523202,0.7436125618921605,,0.0,0.0,147,74,14,298.1255054473877,5.728721618652344,balance-scale,8
metacog,0.4516129032258064,0.3333333333333333,0.2074074074074074,0.0,0.5,,0.0146026800953189,0.8383284602700416,1,1,1,1357.755422592163,2.7008056640625,balance-scale,8
classic,0.8225806451612904,0.5862068965517241,0.5912482355313572,0.6862170860635762,0.7621037965865552,,0.0,0.0,159,80,15,334.96785163879395,6.105899810791016,balance-scale,9
metacog,0.4677419354838709,0.3333333333333333,0.2124542124542124,0.0,0.5,,0.0037949939231419,0.9228848389088908,1,1,1,1289.0524864196775,3.9260387420654297,balance-scale,9
classic,0.8095238095238095,0.5862068965517241,0.5857142857142857,0.666962959709413,0.737998647734956,,0.0,0.0,151,76,15,321.7124938964844,5.678653717041016,balance-scale,10
metacog,0.4603174603174603,0.3333333333333333,0.2101449275362319,0.0,0.5,,0.0201416273655334,1.0,1,1,1,1403.8691520690918,2.713203430175781,balance-scale,10
classic,0.7936507936507936,0.5747126436781609,0.5797539826577939,0.6420456550670453,0.7649763353617308,,0.0,0.0,153,77,13,296.795129776001,6.045341491699219,balance-scale,11
metacog,0.4603174603174603,0.3333333333333333,0.2101449275362319,0.0,0.5,,0.0121971254216597,0.9734188681399136,1,1,1,1263.6487483978271,2.721786499023437,balance-scale,11
classic,0.7301587301587301,0.5287356321839081,0.5637915543575921,0.5692104781160657,0.7212643678160919,,0.0,0.0,157,79,13,308.3438873291016,5.922079086303711,balance-scale,12
metacog,0.4603174603174603,0.3333333333333333,0.2101449275362319,0.0,0.5,,0.0059243120732888,0.9253108170105648,1,1,1,1351.1085510253906,2.916097640991211,balance-scale,12
classic,0.6825396825396826,0.4942528735632184,0.5156284153005465,0.4811487091228507,0.6911764705882352,,0.0,0.0,155,78,15,355.7734489440918,6.470441818237305,balance-scale,13
metacog,0.4603174603174603,0.3333333333333333,0.2101449275362319,0.0,0.5,,0.0411691302770368,0.9412887841729046,1,1,1,1434.315204620361,2.63214111328125,balance-scale,13
classic,0.7936507936507936,0.6298850574712643,0.630306851618327,0.6568219742290375,0.803313049357674,,0.0,0.0,159,80,15,361.42420768737793,7.263422012329102,balance-scale,14
metacog,0.4603174603174603,0.3333333333333333,0.2101449275362319,0.0,0.5,,0.0004630270418192,0.9625305935914265,1,1,1,1267.7927017211914,3.232717514038086,balance-scale,14
classic,0.8548387096774194,0.7298029556650247,0.7182539682539684,0.7526030179293972,0.8194956608282645,,0.0,0.0,157,79,14,319.1697597503662,6.416559219360352,balance-scale,15
metacog,0.4516129032258064,0.3333333333333333,0.2074074074074074,0.0,0.5,,0.0046777019799444,0.8835625388615117,1,1,1,1252.7117729187012,2.7513504028320312,balance-scale,15
classic,0.7419354838709677,0.5933497536945812,0.5923794271224331,0.5675330080117119,0.7524487581976639,,0.0,0.0,157,79,12,319.17452812194824,7.541418075561523,balance-scale,16
metacog,0.4516129032258064,0.3333333333333333,0.2074074074074074,0.0,0.5,,0.0656374840531158,0.7766520712649603,1,1,1,1404.2794704437256,3.554582595825196,balance-scale,16
classic,0.7741935483870968,0.5615763546798029,0.5716108452950558,0.6136127931217711,0.7208605600299846,,0.0,0.0,155,78,12,314.7904872894287,5.24139404296875,balance-scale,17
metacog,0.4516129032258064,0.3333333333333333,0.2074074074074074,0.0,0.5,,0.0223393176027068,1.0,1,1,1,1430.5832386016846,2.699613571166992,balance-scale,17
classic,0.7580645161290323,0.6052545155993432,0.6036630036630036,0.5921669352368075,0.7407033087667229,,0.0,0.0,155,78,11,310.413122177124,5.224943161010742,balance-scale,18
metacog,0.4516129032258064,0.3333333333333333,0.2074074074074074,0.0,0.5,,0.0475480644416043,0.9515371035007968,1,1,1,1391.442060470581,3.456592559814453,balance-scale,18
classic,0.7741935483870968,0.6235632183908045,0.6162271805273835,0.6405103709488862,0.7747082897944967,,0.0,0.0,157,79,15,345.9138870239258,5.927085876464844,balance-scale,19
metacog,0.4677419354838709,0.3333333333333333,0.2124542124542124,0.0,0.5,,0.0195808475389262,0.9319817499099748,1,1,1,1515.8870220184326,7.298946380615234,balance-scale,19
classic,0.8095238095238095,0.6413793103448276,0.6403508771929824,0.6737302626745375,0.7851926977687627,,0.0,0.0,155,78,13,328.3848762512207,9.311199188232422,balance-scale,20
metacog,0.4603174603174603,0.3333333333333333,0.2101449275362319,0.0,0.5,,0.0688821564872904,0.9784192545191414,1,1,1,1498.0146884918213,8.291959762573242,balance-scale,20
classic,0.7301587301587301,0.5839080459770115,0.5928978428978429,0.5767506686729755,0.7458755916159566,,0.0,0.0,153,77,13,297.0449924468994,5.430221557617188,balance-scale,21
metacog,0.4603174603174603,0.3333333333333333,0.2101449275362319,0.0,0.5,,0.0278415026719569,0.8071773230478966,1,1,1,1512.5305652618408,2.562999725341797,balance-scale,21
classic,0.746031746031746,0.5402298850574713,0.5682951146560319,0.5921619792823024,0.707741717376606,,0.0,0.0,159,80,14,357.9216003417969,4.890203475952148,balance-scale,22
metacog,0.4603174603174603,0.3333333333333333,0.2101449275362319,0.0,0.5,,0.0121971254216597,0.91358345653731,1,1,1,1334.2313766479492,2.730607986450196,balance-scale,22
classic,0.746031746031746,0.5402298850574713,0.554649947753396,0.5705320714628284,0.747870182555781,,0.0,0.0,157,79,15,472.5832939147949,5.850553512573242,balance-scale,23
metacog,0.4603174603174603,0.3333333333333333,0.2101449275362319,0.0,0.5,,0.0037949939231419,0.8781124335273405,1,1,1,1483.4659099578855,2.452611923217773,balance-scale,23
classic,0.873015873015873,0.6873563218390805,0.689278752436647,0.7758955450946377,0.7923597025016904,,0.0,0.0,153,77,12,318.35150718688965,5.6476593017578125,balance-scale,24
metacog,0.4603174603174603,0.3333333333333333,0.2101449275362319,0.0,0.5,,0.0945764119136803,0.8903957253224992,1,1,1,1283.9539051055908,2.982616424560547,balance-scale,24
classic,0.7258064516129032,0.5266830870279146,0.5506172839506173,0.5491383087513318,0.723145617208551,,0.0,0.0,157,79,15,318.92895698547363,5.7373046875,balance-scale,25
metacog,0.4516129032258064,0.3333333333333333,0.2074074074074074,0.0,0.5,,0.0150509253827355,0.8711734198293802,1,1,1,1320.08957862854,2.6657581329345703,balance-scale,25
classic,0.7419354838709677,0.5389983579638752,0.5466155810983397,0.561013211404961,0.7142178064098103,,0.0,0.0,153,77,14,416.4290428161621,5.834817886352539,balance-scale,26
metacog,0.4516129032258064,0.3333333333333333,0.2074074074074074,0.0,0.5,,0.1304577859963192,0.9832495621060732,1,1,1,1455.7955265045166,2.650737762451172,balance-scale,26
classic,0.7741935483870968,0.6715106732348112,0.6516901659335992,0.6430967127507143,0.7727130422096793,,0.0,0.0,149,75,15,367.032527923584,6.355047225952148,balance-scale,27
metacog,0.4516129032258064,0.3333333333333333,0.2074074074074074,0.0,0.5,,0.0278415026719569,1.0,1,1,1,1411.1323356628418,2.6590824127197266,balance-scale,27
classic,0.8387096774193549,0.6083743842364532,0.5978788779859253,0.7124139037988713,0.7479278132635665,,0.0,0.0,151,76,13,376.1658668518066,5.190134048461914,balance-scale,28
metacog,0.4516129032258064,0.3333333333333333,0.2074074074074074,0.0,0.5,,0.0251111090840721,0.975416066525237,1,1,1,1436.2218379974363,2.5968551635742188,balance-scale,28
classic,0.7580645161290323,0.6120689655172414,0.6060728744939271,0.6116510841964489,0.764650818530129,,0.0,0.0,155,78,14,373.0051517486572,5.598068237304688,balance-scale,29
metacog,0.4677419354838709,0.3333333333333333,0.2124542124542124,0.0,0.5,,0.0654526507087477,0.8793836510801127,1,1,1,1442.6400661468506,2.567291259765625,balance-scale,29
classic,0.7777777777777778,0.5632183908045977,0.5723738626964433,0.6257909057326763,0.7415483434753211,,0.0,0.0,155,78,13,375.17714500427246,5.355119705200195,balance-scale,30
metacog,0.4603174603174603,0.3333333333333333,0.2101449275362319,0.0,0.5,,0.0094866531057352,0.8309652736201145,1,1,1,1479.8400402069092,2.7594566345214844,balance-scale,30
classic,0.7777777777777778,0.5632183908045977,0.5728395061728395,0.6214861880428951,0.7364773495605138,,0.0,0.0,155,78,14,374.0024566650391,6.736516952514648,balance-scale,31
metacog,0.4603174603174603,0.3333333333333333,0.2101449275362319,0.0,0.5,,0.0004051426704764,0.9275313284573355,1,1,1,1411.3788604736328,4.3182373046875,balance-scale,31
classic,0.7777777777777778,0.5632183908045977,0.5733949666153055,0.6201590753004766,0.7392832995267072,,0.0,0.0,163,82,12,301.8803596496582,8.842945098876953,balance-scale,32
metacog,0.4603174603174603,0.3333333333333333,0.2101449275362319,0.0,0.5,,0.0223393176027068,0.9768184652520392,1,1,1,1457.700252532959,4.499673843383789,balance-scale,32
classic,0.8412698412698413,0.6091954022988505,0.5988700564971752,0.7166085761829019,0.7694388100067613,,0.0,0.0,157,79,15,313.9376640319824,5.942583084106445,balance-scale,33
metacog,0.4603174603174603,0.3333333333333333,0.2101449275362319,0.0,0.5,,0.0046777019799444,0.944299734064744,1,1,1,1274.2972373962402,2.741098403930664,balance-scale,33
classic,0.6825396825396826,0.4942528735632184,0.5242280820374127,0.4920050462314806,0.6945571331981069,,0.0,0.0,149,75,14,297.31035232543945,5.569219589233398,balance-scale,34
metacog,0.4603174603174603,0.3333333333333333,0.2101449275362319,0.0,0.5,,0.0099913074336392,0.8367276691823455,1,1,1,1296.609878540039,2.713203430175781,balance-scale,34
classic,0.7741935483870968,0.5611658456486043,0.5662071846282372,0.6089637594046662,0.73248597822234,,0.0,0.0,159,80,12,311.8467330932617,5.349397659301758,balance-scale,35
metacog,0.4516129032258064,0.3333333333333333,0.2074074074074074,0.0,0.5,,0.0307121310657969,0.8851045183184963,1,1,1,1271.2781429290771,2.7616024017333984,balance-scale,35
classic,0.8064516129032258,0.5853858784893268,0.5847953216374269,0.6613491340018232,0.7734333297747411,,0.0,0.0,151,76,13,344.4311618804932,5.937099456787109,balance-scale,36
metacog,0.4516129032258064,0.3333333333333333,0.2074074074074074,0.0,0.5,,0.0738298918390795,0.910361218665552,1,1,1,1511.4140510559082,2.516508102416992,balance-scale,36
classic,0.7580645161290323,0.5496715927750411,0.5651702450661462,0.5916027178342739,0.7553148710950035,,0.0,0.0,151,76,14,350.355863571167,5.981922149658203,balance-scale,37
metacog,0.4516129032258064,0.3333333333333333,0.2074074074074074,0.0,0.5,,0.0053945677551948,0.9089153844544025,1,1,1,1412.6057624816897,2.74515151977539,balance-scale,37
classic,0.8225806451612904,0.5964696223316913,0.601921470342523,0.6936262409109014,0.7499948103863444,,0.0,0.0,163,82,15,390.1667594909668,5.484104156494141,balance-scale,38
metacog,0.4516129032258064,0.3333333333333333,0.2074074074074074,0.0,0.5,,0.0143946881436023,0.9732148697212653,1,1,1,1383.430004119873,2.620220184326172,balance-scale,38
classic,0.7096774193548387,0.5057471264367815,0.5308518887781101,0.524337775213945,0.680163706025775,,0.0,0.0,149,75,14,317.16227531433105,5.437612533569336,balance-scale,39
metacog,0.4677419354838709,0.3333333333333333,0.2124542124542124,0.0,0.5,,0.005440325669828,1.0,1,1,1,1349.5001792907717,2.634286880493164,balance-scale,39
classic,0.7777777777777778,0.5632183908045977,0.5740740740740741,0.6214861880428951,0.7459432048681541,,0.0,0.0,155,78,15,342.8683280944824,6.26373291015625,balance-scale,40
metacog,0.4603174603174603,0.3333333333333333,0.2101449275362319,0.0,0.5,,0.0065677743129051,0.9356054617420352,1,1,1,1519.9759006500244,2.7265548706054688,balance-scale,40
classic,0.7619047619047619,0.6068965517241379,0.6074317338685155,0.6036827860235029,0.7764029749830966,,0.0,0.0,155,78,14,308.8185787200928,5.689620971679688,balance-scale,41
metacog,0.4603174603174603,0.3333333333333333,0.2101449275362319,0.0,0.5,,0.0030478180285103,1.0,1,1,1,1508.540391921997,2.589941024780273,balance-scale,41
classic,0.7936507936507936,0.5747126436781609,0.5790325844970653,0.6454101094836103,0.7261663286004056,,0.0,0.0,153,77,13,341.43614768981934,6.868839263916016,balance-scale,42
metacog,0.4603174603174603,0.3333333333333333,0.2101449275362319,0.0,0.5,,0.0097925862056905,0.9726442205113738,1,1,1,1443.671703338623,2.109050750732422,balance-scale,42
classic,0.7142857142857143,0.5172413793103449,0.5357142857142857,0.5220738983321959,0.7448275862068966,,0.0,0.0,159,80,13,313.9379024505615,6.586313247680664,balance-scale,43
metacog,0.4603174603174603,0.3333333333333333,0.2101449275362319,0.0,0.5,,0.0054183431617961,1.0,1,1,1,1534.4204902648926,2.1190643310546875,balance-scale,43
classic,0.6825396825396826,0.4942528735632184,0.5177777777777778,0.4872031538504654,0.6653144016227179,,0.0,0.0,163,82,14,302.1862506866455,5.433320999145508,balance-scale,44
metacog,0.4603174603174603,0.3333333333333333,0.2101449275362319,0.0,0.5,,0.0116188540991765,0.7770320686617825,1,1,1,1285.6266498565674,2.6803016662597656,balance-scale,44
classic,0.8225806451612904,0.5964696223316913,0.5914043583535109,0.6860760028134528,0.7472688286115744,,0.0,0.0,163,82,12,309.2358112335205,5.428552627563477,balance-scale,45
metacog,0.4516129032258064,0.3333333333333333,0.2074074074074074,0.0,0.5,,0.0481106389717279,0.9774063081665552,1,1,1,1307.4893951416016,2.6590824127197266,balance-scale,45
classic,0.7419354838709677,0.5369458128078818,0.5453576377784884,0.5587727433082957,0.7271496881764309,,0.0,0.0,159,80,14,302.05655097961426,6.084203720092773,balance-scale,46
metacog,0.4516129032258064,0.3333333333333333,0.2074074074074074,0.0,0.5,,0.0278415026719569,0.8047293430007713,1,1,1,1257.3630809783936,1.332998275756836,balance-scale,46
classic,0.8064516129032258,0.5853858784893268,0.5847953216374269,0.6613491340018232,0.7558865912861322,,0.0,0.0,155,78,15,326.01213455200195,5.763530731201172,balance-scale,47
metacog,0.4516129032258064,0.3333333333333333,0.2074074074074074,0.0,0.5,,0.0054183431617961,0.8916336926920462,1,1,1,1062.2291564941406,1.4138221740722656,balance-scale,47
classic,0.6774193548387096,0.4905582922824302,0.5223391812865498,0.483130102127005,0.7052425284583391,,0.0,0.0,145,73,12,313.83395195007324,4.311800003051758,balance-scale,48
metacog,0.4516129032258064,0.3333333333333333,0.2074074074074074,0.0,0.5,,0.026002383190168,0.953971409426277,1,1,1,1074.88751411438,1.4302730560302734,balance-scale,48
classic,0.7580645161290323,0.5402298850574713,0.5646523716699156,0.5966376971696656,0.7234413096482063,,0.0,0.0,165,83,12,357.1860790252685,5.307674407958984,balance-scale,49
metacog,0.4677419354838709,0.3333333333333333,0.2124542124542124,0.0,0.5,,0.0060202459388988,0.95130918407887,1,1,1,971.2626934051514,1.4951229095458984,balance-scale,49
classic,0.87,0.6382575757575758,0.6541633413141793,0.3139850292396097,0.7225378787878789,0.2833701619067473,0.0,0.0,145,73,21,12325.050830841064,13.644933700561523,bank-marketing,0
metacog,0.88,0.5,0.4680851063829787,0.0,0.5,0.12,0.3387442203142231,0.9519270202033632,1,1,1,72208.61387252808,4.368782043457031,bank-marketing,0
classic,0.89,0.7215909090909092,0.7297961188897077,0.46028047019751,0.7348484848484849,0.3719444444444444,0.0,0.0,145,73,21,12275.298357009888,14.807462692260742,bank-marketing,1
metacog,0.88,0.5,0.4680851063829787,0.0,0.5,0.12,0.3700916859995035,0.9202977021122182,1,1,1,71637.1283531189,4.200458526611328,bank-marketing,1
classic,0.86,0.6685606060606061,0.6685606060606061,0.3371212121212121,0.7732007575757576,0.3202325289089995,0.0,0.0,141,71,21,11871.42252922058,12.603521347045898,bank-marketing,2
metacog,0.88,0.5,0.4680851063829787,0.0,0.5,0.12,0.246518065553719,0.9215458226326272,1,1,1,71397.57084846497,4.208803176879883,bank-marketing,2
classic,0.85,0.652077807250221,0.6571428571428571,0.3147713386455631,0.7997347480106102,0.3560242698477992,0.0,0.0,137,69,21,13904.056072235107,13.103246688842772,bank-marketing,3
metacog,0.87,0.5,0.46524064171123,0.0,0.5,0.13,0.1562523516370077,0.9719080804338128,1,1,1,76506.55627250671,4.063606262207031,bank-marketing,3
classic,0.89,0.8059239610963749,0.7781810848961483,0.5612743009357455,0.7652519893899203,0.4294230769230769,0.0,0.0,147,74,21,13745.356798171995,15.727043151855469,bank-marketing,4
metacog,0.87,0.5,0.46524064171123,0.0,0.5,0.13,0.3553754988548379,0.8924546148772521,1,1,1,72582.57842063904,4.291057586669922,bank-marketing,4
classic,0.87,0.6308576480990273,0.6541633413141793,0.3244303696870942,0.7997347480106101,0.4125527086928644,0.0,0.0,137,69,21,13230.22961616516,14.713048934936523,bank-marketing,5
metacog,0.87,0.5,0.46524064171123,0.0,0.5,0.13,0.428218023662703,0.9010189063067356,1,1,1,74155.49230575562,4.271268844604492,bank-marketing,5
classic,0.85,0.6193633952254642,0.6315401621223287,0.2676154650525236,0.5636604774535809,0.213076923076923,0.0,0.0,141,71,21,13426.08618736267,15.253067016601562,bank-marketing,6
metacog,0.87,0.5,0.46524064171123,0.0,0.5,0.13,0.0845666307316317,0.8923052770219942,1,1,1,76283.14304351807,6.771087646484375,bank-marketing,6
classic,0.86,0.5923961096374889,0.6111111111111112,0.2435703887970079,0.7298850574712643,0.2787766080073772,0.0,0.0,135,68,21,13244.971990585327,22.9787826538086,bank-marketing,7
metacog,0.87,0.5,0.46524064171123,0.0,0.5,0.13,0.5215586097229158,0.9519014082656312,1,1,1,75706.26258850098,4.65703010559082,bank-marketing,7
classic,0.85,0.6193633952254642,0.6315401621223287,0.2676154650525236,0.6295313881520778,0.2593305839459686,0.0,0.0,137,69,21,12786.750316619871,12.84933090209961,bank-marketing,8
metacog,0.87,0.5,0.46524064171123,0.0,0.5,0.13,0.3175848604867718,0.5304031641005323,3,2,2,145968.49608421326,5.110979080200195,bank-marketing,8
classic,0.87,0.6962864721485411,0.7028571428571428,0.4062746347634593,0.7497789566755083,0.4047949756046922,0.0,0.0,139,70,21,13651.396751403809,12.900829315185549,bank-marketing,9
metacog,0.87,0.5,0.46524064171123,0.0,0.5,0.13,0.1972911393274729,0.9272155521689645,1,1,1,72960.67237854004,4.195928573608398,bank-marketing,9
classic,0.87,0.6382575757575758,0.6541633413141793,0.3139850292396097,0.6316287878787877,0.2569696969696969,0.0,0.0,141,71,21,12222.276210784912,13.038873672485352,bank-marketing,10
metacog,0.88,0.5,0.4680851063829787,0.0,0.5,0.12,0.3094538657659745,0.9692923844994764,1,1,1,72238.37471008301,4.306793212890625,bank-marketing,10
classic,0.84,0.5492424242424242,0.5555555555555556,0.117967526404102,0.5809659090909091,0.1669444444444444,0.0,0.0,123,62,21,12680.26876449585,13.576269149780272,bank-marketing,11
metacog,0.88,0.5,0.4680851063829787,0.0,0.5,0.12,0.2629809951673176,0.9880633923629906,1,1,1,76894.76442337036,4.163265228271484,bank-marketing,11
classic,0.89,0.6856060606060607,0.7073689811119979,0.4215141488422158,0.7736742424242424,0.3794524959742351,0.0,0.0,151,76,21,12313.578367233276,12.428045272827148,bank-marketing,12
metacog,0.88,0.5,0.4680851063829787,0.0,0.5,0.12,0.5809951992354827,0.9119871139324498,1,1,1,74840.5385017395,7.374048233032227,bank-marketing,12
classic,0.91,0.6865605658709107,0.7382960162838035,0.5283741917581172,0.8430592396109637,0.5888405797101448,0.0,0.0,147,74,21,14482.41901397705,13.324499130249023,bank-marketing,13
metacog,0.87,0.5,0.46524064171123,0.0,0.5,0.13,0.3573887402445581,0.9880230121502236,3,2,2,146769.18983459473,5.147695541381836,bank-marketing,13
classic,0.85,0.5866489832007074,0.6009577015163607,0.2148255150630759,0.6339522546419097,0.2721216417990612,0.0,0.0,161,81,21,13893.227338790894,12.30454444885254,bank-marketing,14
metacog,0.87,0.5,0.46524064171123,0.0,0.5,0.13,0.0665900766830506,0.9064938590172352,1,1,1,72153.28097343445,4.293918609619141,bank-marketing,14
classic,0.89,0.6423519009725907,0.680139575457982,0.4031670373130657,0.7082228116710876,0.4128205128205128,0.0,0.0,141,71,21,12318.097829818726,13.218164443969728,bank-marketing,15
metacog,0.87,0.5,0.46524064171123,0.0,0.5,0.13,0.3039704782170189,0.9513893061766068,1,1,1,71073.51779937744,4.849910736083984,bank-marketing,15
classic,0.89,0.773209549071618,0.7645043887818455,0.5295950645876977,0.8421750663129974,0.4948520710059172,0.0,0.0,133,67,21,12123.17967414856,13.3514404296875,bank-marketing,16
metacog,0.87,0.5,0.46524064171123,0.0,0.5,0.13,0.3700916859995035,0.972254576184742,1,1,1,69992.5045967102,4.213809967041016,bank-marketing,16
classic,0.91,0.7192749778956675,0.7605746209098164,0.543640078935131,0.7294429708222812,0.4570338662973687,0.0,0.0,125,63,21,13184.821605682371,12.893438339233398,bank-marketing,17
metacog,0.87,0.5,0.46524064171123,0.0,0.5,0.13,0.3220467753004944,0.9357017491294404,1,1,1,75253.24749946594,4.300832748413086,bank-marketing,17
classic,0.83,0.6078691423519009,0.6114285714285714,0.2232680425276668,0.6772767462422636,0.2506015779092702,0.0,0.0,129,65,21,13480.844497680664,14.350414276123049,bank-marketing,18
metacog,0.87,0.5,0.46524064171123,0.0,0.5,0.13,0.2784614382916683,0.9730472678912968,1,1,1,75059.06867980957,3.812074661254883,bank-marketing,18
classic,0.88,0.7020335985853228,0.7159090909090908,0.4343037224065726,0.6834659593280283,0.3510236140670922,0.0,0.0,143,72,21,13849.836111068726,15.639543533325195,bank-marketing,19
metacog,0.87,0.5,0.46524064171123,0.0,0.5,0.13,0.4384279461449625,0.7647293445078939,1,1,1,75713.00077438354,4.242658615112305,bank-marketing,19
classic,0.89,0.7215909090909092,0.7297961188897077,0.46028047019751,0.7012310606060606,0.3091721815859747,0.0,0.0,159,80,21,12875.84114074707,16.253948211669922,bank-marketing,20
metacog,0.88,0.5,0.4680851063829787,0.0,0.5,0.12,0.4075918145059893,0.9696135802567836,1,1,1,74899.73950386047,4.228830337524414,bank-marketing,20
classic,0.85,0.6268939393939393,0.6315401621223287,0.2635794145575485,0.7320075757575758,0.2771407180782181,0.0,0.0,111,56,21,13728.997945785522,13.211727142333984,bank-marketing,21
metacog,0.88,0.5,0.4680851063829787,0.0,0.5,0.12,0.3575546219871439,0.906801320192012,1,1,1,79706.45689964294,4.180908203125,bank-marketing,21
classic,0.85,0.5909090909090908,0.6009577015163607,0.2064559096370037,0.684185606060606,0.217641723356009,0.0,0.0,149,75,21,11871.55795097351,13.69476318359375,bank-marketing,22
metacog,0.88,0.5,0.4680851063829787,0.0,0.5,0.12,0.4414170755530848,0.9015206322890466,1,1,1,71219.34843063354,4.55021858215332,bank-marketing,22
classic,0.88,0.7674624226348364,0.7508305647840532,0.5038125479200453,0.8527851458885941,0.5990864896128054,0.0,0.0,131,66,21,11606.072664260864,13.202667236328123,bank-marketing,23
metacog,0.87,0.5,0.46524064171123,0.0,0.5,0.13,0.2847712861444493,0.9912601750052984,1,1,1,69389.30797576904,5.424261093139648,bank-marketing,23
classic,0.89,0.8059239610963749,0.7781810848961483,0.5612743009357455,0.8191865605658709,0.5083395368072787,0.0,0.0,141,71,21,11654.532432556152,13.405799865722656,bank-marketing,24
metacog,0.87,0.5,0.46524064171123,0.0,0.5,0.13,0.2312014148260127,0.9714042315227948,1,1,1,69657.25755691528,4.394769668579102,bank-marketing,24
classic,0.89,0.6750663129973475,0.7073689811119979,0.4340352243111126,0.6626878868258178,0.3621794871794871,0.0,0.0,147,74,21,11591.731309890749,12.66789436340332,bank-marketing,25
metacog,0.87,0.5,0.46524064171123,0.0,0.5,0.13,0.1336658335399984,0.6697562568779833,1,1,1,78764.88614082336,5.452156066894531,bank-marketing,25
classic,0.85,0.5866489832007074,0.6009577015163607,0.2148255150630759,0.7285587975243147,0.2801980063280372,0.0,0.0,125,63,21,12748.332738876345,12.982606887817385,bank-marketing,26
metacog,0.87,0.5,0.46524064171123,0.0,0.5,0.13,0.4681504481596282,0.966692525659207,1,1,1,69017.1639919281,4.237651824951172,bank-marketing,26
classic,0.86,0.6578249336870027,0.6685606060606061,0.3392700851184823,0.7214854111405835,0.2958310919849381,0.0,0.0,149,75,21,12524.667263031006,11.934280395507812,bank-marketing,27
metacog,0.87,0.5,0.46524064171123,0.0,0.5,0.13,0.331624540638019,0.8806807843227593,1,1,1,69785.00723838806,4.25267219543457,bank-marketing,27
classic,0.84,0.5481874447391688,0.5555555555555556,0.1270295329132721,0.5755968169761274,0.1829537129537129,0.0,0.0,133,67,21,12227.497816085815,13.401269912719728,bank-marketing,28
metacog,0.85,0.4885057471264368,0.4594594594594595,-0.055222238820362,0.4885057471264368,0.13,0.386983071120092,0.8934763260313625,3,2,2,139998.3217716217,5.323410034179688,bank-marketing,28
classic,0.85,0.652077807250221,0.6571428571428571,0.3147713386455631,0.6887709991158266,0.3148785425101215,0.0,0.0,137,69,21,11833.93120765686,38.56921195983887,bank-marketing,29
metacog,0.87,0.5,0.46524064171123,0.0,0.5,0.13,0.1215125673479442,0.9923723024231964,1,1,1,69813.16995620728,4.320383071899414,bank-marketing,29
classic,0.85,0.5549242424242424,0.563826693806339,0.1399057409394264,0.6761363636363636,0.2276787101787101,0.0,0.0,117,59,21,16171.173095703123,29.73794937133789,bank-marketing,30
metacog,0.88,0.5,0.4680851063829787,0.0,0.5,0.12,0.2634466968721611,0.98642306659839,1,1,1,74127.19821929932,4.261493682861328,bank-marketing,30
classic,0.87,0.7102272727272727,0.7028571428571428,0.4062746347634593,0.7642045454545454,0.3600600109110747,0.0,0.0,151,76,21,11731.28056526184,12.252092361450195,bank-marketing,31
metacog,0.88,0.5,0.4680851063829787,0.0,0.5,0.12,0.3826371965972537,0.986045935122317,1,1,1,70404.20770645142,4.29534912109375,bank-marketing,31
classic,0.93,0.7803030303030303,0.813780260707635,0.636572388047428,0.866003787878788,0.6332154882154882,0.0,0.0,139,70,21,11833.501815795898,12.987852096557615,bank-marketing,32
metacog,0.88,0.5,0.4680851063829787,0.0,0.5,0.12,0.2394564876147152,0.7029210003811649,1,1,1,68870.20325660706,4.588842391967773,bank-marketing,32
classic,0.84,0.6136162687886826,0.6212121212121212,0.244236447830392,0.698054818744474,0.2887714968210324,0.0,0.0,131,66,21,12473.518133163452,13.623952865600586,bank-marketing,33
metacog,0.87,0.5,0.46524064171123,0.0,0.5,0.13,0.295674090871147,0.7836178823989565,1,1,1,72776.07226371765,4.338264465332031,bank-marketing,33
classic,0.87,0.6308576480990273,0.6541633413141793,0.3244303696870942,0.587975243147657,0.2694928148774302,0.0,0.0,135,68,21,11708.166360855104,12.997150421142578,bank-marketing,34
metacog,0.87,0.5,0.46524064171123,0.0,0.5,0.13,0.3206192402683001,0.986710732512078,3,2,2,137933.0632686615,5.163431167602539,bank-marketing,34
classic,0.89,0.7077807250221043,0.7297961188897077,0.4658491428692078,0.7608311229000884,0.4107692307692308,0.0,0.0,131,66,21,13195.156812667848,13.37432861328125,bank-marketing,35
metacog,0.87,0.5,0.46524064171123,0.0,0.5,0.13,0.4863109670362314,0.8156703217779495,1,1,1,70802.18815803528,4.239082336425781,bank-marketing,35
classic,0.82,0.6348364279398763,0.6262458471760798,0.2539881439927501,0.7015915119363394,0.2787140812932668,0.0,0.0,147,74,21,11386.098861694336,12.768983840942385,bank-marketing,36
metacog,0.87,0.5,0.46524064171123,0.0,0.5,0.13,0.3770851422269736,0.9817701872589646,1,1,1,68369.40574645996,5.130290985107422,bank-marketing,36
classic,0.87,0.729000884173298,0.7216870049239992,0.4439000703178437,0.7639257294429709,0.358910358322123,0.0,0.0,139,70,21,11177.762031555176,12.603998184204102,bank-marketing,37
metacog,0.87,0.5,0.46524064171123,0.0,0.5,0.13,0.080993133812511,0.8782385807572975,1,1,1,69126.04880332947,4.420042037963867,bank-marketing,37
classic,0.8,0.4924845269672856,0.4892747701736465,-0.017663455479542,0.5114942528735632,0.1547983515338112,0.0,0.0,151,76,21,11168.009996414185,12.910842895507812,bank-marketing,38
metacog,0.87,0.5,0.46524064171123,0.0,0.5,0.13,0.3076662113565969,0.9144401346397678,1,1,1,68317.77954101562,4.239797592163086,bank-marketing,38
classic,0.89,0.6423519009725907,0.680139575457982,0.4031670373130657,0.6326259946949602,0.3326963393001129,0.0,0.0,115,58,21,12147.999048233032,12.954950332641602,bank-marketing,39
metacog,0.87,0.5,0.46524064171123,0.0,0.5,0.13,0.364483243411952,0.966125760434589,1,1,1,68932.67011642456,4.474163055419922,bank-marketing,39
classic,0.83,0.5075757575757576,0.5056702529805176,0.0192973435778519,0.6164772727272727,0.1596224050692769,0.0,0.0,125,63,21,12129.123210906982,13.336181640625,bank-marketing,40
metacog,0.88,0.5,0.4680851063829787,0.0,0.5,0.12,0.2476460234272465,0.8011114650862152,1,1,1,68457.33070373535,4.916906356811523,bank-marketing,40
classic,0.86,0.6325757575757576,0.6424923391215527,0.2872134789517764,0.6732954545454546,0.3217261904761905,0.0,0.0,143,72,21,11888.75699043274,13.297319412231444,bank-marketing,41
metacog,0.88,0.5,0.4680851063829787,0.0,0.5,0.12,0.3226026489795516,0.9716437221009996,1,1,1,66062.13212013245,3.54909896850586,bank-marketing,41
classic,0.83,0.5795454545454546,0.5824121837386391,0.1652288867375677,0.6458333333333334,0.1911761861417681,0.0,0.0,149,75,21,12371.235609054564,12.87388801574707,bank-marketing,42
metacog,0.88,0.5,0.4680851063829787,0.0,0.5,0.12,0.3466460440169014,0.9155976178947512,1,1,1,66691.13802909851,4.10771369934082,bank-marketing,42
classic,0.84,0.6136162687886826,0.6212121212121212,0.244236447830392,0.6732979664014147,0.2388816192751792,0.0,0.0,131,66,21,11345.920085906982,13.451814651489258,bank-marketing,43
metacog,0.87,0.5,0.46524064171123,0.0,0.5,0.13,0.5249066767996359,0.9542634511791306,1,1,1,65902.38547325134,3.974437713623047,bank-marketing,43
classic,0.89,0.6423519009725907,0.680139575457982,0.4031670373130657,0.7033598585322723,0.43110661268556,0.0,0.0,125,63,21,11503.61704826355,13.097286224365234,bank-marketing,44
metacog,0.87,0.5,0.46524064171123,0.0,0.5,0.13,0.3629589838667663,0.9669330064948656,1,1,1,64016.91365242005,2.098560333251953,bank-marketing,44
classic,0.83,0.5751547303271441,0.5824121837386391,0.1684986261441815,0.5397877984084881,0.204150424044041,0.0,0.0,151,76,21,10842.963933944702,12.38107681274414,bank-marketing,45
metacog,0.87,0.5,0.46524064171123,0.0,0.5,0.13,0.3382034867867198,0.9595538971992622,1,1,1,63825.68907737732,2.058267593383789,bank-marketing,45
classic,0.9,0.7462422634836428,0.7632575757575758,0.5293373596946629,0.821396993810787,0.5235210872915791,0.0,0.0,111,56,21,12440.582990646362,12.942075729370115,bank-marketing,46
metacog,0.87,0.5,0.46524064171123,0.0,0.5,0.13,0.4374745144540661,0.9257566083419382,1,1,1,62335.64329147339,2.3429393768310547,bank-marketing,46
classic,0.83,0.6405835543766578,0.6360522372083066,0.2725100817781357,0.6127320954907162,0.2427116027784924,0.0,0.0,139,70,21,11956.49480819702,12.919187545776367,bank-marketing,47
metacog,0.87,0.5,0.46524064171123,0.0,0.5,0.13,0.1972911393274729,0.9702251157154984,1,1,1,62436.62571907044,1.9772052764892576,bank-marketing,47
classic,0.86,0.5923961096374889,0.6111111111111112,0.2435703887970079,0.6237842617152961,0.2408114961961115,0.0,0.0,141,71,21,11561.260223388672,9.242534637451172,bank-marketing,48
metacog,0.87,0.5,0.46524064171123,0.0,0.5,0.13,0.4577353806235611,0.9426057065125312,1,1,1,62093.65868568421,2.8426647186279297,bank-marketing,48
classic,0.9,0.7789566755083996,0.7789566755083996,0.5579133510167993,0.7842617152961981,0.4559733479190493,0.0,0.0,155,78,21,12177.950382232666,12.85386085510254,bank-marketing,49
metacog,0.87,0.5,0.46524064171123,0.0,0.5,0.13,0.0253880019895439,0.7957486811254582,1,1,1,60701.60007476807,2.1009445190429688,bank-marketing,49
classic,0.7866666666666666,0.6885964912280702,0.6957403651115619,0.3932342050909656,0.7309941520467836,0.4333862108061616,0.0,0.0,121,61,21,1665.9669876098633,9.992599487304688,blood-transfusion-service-center,0
metacog,0.76,0.5,0.4318181818181818,0.0,0.5,0.24,0.7273994984808818,0.1799353244838142,1,1,1,9547.429323196411,3.1380653381347656,blood-transfusion-service-center,0
classic,0.7466666666666667,0.6242690058479532,0.6309246309246309,0.2653659799481466,0.5862573099415205,0.3687785417197182,0.0,0.0,121,61,21,1610.203742980957,9.439945220947266,blood-transfusion-service-center,1
metacog,0.76,0.5,0.4318181818181818,0.0,0.5,0.24,0.3583191495306879,0.340125004871863,1,1,1,9487.952709197998,3.1430721282958984,blood-transfusion-service-center,1
classic,0.7733333333333333,0.6038011695906433,0.6160794941282746,0.2728429274138405,0.6271929824561403,0.3746052631578948,0.0,0.0,129,65,21,1609.792947769165,11.235713958740234,blood-transfusion-service-center,2
metacog,0.76,0.5,0.4318181818181818,0.0,0.5,0.24,0.6322017759947923,0.3554290761374154,1,1,1,9670.623779296877,3.219127655029297,blood-transfusion-service-center,2
classic,0.8,0.6973684210526316,0.7086247086247086,0.4214636152117623,0.6749512670565302,0.4314233026855748,0.0,0.0,123,62,21,1594.4314002990725,9.815692901611328,blood-transfusion-service-center,3
metacog,0.76,0.5,0.4318181818181818,0.0,0.5,0.24,0.5499951450139091,0.3192749879960188,1,1,1,9665.68922996521,5.047798156738281,blood-transfusion-service-center,3
classic,0.7866666666666666,0.631578947368421,0.648711943793911,0.3306232612667902,0.5082846003898636,0.4326283771694399,0.0,0.0,131,66,21,1523.44012260437,9.401798248291016,blood-transfusion-service-center,4
metacog,0.76,0.5,0.4318181818181818,0.0,0.5,0.24,0.5499951450139091,0.064222267252229,1,1,1,9936.807632446287,4.331827163696289,blood-transfusion-service-center,4
classic,0.7333333333333333,0.5584795321637427,0.5608899297423888,0.146943671674129,0.601364522417154,0.3043175523916179,0.0,0.0,131,66,21,1801.88536643982,9.412050247192385,blood-transfusion-service-center,5
metacog,0.76,0.5,0.4318181818181818,0.0,0.5,0.24,0.8413882683090157,0.2337259740843378,1,1,1,10335.924863815308,5.703449249267578,blood-transfusion-service-center,5
classic,0.7333333333333333,0.6154970760233918,0.6196754563894523,0.2408178465285758,0.6549707602339181,0.3812375100532995,0.0,0.0,127,64,21,1601.7301082611084,9.314298629760742,blood-transfusion-service-center,6
metacog,0.76,0.5,0.4318181818181818,0.0,0.5,0.24,0.1870693476896668,0.0970234685048436,1,1,1,9451.172828674316,3.3643245697021484,blood-transfusion-service-center,6
classic,0.8533333333333334,0.7514619883040936,0.7763621577663323,0.5674250444370366,0.8162768031189085,0.5884322935129387,0.0,0.0,117,59,21,1643.0535316467283,9.782075881958008,blood-transfusion-service-center,7
metacog,0.76,0.5,0.4318181818181818,0.0,0.5,0.24,0.3575546219871439,0.0788216744881421,1,1,1,9688.732624053957,2.86865234375,blood-transfusion-service-center,7
classic,0.8108108108108109,0.7533539731682146,0.7430555555555556,0.4879344234424161,0.7131062951496387,0.4620132903801634,0.0,0.0,145,73,21,1792.6647663116455,9.423494338989258,blood-transfusion-service-center,8
metacog,0.7702702702702703,0.5,0.4351145038167939,0.0,0.5,0.2297297297297297,0.6322017759947923,0.0799236207650525,1,1,1,10011.890888214111,3.170013427734375,blood-transfusion-service-center,8
classic,0.7702702702702703,0.5825593395252838,0.5908943089430895,0.2236871997872405,0.630546955624355,0.3445684392648991,0.0,0.0,123,62,21,1776.841402053833,10.66446304321289,blood-transfusion-service-center,9
metacog,0.7702702702702703,0.5,0.4351145038167939,0.0,0.5,0.2297297297297297,0.8413882683090157,0.1734838735584707,1,1,1,10395.700454711914,3.326416015625,blood-transfusion-service-center,9
classic,0.76,0.652046783625731,0.657707910750507,0.3170260258097707,0.7241715399610136,0.4177441077441077,0.0,0.0,131,66,21,1864.801645278931,9.302854537963867,blood-transfusion-service-center,10
metacog,0.76,0.5,0.4318181818181818,0.0,0.5,0.24,0.3071799741019244,0.041894687508576,1,1,1,10135.422229766846,3.125190734863281,blood-transfusion-service-center,10
classic,0.72,0.587719298245614,0.592074592074592,0.1873171623163387,0.5326510721247563,0.3000587763382681,0.0,0.0,125,63,21,1551.753044128418,10.880470275878906,blood-transfusion-service-center,11
metacog,0.76,0.5,0.4318181818181818,0.0,0.5,0.24,0.7273994984808818,0.1699455409977198,1,1,1,9928.520917892456,3.033638000488281,blood-transfusion-service-center,11
classic,0.76,0.5380116959064327,0.5205965909090909,0.1444979721262686,0.7285575048732944,0.5073649058894961,0.0,0.0,125,63,21,1644.1466808319092,10.151863098144531,blood-transfusion-service-center,12
metacog,0.76,0.5,0.4318181818181818,0.0,0.5,0.24,0.7273994984808818,0.3022352957060581,1,1,1,10179.244041442871,3.1447410583496094,blood-transfusion-service-center,12
classic,0.7333333333333333,0.577485380116959,0.5833333333333334,0.1805354721816844,0.5833333333333334,0.3062233207784055,0.0,0.0,129,65,21,1596.3010787963867,14.131784439086914,blood-transfusion-service-center,13
metacog,0.76,0.5,0.4318181818181818,0.0,0.5,0.24,0.8413882683090157,0.2378495104903547,1,1,1,10027.38642692566,3.159761428833008,blood-transfusion-service-center,13
classic,0.7333333333333333,0.6535087719298245,0.6475563909774436,0.2965108097305751,0.6652046783625731,0.3604181454181454,0.0,0.0,123,62,21,1618.8578605651855,9.721755981445312,blood-transfusion-service-center,14
metacog,0.76,0.5,0.4318181818181818,0.0,0.5,0.24,0.4779039657696469,0.3033000971510734,1,1,1,10237.48016357422,3.472566604614258,blood-transfusion-service-center,14
classic,0.7733333333333333,0.5657894736842105,0.563505648750428,0.2252817784447915,0.5857699805068226,0.4033676376533519,0.0,0.0,135,68,21,1621.6611862182615,9.264469146728516,blood-transfusion-service-center,15
metacog,0.76,0.5,0.4318181818181818,0.0,0.5,0.24,0.1870693476896668,0.209309320957547,1,1,1,9882.374048233032,3.3245086669921875,blood-transfusion-service-center,15
classic,0.7733333333333333,0.5657894736842105,0.563505648750428,0.2252817784447915,0.6730019493177388,0.4765405204114881,0.0,0.0,139,70,21,1646.9767093658447,9.73200798034668,blood-transfusion-service-center,16
metacog,0.76,0.5,0.4318181818181818,0.0,0.5,0.24,0.4141624385471193,0.1530057093987224,1,1,1,10046.458959579468,3.140687942504883,blood-transfusion-service-center,16
classic,0.8133333333333334,0.7251461988304093,0.7337728194726166,0.4694423843721605,0.7465886939571151,0.4847158365261813,0.0,0.0,113,57,21,1798.9485263824463,9.447813034057615,blood-transfusion-service-center,17
metacog,0.76,0.5,0.4318181818181818,0.0,0.5,0.24,0.7273994984808818,0.3091589400028021,1,1,1,10511.752605438232,3.087282180786133,blood-transfusion-service-center,17
classic,0.8108108108108109,0.6914344685242517,0.7073446327683616,0.4232290089346152,0.6310629514963881,0.4080653051241286,0.0,0.0,143,72,21,1722.5112915039062,8.907794952392578,blood-transfusion-service-center,18
metacog,0.7702702702702703,0.5,0.4351145038167939,0.0,0.5,0.2297297297297297,0.5499951450139091,0.1469094120734943,1,1,1,9566.97702407837,3.381013870239258,blood-transfusion-service-center,18
classic,0.7027027027027027,0.4974200206398348,0.4867591424968474,-0.0066409495770464,0.5593395252837977,0.2942278508454979,0.0,0.0,133,67,21,1722.952127456665,9.660482406616213,blood-transfusion-service-center,19
metacog,0.7702702702702703,0.5,0.4351145038167939,0.0,0.5,0.2297297297297297,0.6322017759947923,0.0938841537784779,1,1,1,10512.240648269652,3.195524215698242,blood-transfusion-service-center,19
classic,0.8,0.6973684210526316,0.7086247086247086,0.4214636152117623,0.7451267056530214,0.4690880556982252,0.0,0.0,121,61,21,1832.3974609375,9.98830795288086,blood-transfusion-service-center,20
metacog,0.76,0.5,0.4318181818181818,0.0,0.5,0.24,0.7273994984808818,0.1442486706038298,1,1,1,10345.982074737549,3.1845569610595703,blood-transfusion-service-center,20
classic,0.7733333333333333,0.6418128654970761,0.6543778801843317,0.3200013331999566,0.5365497076023392,0.4379843304843305,0.0,0.0,121,61,21,1825.648307800293,10.270357131958008,blood-transfusion-service-center,21
metacog,0.76,0.5,0.4318181818181818,0.0,0.5,0.24,0.7273994984808818,0.3066963715657827,1,1,1,10469.147443771362,3.322839736938477,blood-transfusion-service-center,21
classic,0.7466666666666667,0.5482456140350878,0.544,0.1416635229594562,0.6695906432748537,0.3597945845004668,0.0,0.0,137,69,21,1631.2456130981443,9.764432907104492,blood-transfusion-service-center,22
metacog,0.76,0.5,0.4318181818181818,0.0,0.5,0.24,0.2224575240901101,0.0725112915000125,1,1,1,9704.370498657228,3.165245056152344,blood-transfusion-service-center,22
classic,0.7733333333333333,0.6608187134502923,0.6697746697746698,0.3434147975799544,0.7212475633528266,0.4161246550720234,0.0,0.0,123,62,21,1603.2955646514893,9.217023849487305,blood-transfusion-service-center,23
metacog,0.76,0.5,0.4318181818181818,0.0,0.5,0.24,0.8413882683090157,0.2361624629426022,1,1,1,9367.007493972778,3.119945526123047,blood-transfusion-service-center,23
classic,0.7866666666666666,0.631578947368421,0.648711943793911,0.3306232612667902,0.5906432748538012,0.3727516391990075,0.0,0.0,121,61,21,1577.3675441741943,9.767770767211914,blood-transfusion-service-center,24
metacog,0.76,0.5,0.4318181818181818,0.0,0.5,0.24,0.4577353806235611,0.0549156592417804,1,1,1,9829.59532737732,3.1280517578125,blood-transfusion-service-center,24
classic,0.7866666666666666,0.7076023391812866,0.7076023391812866,0.4152046783625731,0.7909356725146198,0.4827186020607073,0.0,0.0,123,62,21,1682.056903839111,9.80544090270996,blood-transfusion-service-center,25
metacog,0.76,0.5,0.4318181818181818,0.0,0.5,0.24,0.7273994984808818,0.2108865337242378,1,1,1,9865.961074829102,3.490209579467773,blood-transfusion-service-center,25
classic,0.7866666666666666,0.6885964912280702,0.6957403651115619,0.3932342050909656,0.6695906432748538,0.4088952633333646,0.0,0.0,129,65,21,1600.8827686309814,9.346246719360352,blood-transfusion-service-center,26
metacog,0.76,0.5,0.4318181818181818,0.0,0.5,0.24,0.6322017759947923,0.0320887238747512,1,1,1,9805.6743144989,3.3462047576904297,blood-transfusion-service-center,26
classic,0.7866666666666666,0.6695906432748537,0.6822033898305084,0.3717719575628205,0.7022417153996101,0.4542477333986768,0.0,0.0,131,66,21,1588.7789726257324,9.680509567260742,blood-transfusion-service-center,27
metacog,0.76,0.5,0.4318181818181818,0.0,0.5,0.24,0.6322017759947923,0.2167485773597664,1,1,1,9664.134740829468,3.161907196044922,blood-transfusion-service-center,27
classic,0.7702702702702703,0.6031991744066048,0.6149372513008877,0.2539674861160931,0.5485036119711043,0.3116563932353406,0.0,0.0,109,55,21,1575.5858421325684,9.660720825195312,blood-transfusion-service-center,28
metacog,0.7702702702702703,0.5,0.4351145038167939,0.0,0.5,0.2297297297297297,0.7273994984808818,0.107632915479184,1,1,1,9946.80666923523,3.124237060546875,blood-transfusion-service-center,28
classic,0.7297297297297297,0.4943240454076367,0.4660894660894661,-0.0190248503417901,0.5717234262125903,0.2902281266607642,0.0,0.0,125,63,21,1700.8850574493408,10.637998580932615,blood-transfusion-service-center,29
metacog,0.7702702702702703,0.5,0.4351145038167939,0.0,0.5,0.2297297297297297,0.5926933207892303,0.1462730009085293,1,1,1,10188.18736076355,3.190279006958008,blood-transfusion-service-center,29
classic,0.7466666666666667,0.6432748538011696,0.6459627329192547,0.2923042921755117,0.695906432748538,0.4176462297384107,0.0,0.0,149,75,21,1768.47243309021,9.592294692993164,blood-transfusion-service-center,30
metacog,0.76,0.5,0.4318181818181818,0.0,0.5,0.24,0.7273994984808818,0.0638924641865555,1,1,1,10571.404695510864,3.313779830932617,blood-transfusion-service-center,30
classic,0.7733333333333333,0.6418128654970761,0.6543778801843317,0.3200013331999566,0.7417153996101364,0.427933913019302,0.0,0.0,125,63,21,1668.1079864501953,9.740114212036133,blood-transfusion-service-center,31
metacog,0.76,0.5,0.4318181818181818,0.0,0.5,0.24,0.4779039657696469,0.1283947154661843,1,1,1,10074.738025665283,3.289222717285156,blood-transfusion-service-center,31
classic,0.8266666666666667,0.695906432748538,0.7221430607010544,0.473005339332108,0.7290448343079922,0.5123689748360801,0.0,0.0,121,61,21,1722.219944000244,9.69862937927246,blood-transfusion-service-center,32
metacog,0.76,0.5,0.4318181818181818,0.0,0.5,0.24,0.4779039657696469,0.2052687068727127,1,1,1,10554.766178131104,3.170967102050781,blood-transfusion-service-center,32
classic,0.8,0.6593567251461988,0.6793958392704474,0.3847580745313415,0.6632553606237818,0.4380796667237345,0.0,0.0,117,59,21,1672.2729206085205,10.07390022277832,blood-transfusion-service-center,33
metacog,0.76,0.5,0.4318181818181818,0.0,0.5,0.24,0.4141624385471193,0.2514010705476404,1,1,1,9761.62576675415,5.305767059326172,blood-transfusion-service-center,33
classic,0.7466666666666667,0.5862573099415205,0.5939013964092335,0.2082635449298087,0.7032163742690059,0.3820183441660521,0.0,0.0,123,62,21,1665.3568744659424,9.839773178100586,blood-transfusion-service-center,34
metacog,0.76,0.5,0.4318181818181818,0.0,0.5,0.24,0.4779039657696469,0.0853038427660395,1,1,1,9602.515697479248,3.092050552368164,blood-transfusion-service-center,34
classic,0.7866666666666666,0.6505847953216374,0.6666666666666667,0.3508519553719527,0.6998050682261208,0.4046969696969696,0.0,0.0,117,59,21,1623.8195896148682,9.845256805419922,blood-transfusion-service-center,35
metacog,0.76,0.5,0.4318181818181818,0.0,0.5,0.24,0.3575546219871439,0.0736148135928015,1,1,1,9484.779834747314,3.0813217163085938,blood-transfusion-service-center,35
classic,0.7866666666666666,0.6125730994152047,0.6277915632754343,0.3114984605320735,0.6564327485380117,0.4203810078810078,0.0,0.0,137,69,21,1678.6277294158936,9.661197662353516,blood-transfusion-service-center,36
metacog,0.76,0.5,0.4318181818181818,0.0,0.5,0.24,0.3071799741019244,0.1478836601178083,1,1,1,10251.266717910768,3.1952857971191406,blood-transfusion-service-center,36
classic,0.7466666666666667,0.6432748538011696,0.6459627329192547,0.2923042921755117,0.5989278752436648,0.3626599251548542,0.0,0.0,133,67,21,1514.2154693603516,11.44099235534668,blood-transfusion-service-center,37
metacog,0.76,0.5,0.4318181818181818,0.0,0.5,0.24,0.7131239011129488,0.4140144479026876,1,1,1,9642.60458946228,3.34930419921875,blood-transfusion-service-center,37
classic,0.7162162162162162,0.4855521155830753,0.4594782608695652,-0.0445313705064838,0.3766769865841073,0.2071537430217487,0.0,0.0,127,64,21,1614.9883270263672,8.548974990844727,blood-transfusion-service-center,38
metacog,0.7702702702702703,0.5,0.4351145038167939,0.0,0.5,0.2297297297297297,0.6322017759947923,0.0700680743254033,1,1,1,10440.497398376465,3.3767223358154297,blood-transfusion-service-center,38
classic,0.7162162162162162,0.5474716202270382,0.5496957403651115,0.1083526334448258,0.5789473684210527,0.2865435571317924,0.0,0.0,121,61,21,1567.2438144683838,9.794950485229492,blood-transfusion-service-center,39
metacog,0.7702702702702703,0.5,0.4351145038167939,0.0,0.5,0.2297297297297297,0.7273994984808818,0.33983938268687,1,1,1,9864.998579025269,3.3218860626220703,blood-transfusion-service-center,39
classic,0.7866666666666666,0.6885964912280702,0.6957403651115619,0.3932342050909656,0.6915204678362573,0.4245189019908605,0.0,0.0,119,60,21,1660.520315170288,10.530710220336914,blood-transfusion-service-center,40
metacog,0.76,0.5,0.4318181818181818,0.0,0.5,0.24,0.8413882683090157,0.1646471492152201,1,1,1,9773.643970489502,3.1235218048095703,blood-transfusion-service-center,40
classic,0.7466666666666667,0.5292397660818713,0.5121533721328313,0.1001252348643517,0.5521442495126706,0.3384188034188033,0.0,0.0,131,66,21,1545.0401306152344,9.301185607910156,blood-transfusion-service-center,41
metacog,0.76,0.5,0.4318181818181818,0.0,0.5,0.24,0.6322017759947923,0.1119347890235543,1,1,1,9532.047271728516,2.535343170166016,blood-transfusion-service-center,41
classic,0.7466666666666667,0.6432748538011696,0.6459627329192547,0.2923042921755117,0.6700779727095517,0.3891845627139745,0.0,0.0,121,61,21,1691.4691925048828,9.612798690795898,blood-transfusion-service-center,42
metacog,0.76,0.5,0.4318181818181818,0.0,0.5,0.24,0.4141624385471193,0.0528915156186079,1,1,1,9843.003273010254,3.145456314086914,blood-transfusion-service-center,42
classic,0.7066666666666667,0.5599415204678362,0.5630296610169492,0.1314021574144452,0.5321637426900585,0.297250113720702,0.0,0.0,167,84,21,1759.9997520446775,9.311914443969728,blood-transfusion-service-center,43
metacog,0.76,0.5,0.4318181818181818,0.0,0.5,0.24,0.4141624385471193,0.1680690036859687,1,1,1,10009.495735168455,3.139257431030273,blood-transfusion-service-center,43
classic,0.76,0.5760233918128654,0.5812655086848635,0.2103625967229587,0.5672514619883041,0.3314428509343763,0.0,0.0,137,69,21,1675.7032871246338,9.699821472167969,blood-transfusion-service-center,44
metacog,0.76,0.5,0.4318181818181818,0.0,0.5,0.24,0.6322017759947923,0.0814766741511934,1,1,1,7285.089015960693,3.1075477600097656,blood-transfusion-service-center,44
classic,0.7866666666666666,0.6695906432748537,0.6822033898305084,0.3717719575628205,0.7261208576998051,0.4464753972054481,0.0,0.0,125,63,21,1721.837282180786,14.40572738647461,blood-transfusion-service-center,45
metacog,0.76,0.5,0.4318181818181818,0.0,0.5,0.24,0.7273994984808818,0.0591758211067566,1,1,1,7261.009931564331,1.5625953674316406,blood-transfusion-service-center,45
classic,0.8133333333333334,0.706140350877193,0.7219279661016949,0.4518952242789456,0.6978557504873295,0.4586566122049993,0.0,0.0,107,54,21,1605.449676513672,16.98470115661621,blood-transfusion-service-center,46
metacog,0.76,0.5,0.4318181818181818,0.0,0.5,0.24,0.5499951450139091,0.3206439654426094,1,1,1,7250.13279914856,2.6044845581054688,blood-transfusion-service-center,46
classic,0.7466666666666667,0.6432748538011696,0.6459627329192547,0.2923042921755117,0.6403508771929824,0.3586290071584189,0.0,0.0,125,63,21,1755.5155754089355,9.203195571899414,blood-transfusion-service-center,47
metacog,0.76,0.5,0.4318181818181818,0.0,0.5,0.24,0.4779039657696469,0.1779309749466199,1,1,1,6829.093456268311,3.1919479370117188,blood-transfusion-service-center,47
classic,0.7702702702702703,0.5825593395252838,0.5908943089430895,0.2236871997872405,0.6341589267285862,0.3219378634979657,0.0,0.0,117,59,21,1656.949520111084,7.766962051391602,blood-transfusion-service-center,48
metacog,0.7702702702702703,0.5,0.4351145038167939,0.0,0.5,0.2297297297297297,0.6322017759947923,0.2392127754176789,1,1,1,6879.524230957031,1.6186237335205078,blood-transfusion-service-center,48
classic,0.7297297297297297,0.6388028895768834,0.6329365079365079,0.2673204886069449,0.6522187822497421,0.3564716303985762,0.0,0.0,141,71,21,1691.4525032043457,9.597063064575195,blood-transfusion-service-center,49
metacog,0.7702702702702703,0.5,0.4351145038167939,0.0,0.5,0.2297297297297297,0.6322017759947923,0.1619157244321725,1,1,1,6833.550691604614,1.444101333618164,blood-transfusion-service-center,49
classic,0.9571428571428572,0.947463768115942,0.9519560741249142,0.9043979326236096,0.947463768115942,0.9053830227743273,0.0,0.0,69,35,19,608.3133220672607,5.711078643798828,breast-w,0
metacog,0.6571428571428571,0.5,0.396551724137931,0.0,0.5,0.3428571428571428,0.2639587122714073,0.9700198592483084,1,1,1,5352.373600006104,3.0679702758789062,breast-w,0
classic,0.9285714285714286,0.9257246376811594,0.9215070643642072,0.843464979891126,0.9356884057971012,0.8688492063492063,0.0,0.0,55,28,10,548.5754013061523,5.819082260131836,breast-w,1
metacog,0.6571428571428571,0.5,0.396551724137931,0.0,0.5,0.3428571428571428,0.1607050202884494,0.9735275830506464,1,1,1,5851.518154144287,2.865791320800781,breast-w,1
classic,0.9285714285714286,0.9157608695652174,0.9199267902081903,0.8403211560207222,0.92481884057971,0.8762806637806637,0.0,0.0,57,29,10,502.4471282958984,5.789279937744141,breast-w,2
metacog,0.6571428571428571,0.5,0.396551724137931,0.0,0.5,0.3428571428571428,0.4508081011804434,0.9749370521521868,1,1,1,5304.76975440979,3.0412673950195312,breast-w,2
classic,0.9142857142857144,0.894927536231884,0.9028677150786308,0.8076068411284698,0.8931159420289857,0.8147186147186147,0.0,0.0,53,27,10,512.9172801971436,15.234708786010742,breast-w,3
metacog,0.6571428571428571,0.5,0.396551724137931,0.0,0.5,0.3428571428571428,0.2154222399311985,0.9753573902345736,1,1,1,5864.57371711731,3.0837059020996094,breast-w,3
classic,0.9285714285714286,0.9157608695652174,0.9199267902081903,0.8403211560207222,0.9334239130434784,0.8641511387163561,0.0,0.0,55,28,11,476.0897159576416,5.29170036315918,breast-w,4
metacog,0.6571428571428571,0.5,0.396551724137931,0.0,0.5,0.3428571428571428,0.6401164981605235,0.9536643115902724,1,1,1,5352.2608280181885,3.0918121337890625,breast-w,4
classic,0.9857142857142858,0.9891304347826086,0.9843014128728416,0.969087423704698,0.988677536231884,0.9584027777777778,0.0,0.0,65,33,12,573.5714435577393,5.759000778198242,breast-w,5
metacog,0.6571428571428571,0.5,0.396551724137931,0.0,0.5,0.3428571428571428,0.2730939866951801,0.9911642303677844,1,1,1,5385.904788970947,2.794981002807617,breast-w,5
classic,0.9714285714285714,0.9782608695652174,0.9688888888888888,0.9396505434536336,0.9782608695652174,0.9230769230769232,0.0,0.0,59,30,10,532.9201221466064,6.15382194519043,breast-w,6
metacog,0.6571428571428571,0.5,0.396551724137931,0.0,0.5,0.3428571428571428,0.2308850639111857,0.9655198475048852,1,1,1,5376.46746635437,3.457307815551758,breast-w,6
classic,0.9714285714285714,0.9583333333333331,0.967622571692877,0.9372684899334994,0.9583333333333331,0.9452380952380952,0.0,0.0,57,29,10,500.3635883331299,5.738258361816406,breast-w,7
metacog,0.6571428571428571,0.5,0.396551724137931,0.0,0.5,0.3428571428571428,0.0854146397969508,0.9748239787244836,1,1,1,5392.840385437012,3.0672550201416016,breast-w,7
classic,0.9285714285714286,0.9,0.91812865497076,0.8485281374238571,0.9173333333333332,0.8953246753246753,0.0,0.0,57,29,9,529.7088623046875,5.790233612060547,breast-w,8
metacog,0.6428571428571429,0.5,0.391304347826087,0.0,0.5,0.3571428571428571,0.2331297888371842,0.9657928938088628,1,1,1,5892.971754074097,2.9544830322265625,breast-w,8
classic,0.8840579710144928,0.8819444444444444,0.8745454545454545,0.7507946495838717,0.8819444444444444,0.7502090301003345,0.0,0.0,61,31,13,553.8568496704102,5.384922027587891,breast-w,9
metacog,0.6521739130434783,0.5,0.3947368421052631,0.0,0.5,0.3478260869565217,0.3895154409657533,0.9615043325363856,1,1,1,5369.034290313721,2.997875213623047,breast-w,9
classic,0.9571428571428572,0.957427536231884,0.9529042386185244,0.906276201797912,0.9773550724637682,0.9201282051282051,0.0,0.0,63,32,10,569.852352142334,5.63812255859375,breast-w,10
metacog,0.6571428571428571,0.5,0.396551724137931,0.0,0.5,0.3428571428571428,0.2475983728515174,0.9763040137256276,1,1,1,5799.176454544067,2.909421920776367,breast-w,10
classic,0.9142857142857144,0.9048913043478262,0.9048913043478262,0.8097826086956522,0.9243659420289856,0.8308630952380952,0.0,0.0,65,33,11,573.1568336486816,6.002902984619141,breast-w,11
metacog,0.6571428571428571,0.5,0.396551724137931,0.0,0.5,0.3428571428571428,0.3071799741019244,0.9725135886345264,1,1,1,5348.126411437988,3.018617630004883,breast-w,11
classic,0.9857142857142858,0.9791666666666669,0.983985358041638,0.9684747092264968,0.9791666666666669,0.9726190476190476,0.0,0.0,59,30,10,552.5364875793457,6.344795227050781,breast-w,12
metacog,0.6571428571428571,0.5,0.396551724137931,0.0,0.5,0.3428571428571428,0.3387442203142232,0.9850360489793868,1,1,1,5365.606069564819,3.3669471740722656,breast-w,12
classic,0.9571428571428572,0.947463768115942,0.9519560741249142,0.9043979326236096,0.947463768115942,0.9053830227743273,0.0,0.0,63,32,10,522.6240158081055,5.697011947631836,breast-w,13
metacog,0.6571428571428571,0.5,0.396551724137931,0.0,0.5,0.3428571428571428,0.3248104038009968,0.9720994704645536,1,1,1,5231.638669967651,3.023862838745117,breast-w,13
classic,0.9285714285714286,0.9157608695652174,0.9199267902081903,0.8403211560207222,0.9492753623188406,0.8775353692201519,0.0,0.0,55,28,9,556.434154510498,5.795717239379883,breast-w,14
metacog,0.6571428571428571,0.5,0.396551724137931,0.0,0.5,0.3428571428571428,0.3720555178338959,0.9697657831801694,1,1,1,5312.281608581543,3.0317306518554688,breast-w,14
classic,0.9285714285714286,0.9157608695652174,0.9199267902081903,0.8403211560207222,0.9429347826086956,0.8966103706235284,0.0,0.0,57,29,11,518.9688205718994,6.269216537475586,breast-w,15
metacog,0.6571428571428571,0.5,0.396551724137931,0.0,0.5,0.3428571428571428,0.5257745446857043,0.9653478237182438,1,1,1,5314.563274383545,2.98929214477539,breast-w,15
classic,0.9857142857142858,0.9791666666666669,0.983985358041638,0.9684747092264968,1.0,1.0,0.0,0.0,63,32,10,534.1958999633789,5.640268325805664,breast-w,16
metacog,0.6571428571428571,0.5,0.396551724137931,0.0,0.5,0.3428571428571428,0.0674044973343467,0.9662625293932005,1,1,1,5406.898021697998,2.9790401458740234,breast-w,16
classic,0.9285714285714286,0.9157608695652174,0.9199267902081903,0.8403211560207222,0.912590579710145,0.8352139406487233,0.0,0.0,57,29,9,555.7641983032227,5.129098892211914,breast-w,17
metacog,0.6571428571428571,0.5,0.396551724137931,0.0,0.5,0.3428571428571428,0.3094538657659746,0.96655666770419,1,1,1,5320.379734039307,2.951622009277344,breast-w,17
classic,0.9857142857142858,0.9888888888888888,0.9845781009032826,0.9696241231378993,0.9875555555555556,0.957123745819398,0.0,0.0,57,29,10,543.6375141143799,6.882429122924805,breast-w,18
metacog,0.6428571428571429,0.5,0.391304347826087,0.0,0.5,0.3571428571428571,0.468370118671069,0.9657558895017804,1,1,1,5736.875772476196,2.895593643188477,breast-w,18
classic,0.9130434782608696,0.9041666666666668,0.9041666666666668,0.8083333333333333,0.9027777777777778,0.8091032608695652,0.0,0.0,49,25,11,478.4445762634277,5.254507064819336,breast-w,19
metacog,0.6521739130434783,0.5,0.3947368421052631,0.0,0.5,0.3478260869565217,0.123250649859859,0.977145503713505,1,1,1,5748.708724975586,3.426790237426758,breast-w,19
classic,0.9285714285714286,0.9057971014492754,0.91812865497076,0.8406510999883741,0.9465579710144928,0.9019323671497584,0.0,0.0,61,31,12,578.871488571167,7.718324661254883,breast-w,20
metacog,0.6571428571428571,0.5,0.396551724137931,0.0,0.5,0.3428571428571428,0.307666211356597,0.967942149743604,1,1,1,5767.569780349731,2.708911895751953,breast-w,20
classic,0.9428571428571428,0.9365942028985508,0.9365942028985508,0.8731884057971014,0.9365942028985508,0.8688492063492063,0.0,0.0,59,30,9,519.4082260131836,10.356664657592772,breast-w,21
metacog,0.6571428571428571,0.5,0.396551724137931,0.0,0.5,0.3428571428571428,0.2636913416094571,0.9762737471704144,1,1,1,5426.226377487183,3.045320510864258,breast-w,21
classic,0.9428571428571428,0.9365942028985508,0.9365942028985508,0.8731884057971014,0.9565217391304348,0.8928968253968254,0.0,0.0,61,31,9,533.562421798706,5.775690078735352,breast-w,22
metacog,0.6571428571428571,0.5,0.396551724137931,0.0,0.5,0.3428571428571428,0.3700916859995035,0.9730593957645884,1,1,1,5277.3277759552,2.946615219116211,breast-w,22
classic,0.9571428571428572,0.9375,0.9508771929824562,0.9063269671749656,0.9583333333333331,0.9452380952380952,0.0,0.0,59,30,9,526.7298221588135,5.267858505249023,breast-w,23
metacog,0.6571428571428571,0.5,0.396551724137931,0.0,0.5,0.3428571428571428,0.5257745446857043,0.9743945461947218,1,1,1,5330.218553543091,3.2448768615722656,breast-w,23
classic,0.9571428571428572,0.9375,0.9508771929824562,0.9063269671749656,0.9334239130434784,0.9178571428571428,0.0,0.0,53,27,11,578.5646438598633,6.361722946166992,breast-w,24
metacog,0.6571428571428571,0.5,0.396551724137931,0.0,0.5,0.3428571428571428,0.1152316483361746,0.986120863065938,1,1,1,5416.780710220337,2.9344558715820312,breast-w,24
classic,0.9285714285714286,0.9257246376811594,0.9215070643642072,0.843464979891126,0.9334239130434782,0.8608573310747223,0.0,0.0,55,28,10,522.946834564209,7.614374160766602,breast-w,25
metacog,0.6571428571428571,0.5,0.396551724137931,0.0,0.5,0.3428571428571428,0.3923907382668683,0.9740426275119172,1,1,1,5373.821020126343,5.950212478637695,breast-w,25
classic,0.9428571428571428,0.9465579710144928,0.9377777777777778,0.8773631021262148,0.945199275362319,0.8578113553113553,0.0,0.0,59,30,10,517.8706645965576,5.674600601196289,breast-w,26
metacog,0.6571428571428571,0.5,0.396551724137931,0.0,0.5,0.3428571428571428,0.2248991284539355,0.9732988010763436,1,1,1,5328.789234161377,2.9518604278564453,breast-w,26
classic,0.9142857142857144,0.9248188405797102,0.9082167832167832,0.823217588531509,0.9248188405797102,0.8014880952380952,0.0,0.0,55,28,11,498.81863594055176,5.647897720336914,breast-w,27
metacog,0.6571428571428571,0.5,0.396551724137931,0.0,0.5,0.3428571428571428,0.3711970197100984,0.983940046659034,1,1,1,5307.077884674072,2.2788047790527344,breast-w,27
classic,0.9428571428571428,0.9288888888888888,0.9365942028985508,0.8750607514554599,0.964,0.9253049366092844,0.0,0.0,61,31,9,529.3912887573242,5.511045455932617,breast-w,28
metacog,0.6428571428571429,0.5,0.391304347826087,0.0,0.5,0.3571428571428571,0.1806105754711386,0.9743324687401036,1,1,1,5397.373676300049,2.9850006103515625,breast-w,28
classic,0.927536231884058,0.915277777777778,0.9193359831657704,0.8391463916782738,0.9337962962962962,0.8645652173913043,0.0,0.0,55,28,10,462.3074531555176,5.698680877685547,breast-w,29
metacog,0.6521739130434783,0.5,0.3947368421052631,0.0,0.5,0.3478260869565217,0.4774262203727955,0.9674275796155742,1,1,1,5290.292024612427,3.378152847290039,breast-w,29
classic,0.9857142857142858,0.9791666666666669,0.983985358041638,0.9684747092264968,0.9995471014492754,0.9983333333333332,0.0,0.0,61,31,10,574.756383895874,6.923437118530273,breast-w,30
metacog,0.6571428571428571,0.5,0.396551724137931,0.0,0.5,0.3428571428571428,0.6204652186148922,0.971696551917786,1,1,1,5730.733394622803,2.8748512268066406,breast-w,30
classic,1.0,1.0,1.0,1.0,1.0,1.0,0.0,0.0,65,33,11,608.0570220947266,5.239725112915039,breast-w,31
metacog,0.6571428571428571,0.5,0.396551724137931,0.0,0.5,0.3428571428571428,0.428218023662703,0.982228669095113,1,1,1,5814.138174057007,3.384113311767578,breast-w,31
classic,0.9571428571428572,0.957427536231884,0.9529042386185244,0.906276201797912,0.9764492753623188,0.9170726495726496,0.0,0.0,65,33,10,560.189962387085,5.693674087524414,breast-w,32
metacog,0.6571428571428571,0.5,0.396551724137931,0.0,0.5,0.3428571428571428,0.1216101445310256,0.9595145202822872,1,1,1,5664.817333221436,3.4224987030029297,breast-w,32
classic,0.9142857142857144,0.9048913043478262,0.9048913043478262,0.8097826086956522,0.9008152173913044,0.7950892857142857,0.0,0.0,59,30,10,523.054838180542,5.39398193359375,breast-w,33
metacog,0.6571428571428571,0.5,0.396551724137931,0.0,0.5,0.3428571428571428,0.0416025361327564,0.9566386411807736,1,1,1,5340.524196624756,2.971649169921875,breast-w,33
classic,0.9142857142857144,0.9048913043478262,0.9048913043478262,0.8097826086956522,0.9048913043478262,0.8084821428571428,0.0,0.0,47,24,10,458.0800533294678,5.01561164855957,breast-w,34
metacog,0.6571428571428571,0.5,0.396551724137931,0.0,0.5,0.3428571428571428,0.2331297888371842,0.9616061627435412,1,1,1,5718.661546707153,3.0002593994140625,breast-w,34
classic,0.9428571428571428,0.9266304347826086,0.935245143385754,0.8724376655309847,0.9442934782608696,0.9001893939393938,0.0,0.0,59,30,10,530.3006172180176,5.766391754150391,breast-w,35
metacog,0.6571428571428571,0.5,0.396551724137931,0.0,0.5,0.3428571428571428,0.5257745446857043,0.954456251682104,1,1,1,5379.564762115479,3.0155181884765625,breast-w,35
classic,0.9857142857142858,0.9791666666666669,0.983985358041638,0.9684747092264968,0.978713768115942,0.9726190476190476,0.0,0.0,63,32,10,569.0274238586426,5.775690078735352,breast-w,36
metacog,0.6571428571428571,0.5,0.396551724137931,0.0,0.5,0.3428571428571428,0.236049756938854,0.9691042077746912,1,1,1,5330.006837844849,2.892732620239258,breast-w,36
classic,0.9571428571428572,0.957427536231884,0.9529042386185244,0.906276201797912,0.9773550724637682,0.9201282051282051,0.0,0.0,61,31,17,615.668535232544,5.475521087646484,breast-w,37
metacog,0.6571428571428571,0.5,0.396551724137931,0.0,0.5,0.3428571428571428,0.4980464646367701,0.968636945940462,1,1,1,5351.838111877441,2.953052520751953,breast-w,37
classic,0.9285714285714286,0.9,0.91812865497076,0.8485281374238571,0.9777777777777776,0.9678857142857142,0.0,0.0,63,32,14,627.6993751525879,5.879640579223633,breast-w,38
metacog,0.6428571428571429,0.5,0.391304347826087,0.0,0.5,0.3571428571428571,0.1127800177052632,0.979529638711799,1,1,1,5339.063405990601,3.2978057861328125,breast-w,38
classic,0.927536231884058,0.9055555555555556,0.9175627240143368,0.839579763866531,0.9439814814814816,0.8988742236024844,0.0,0.0,57,29,10,537.3587608337402,5.675315856933594,breast-w,39
metacog,0.6521739130434783,0.5,0.3947368421052631,0.0,0.5,0.3478260869565217,0.5926933207892303,0.9683519145318124,1,1,1,5335.391998291016,3.300905227661133,breast-w,39
classic,0.9428571428571428,0.9266304347826086,0.935245143385754,0.8724376655309847,0.926177536231884,0.8762806637806637,0.0,0.0,51,26,9,474.8952388763428,5.612373352050781,breast-w,40
metacog,0.6571428571428571,0.5,0.396551724137931,0.0,0.5,0.3428571428571428,0.4414170755530849,0.9809794948919476,1,1,1,5374.961376190186,3.304481506347656,breast-w,40
classic,0.9285714285714286,0.9057971014492754,0.91812865497076,0.8406510999883741,0.9239130434782608,0.8726664941338853,0.0,0.0,55,28,9,543.0493354797363,6.318807601928711,breast-w,41
metacog,0.6571428571428571,0.5,0.396551724137931,0.0,0.5,0.3428571428571428,0.5022720970873085,0.9713640184598946,1,1,1,5569.3089962005615,3.0248165130615234,breast-w,41
classic,0.9285714285714286,0.9057971014492754,0.91812865497076,0.8406510999883741,0.9057971014492756,0.8507936507936508,0.0,0.0,55,28,9,512.8858089447021,5.406618118286133,breast-w,42
metacog,0.6571428571428571,0.5,0.396551724137931,0.0,0.5,0.3428571428571428,0.4186863900892919,0.9759776430048792,1,1,1,5510.58030128479,2.96783447265625,breast-w,42
classic,0.9571428571428572,0.947463768115942,0.9519560741249142,0.9043979326236096,0.9673913043478262,0.9292986150323108,0.0,0.0,59,30,10,555.8207035064697,5.571842193603516,breast-w,43
metacog,0.6571428571428571,0.5,0.396551724137931,0.0,0.5,0.3428571428571428,0.3094538657659746,0.9668650520764392,1,1,1,5443.703413009644,1.5361309051513672,breast-w,43
classic,0.9714285714285714,0.9682971014492754,0.9682971014492754,0.9365942028985508,0.9669384057971016,0.932688492063492,0.0,0.0,65,33,10,558.542013168335,5.977392196655273,breast-w,44
metacog,0.6571428571428571,0.5,0.396551724137931,0.0,0.5,0.3428571428571428,0.5257745446857043,0.9705036339845404,1,1,1,3893.685817718506,2.9327869415283203,breast-w,44
classic,0.9571428571428572,0.957427536231884,0.9529042386185244,0.906276201797912,0.9565217391304348,0.8928968253968254,0.0,0.0,63,32,10,556.2522411346436,5.6610107421875,breast-w,45
metacog,0.6571428571428571,0.5,0.396551724137931,0.0,0.5,0.3428571428571428,0.3039704782170189,0.9611166765292302,1,1,1,3980.148077011109,1.8188953399658203,breast-w,45
classic,0.9428571428571428,0.9266304347826086,0.935245143385754,0.8724376655309847,0.9252717391304348,0.8780844155844155,0.0,0.0,57,29,10,505.009651184082,5.653858184814453,breast-w,46
metacog,0.6571428571428571,0.5,0.396551724137931,0.0,0.5,0.3428571428571428,0.3629589838667663,0.9660047151718844,1,1,1,3863.959312438965,1.491069793701172,breast-w,46
classic,0.9285714285714286,0.9157608695652174,0.9199267902081903,0.8403211560207222,0.914855072463768,0.8384763786937699,0.0,0.0,53,27,9,485.46862602233887,2.701282501220703,breast-w,47
metacog,0.6571428571428571,0.5,0.396551724137931,0.0,0.5,0.3428571428571428,0.2216098552067258,0.9710445718917264,1,1,1,3952.258825302124,1.5003681182861328,breast-w,47
classic,0.9142857142857144,0.9155555555555556,0.9082167832167832,0.8181242010509749,0.9484444444444444,0.8424857451616071,0.0,0.0,59,30,9,506.3507556915283,5.772590637207031,breast-w,48
metacog,0.6428571428571429,0.5,0.391304347826087,0.0,0.5,0.3571428571428571,0.4577353806235611,0.976953696995834,1,1,1,3890.812158584594,2.7527809143066406,breast-w,48
classic,0.9420289855072465,0.9263888888888888,0.934782608695652,0.8715403188617704,0.9467592592592592,0.9040678524374176,0.0,0.0,69,35,20,676.5918731689453,5.803346633911133,breast-w,49
metacog,0.6521739130434783,0.5,0.3947368421052631,0.0,0.5,0.3478260869565217,0.0678401201895427,0.9817099585761788,1,1,1,3884.0646743774414,1.5361309051513672,breast-w,49
classic,0.8947368421052632,0.8974025974025974,0.8906649616368286,0.7836884907482609,0.8974025974025973,0.9022100706311232,0.0,0.0,47,24,14,49514.09530639648,5.270719528198242,breast_cancer,0
metacog,0.6140350877192983,0.5,0.3804347826086957,0.0,0.5,0.6140350877192983,0.1688826164298823,0.996438889669009,1,1,1,584477.9298305511,2.8324127197265625,breast_cancer,0
classic,0.9473684210526316,0.9487012987012988,0.944927536231884,0.8904905361044291,0.948051948051948,0.949398898315307,0.0,0.0,51,26,16,53642.84038543701,5.808591842651367,breast_cancer,1
metacog,0.6140350877192983,0.5,0.3804347826086957,0.0,0.5,0.6140350877192983,0.1730110124389064,0.980038851144972,1,1,1,593679.9116134644,2.58636474609375,breast_cancer,1
classic,0.9298245614035088,0.9345238095238096,0.925974025974026,0.8544784126535336,0.9477513227513228,0.9517777286353136,0.0,0.0,53,27,20,67780.73787689209,6.442070007324219,breast_cancer,2
metacog,0.631578947368421,0.5,0.3870967741935484,0.0,0.5,0.631578947368421,0.0971257789267817,0.9978297494359548,1,1,1,596907.1943759918,2.5739669799804688,breast_cancer,2
classic,0.8771929824561403,0.8630952380952381,0.8666889408620113,0.7339992004456315,0.8756613756613758,0.8839909835830991,0.0,0.0,35,18,13,41824.51415061951,5.259275436401367,breast_cancer,3
metacog,0.631578947368421,0.5,0.3870967741935484,0.0,0.5,0.631578947368421,0.5700382092545211,0.992647314388445,1,1,1,592343.1730270386,2.535581588745117,breast_cancer,3
classic,0.912280701754386,0.9206349206349206,0.9082125603864736,0.8219277191853159,0.9206349206349206,0.9321283005493533,0.0,0.0,45,23,13,46853.15465927124,5.722999572753906,breast_cancer,4
metacog,0.631578947368421,0.5,0.3870967741935484,0.0,0.5,0.631578947368421,0.2677364315425947,0.9718729874477392,1,1,1,582715.9056663513,2.567291259765625,breast_cancer,4
classic,0.8421052631578947,0.8253968253968254,0.828600066822586,0.6577916331862489,0.8253968253968254,0.83894420736526,0.0,0.0,41,21,16,44570.35207748413,5.582332611083984,breast_cancer,5
metacog,0.631578947368421,0.5,0.3870967741935484,0.0,0.5,0.631578947368421,0.1271863006103999,0.9932499907564764,1,1,1,601299.530506134,2.5534629821777344,breast_cancer,5
classic,0.9298245614035088,0.9345238095238096,0.925974025974026,0.8544784126535336,0.960978835978836,0.9612620876810763,0.0,0.0,47,24,14,47484.84778404236,5.408763885498047,breast_cancer,6
metacog,0.631578947368421,0.5,0.3870967741935484,0.0,0.5,0.631578947368421,0.0952656302907462,0.993043860452785,1,1,1,574848.5054969788,2.6094913482666016,breast_cancer,6
classic,0.912280701754386,0.9107142857142856,0.9066491975106452,0.8139267835041308,0.9093915343915344,0.9154233623273872,0.0,0.0,49,25,16,53545.5904006958,6.11424446105957,breast_cancer,7
metacog,0.631578947368421,0.5,0.3870967741935484,0.0,0.5,0.631578947368421,0.1702475393967039,0.9930094153697412,1,1,1,587746.7019557953,2.571582794189453,breast_cancer,7
classic,0.8596491228070176,0.8591269841269842,0.851948051948052,0.7062127520104547,0.8591269841269842,0.8728500171998623,0.0,0.0,45,23,15,52339.836835861206,5.758523941040039,breast_cancer,8
metacog,0.631578947368421,0.5,0.3870967741935484,0.0,0.5,0.631578947368421,0.0783260110272022,0.9838531834758196,1,1,1,581852.7362346649,2.6040077209472656,breast_cancer,8
classic,0.9642857142857144,0.9523809523809524,0.961111111111111,0.9251247785330668,0.9523809523809524,0.945945945945946,0.0,0.0,57,29,19,69354.31385040283,6.35075569152832,breast_cancer,9
metacog,0.625,0.5,0.3846153846153846,0.0,0.5,0.625,0.1086387294685868,0.9876514724974614,1,1,1,594686.6447925568,2.43830680847168,breast_cancer,9
classic,0.9298245614035088,0.9344155844155844,0.9271099744245525,0.8566790854748145,0.9344155844155844,0.939211665527455,0.0,0.0,45,23,14,52198.07839393616,5.6667327880859375,breast_cancer,10
metacog,0.6140350877192983,0.5,0.3804347826086957,0.0,0.5,0.6140350877192983,0.2736898323031402,0.9929679643372008,1,1,1,604306.1521053314,2.5529861450195312,breast_cancer,10
classic,0.9473684210526316,0.9571428571428572,0.9456970466814862,0.896979056930221,0.9571428571428572,0.9669172932330828,0.0,0.0,47,24,16,56351.21941566467,5.677700042724609,breast_cancer,11
metacog,0.6140350877192983,0.5,0.3804347826086957,0.0,0.5,0.6140350877192983,0.2043259398895593,0.9881254468578546,1,1,1,605212.8102779388,2.4085044860839844,breast_cancer,11
classic,0.9298245614035088,0.9246031746031746,0.9246031746031746,0.8492063492063492,0.9246031746031746,0.9270630279402208,0.0,0.0,49,25,15,51360.01682281494,5.5408477783203125,breast_cancer,12
metacog,0.631578947368421,0.5,0.3870967741935484,0.0,0.5,0.631578947368421,0.0742902430942078,0.9953505838516437,1,1,1,610571.7322826385,2.5589466094970703,breast_cancer,12
classic,0.8947368421052632,0.8869047619047619,0.8869047619047619,0.7738095238095238,0.9087301587301588,0.9169172932330828,0.0,0.0,43,22,15,41134.11903381348,5.110025405883789,breast_cancer,13
metacog,0.631578947368421,0.5,0.3870967741935484,0.0,0.5,0.631578947368421,0.1642497766761528,0.9977869281249736,1,1,1,595792.6082611084,2.5634765625,breast_cancer,13
classic,0.9649122807017544,0.9722222222222222,0.9629870129870132,0.9286112429750732,0.9722222222222222,0.97953216374269,0.0,0.0,57,29,16,55570.995807647705,5.83338737487793,breast_cancer,14
metacog,0.631578947368421,0.5,0.3870967741935484,0.0,0.5,0.631578947368421,0.1303005181562208,0.9650480293110296,1,1,1,597360.1474761963,2.547502517700196,breast_cancer,14
classic,0.8771929824561403,0.8630952380952381,0.8666889408620113,0.7339992004456315,0.863095238095238,0.870199146514936,0.0,0.0,49,25,17,53993.43276023865,6.18433952331543,breast_cancer,15
metacog,0.631578947368421,0.5,0.3870967741935484,0.0,0.5,0.631578947368421,0.2475983728515174,0.9932410150227752,1,1,1,605755.1608085632,2.602100372314453,breast_cancer,15
classic,0.912280701754386,0.9107142857142856,0.9066491975106452,0.8139267835041308,0.9107142857142856,0.9169172932330828,0.0,0.0,41,21,13,45428.42125892639,5.626201629638672,breast_cancer,16
metacog,0.631578947368421,0.5,0.3870967741935484,0.0,0.5,0.631578947368421,0.2459833984693847,0.9949638182944714,1,1,1,604138.4131908417,2.575397491455078,breast_cancer,16
classic,0.912280701754386,0.9206349206349206,0.9082125603864736,0.8219277191853159,0.9457671957671958,0.9510088352193616,0.0,0.0,51,26,16,54668.51568222046,5.863189697265625,breast_cancer,17
metacog,0.631578947368421,0.5,0.3870967741935484,0.0,0.5,0.631578947368421,0.0972040675380056,0.994643693181189,1,1,1,613466.3128852844,2.556800842285156,breast_cancer,17
classic,0.8947368421052632,0.9067460317460316,0.8906649616368286,0.790804668555721,0.9193121693121692,0.9304728006579662,0.0,0.0,49,25,15,60646.58522605896,5.863428115844727,breast_cancer,18
metacog,0.631578947368421,0.5,0.3870967741935484,0.0,0.5,0.631578947368421,0.049506151891372,0.999749598139568,1,1,1,597969.3145751953,3.915786743164064,breast_cancer,18
classic,0.8571428571428571,0.838095238095238,0.8444444444444444,0.6914090450089236,0.8707482993197279,0.8732247284878862,0.0,0.0,49,25,16,61012.72439956665,5.809307098388672,breast_cancer,19
metacog,0.625,0.5,0.3846153846153846,0.0,0.5,0.625,0.0610331821929285,0.9916303482572612,1,1,1,606899.7461795807,2.376079559326172,breast_cancer,19
classic,0.8947368421052632,0.872077922077922,0.8844594594594595,0.7793646498329633,0.8720779220779221,0.8644303065355697,0.0,0.0,53,27,17,58773.59700202942,6.137847900390625,breast_cancer,20
metacog,0.6140350877192983,0.5,0.3804347826086957,0.0,0.5,0.6140350877192983,0.3425853452758028,0.991501145752936,1,1,1,609235.2530956268,2.562761306762696,breast_cancer,20
classic,0.8947368421052632,0.888961038961039,0.888961038961039,0.7779220779220779,0.9077922077922076,0.9131357806280408,0.0,0.0,47,24,14,48892.96293258667,5.744218826293945,breast_cancer,21
metacog,0.6140350877192983,0.5,0.3804347826086957,0.0,0.5,0.6140350877192983,0.1243067648213937,0.9901149566000432,1,1,1,610188.5294914246,2.5970935821533203,breast_cancer,21
classic,0.8947368421052632,0.8869047619047619,0.8869047619047619,0.7738095238095238,0.8869047619047619,0.8929093567251462,0.0,0.0,45,23,14,47674.07870292664,6.475687026977539,breast_cancer,22
metacog,0.631578947368421,0.5,0.3870967741935484,0.0,0.5,0.631578947368421,0.0652851945764248,0.991363262221033,1,1,1,603108.5519790649,2.6094913482666016,breast_cancer,22
classic,0.912280701754386,0.9107142857142856,0.9066491975106452,0.8139267835041308,0.9232804232804231,0.9256080014851944,0.0,0.0,51,26,16,58166.85724258423,5.712032318115234,breast_cancer,23
metacog,0.631578947368421,0.5,0.3870967741935484,0.0,0.5,0.631578947368421,0.1509893872388082,0.9931667869309168,1,1,1,587066.7774677277,2.5777816772460938,breast_cancer,23
classic,0.9649122807017544,0.9722222222222222,0.9629870129870132,0.9286112429750732,0.9695767195767196,0.97953216374269,0.0,0.0,47,24,16,54946.36535644531,5.724668502807617,breast_cancer,24
metacog,0.631578947368421,0.5,0.3870967741935484,0.0,0.5,0.631578947368421,0.2131167718656549,0.9887262343913448,1,1,1,588069.1032409668,2.556085586547852,breast_cancer,24
classic,0.912280701754386,0.9206349206349206,0.9082125603864736,0.8219277191853159,0.9338624338624336,0.941545225213956,0.0,0.0,51,26,17,52249.223709106445,5.639076232910156,breast_cancer,25
metacog,0.631578947368421,0.5,0.3870967741935484,0.0,0.5,0.631578947368421,0.0921854130511876,0.988215689956774,1,1,1,585321.3443756104,2.584218978881836,breast_cancer,25
classic,0.9649122807017544,0.9523809523809524,0.9614864864864864,0.9258200997725514,0.9470899470899472,0.9418644650842792,0.0,0.0,49,25,16,52356.66465759277,5.784034729003906,breast_cancer,26
metacog,0.631578947368421,0.5,0.3870967741935484,0.0,0.5,0.631578947368421,0.2937119321634215,0.9977655140113004,1,1,1,586524.7373580933,2.6040077209472656,breast_cancer,26
classic,0.9298245614035088,0.9146825396825397,0.922972972972973,0.8486684247915055,0.9146825396825398,0.9130116959064328,0.0,0.0,49,25,14,54348.97375106812,5.703449249267578,breast_cancer,27
metacog,0.631578947368421,0.5,0.3870967741935484,0.0,0.5,0.631578947368421,0.0456080567523926,0.9998905333668364,1,1,1,589926.8627166748,2.7115345001220703,breast_cancer,27
classic,0.8947368421052632,0.8968253968253967,0.888961038961039,0.7803455823319942,0.8968253968253969,0.9067767457860336,0.0,0.0,45,23,16,53524.17874336243,6.817817687988281,breast_cancer,28
metacog,0.631578947368421,0.5,0.3870967741935484,0.0,0.5,0.631578947368421,0.3226026489795516,0.9953728305196866,1,1,1,600406.1627388,2.5682449340820312,breast_cancer,28
classic,0.9464285714285714,0.9571428571428572,0.944278606965174,0.8944271909999159,0.9571428571428572,0.9678571428571427,0.0,0.0,47,24,15,54542.306900024414,8.726119995117188,breast_cancer,29
metacog,0.625,0.5,0.3846153846153846,0.0,0.5,0.625,0.1202320051801932,0.9983048298155328,1,1,1,591124.9208450317,2.5064945220947266,breast_cancer,29
classic,0.9298245614035088,0.925974025974026,0.925974025974026,0.8519480519480519,0.9370129870129872,0.9327782777406838,0.0,0.0,51,26,17,57717.01550483704,6.06083869934082,breast_cancer,30
metacog,0.6140350877192983,0.5,0.3804347826086957,0.0,0.5,0.6140350877192983,0.243209539357407,0.993874028609874,1,1,1,595795.7866191864,2.548694610595703,breast_cancer,30
classic,0.8947368421052632,0.888961038961039,0.888961038961039,0.7779220779220779,0.9012987012987012,0.8971965628356605,0.0,0.0,39,20,13,44892.96269416809,5.251884460449219,breast_cancer,31
metacog,0.6140350877192983,0.5,0.3804347826086957,0.0,0.5,0.6140350877192983,0.1360637799537984,0.986284314505457,1,1,1,585906.486749649,2.585411071777344,breast_cancer,31
classic,0.9473684210526316,0.9484126984126984,0.9439895185063872,0.8886350389948482,0.9484126984126984,0.952548036758563,0.0,0.0,49,25,16,54110.27669906616,5.712985992431641,breast_cancer,32
metacog,0.631578947368421,0.5,0.3870967741935484,0.0,0.5,0.631578947368421,0.0403613326057521,0.985950204332323,1,1,1,587942.2862529755,2.8181076049804688,breast_cancer,32
classic,0.8947368421052632,0.9067460317460316,0.8906649616368286,0.790804668555721,0.9292328042328042,0.9383738664537687,0.0,0.0,49,25,16,58314.35465812683,6.140470504760742,breast_cancer,33
metacog,0.631578947368421,0.5,0.3870967741935484,0.0,0.5,0.631578947368421,0.2026730950682123,0.9844618572372444,1,1,1,595653.1038284302,2.540111541748047,breast_cancer,33
classic,0.912280701754386,0.9007936507936508,0.9047778149014368,0.810206767705014,0.8981481481481481,0.9029555871661136,0.0,0.0,45,23,16,56933.93397331238,5.83338737487793,breast_cancer,34
metacog,0.631578947368421,0.5,0.3870967741935484,0.0,0.5,0.631578947368421,0.1718598487829021,0.9916224591973666,1,1,1,597612.6153469086,2.624034881591797,breast_cancer,34
classic,0.9649122807017544,0.9623015873015872,0.9623015873015872,0.9246031746031746,0.9616402116402116,0.9627599090318388,0.0,0.0,51,26,15,53472.87654876709,7.335901260375977,breast_cancer,35
metacog,0.631578947368421,0.5,0.3870967741935484,0.0,0.5,0.631578947368421,0.2163030216550363,0.9909956735467516,1,1,1,594698.7493038177,2.5892257690429688,breast_cancer,35
classic,0.8947368421052632,0.8869047619047619,0.8869047619047619,0.7738095238095238,0.9107142857142858,0.9089912280701754,0.0,0.0,47,24,15,53826.43699645996,5.80596923828125,breast_cancer,36
metacog,0.631578947368421,0.5,0.3870967741935484,0.0,0.5,0.631578947368421,0.0874013363868209,0.9896116143482232,1,1,1,594814.2607212067,3.5462379455566406,breast_cancer,36
classic,0.9649122807017544,0.9623015873015872,0.9623015873015872,0.9246031746031746,0.9616402116402116,0.9620103499489464,0.0,0.0,51,26,16,55238.50917816162,5.702018737792969,breast_cancer,37
metacog,0.631578947368421,0.5,0.3870967741935484,0.0,0.5,0.631578947368421,0.1249179254065116,0.9969454137884454,1,1,1,587378.0779838562,4.017353057861328,breast_cancer,37
classic,0.9473684210526316,0.9484126984126984,0.9439895185063872,0.8886350389948482,0.9484126984126984,0.952548036758563,0.0,0.0,57,29,18,63865.66257476807,6.27446174621582,breast_cancer,38
metacog,0.631578947368421,0.5,0.3870967741935484,0.0,0.5,0.631578947368421,0.1861924423268325,0.9833918737744528,1,1,1,591480.9110164642,4.698991775512695,breast_cancer,38
classic,0.9107142857142856,0.9095238095238096,0.905628581058308,0.8118990304530631,0.9095238095238096,0.9140756302521008,0.0,0.0,47,24,15,52708.77623558045,5.453348159790039,breast_cancer,39
metacog,0.625,0.5,0.3846153846153846,0.0,0.5,0.625,0.2815137825865143,0.9952767716471472,1,1,1,594538.1872653961,3.1282901763916016,breast_cancer,39
classic,0.912280701754386,0.8863636363636364,0.9025641025641026,0.8222751143238883,0.8798701298701298,0.8687969924812031,0.0,0.0,47,24,16,56847.11694717407,7.096290588378906,breast_cancer,40
metacog,0.6140350877192983,0.5,0.3804347826086957,0.0,0.5,0.6140350877192983,0.1435794724048799,0.9948062495580352,1,1,1,589473.388671875,2.6192665100097656,breast_cancer,40
classic,0.8947368421052632,0.8974025974025974,0.8906649616368286,0.7836884907482609,0.8974025974025973,0.9022100706311232,0.0,0.0,51,26,18,60885.207176208496,6.402254104614258,breast_cancer,41
metacog,0.6140350877192983,0.5,0.3804347826086957,0.0,0.5,0.6140350877192983,0.3324885661040481,0.9939925228098778,1,1,1,589310.4124069214,2.566099166870117,breast_cancer,41
classic,0.9649122807017544,0.9722222222222222,0.9629870129870132,0.9286112429750732,0.9708994708994708,0.97953216374269,0.0,0.0,51,26,15,52080.88088035584,5.7239532470703125,breast_cancer,42
metacog,0.631578947368421,0.5,0.3870967741935484,0.0,0.5,0.631578947368421,0.0359118417251472,0.988901868510348,1,1,1,597669.1875457764,4.878759384155273,breast_cancer,42
classic,0.8947368421052632,0.876984126984127,0.8844594594594595,0.7715167498104596,0.8882275132275133,0.8875018743439796,0.0,0.0,45,23,12,46515.79523086548,5.308151245117188,breast_cancer,43
metacog,0.631578947368421,0.5,0.3870967741935484,0.0,0.5,0.631578947368421,0.2308850639111857,0.9847864370826104,1,1,1,603304.6822547913,2.5429725646972656,breast_cancer,43
classic,0.8596491228070176,0.8392857142857142,0.845945945945946,0.6943650748294136,0.857142857142857,0.8668778427550358,0.0,0.0,45,23,17,58178.619146347046,2.813100814819336,breast_cancer,44
metacog,0.631578947368421,0.5,0.3870967741935484,0.0,0.5,0.631578947368421,0.1288312507636269,0.9931377411014928,1,1,1,410760.0543498993,1.2738704681396484,breast_cancer,44
classic,0.9298245614035088,0.9345238095238096,0.925974025974026,0.8544784126535336,0.9477513227513228,0.9517777286353136,0.0,0.0,51,26,16,53144.39797401428,5.953788757324219,breast_cancer,45
metacog,0.631578947368421,0.5,0.3870967741935484,0.0,0.5,0.631578947368421,0.1754603217950585,0.9932956480992656,1,1,1,411555.9673309326,1.2791156768798828,breast_cancer,45
classic,0.9473684210526316,0.9384920634920636,0.942866688940862,0.8864143349643965,0.9371693121693122,0.9357954445673744,0.0,0.0,45,23,13,43581.22038841248,5.1326751708984375,breast_cancer,46
metacog,0.631578947368421,0.5,0.3870967741935484,0.0,0.5,0.631578947368421,0.157322181589523,0.9955875772738072,1,1,1,415301.4132976532,2.550601959228516,breast_cancer,46
classic,0.8947368421052632,0.9067460317460316,0.8906649616368286,0.790804668555721,0.9272486772486772,0.9488304093567252,0.0,0.0,47,24,14,50416.35870933533,2.5365352630615234,breast_cancer,47
metacog,0.631578947368421,0.5,0.3870967741935484,0.0,0.5,0.631578947368421,0.1974962939696733,0.9901593518626854,1,1,1,413040.577173233,1.2426376342773438,breast_cancer,47
classic,0.9298245614035088,0.9345238095238096,0.925974025974026,0.8544784126535336,0.9325396825396824,0.9423374613003096,0.0,0.0,49,25,17,50388.59724998474,3.973960876464844,breast_cancer,48
metacog,0.631578947368421,0.5,0.3870967741935484,0.0,0.5,0.631578947368421,0.0947781549271209,0.9829329916101536,1,1,1,411923.9904880524,1.1882781982421875,breast_cancer,48
classic,0.9107142857142856,0.9095238095238096,0.905628581058308,0.8118990304530631,0.9081632653061223,0.9124968169085816,0.0,0.0,51,26,17,53085.37077903748,2.864599227905273,breast_cancer,49
metacog,0.625,0.5,0.3846153846153846,0.0,0.5,0.625,0.0901807916832908,0.9969205173476132,1,1,1,408207.1855068207,2.7208328247070312,breast_cancer,49
classic,0.94,0.8740079365079365,0.8775581721334454,0.8606958479813341,0.9201727997111456,,0.0,0.0,117,59,13,272.0828056335449,7.53331184387207,car,0
metacog,0.8,0.4548611111111111,0.3945456784043338,0.6301885834310644,0.8559553472390522,,0.641714794535514,0.9726790436225962,7,4,4,5588.921308517456,6.534814834594727,car,0
classic,0.92,0.7073412698412698,0.6745801033591732,0.8158608177286713,0.9753688892228995,,0.0,0.0,121,61,13,257.5948238372803,7.622957229614258,car,1
metacog,0.82,0.4618055555555556,0.4043233082706766,0.6570055945816015,0.8852471530121031,,0.7087650572168241,0.9788365637806872,7,4,4,5285.349130630493,6.140470504760742,car,1
classic,0.95,0.7762896825396824,0.8166576479076479,0.884774617178969,0.9657278951928872,,0.0,0.0,121,61,13,279.0403366088867,6.789207458496094,car,2
metacog,0.81,0.4583333333333333,0.3994038748137108,0.6434015210126406,0.8911665212813995,,0.7215602637483163,0.9362015775066947,7,4,4,5415.438890457153,6.875276565551758,car,2
classic,0.95,0.9067460317460316,0.9282715023994094,0.8848183492423024,0.9820957655213984,,0.0,0.0,121,61,13,257.4465274810791,7.480382919311523,car,3
metacog,0.83,0.4652777777777778,0.4093093852770048,0.6710277802831085,0.8746280126015238,,0.6659482639674315,0.9473787213915512,7,4,4,5393.718242645264,7.068872451782227,car,3
classic,0.97,0.9012896825396824,0.906845238095238,0.9312328492065316,0.9424037690806836,,0.0,0.0,115,58,14,270.2040672302246,6.960391998291016,car,4
metacog,0.78,0.4479166666666666,0.3849927325581395,0.6048388148761237,0.877140350606346,,0.614004735636515,0.9505508641143796,7,4,4,5528.608322143555,6.442546844482422,car,4
classic,0.97,0.9642857142857144,0.9416302875206984,0.9314171414157312,0.9868065783014236,,0.0,0.0,121,61,13,301.07736587524414,7.449150085449219,car,5
metacog,0.81,0.4583333333333333,0.3994038748137108,0.6434015210126406,0.8812943858760608,,0.6487920009254083,0.950480772587324,7,4,4,5328.903436660767,5.461454391479492,car,5
classic,0.94,0.9201388888888888,0.9269756838905776,0.8723787569100152,0.9557799863748242,,0.0,0.0,105,53,13,251.1284351348877,7.645130157470703,car,6
metacog,0.76,0.4409722222222222,0.3756263421617752,0.580779851811987,0.8620669698849243,,0.6385870221026986,0.9661137598282248,7,4,4,5593.903303146362,5.43212890625,car,6
classic,0.92,0.8625503018108652,0.8124249249249249,0.8229424289291651,0.937996959836734,,0.0,0.0,109,55,13,229.358434677124,7.773876190185547,car,7
metacog,0.76,0.4436619718309859,0.3773448773448773,0.583580080713723,0.87604418237473,,0.61359172801133,0.9266314001018372,7,4,4,5458.574056625366,6.215810775756836,car,7
classic,0.93,0.7142857142857143,0.7242207404998102,0.8423057531746255,0.8762311617275675,,0.0,0.0,117,59,13,253.18527221679688,6.377696990966797,car,8
metacog,0.84,0.471830985915493,0.4161091096242924,0.6888026107982804,0.8852874068555632,,0.6421117241691682,0.950739075281928,7,4,4,5133.241176605225,6.398916244506836,car,8
classic,0.95,0.9572434607645876,0.9607709363806924,0.8875445926264987,0.9835979722361524,,0.0,0.0,115,58,13,239.9282455444336,7.807493209838867,car,9
metacog,0.74,0.4366197183098591,0.3681214421252372,0.5605500268568832,0.8558356738372362,,0.6591048223695153,0.958684377461372,7,4,4,5107.921838760376,6.238460540771484,car,9
classic,0.98,0.9761904761904762,0.9500615763546798,0.9543679547501636,0.9890030868800608,,0.0,0.0,115,58,13,238.70539665222168,6.466388702392578,car,10
metacog,0.83,0.4652777777777778,0.4093093852770048,0.6710277802831085,0.874938521969099,,0.6844403380970299,0.9470251224068182,7,4,4,5215.554475784302,6.252288818359375,car,10
classic,0.96,0.9186507936507936,0.8808227270600346,0.9118616089038964,0.9521728531301978,,0.0,0.0,115,58,13,271.4982032775879,7.496118545532227,car,11
metacog,0.81,0.4583333333333333,0.3994038748137108,0.6434015210126406,0.8693988157379617,,0.6477921553905667,0.945399750842438,7,4,4,5135.010719299316,6.187200546264648,car,11
classic,0.93,0.8913690476190477,0.8880610668401366,0.8411906778044788,0.978247987618043,,0.0,0.0,117,59,13,284.85798835754395,10.392904281616213,car,12
metacog,0.79,0.4513888888888889,0.3897435897435897,0.6173419725817377,0.8589045247636551,,0.7320070633912394,0.9703739284190888,7,4,4,5167.544364929199,6.283760070800781,car,12
classic,0.96,0.8511904761904762,0.8894324853228963,0.906439569002469,0.9773879768811532,,0.0,0.0,117,59,13,245.6080913543701,8.09621810913086,car,13
metacog,0.8,0.4548611111111111,0.3945456784043338,0.6301885834310644,0.8921101075093627,,0.6257117514981536,0.9601671086507492,7,4,4,5100.028514862061,6.286144256591797,car,13
classic,0.96,0.910218253968254,0.9012896825396826,0.9082758620689656,0.9784344728664228,,0.0,0.0,121,61,13,241.7042255401612,9.621143341064451,car,14
metacog,0.82,0.4618055555555556,0.4043233082706766,0.6570055945816015,0.8738234963467258,,0.6814179572592814,0.9799306406371712,7,4,4,5144.970178604126,6.450653076171875,car,14
classic,0.94,0.9285714285714286,0.8850494743351887,0.8646540671738445,0.9500222507911392,,0.0,0.0,117,59,14,256.5591335296631,6.1244964599609375,car,15
metacog,0.83,0.4652777777777778,0.4093093852770048,0.6710277802831085,0.8822854339044657,,0.6296519369930229,0.9535656180745948,7,4,4,5497.387886047363,6.420373916625977,car,15
classic,0.9,0.7544642857142857,0.7498911673731241,0.7668378209681205,0.90461992595061,,0.0,0.0,115,58,13,268.71323585510254,7.870197296142578,car,16
metacog,0.76,0.4409722222222222,0.3756263421617752,0.580779851811987,0.8411512606022497,,0.6048104155012777,1.0,7,4,4,5481.80890083313,6.011724472045898,car,16
classic,0.95,0.8644366197183099,0.8779761904761905,0.8920571593680623,0.9635535908072654,,0.0,0.0,117,59,13,240.0298118591309,8.745431900024414,car,17
metacog,0.76,0.4436619718309859,0.3773448773448773,0.583580080713723,0.8582398443430479,,0.6914681093242413,0.9513233249369802,7,4,4,5120.405673980713,6.537675857543945,car,17
classic,0.97,0.9304577464788732,0.9225649350649352,0.9356047614615514,0.9958027979961463,,0.0,0.0,115,58,13,246.6225624084473,7.639408111572266,car,18
metacog,0.8,0.4577464788732394,0.3962779156327543,0.6332270364341467,0.8683545519968896,,0.622343732970958,0.99039775171753,7,4,4,5131.187915802002,7.162809371948242,car,18
classic,0.94,0.7935529845741114,0.8179865424430641,0.8705461633837741,0.9323940123238889,,0.0,0.0,113,57,13,251.70660018920896,7.533550262451172,car,19
metacog,0.75,0.4401408450704225,0.3727164179104477,0.5719306035918801,0.8539694547779182,,0.6681413422627255,0.9508754523823868,7,4,4,5166.001796722412,6.24847412109375,car,19
classic,1.0,1.0,1.0,1.0,1.0,,0.0,0.0,115,58,13,288.2688045501709,7.595300674438477,car,20
metacog,0.82,0.4618055555555556,0.4043233082706766,0.6570055945816015,0.8740224281048494,,0.7023385243973317,0.9734629498933004,7,4,4,5524.3096351623535,6.343603134155273,car,20
classic,0.95,0.8060515873015873,0.7977182539682539,0.8858203661436763,0.9479957838272548,,0.0,0.0,117,59,13,251.3465881347656,7.437705993652344,car,21
metacog,0.82,0.4618055555555556,0.4043233082706766,0.6570055945816015,0.8682988218097061,,0.7166659905737922,0.9594330379563786,7,4,4,5576.430082321167,6.1187744140625,car,21
classic,0.93,0.8154761904761905,0.8293238293238293,0.8348983999926137,0.979820536258024,,0.0,0.0,115,58,13,266.068696975708,7.062673568725586,car,22
metacog,0.78,0.4479166666666666,0.3849927325581395,0.6048388148761237,0.8529278010031713,,0.6540973198436024,0.9548825666931242,7,4,4,5196.057558059692,6.252765655517578,car,22
classic,0.95,0.8392857142857143,0.8589446804448475,0.8828179360208942,0.9465398253842676,,0.0,0.0,119,60,13,246.2329864501953,7.585287094116211,car,23
metacog,0.81,0.4583333333333333,0.3994038748137108,0.6434015210126406,0.8889774648304883,,0.6460140429723961,0.9557859311042016,7,4,4,5230.51643371582,6.086587905883789,car,23
classic,0.94,0.8655753968253969,0.8445944859737964,0.8635072466104065,0.9716186646071931,,0.0,0.0,119,60,13,253.23939323425293,7.625818252563477,car,24
metacog,0.84,0.46875,0.414367816091954,0.6854974860311883,0.9019732514088,,0.6161655956536587,0.959787247032134,7,4,4,5126.593112945557,6.214380264282227,car,24
classic,0.93,0.9672619047619048,0.9241186144516392,0.8575794469139406,0.9893068662723528,,0.0,0.0,115,58,13,243.02983283996585,7.609844207763672,car,25
metacog,0.74,0.4340277777777778,0.3664117647058823,0.5578603045069465,0.8481720671046867,,0.6271913366310948,0.9690664030852,7,4,4,5271.707534790039,6.508588790893555,car,25
classic,0.95,0.8561507936507936,0.8836441336441336,0.8869289383524767,0.929603519941732,,0.0,0.0,119,60,13,275.2516269683838,16.94631576538086,car,26
metacog,0.83,0.4652777777777778,0.4093093852770048,0.6710277802831085,0.8867982191340474,,0.6575243378486822,0.9707254548424752,7,4,4,5516.985893249512,7.759571075439453,car,26
classic,0.94,0.6755952380952381,0.7202428685989232,0.8626749141404969,0.9557199741946149,,0.0,0.0,109,55,14,242.58780479431152,7.541179656982422,car,27
metacog,0.81,0.4612676056338028,0.4011387811287699,0.6465036801680235,0.8815594054469404,,0.684357769738271,0.9699251732852968,7,4,4,5512.197732925415,6.550788879394531,car,27
classic,0.95,0.9740107310529844,0.9405021437395538,0.89441775806235,0.9793840119961,,0.0,0.0,113,57,13,237.57624626159668,7.471561431884766,car,28
metacog,0.8,0.4577464788732394,0.3962779156327543,0.6332270364341467,0.8583053875207267,,0.622540521688661,0.9582071673887034,7,4,4,5160.958051681519,6.465435028076172,car,28
classic,0.96,0.9185529845741114,0.8887089331856773,0.9139763672314544,0.99484228615729,,0.0,0.0,119,60,13,255.2590370178223,7.790803909301758,car,29
metacog,0.7,0.4225352112676056,0.35,0.5174141767117918,0.7914552346634733,,0.6874135820322133,0.9578583003114504,7,4,4,5100.172519683838,6.456851959228516,car,29
classic,0.91,0.9097222222222222,0.8647844272844273,0.7913472080445882,0.9292787495805448,,0.0,0.0,119,60,13,262.852430343628,7.536888122558594,car,30
metacog,0.76,0.4409722222222222,0.3756263421617752,0.580779851811987,0.8487366386020021,,0.6804332950007415,0.955083702983574,7,4,4,5203.190803527832,6.265163421630859,car,30
classic,0.91,0.7162698412698413,0.7766861602876257,0.7869701638134032,0.9304456751054851,,0.0,0.0,109,55,13,242.7892684936524,7.888555526733398,car,31
metacog,0.83,0.4652777777777778,0.4093093852770048,0.6710277802831085,0.9001918894569659,,0.6571604846103158,0.9562372617296496,7,4,4,5504.889726638794,12.379646301269531,car,31
classic,0.94,0.785218253968254,0.795770202020202,0.8618145419232107,0.9852161740883062,,0.0,0.0,113,57,14,291.7001247406006,8.735418319702148,car,32
metacog,0.79,0.4513888888888889,0.3897435897435897,0.6173419725817377,0.8749596161026287,,0.686730326468593,0.9808574634724636,7,4,4,5535.410404205322,6.421566009521484,car,32
classic,0.96,0.9861111111111112,0.9711180124223604,0.9161677604519488,0.9922644163150492,,0.0,0.0,115,58,13,259.2091560363769,11.714935302734377,car,33
metacog,0.74,0.4340277777777778,0.3664117647058823,0.5578603045069465,0.8401792919627451,,0.6956322064959461,0.9859451668986756,7,4,4,5174.379587173462,6.300210952758789,car,33
classic,0.95,0.8774801587301587,0.8698275862068965,0.8851889345124606,0.9734589659307816,,0.0,0.0,113,57,13,239.3929958343506,7.6503753662109375,car,34
metacog,0.79,0.4513888888888889,0.3897435897435897,0.6173419725817377,0.8676666127459511,,0.6544424418478688,1.0,7,4,4,5142.578125,6.720066070556641,car,34
classic,0.97,0.9012896825396824,0.903032110008854,0.9322974558205896,0.9981567554500704,,0.0,0.0,117,59,13,241.66584014892567,7.433652877807617,car,35
metacog,0.78,0.4479166666666666,0.3849927325581395,0.6048388148761237,0.8672254524485313,,0.6455023505167793,0.9607608566507164,7,4,4,5145.421266555786,7.050037384033203,car,35
classic,0.95,0.8898809523809523,0.8452595529920692,0.8859154714604687,0.9685167811721288,,0.0,0.0,113,57,13,257.3330402374268,7.654428482055664,car,36
metacog,0.81,0.4583333333333333,0.3994038748137108,0.6434015210126406,0.8818603511073618,,0.684983074436607,0.952869983526672,7,4,4,5196.253299713135,5.988836288452148,car,36
classic,0.93,0.7816482226693494,0.7910079090187947,0.8460994669641173,0.9405677269595678,,0.0,0.0,111,56,12,253.55291366577148,7.586002349853516,car,37
metacog,0.8,0.4577464788732394,0.3962779156327543,0.6332270364341467,0.8657871151939829,,0.7121045181822622,0.9441689724480976,7,4,4,5445.086240768433,6.802558898925781,car,37
classic,0.95,0.8392857142857143,0.8588971157568719,0.8865007353491383,0.980351914063312,,0.0,0.0,123,62,13,280.0934314727783,7.531404495239258,car,38
metacog,0.85,0.4753521126760563,0.4212475633528265,0.7038240592191778,0.8913043532455462,,0.636240526678134,0.949837789780072,7,4,4,5461.761713027954,6.236791610717773,car,38
classic,0.94,0.7851693494299128,0.7914682539682539,0.8639763239299658,0.9223903287710586,,0.0,0.0,113,57,13,234.1125011444092,7.469892501831055,car,39
metacog,0.8,0.4577464788732394,0.3962779156327543,0.6332270364341467,0.8619475130464145,,0.6787848322663323,0.9629260578177132,7,4,4,5156.9504737854,6.22868537902832,car,39
classic,0.96,0.8179563492063492,0.805809887786632,0.9101503212369652,0.9491873555856942,,0.0,0.0,115,58,13,234.287977218628,7.863044738769531,car,40
metacog,0.83,0.4652777777777778,0.4093093852770048,0.6710277802831085,0.9106305322136466,,0.606391745421363,0.9690478777803904,7,4,4,5336.021423339844,6.224393844604492,car,40
classic,0.95,0.8774801587301587,0.8810064479955144,0.8839641866669609,0.9391095948579962,,0.0,0.0,115,58,14,258.4707736968994,7.497549057006836,car,41
metacog,0.82,0.4618055555555556,0.4043233082706766,0.6570055945816015,0.8712019959986039,,0.6706275488226978,0.9648748925976876,7,4,4,5141.853332519531,6.322383880615234,car,41
classic,0.95,0.8983134920634921,0.9056506849315068,0.8834047102871478,0.9464089499196302,,0.0,0.0,113,57,13,267.5902843475342,7.288217544555664,car,42
metacog,0.77,0.4444444444444444,0.3802884615384615,0.5926579698059443,0.8449406817106111,,0.7367964590820277,0.9850077667973014,7,4,4,5066.3464069366455,2.9757022857666016,car,42
classic,0.97,0.9642857142857144,0.9495667954572063,0.9314057835937442,0.970809081148282,,0.0,0.0,119,60,13,250.26345252990723,7.675647735595703,car,43
metacog,0.82,0.4618055555555556,0.4043233082706766,0.6570055945816015,0.8963551056671255,,0.6475758780217161,0.9673304512839938,7,4,4,5223.838567733765,2.980470657348633,car,43
classic,0.95,0.9067460317460316,0.9282715023994094,0.8848183492423024,0.9422672418123368,,0.0,0.0,117,59,13,239.9296760559082,7.723093032836914,car,44
metacog,0.8,0.4548611111111111,0.3945456784043338,0.6301885834310644,0.8879905838441884,,0.6163722254014856,0.9445324731468988,7,4,4,4569.314956665039,2.906322479248047,car,44
classic,0.96,0.8978174603174602,0.8995356065123508,0.909558493483502,0.9955694632810932,,0.0,0.0,121,61,13,286.2508296966553,8.57686996459961,car,45
metacog,0.79,0.4513888888888889,0.3897435897435897,0.6173419725817377,0.8671370059684341,,0.6416289502510919,0.944383321862224,7,4,4,4808.725595474243,2.8769969940185547,car,45
classic,0.91,0.724702380952381,0.7225032010243277,0.799361020287239,0.9849696126343552,,0.0,0.0,113,57,13,237.64705657958984,7.787942886352539,car,46
metacog,0.77,0.4444444444444444,0.3802884615384615,0.5926579698059443,0.8611430961935211,,0.6758797894452083,0.9657028222458024,7,4,4,4648.016929626465,2.912759780883789,car,46
classic,0.93,0.840627095908786,0.8158100764483743,0.8476321242111754,0.9780285191822584,,0.0,0.0,113,57,13,256.27970695495605,7.96961784362793,car,47
metacog,0.77,0.4471830985915492,0.3820109024833434,0.5955154690299912,0.8753011508048729,,0.6536448069054253,0.9694790105901216,7,4,4,4591.668605804443,2.830743789672852,car,47
classic,0.96,0.9101693494299128,0.8924719045983217,0.9117821903639938,0.9456113222396908,,0.0,0.0,121,61,13,279.4632911682129,8.119583129882812,car,48
metacog,0.75,0.4401408450704225,0.3727164179104477,0.5719306035918801,0.8510537355242322,,0.6537887888388666,1.0,7,4,4,4227.921009063721,2.8879642486572266,car,48
classic,0.95,0.8392857142857143,0.8204739704739704,0.8883436766126114,0.9969437537673296,,0.0,0.0,119,60,13,266.2851810455322,7.660627365112305,car,49
metacog,0.83,0.4683098591549295,0.4110488084618325,0.6742631393926819,0.8924174874514437,,0.7060318594539083,0.9556143326958416,7,4,4,4331.206798553467,2.7832984924316406,car,49
classic,0.69,0.511904761904762,0.4632034632034632,0.0500626174321758,0.7416666666666667,0.8383811059221254,0.0,0.0,139,70,21,8910.44545173645,13.663291931152344,credit-g,0
metacog,0.7,0.5,0.4117647058823529,0.0,0.5,0.7,0.235717327379812,0.6713992665425224,1,1,1,45471.87733650208,4.4708251953125,credit-g,0
classic,0.66,0.4714285714285714,0.3975903614457831,-0.1336306209562122,0.6383333333333332,0.7666147578006598,0.0,0.0,123,62,21,8244.241952896118,13.228178024291992,credit-g,1
metacog,0.7,0.5,0.4117647058823529,0.0,0.5,0.7,0.2216098552067258,0.7424634886055612,1,1,1,45825.45042037964,4.168272018432617,credit-g,1
classic,0.68,0.5047619047619047,0.4579945799457995,0.0183772615473323,0.6252380952380953,0.7613284996553761,0.0,0.0,143,72,21,8221.275329589844,13.15593719482422,credit-g,2
metacog,0.7,0.5,0.4117647058823529,0.0,0.5,0.7,0.1083797548274292,1.0,1,1,1,45688.7834072113,12.27712631225586,credit-g,2
classic,0.7,0.5285714285714286,0.4918699186991869,0.1102635692839942,0.6799999999999999,0.7979640784747167,0.0,0.0,119,60,21,8527.665376663208,13.28444480895996,credit-g,3
metacog,0.7,0.5,0.4117647058823529,0.0,0.5,0.7,0.5499951450139091,0.8360209159316447,1,1,1,43570.71852684021,4.239797592163086,credit-g,3
classic,0.61,0.4547619047619047,0.4223078062509258,-0.123285684598603,0.5697619047619047,0.7388367611208246,0.0,0.0,141,71,21,8162.036895751953,12.587308883666992,credit-g,4
metacog,0.7,0.5,0.4117647058823529,0.0,0.5,0.7,0.2151251029357726,0.8973949340585231,1,1,1,44347.82791137695,4.176855087280273,credit-g,4
classic,0.67,0.5071428571428571,0.4744386048733874,0.0228754505435838,0.5666666666666668,0.7382280781955779,0.0,0.0,147,74,21,9174.190521240234,15.635251998901367,credit-g,5
metacog,0.7,0.5,0.4117647058823529,0.0,0.5,0.7,0.3387442203142231,0.7305910552409347,1,1,1,45161.21912002564,4.607200622558594,credit-g,5
classic,0.64,0.4666666666666667,0.4152046783625731,-0.1126106541153627,0.6442857142857144,0.7868745555576533,0.0,0.0,159,80,21,8513.465404510498,12.878656387329102,credit-g,6
metacog,0.7,0.5,0.4117647058823529,0.0,0.5,0.7,0.2404353504328856,0.8991811664874605,1,1,1,45676.634073257446,4.260063171386719,credit-g,6
classic,0.58,0.4333333333333333,0.4071146245059288,-0.1666666666666666,0.6090476190476191,0.7854872735611098,0.0,0.0,159,80,21,8525.871753692627,12.748479843139648,credit-g,7
metacog,0.7,0.5,0.4117647058823529,0.0,0.5,0.7,0.2173650709343242,0.8758035751972425,1,1,1,43637.096881866455,4.27556037902832,credit-g,7
classic,0.7,0.5190476190476191,0.4684620836286322,0.0890870806374748,0.6921428571428572,0.8098060835560835,0.0,0.0,101,51,21,7966.309785842895,12.99762725830078,credit-g,8
metacog,0.7,0.5,0.4117647058823529,0.0,0.5,0.7,0.5978536308107603,0.4224093960430538,1,1,1,43107.99789428711,4.202365875244141,credit-g,8
classic,0.63,0.4595238095238095,0.410734193342889,-0.1296275530803086,0.5099999999999999,0.6986953963271254,0.0,0.0,119,60,21,7910.311460494995,13.669729232788086,credit-g,9
metacog,0.7,0.5,0.4117647058823529,0.0,0.5,0.7,0.0766817804196368,1.0,1,1,1,43397.67670631409,4.18853759765625,credit-g,9
classic,0.63,0.469047619047619,0.4324282865470164,-0.090665562234513,0.5952380952380951,0.7610743978623185,0.0,0.0,153,77,21,8928.61795425415,14.178037643432615,credit-g,10
metacog,0.7,0.5,0.4117647058823529,0.0,0.5,0.7,0.2829786655358554,0.8506891264056458,1,1,1,46918.99514198303,4.43267822265625,credit-g,10
classic,0.66,0.5095238095238095,0.4876431585292344,0.0268607654675126,0.6480952380952381,0.7876359651874527,0.0,0.0,125,63,21,8121.806383132935,12.65096664428711,credit-g,11
metacog,0.7,0.5,0.4117647058823529,0.0,0.5,0.7,0.2788146725438962,0.7720914377074417,1,1,1,43541.332483291626,4.271507263183594,credit-g,11
classic,0.6,0.4571428571428571,0.435347261434218,-0.1071428571428571,0.5478571428571428,0.7336418015482056,0.0,0.0,133,67,21,7596.354246139526,12.67695426940918,credit-g,12
metacog,0.7,0.5,0.4117647058823529,0.0,0.5,0.7,0.275700907365435,0.780129192630098,1,1,1,43256.4754486084,4.120826721191406,credit-g,12
classic,0.63,0.45,0.3865030674846625,-0.1796053020267749,0.5797619047619048,0.7488484345351043,0.0,0.0,139,70,21,8234.677076339722,13.305425643920898,credit-g,13
metacog,0.7,0.5,0.4117647058823529,0.0,0.5,0.7,0.4374745144540661,0.7330426836558893,1,1,1,43284.3508720398,4.366159439086914,credit-g,13
classic,0.66,0.4809523809523809,0.4241192411924119,-0.0735090461893295,0.6776190476190478,0.8168989580714704,0.0,0.0,113,57,21,8237.491130828857,13.269662857055664,credit-g,14
metacog,0.7,0.5,0.4117647058823529,0.0,0.5,0.7,0.3166433162510204,0.9253055611735296,1,1,1,43689.32747840881,4.355907440185547,credit-g,14
classic,0.65,0.4833333333333333,0.4425863991081382,-0.0533760512683623,0.6752380952380952,0.8108355785606767,0.0,0.0,143,72,21,8657.054424285889,13.222455978393556,credit-g,15
metacog,0.7,0.5,0.4117647058823529,0.0,0.5,0.7,0.6272592061343634,0.8015702463185174,1,1,1,44187.97850608826,4.166603088378906,credit-g,15
classic,0.64,0.4666666666666667,0.4152046783625731,-0.1126106541153627,0.6945238095238095,0.8207527442765674,0.0,0.0,145,73,21,8998.257875442505,14.287710189819336,credit-g,16
metacog,0.7,0.5,0.4117647058823529,0.0,0.5,0.7,0.4374745144540661,0.8759188471308633,1,1,1,46668.689250946045,4.190206527709961,credit-g,16
classic,0.69,0.5023809523809524,0.4374886590455452,0.0127921592742222,0.6335714285714286,0.7594609150996421,0.0,0.0,95,48,21,8509.25087928772,13.07392120361328,credit-g,17
metacog,0.7,0.5,0.4117647058823529,0.0,0.5,0.7,0.0310200569883347,1.0,1,1,1,47270.67494392395,4.384279251098633,credit-g,17
classic,0.65,0.5023809523809524,0.4815582876610872,0.0064887202420317,0.583095238095238,0.7532683982683983,0.0,0.0,141,71,21,8301.13434791565,14.961004257202148,credit-g,18
metacog,0.7,0.5,0.4117647058823529,0.0,0.5,0.7,0.1999262222869634,0.8456810508754115,1,1,1,44080.07454872131,4.262685775756836,credit-g,18
classic,0.67,0.5071428571428571,0.4744386048733874,0.0228754505435838,0.628095238095238,0.7698684151619435,0.0,0.0,131,66,21,8130.277872085571,12.60972023010254,credit-g,19
metacog,0.7,0.5,0.4117647058823529,0.0,0.5,0.7,0.18046932879921,0.7534707863638194,1,1,1,46385.549545288086,4.285573959350586,credit-g,19
classic,0.68,0.5142857142857143,0.4801819363222872,0.048261708906584,0.6014285714285714,0.758986801242236,0.0,0.0,131,66,21,8150.571346282959,16.080141067504883,credit-g,20
metacog,0.7,0.5,0.4117647058823529,0.0,0.5,0.7,0.3882667441108223,0.8608297131033439,1,1,1,43864.367961883545,4.157543182373047,credit-g,20
classic,0.57,0.4357142857142857,0.4188403838356535,-0.1501878522965276,0.5871428571428572,0.7660291643539137,0.0,0.0,153,77,21,9052.408456802368,12.969017028808594,credit-g,21
metacog,0.7,0.5,0.4117647058823529,0.0,0.5,0.7,0.1558857913822609,0.8589409882779935,1,1,1,47411.25392913818,6.735086441040039,credit-g,21
classic,0.67,0.4880952380952381,0.4285714285714286,-0.0500626174321758,0.6145238095238096,0.766184095910508,0.0,0.0,145,73,21,9144.30856704712,13.039827346801758,credit-g,22
metacog,0.7,0.5,0.4117647058823529,0.0,0.5,0.7,0.303967316758582,0.8249663899691132,1,1,1,43844.8007106781,3.829479217529297,credit-g,22
classic,0.61,0.4547619047619047,0.4223078062509258,-0.123285684598603,0.570952380952381,0.7472811059907833,0.0,0.0,159,80,21,8718.177795410156,12.624263763427734,credit-g,23
metacog,0.7,0.5,0.4117647058823529,0.0,0.5,0.7,0.1823504576466774,0.8719214869032045,1,1,1,43402.07481384277,4.219770431518555,credit-g,23
classic,0.62,0.4523809523809524,0.40625,-0.1454785934906615,0.6252380952380951,0.7784656084656085,0.0,0.0,119,60,21,8254.854679107666,13.885259628295898,credit-g,24
metacog,0.7,0.5,0.4117647058823529,0.0,0.5,0.7,0.0761561393411655,1.0,1,1,1,43207.61275291443,6.1798095703125,credit-g,24
classic,0.69,0.511904761904762,0.4632034632034632,0.0500626174321758,0.5866666666666667,0.7373711627152916,0.0,0.0,83,42,21,8148.781538009644,15.18845558166504,credit-g,25
metacog,0.7,0.5,0.4117647058823529,0.0,0.5,0.7,0.3575546219871439,0.8223004432606542,1,1,1,43372.44987487793,4.511117935180664,credit-g,25
classic,0.68,0.4952380952380952,0.4330262225372077,-0.0222717701593687,0.6752380952380952,0.7876616283916991,0.0,0.0,133,67,21,8820.397853851318,12.920618057250977,credit-g,26
metacog,0.7,0.5,0.4117647058823529,0.0,0.5,0.7,0.2224575240901101,0.7903251150196577,1,1,1,44205.135107040405,4.311323165893555,credit-g,26
classic,0.66,0.4904761904761904,0.4476933073424301,-0.0321744726043893,0.6673809523809525,0.8005470156358966,0.0,0.0,141,71,21,8272.671222686768,12.747526168823242,credit-g,27
metacog,0.7,0.5,0.4117647058823529,0.0,0.5,0.7,0.235717327379812,0.7765326121380168,1,1,1,43912.52684593201,4.417896270751953,credit-g,27
classic,0.7,0.5380952380952381,0.5126705653021442,0.1286978904175574,0.6123809523809524,0.7527363277284198,0.0,0.0,129,65,21,8193.906545639038,16.260147094726562,credit-g,28
metacog,0.7,0.5,0.4117647058823529,0.0,0.5,0.7,0.2772606467436854,0.8603679725308588,3,2,2,88008.68320465088,5.583286285400391,credit-g,28
classic,0.66,0.5,0.46875,0.0,0.5883333333333333,0.7421322328465185,0.0,0.0,159,80,21,9182.29842185974,13.82756233215332,credit-g,29
metacog,0.7,0.5,0.4117647058823529,0.0,0.5,0.7,0.3318432470529733,0.8263943917014569,1,1,1,47218.080043792725,4.258871078491211,credit-g,29
classic,0.68,0.5047619047619047,0.4579945799457995,0.0183772615473323,0.6883333333333335,0.816648333092102,0.0,0.0,117,59,21,8953.317880630493,13.7786865234375,credit-g,30
metacog,0.7,0.5,0.4117647058823529,0.0,0.5,0.7,0.3597192750496343,0.8394402989720378,1,1,1,46917.8421497345,4.099607467651367,credit-g,30
classic,0.69,0.5214285714285715,0.4859890565412038,0.0769737008686178,0.6757142857142857,0.7880271646859084,0.0,0.0,115,58,21,8943.625688552856,12.976408004760742,credit-g,31
metacog,0.7,0.5,0.4117647058823529,0.0,0.5,0.7,0.4144391704253102,0.8211229528066921,1,1,1,46925.89831352234,10.29825210571289,credit-g,31
classic,0.66,0.4904761904761904,0.4476933073424301,-0.0321744726043893,0.603095238095238,0.7607765051243311,0.0,0.0,163,82,21,9037.009477615356,12.668848037719728,credit-g,32
metacog,0.7,0.5,0.4117647058823529,0.0,0.5,0.7,0.1385108598696987,1.0,1,1,1,46674.309492111206,3.975391387939453,credit-g,32
classic,0.66,0.5,0.46875,0.0,0.6364285714285715,0.7929753579753579,0.0,0.0,119,60,21,7975.886106491089,13.257980346679688,credit-g,33
metacog,0.7,0.5,0.4117647058823529,0.0,0.5,0.7,0.2238552696881119,0.8830777819914445,1,1,1,43812.06965446472,4.267454147338867,credit-g,33
classic,0.64,0.4666666666666667,0.4152046783625731,-0.1126106541153627,0.6419047619047619,0.7924416706481924,0.0,0.0,137,69,21,8140.716791152954,13.318300247192385,credit-g,34
metacog,0.7,0.5,0.4117647058823529,0.0,0.5,0.7,0.2512924075215031,0.8356071445381741,3,2,2,82666.32914543152,2.5072097778320312,credit-g,34
classic,0.67,0.4880952380952381,0.4285714285714286,-0.0500626174321758,0.541904761904762,0.7137194662380588,0.0,0.0,135,68,21,8372.41506576538,12.744903564453123,credit-g,35
metacog,0.7,0.5,0.4117647058823529,0.0,0.5,0.7,0.303967316758582,0.7770932510364994,1,1,1,43671.15116119385,4.856586456298828,credit-g,35
classic,0.67,0.4976190476190476,0.4528270601890233,-0.0085526334298464,0.6461904761904763,0.7727071060077649,0.0,0.0,121,61,21,8495.73540687561,13.536691665649414,credit-g,36
metacog,0.7,0.5,0.4117647058823529,0.0,0.5,0.7,0.3816290576767754,0.8265037312455967,1,1,1,43747.03025817871,4.303693771362305,credit-g,36
classic,0.68,0.4857142857142857,0.4047619047619047,-0.0935219529582824,0.6671428571428571,0.7842096191576362,0.0,0.0,93,47,21,8218.169927597046,13.174057006835938,credit-g,37
metacog,0.7,0.5,0.4117647058823529,0.0,0.5,0.7,0.2964615227909402,0.7497730722949149,1,1,1,44232.218742370605,4.302024841308594,credit-g,37
classic,0.65,0.4833333333333333,0.4425863991081382,-0.0533760512683623,0.6035714285714285,0.7517719899858757,0.0,0.0,149,75,21,8359.056949615479,12.912988662719728,credit-g,38
metacog,0.7,0.5,0.4117647058823529,0.0,0.5,0.7,0.4774262203727955,0.7880647082267136,1,1,1,43675.86278915405,4.26173210144043,credit-g,38
classic,0.65,0.4642857142857143,0.3939393939393939,-0.1501878522965276,0.6676190476190477,0.8087593984962407,0.0,0.0,121,61,21,8747.19786643982,15.989542007446287,credit-g,39
metacog,0.7,0.5,0.4117647058823529,0.0,0.5,0.7,0.1890719016479649,0.8179400269558557,1,1,1,47113.88278007507,4.1961669921875,credit-g,39
classic,0.65,0.4738095238095238,0.419665063836843,-0.0940789677283106,0.5835714285714286,0.7422419309775747,0.0,0.0,153,77,21,9097.452640533447,16.45970344543457,credit-g,40
metacog,0.7,0.5,0.4117647058823529,0.0,0.5,0.7,0.2788146725438963,0.8332017692619248,1,1,1,46846.31013870239,4.255771636962891,credit-g,40
classic,0.69,0.5214285714285715,0.4859890565412038,0.0769737008686178,0.6471428571428571,0.7798209348255432,0.0,0.0,105,53,21,8640.833616256714,13.96489143371582,credit-g,41
metacog,0.7,0.5,0.4117647058823529,0.0,0.5,0.7,0.1823251815163196,1.0,1,1,1,47057.07883834839,4.571437835693359,credit-g,41
classic,0.63,0.4595238095238095,0.410734193342889,-0.1296275530803086,0.4845238095238096,0.6870884497091143,0.0,0.0,119,60,21,8792.047262191772,12.260675430297852,credit-g,42
metacog,0.7,0.5,0.4117647058823529,0.0,0.5,0.7,0.0725630529145597,0.8670731767175983,1,1,1,46896.56949043274,4.269838333129883,credit-g,42
classic,0.66,0.4809523809523809,0.4241192411924119,-0.0735090461893295,0.6390476190476191,0.7759111107440201,0.0,0.0,153,77,21,8529.330968856812,13.223886489868164,credit-g,43
metacog,0.7,0.5,0.4117647058823529,0.0,0.5,0.7,0.2504757894477419,0.8893279628453207,1,1,1,37475.26669502258,2.0813941955566406,credit-g,43
classic,0.68,0.5142857142857143,0.4801819363222872,0.048261708906584,0.6673809523809524,0.7859586336246884,0.0,0.0,107,54,21,8354.186296463013,13.069868087768556,credit-g,44
metacog,0.7,0.5,0.4117647058823529,0.0,0.5,0.7,0.2510299478212288,0.8067197967279882,1,1,1,36292.88148880005,2.317190170288086,credit-g,44
classic,0.64,0.4666666666666667,0.4152046783625731,-0.1126106541153627,0.7154761904761905,0.8352465665694158,0.0,0.0,125,63,21,7930.870771408081,13.277769088745115,credit-g,45
metacog,0.7,0.5,0.4117647058823529,0.0,0.5,0.7,0.3990177649962146,0.8777869296101409,3,2,2,60805.12523651123,2.235651016235352,credit-g,45
classic,0.62,0.4428571428571428,0.382716049382716,-0.193046835626336,0.5971428571428571,0.7603871432451956,0.0,0.0,145,73,21,8720.438480377197,13.358354568481444,credit-g,46
metacog,0.7,0.5,0.4117647058823529,0.0,0.5,0.7,0.2561367758347762,0.7627272070561936,1,1,1,35923.38252067566,2.1462440490722656,credit-g,46
classic,0.63,0.45,0.3865030674846625,-0.1796053020267749,0.4895238095238094,0.6958046722313553,0.0,0.0,127,64,21,8010.802268981934,12.694597244262695,credit-g,47
metacog,0.7,0.5,0.4117647058823529,0.0,0.5,0.7,0.26217647944723,0.8834273383667814,1,1,1,35370.30529975891,2.142190933227539,credit-g,47
classic,0.64,0.4761904761904761,0.4375,-0.0727392967453307,0.6033333333333333,0.7620955717850127,0.0,0.0,143,72,21,8325.640678405762,13.45515251159668,credit-g,48
metacog,0.7,0.5,0.4117647058823529,0.0,0.5,0.7,0.4779039657696469,0.7397753616652426,1,1,1,34985.58807373047,4.287481307983398,credit-g,48
classic,0.69,0.511904761904762,0.4632034632034632,0.0500626174321758,0.7173809523809525,0.8145100514670832,0.0,0.0,115,58,21,6973.345279693604,8.75091552734375,credit-g,49
metacog,0.7,0.5,0.4117647058823529,0.0,0.5,0.7,0.2962351548868365,0.8932286829574774,1,1,1,31971.59576416016,2.135753631591797,credit-g,49
classic,0.7662337662337663,0.7092592592592593,0.7210144927536233,0.463223694813257,0.7914814814814815,0.6139734908671957,0.0,0.0,119,60,21,9325.066328048706,9.936094284057615,diabetes,0
metacog,0.6493506493506493,0.5,0.3937007874015748,0.0,0.5,0.3506493506493506,0.3924492513527526,0.8007235167574366,1,1,1,60242.56896972656,3.20124626159668,diabetes,0
classic,0.7662337662337663,0.7433333333333333,0.7433333333333333,0.4866666666666667,0.8585185185185185,0.6595415014955245,0.0,0.0,107,54,21,9272.214412689207,9.840250015258787,diabetes,1
metacog,0.7012987012987013,0.5996296296296296,0.5908985908985909,0.2828446668813028,0.5996296296296296,0.4412217412217412,0.305154418548769,0.9385957634817692,3,2,2,127430.44519424438,3.907918930053711,diabetes,1
classic,0.7142857142857143,0.6948148148148148,0.6913265306122449,0.3837065760234115,0.7203703703703703,0.5452170564034275,0.0,0.0,103,52,21,9486.992835998535,10.159730911254885,diabetes,2
metacog,0.6493506493506493,0.5,0.3937007874015748,0.0,0.5,0.3506493506493506,0.4414170755530849,0.7642573001343683,1,1,1,65124.66049194336,3.3109188079833984,diabetes,2
classic,0.7272727272727273,0.6451851851851852,0.6509820850420893,0.3592401674957671,0.7370370370370369,0.5673114496757907,0.0,0.0,91,46,21,9294.806241989136,9.567737579345703,diabetes,3
metacog,0.6493506493506493,0.5,0.3937007874015748,0.0,0.5,0.3506493506493506,0.2331297888371842,0.7938449823136484,1,1,1,62131.24227523804,2.499103546142578,diabetes,3
classic,0.7402597402597403,0.6466666666666666,0.6506352087114338,0.4,0.751851851851852,0.5907487574154241,0.0,0.0,101,51,21,9741.794109344482,11.468172073364258,diabetes,4
metacog,0.6493506493506493,0.5,0.3937007874015748,0.0,0.5,0.3506493506493506,0.3016703449024136,0.8571620382474053,1,1,1,60461.25507354736,3.30972671508789,diabetes,4
classic,0.7402597402597403,0.6551851851851851,0.6622807017543859,0.395353397755488,0.7651851851851852,0.5885965323655293,0.0,0.0,99,50,21,9745.708227157593,12.824058532714844,diabetes,5
metacog,0.6493506493506493,0.5,0.3937007874015748,0.0,0.5,0.3506493506493506,0.4326109439089888,0.7885459961362747,1,1,1,64370.48745155335,3.2787322998046875,diabetes,5
classic,0.6883116883116883,0.5981481481481481,0.5947368421052632,0.2500445117069316,0.7207407407407407,0.531287942743232,0.0,0.0,93,47,21,9139.45770263672,9.998321533203123,diabetes,6
metacog,0.6363636363636364,0.507037037037037,0.4477459016393442,0.0272543272510892,0.507037037037037,0.3543049543049543,0.2867886253242606,0.9848183593774708,3,2,2,133439.11814689636,4.020452499389648,diabetes,6
classic,0.6753246753246753,0.5711111111111111,0.5553245553245554,0.2018816953204837,0.6237037037037036,0.4599940642493834,0.0,0.0,95,48,21,9065.385341644287,8.93402099609375,diabetes,7
metacog,0.6493506493506493,0.5,0.3937007874015748,0.0,0.5,0.3506493506493506,0.2044958763955774,0.7039538801934736,1,1,1,60596.86636924744,5.481719970703125,diabetes,7
classic,0.75,0.6623076923076923,0.6723394599500794,0.4089769425894715,0.7242307692307692,0.553810784357343,0.0,0.0,113,57,21,9253.60369682312,9.586572647094728,diabetes,8
metacog,0.6578947368421053,0.5,0.3968253968253968,0.0,0.5,0.3421052631578947,0.3603798085163784,0.665127923013341,1,1,1,60540.80581665039,3.222227096557617,diabetes,8
classic,0.6578947368421053,0.5461538461538462,0.5268199233716475,0.1295500551262591,0.5861538461538461,0.4043030653556969,0.0,0.0,107,54,21,9330.727577209473,9.771347045898438,diabetes,9
metacog,0.6578947368421053,0.5,0.3968253968253968,0.0,0.5,0.3421052631578947,0.4092441760670036,0.9552950320779056,1,1,1,62859.46607589722,3.883123397827149,diabetes,9
classic,0.7272727272727273,0.6366666666666666,0.6394648829431439,0.359593787915882,0.6992592592592592,0.5365059776824483,0.0,0.0,97,49,21,9268.054485321043,10.057449340820312,diabetes,10
metacog,0.6623376623376623,0.5355555555555556,0.4871926229508196,0.1377060745318192,0.5355555555555556,0.3783549783549783,0.3238007850730667,0.6796297228946006,3,2,2,130027.46987342834,4.0149688720703125,diabetes,10
classic,0.6363636363636364,0.5240740740740741,0.4924670433145009,0.0715106558816487,0.5929629629629629,0.416063658868613,0.0,0.0,99,50,21,9352.843523025513,9.867668151855469,diabetes,11
metacog,0.6753246753246753,0.5625925925925925,0.5378151260504201,0.1957718665313646,0.5625925925925925,0.4014550264550265,0.2411185181905554,0.9649620685841016,3,2,2,129738.39402198792,4.006385803222656,diabetes,11
classic,0.7272727272727273,0.6281481481481481,0.6264726264726265,0.3638076384421218,0.635925925925926,0.5160299739247107,0.0,0.0,89,45,21,9181.12325668335,8.90350341796875,diabetes,12
metacog,0.7142857142857143,0.6096296296296296,0.6012241054613936,0.3256485252456618,0.6096296296296296,0.4613863502752391,0.2580454459622759,0.9358440016665815,3,2,2,132482.56659507751,3.935575485229492,diabetes,12
classic,0.6883116883116883,0.5896296296296296,0.5807622504537205,0.2444444444444444,0.6914814814814815,0.5188792688792689,0.0,0.0,105,53,21,9533.461332321169,10.136604309082031,diabetes,13
metacog,0.6493506493506493,0.5,0.3937007874015748,0.0,0.5,0.3506493506493506,0.4791310420691354,0.8204104223406621,1,1,1,60486.62257194519,3.460168838500977,diabetes,13
classic,0.7272727272727273,0.6281481481481481,0.6264726264726265,0.3638076384421218,0.8344444444444443,0.638202127091016,0.0,0.0,99,50,21,9111.745357513428,9.676456451416016,diabetes,14
metacog,0.6493506493506493,0.5,0.3937007874015748,0.0,0.5,0.3506493506493506,0.5249066767996359,0.8778488707522587,1,1,1,60331.95614814758,3.292322158813477,diabetes,14
classic,0.7792207792207793,0.7022222222222222,0.7174616878912152,0.5003702332976756,0.8055555555555556,0.6600500104046203,0.0,0.0,117,59,21,9873.406410217283,10.15615463256836,diabetes,15
metacog,0.6493506493506493,0.5,0.3937007874015748,0.0,0.5,0.3506493506493506,0.2348095946989038,0.812290530379125,1,1,1,64249.31359291077,3.669023513793945,diabetes,15
classic,0.7792207792207793,0.7277777777777779,0.7397096838337642,0.4957421042418413,0.7811111111111111,0.6187232243905899,0.0,0.0,113,57,21,10310.132026672363,9.102582931518556,diabetes,16
metacog,0.6493506493506493,0.5,0.3937007874015748,0.0,0.5,0.3506493506493506,0.2368999826369782,0.6967568901757933,1,1,1,64212.70775794983,3.2224655151367188,diabetes,16
classic,0.6883116883116883,0.6066666666666667,0.6071428571428571,0.2570301852487996,0.6833333333333333,0.4859930773656263,0.0,0.0,103,52,21,9674.023866653442,9.408235549926758,diabetes,17
metacog,0.6493506493506493,0.5,0.3937007874015748,0.0,0.5,0.3506493506493506,0.4190310334821857,0.88349708445484,1,1,1,61413.92183303833,3.249645233154297,diabetes,17
classic,0.6710526315789473,0.6023076923076923,0.6053997923156802,0.224179415327122,0.7184615384615385,0.5074530732425468,0.0,0.0,91,46,21,8799.509048461914,9.642839431762695,diabetes,18
metacog,0.6973684210526315,0.5761538461538461,0.5548764960529666,0.2498733554043759,0.5761538461538461,0.4136784268363216,0.3682386079846942,0.698840397205095,3,2,2,132587.55087852478,3.960847854614258,diabetes,18
classic,0.7368421052631579,0.6430769230769231,0.6491228070175439,0.3722979575968276,0.6588461538461539,0.5105835240274599,0.0,0.0,105,53,21,9248.303890228271,9.260892868041992,diabetes,19
metacog,0.6578947368421053,0.5,0.3968253968253968,0.0,0.5,0.3421052631578947,0.1634509959272378,0.8188428896746467,1,1,1,63260.29300689697,3.604650497436523,diabetes,19
classic,0.7402597402597403,0.6466666666666666,0.6506352087114338,0.4,0.8203703703703704,0.6616781490325111,0.0,0.0,125,63,21,10611.772537231443,9.431123733520508,diabetes,20
metacog,0.6493506493506493,0.5,0.3937007874015748,0.0,0.5,0.3506493506493506,0.4630793401678195,0.5187937972484894,1,1,1,63793.30801963806,3.569364547729492,diabetes,20
classic,0.7142857142857143,0.6351851851851852,0.6398809523809523,0.3257500611660134,0.7640740740740741,0.5799986951035303,0.0,0.0,127,64,21,10666.649580001833,11.127471923828123,diabetes,21
metacog,0.6493506493506493,0.5,0.3937007874015748,0.0,0.5,0.3506493506493506,0.2040708916635177,0.9220359866781728,1,1,1,61634.11021232605,3.2477378845214844,diabetes,21
classic,0.7142857142857143,0.6351851851851852,0.6398809523809523,0.3257500611660134,0.7288888888888889,0.5410153118486452,0.0,0.0,107,54,21,10042.672157287598,10.274410247802734,diabetes,22
metacog,0.6493506493506493,0.5,0.3937007874015748,0.0,0.5,0.3506493506493506,0.5150665772043099,0.8135202352064727,1,1,1,61387.1431350708,3.301858901977539,diabetes,22
classic,0.7012987012987013,0.5996296296296296,0.5908985908985909,0.2828446668813028,0.6344444444444445,0.4830764366872078,0.0,0.0,103,52,21,9520.604133605955,9.763956069946287,diabetes,23
metacog,0.6493506493506493,0.5,0.3937007874015748,0.0,0.5,0.3506493506493506,0.3466460440169014,0.4904742181500922,1,1,1,62248.06237220764,3.251791000366211,diabetes,23
classic,0.6883116883116883,0.5896296296296296,0.5807622504537205,0.2444444444444444,0.7066666666666667,0.5020802844384404,0.0,0.0,103,52,21,9034.214973449709,9.272098541259766,diabetes,24
metacog,0.6493506493506493,0.5,0.3937007874015748,0.0,0.5,0.3506493506493506,0.49804646463677,0.874781979813943,1,1,1,61138.12780380249,3.265857696533203,diabetes,24
classic,0.7142857142857143,0.6351851851851852,0.6398809523809523,0.3257500611660134,0.7114814814814815,0.5192180990500318,0.0,0.0,101,51,21,9891.355514526367,9.585142135620115,diabetes,25
metacog,0.7012987012987013,0.5996296296296296,0.5908985908985909,0.2828446668813028,0.5996296296296296,0.4412217412217412,0.2483612049229605,0.9736370653983488,3,2,2,128468.21880340576,4.027843475341797,diabetes,25
classic,0.7662337662337663,0.6751851851851851,0.6855716878402904,0.4777777777777778,0.6948148148148148,0.5848164181497515,0.0,0.0,101,51,21,8900.426626205444,9.088754653930664,diabetes,26
metacog,0.6493506493506493,0.5,0.3937007874015748,0.0,0.5,0.3506493506493506,0.297653023642515,0.7043269101387363,1,1,1,61455.03568649292,3.3299922943115234,diabetes,26
classic,0.7012987012987013,0.6081481481481481,0.6051282051282052,0.2845566018196139,0.7862962962962963,0.5880885182355771,0.0,0.0,81,41,21,8913.026094436646,9.51552391052246,diabetes,27
metacog,0.7142857142857143,0.6181481481481481,0.6156987295825771,0.3222222222222222,0.618148148148148,0.4622414622414622,0.2135228468849742,0.8051347087881972,3,2,2,133013.96417617798,3.927469253540039,diabetes,27
classic,0.6973684210526315,0.5853846153846154,0.5731379731379731,0.250739434601528,0.6565384615384615,0.47638326585695,0.0,0.0,93,47,21,9415.691137313845,9.697198867797852,diabetes,28
metacog,0.6578947368421053,0.5,0.3968253968253968,0.0,0.5,0.3421052631578947,0.5926933207892303,0.7650319860218383,1,1,1,65629.20045852661,2.7446746826171875,diabetes,28
classic,0.6447368421052632,0.6284615384615384,0.6210526315789473,0.2480205617737895,0.7,0.4711550301598624,0.0,0.0,107,54,21,8981.108903884888,9.084463119506836,diabetes,29
metacog,0.6578947368421053,0.5,0.3968253968253968,0.0,0.5,0.3421052631578947,0.4141624385471193,0.865593625286071,1,1,1,60591.421127319336,5.195140838623047,diabetes,29
classic,0.7402597402597403,0.6466666666666666,0.6506352087114338,0.4,0.7585185185185185,0.6052182022770258,0.0,0.0,99,50,21,9088.005065917969,10.03885269165039,diabetes,30
metacog,0.6493506493506493,0.5,0.3937007874015748,0.0,0.5,0.3506493506493506,0.4190310334821857,0.7627013446667615,1,1,1,60520.188331604,3.2660961151123047,diabetes,30
classic,0.7792207792207793,0.6937037037037037,0.7081382385730212,0.5096681601084181,0.7333333333333333,0.6172218903443468,0.0,0.0,97,49,21,9453.617334365845,9.258508682250977,diabetes,31
metacog,0.6493506493506493,0.5,0.3937007874015748,0.0,0.5,0.3506493506493506,0.3466460440169014,0.8384307717167764,1,1,1,60510.26201248169,3.332138061523437,diabetes,31
classic,0.7142857142857143,0.6181481481481481,0.6156987295825771,0.3222222222222222,0.7259259259259259,0.5601491101491103,0.0,0.0,87,44,21,9083.6079120636,9.430885314941406,diabetes,32
metacog,0.6493506493506493,0.5,0.3937007874015748,0.0,0.5,0.3506493506493506,0.4744483846437831,0.7502062576014038,1,1,1,60253.39078903198,3.268003463745117,diabetes,32
classic,0.6883116883116883,0.5725925925925925,0.5470588235294118,0.2409856304306837,0.6407407407407407,0.4641654641654641,0.0,0.0,91,46,21,9028.823137283323,9.685754776000977,diabetes,33
metacog,0.6493506493506493,0.5,0.3937007874015748,0.0,0.5,0.3506493506493506,0.32262019400094,0.8498865600806141,1,1,1,60846.92454338074,3.4627914428710938,diabetes,33
classic,0.7922077922077922,0.7377777777777779,0.7520128824476651,0.5263532956993116,0.7970370370370371,0.6684743679851997,0.0,0.0,95,48,21,9474.721908569336,9.819507598876951,diabetes,34
metacog,0.7272727272727273,0.6451851851851852,0.6509820850420893,0.3592401674957671,0.6451851851851852,0.4853294853294853,0.3001541316850412,0.929314460821693,3,2,2,131661.53264045715,3.994226455688477,diabetes,34
classic,0.7142857142857143,0.6181481481481481,0.6156987295825771,0.3222222222222222,0.7288888888888888,0.5445727112393779,0.0,0.0,111,56,21,9996.068716049194,10.526895523071287,diabetes,35
metacog,0.6493506493506493,0.5,0.3937007874015748,0.0,0.5,0.3506493506493506,0.5022720970873085,0.8823128467675705,1,1,1,65455.92474937439,3.307104110717773,diabetes,35
classic,0.7792207792207793,0.6937037037037037,0.7081382385730212,0.5096681601084181,0.7255555555555555,0.6141362268813249,0.0,0.0,101,51,21,9470.990419387816,9.984731674194336,diabetes,36
metacog,0.6493506493506493,0.5,0.3937007874015748,0.0,0.5,0.3506493506493506,0.4228948914624839,0.8085471016526277,1,1,1,63005.33223152161,3.467082977294922,diabetes,36
classic,0.6883116883116883,0.5896296296296296,0.5807622504537205,0.2444444444444444,0.7248148148148148,0.5180592282247128,0.0,0.0,109,55,21,9342.161655426024,9.37795639038086,diabetes,37
metacog,0.6493506493506493,0.5,0.3937007874015748,0.0,0.5,0.3506493506493506,0.4092441760670036,0.8245095046667502,1,1,1,60602.11515426636,3.44705581665039,diabetes,37
classic,0.6710526315789473,0.5930769230769231,0.5946234264988266,0.2119303831622753,0.7157692307692307,0.4800111137572438,0.0,0.0,107,54,21,9492.313861846924,9.537935256958008,diabetes,38
metacog,0.6578947368421053,0.5,0.3968253968253968,0.0,0.5,0.3421052631578947,0.4228948914624839,0.6785754691133932,1,1,1,60599.67136383057,3.255128860473633,diabetes,38
classic,0.6447368421052632,0.5453846153846154,0.5343771272974813,0.1143584815771508,0.6376923076923077,0.4232389848753605,0.0,0.0,87,44,21,8615.66972732544,9.11879539489746,diabetes,39
metacog,0.6578947368421053,0.536923076923077,0.5074775672981057,0.1141563585970785,0.536923076923077,0.3663967611336032,0.3127272555679497,0.6907453686329577,3,2,2,110644.53721046448,3.932952880859375,diabetes,39
classic,0.7012987012987013,0.6081481481481481,0.6051282051282052,0.2845566018196139,0.6577777777777778,0.4994015459131738,0.0,0.0,99,50,21,9407.490730285645,10.47205924987793,diabetes,40
metacog,0.6493506493506493,0.5,0.3937007874015748,0.0,0.5,0.3506493506493506,0.443014539146249,0.8058548624538638,1,1,1,61412.556409835815,3.085613250732422,diabetes,40
classic,0.7142857142857143,0.6266666666666667,0.6285087719298246,0.3226989547312098,0.7451851851851852,0.5416435416435417,0.0,0.0,89,45,21,9321.566820144652,9.665489196777344,diabetes,41
metacog,0.6493506493506493,0.5,0.3937007874015748,0.0,0.5,0.3506493506493506,0.2141898390553467,0.8783523341586223,1,1,1,62547.478914260864,4.012823104858398,diabetes,41
classic,0.6883116883116883,0.6066666666666667,0.6071428571428571,0.2570301852487996,0.6592592592592592,0.4627582472993101,0.0,0.0,97,49,21,9074.107885360718,8.966207504272461,diabetes,42
metacog,0.6493506493506493,0.5,0.3937007874015748,0.0,0.5,0.3506493506493506,0.3711970197100984,0.7842627760302793,1,1,1,60967.82732009888,3.2854080200195312,diabetes,42
classic,0.7402597402597403,0.6381481481481481,0.6374764595103578,0.4103611483669994,0.7640740740740741,0.6182812022055522,0.0,0.0,99,50,21,9982.289791107178,7.610321044921875,diabetes,43
metacog,0.6493506493506493,0.5,0.3937007874015748,0.0,0.5,0.3506493506493506,0.2964615227909403,0.827702441421075,1,1,1,64523.99039268494,3.283023834228516,diabetes,43
classic,0.7272727272727273,0.6281481481481481,0.6264726264726265,0.3638076384421218,0.755925925925926,0.5756891256891257,0.0,0.0,101,51,21,9073.188543319702,9.395360946655272,diabetes,44
metacog,0.7142857142857143,0.6181481481481481,0.6156987295825771,0.3222222222222222,0.618148148148148,0.4622414622414622,0.3359207965569661,0.9097293513302208,3,2,2,107299.00240898132,1.7788410186767578,diabetes,44
classic,0.6883116883116883,0.6066666666666667,0.6071428571428571,0.2570301852487996,0.7266666666666667,0.5252197526830651,0.0,0.0,97,49,21,9680.379390716553,10.084152221679688,diabetes,45
metacog,0.6493506493506493,0.5,0.3937007874015748,0.0,0.5,0.3506493506493506,0.3583191495306879,0.8599267629648356,1,1,1,62372.09391593933,3.293752670288086,diabetes,45
classic,0.6753246753246753,0.6818518518518519,0.6642246642246642,0.3478335179045545,0.6951851851851851,0.4875558553094785,0.0,0.0,91,46,21,8541.127681732178,9.301424026489258,diabetes,46
metacog,0.7142857142857143,0.6266666666666667,0.6285087719298246,0.3226989547312098,0.6266666666666666,0.4645354645354645,0.3119799865954972,0.9600147555873576,3,2,2,81551.6254901886,1.712322235107422,diabetes,46
classic,0.7792207792207793,0.7107407407407407,0.7257490048187722,0.4957017741923686,0.8425925925925926,0.7028727445394112,0.0,0.0,99,50,21,8758.881568908691,8.811235427856445,diabetes,47
metacog,0.6493506493506493,0.5,0.3937007874015748,0.0,0.5,0.3506493506493506,0.5809951992354827,0.8320850728982259,1,1,1,43796.30494117737,1.619100570678711,diabetes,47
classic,0.6842105263157895,0.5846153846153846,0.5789473684210527,0.2201762114819948,0.6223076923076923,0.4389721475634788,0.0,0.0,99,50,21,8394.68789100647,7.717370986938477,diabetes,48
metacog,0.6578947368421053,0.5,0.3968253968253968,0.0,0.5,0.3421052631578947,0.4414170755530848,0.5653044118685846,1,1,1,43169.158697128296,1.5816688537597656,diabetes,48
classic,0.7368421052631579,0.6338461538461538,0.6360153256704981,0.3756951598661515,0.7211538461538463,0.5505070816576325,0.0,0.0,109,55,21,7484.254360198975,4.045248031616211,diabetes,49
metacog,0.6578947368421053,0.5,0.3968253968253968,0.0,0.5,0.3421052631578947,0.3969869871666973,0.8841392284999328,1,1,1,42797.82700538635,1.737833023071289,diabetes,49
classic,0.7941176470588235,0.6782312925170068,0.6156462585034014,0.7302378593333523,,,0.0,0.0,87,44,16,426.4934062957764,5.324840545654297,ecoli,0
metacog,0.4411764705882353,0.1428571428571428,0.0874635568513119,0.0,,,0.1197049234169874,1.0,1,1,1,1342.6182270050049,1.6231536865234375,ecoli,0
classic,0.8235294117647058,0.6605442176870747,0.6866805813234385,0.7534082755577931,,,0.0,0.0,85,43,16,413.6929512023926,3.1752586364746094,ecoli,1
metacog,0.4411764705882353,0.1428571428571428,0.0874635568513119,0.0,,,0.0708494129581319,0.9960548839690792,1,1,1,1334.4435691833496,0.9074211120605468,ecoli,1
classic,0.7941176470588235,0.6782312925170066,0.6180533751962323,0.7203811695104019,,,0.0,0.0,89,45,17,458.39881896972656,4.301071166992188,ecoli,2
metacog,0.4411764705882353,0.1428571428571428,0.0874635568513119,0.0,,,0.324424713904626,0.9959073641624968,1,1,1,1324.225902557373,1.6083717346191406,ecoli,2
classic,0.8529411764705882,0.7261904761904763,0.7198879551820728,0.800743180891694,,,0.0,0.0,89,45,17,492.5546646118164,3.2906532287597656,ecoli,3
metacog,0.4117647058823529,0.1428571428571428,0.0833333333333333,0.0,,,0.0729817774313412,1.0,1,1,1,1344.6619510650637,1.5523433685302734,ecoli,3
classic,0.8529411764705882,0.8357142857142857,0.8472590627763041,0.7977076209737944,,,0.0,0.0,87,44,16,433.3009719848633,4.765510559082031,ecoli,4
metacog,0.4117647058823529,0.2,0.1166666666666666,0.0,,,0.2026795192607927,0.9977705412420788,1,1,1,1285.4814529418943,1.6148090362548828,ecoli,4
classic,0.8529411764705882,0.7666666666666667,0.7882549634273772,0.8000580699017206,,,0.0,0.0,91,46,18,457.3853015899658,4.833459854125977,ecoli,5
metacog,0.4117647058823529,0.2,0.1166666666666666,0.0,,,0.1047588018333369,0.9975825638409695,1,1,1,1322.2899436950684,3.3121109008789062,ecoli,5
classic,0.8787878787878788,0.845,0.828103448275862,0.8336045987505911,,,0.0,0.0,87,44,17,457.637071609497,2.660989761352539,ecoli,6
metacog,0.4242424242424242,0.2,0.1191489361702127,0.0,,,0.0490900248297105,0.9977309726848792,1,1,1,1352.036476135254,1.562356948852539,ecoli,6
classic,0.9090909090909092,0.8857142857142858,0.8891010949834479,0.8763352300199677,,,0.0,0.0,85,43,18,439.826250076294,2.907991409301758,ecoli,7
metacog,0.4242424242424242,0.2,0.1191489361702127,0.0,,,0.082525959169861,0.996754981678416,1,1,1,1318.292856216431,2.8231143951416016,ecoli,7
classic,0.8484848484848485,0.8457142857142858,0.8411688311688312,0.7913511623657107,,,0.0,0.0,87,44,17,463.78326416015625,4.086494445800781,ecoli,8
metacog,0.4242424242424242,0.2,0.1191489361702127,0.0,,,0.0387886877330228,0.9961060306914894,1,1,1,1294.4114208221436,1.6067028045654297,ecoli,8
classic,0.7878787878787878,0.7597222222222221,0.7710385878489326,0.7077504749802612,,,0.0,0.0,87,44,17,480.8323383331299,4.338502883911133,ecoli,9
metacog,0.4242424242424242,0.1666666666666666,0.0992907801418439,0.0,,,0.2191968758692402,0.9961575533154796,1,1,1,1366.9960498809814,1.646280288696289,ecoli,9
classic,0.8235294117647058,0.692517006802721,0.6879087118718455,0.7546586064883005,,,0.0,0.0,89,45,16,432.9912662506104,4.122495651245117,ecoli,10
metacog,0.4411764705882353,0.1428571428571428,0.0874635568513119,0.0,,,0.1699012637299546,0.9997803250828744,1,1,1,1313.629150390625,1.699686050415039,ecoli,10
classic,0.8529411764705882,0.7319727891156462,0.7141215106732348,0.8023832267130496,,,0.0,0.0,89,45,16,483.4916591644287,4.05430793762207,ecoli,11
metacog,0.4411764705882353,0.1428571428571428,0.0874635568513119,0.0,,,0.1004801820509638,0.9968443981873638,1,1,1,1298.6538410186768,1.5406608581542969,ecoli,11
classic,0.7941176470588235,0.5938775510204082,0.5722689075630252,0.7188710137721546,,,0.0,0.0,87,44,18,506.4849853515625,4.729032516479492,ecoli,12
metacog,0.4411764705882353,0.1428571428571428,0.0874635568513119,0.0,,,0.1828565533083647,1.0,1,1,1,1375.5369186401367,1.591205596923828,ecoli,12
classic,0.7352941176470589,0.4738095238095238,0.4828231292517007,0.6418285889263495,,,0.0,0.0,75,38,18,431.279182434082,4.016637802124023,ecoli,13
metacog,0.4117647058823529,0.1428571428571428,0.0833333333333333,0.0,,,0.4023516382495606,0.9973582580007188,1,1,1,1326.9696235656738,1.611948013305664,ecoli,13
classic,0.7647058823529411,0.7238095238095238,0.7287545787545787,0.6855508879580129,,,0.0,0.0,87,44,17,453.9945125579834,4.1255950927734375,ecoli,14
metacog,0.4117647058823529,0.2,0.1166666666666666,0.0,,,0.0840486679984533,0.9965821835447604,1,1,1,1334.167718887329,1.613616943359375,ecoli,14
classic,0.7647058823529411,0.6607142857142858,0.5720133667502089,0.6820673465398158,,,0.0,0.0,79,40,17,395.7405090332031,3.874301910400391,ecoli,15
metacog,0.4117647058823529,0.2,0.1166666666666666,0.0,,,0.0034075350859585,0.5709693686619665,1,1,1,1338.5791778564453,1.5757083892822266,ecoli,15
classic,0.7878787878787878,0.77,0.6478243021346469,0.7131934818496707,,,0.0,0.0,89,45,18,512.9702091217041,4.115581512451172,ecoli,16
metacog,0.4242424242424242,0.2,0.1191489361702127,0.0,,,0.0397818907150965,0.9974481471665556,1,1,1,1317.0828819274902,1.5451908111572266,ecoli,16
classic,0.9090909090909092,0.9107142857142858,0.8994107744107744,0.8763073323990428,,,0.0,0.0,91,46,17,505.63788414001465,4.00853157043457,ecoli,17
metacog,0.4242424242424242,0.2,0.1191489361702127,0.0,,,0.0547677005929149,0.993850734210941,1,1,1,1300.4682064056396,1.5337467193603516,ecoli,17
classic,0.7575757575757576,0.61,0.5788344988344989,0.6696650768339029,,,0.0,0.0,89,45,17,475.0070571899414,4.052877426147461,ecoli,18
metacog,0.4242424242424242,0.2,0.1191489361702127,0.0,,,0.0047796763198625,0.9968533504934236,1,1,1,1373.6040592193604,1.5859603881835938,ecoli,18
classic,0.8484848484848485,0.8575396825396825,0.8473985890652557,0.7950621166543902,,,0.0,0.0,85,43,17,464.2503261566162,4.880905151367188,ecoli,19
metacog,0.4242424242424242,0.1666666666666666,0.0992907801418439,0.0,,,0.2191968758692402,0.9973954311100318,1,1,1,1366.5690422058103,1.531362533569336,ecoli,19
classic,0.7647058823529411,0.5843537414965987,0.599234693877551,0.6691760781400711,,,0.0,0.0,87,44,16,425.5905151367188,4.551887512207031,ecoli,20
metacog,0.4411764705882353,0.1428571428571428,0.0874635568513119,0.0,,,0.0810976022621344,0.9980107865789138,1,1,1,1296.51141166687,1.584768295288086,ecoli,20
classic,0.7058823529411765,0.5789115646258504,0.508736559139785,0.5967036586889559,,,0.0,0.0,83,42,16,474.3118286132813,4.198312759399414,ecoli,21
metacog,0.4411764705882353,0.1428571428571428,0.0874635568513119,0.0,,,0.0805074323151178,0.9952211136589229,1,1,1,1311.5355968475342,1.577138900756836,ecoli,21
classic,0.8235294117647058,0.6877551020408162,0.6435374149659863,0.7640096517285635,,,0.0,0.0,87,44,16,436.42258644104,4.455327987670898,ecoli,22
metacog,0.4411764705882353,0.1428571428571428,0.0874635568513119,0.0,,,0.1730742155163041,0.995963224695934,1,1,1,1311.946153640747,1.5499591827392578,ecoli,22
classic,0.8529411764705882,0.7903061224489797,0.7722786820531182,0.8105268701666477,,,0.0,0.0,93,47,18,483.5562705993652,4.453659057617188,ecoli,23
metacog,0.4117647058823529,0.1428571428571428,0.0833333333333333,0.0,,,0.3597192750496343,1.0,1,1,1,1328.7575244903564,1.548051834106445,ecoli,23
classic,0.6470588235294118,0.4547619047619047,0.4131362889983579,0.5061415674847742,,,0.0,0.0,71,36,15,414.2167568206787,4.125356674194336,ecoli,24
metacog,0.4117647058823529,0.2,0.1166666666666666,0.0,,,0.1338894902851101,0.9967505034352638,1,1,1,1334.6161842346191,1.5761852264404297,ecoli,24
classic,0.8235294117647058,0.725,0.7533333333333333,0.754826930462649,,,0.0,0.0,85,43,17,443.3360099792481,4.193782806396484,ecoli,25
metacog,0.4117647058823529,0.2,0.1166666666666666,0.0,,,0.0755627346984139,0.9986290495284416,1,1,1,1327.0940780639648,2.022981643676758,ecoli,25
classic,0.9090909090909092,0.8357142857142857,0.8459794018617547,0.8764338321507466,,,0.0,0.0,83,42,18,448.3563899993897,4.26173210144043,ecoli,26
metacog,0.4242424242424242,0.2,0.1191489361702127,0.0,,,0.0805074323151177,0.9969360045347776,1,1,1,1294.1710948944092,1.5659332275390625,ecoli,26
classic,0.9090909090909092,0.85,0.8533333333333333,0.8773953515686216,,,0.0,0.0,95,48,18,491.6069507598877,4.738330841064453,ecoli,27
metacog,0.4242424242424242,0.2,0.1191489361702127,0.0,,,0.0551681167721614,0.9960488909144544,1,1,1,1341.0110473632812,2.054929733276367,ecoli,27
classic,0.8484848484848485,0.7849999999999999,0.7886590038314176,0.7922612424747552,,,0.0,0.0,91,46,17,498.3036518096924,4.127979278564453,ecoli,28
metacog,0.4242424242424242,0.2,0.1191489361702127,0.0,,,0.0453190138204208,0.9931667651374104,1,1,1,1322.005271911621,1.8491744995117188,ecoli,28
classic,0.8484848484848485,0.8361111111111109,0.8119047619047618,0.7954570817338469,,,0.0,0.0,91,46,18,465.033769607544,4.168987274169922,ecoli,29
metacog,0.4242424242424242,0.1666666666666666,0.0992907801418439,0.0,,,0.1450597142205033,0.9964974724387412,1,1,1,1343.1532382965088,2.54511833190918,ecoli,29
classic,0.8823529411764706,0.7523809523809524,0.7356583072100313,0.8424916980023686,,,0.0,0.0,85,43,17,454.0901184082031,2.588033676147461,ecoli,30
metacog,0.4411764705882353,0.1428571428571428,0.0874635568513119,0.0,,,0.077591455851511,0.995087586603791,1,1,1,1303.114652633667,1.6546249389648438,ecoli,30
classic,0.7941176470588235,0.6401360544217687,0.6774891774891776,0.7162945674022368,,,0.0,0.0,83,42,16,437.9327297210693,4.329919815063477,ecoli,31
metacog,0.4411764705882353,0.1428571428571428,0.0874635568513119,0.0,,,0.0331429616349425,0.9965906447189208,1,1,1,1327.0378112792969,1.5816688537597656,ecoli,31
classic,0.7941176470588235,0.6673469387755101,0.6135735232509426,0.7307807965725068,,,0.0,0.0,85,43,15,440.6747817993164,4.230499267578125,ecoli,32
metacog,0.4411764705882353,0.1428571428571428,0.0874635568513119,0.0,,,0.1806105754711386,0.9961194949460268,1,1,1,1333.2257270812988,1.5249252319335938,ecoli,32
classic,0.8823529411764706,0.7095238095238094,0.7396825396825396,0.841840966947966,,,0.0,0.0,91,46,18,487.5802993774414,4.866600036621094,ecoli,33
metacog,0.4117647058823529,0.1428571428571428,0.0833333333333333,0.0,,,0.1282076843554628,1.0,1,1,1,1306.7162036895752,1.5716552734375,ecoli,33
classic,0.8529411764705882,0.7916666666666667,0.7894017094017094,0.8021152468288586,,,0.0,0.0,93,47,17,467.9811000823975,4.043817520141602,ecoli,34
metacog,0.4117647058823529,0.2,0.1166666666666666,0.0,,,0.0442809273884529,0.9961594144105932,1,1,1,1315.9410953521729,1.6241073608398438,ecoli,34
classic,0.7941176470588235,0.8107142857142857,0.7871861471861472,0.7303988744606216,,,0.0,0.0,81,41,17,400.7465839385986,3.868579864501953,ecoli,35
metacog,0.4117647058823529,0.2,0.1166666666666666,0.0,,,0.1826319773725717,0.9959824126847436,1,1,1,1322.75652885437,1.3518333435058594,ecoli,35
classic,0.8484848484848485,0.8307142857142857,0.7953937130407718,0.7964913660803873,,,0.0,0.0,87,44,17,458.7211608886719,4.051923751831055,ecoli,36
metacog,0.4242424242424242,0.2,0.1191489361702127,0.0,,,0.115476202610116,0.9988613748068332,1,1,1,1361.322641372681,1.497507095336914,ecoli,36
classic,0.6666666666666666,0.5814285714285715,0.5908547008547008,0.5463826228479869,,,0.0,0.0,75,38,16,417.6785945892334,3.76749038696289,ecoli,37
metacog,0.4242424242424242,0.2,0.1191489361702127,0.0,,,0.0321959768678541,0.9959727952366256,1,1,1,1341.254711151123,1.451730728149414,ecoli,37
classic,0.7272727272727273,0.7314285714285715,0.6203703703703703,0.6299457878589391,,,0.0,0.0,95,48,18,520.7500457763672,4.04667854309082,ecoli,38
metacog,0.4242424242424242,0.2,0.1191489361702127,0.0,,,0.0127706401988912,0.9975280503821896,1,1,1,1340.0044441223145,0.7879734039306641,ecoli,38
classic,0.9090909090909092,0.6944444444444443,0.7181286549707601,0.8790216382818705,,,0.0,0.0,83,42,15,388.7827396392822,3.0319690704345703,ecoli,39
metacog,0.4242424242424242,0.1666666666666666,0.0992907801418439,0.0,,,0.0938660533357759,0.9986093938644012,1,1,1,1344.167947769165,2.7256011962890625,ecoli,39
classic,0.8529411764705882,0.7482993197278912,0.725108225108225,0.803805562291258,,,0.0,0.0,85,43,16,426.55086517333984,4.035234451293945,ecoli,40
metacog,0.4411764705882353,0.1428571428571428,0.0874635568513119,0.0,,,0.1193376355038131,0.9974303290346078,1,1,1,1361.891269683838,0.996112823486328,ecoli,40
classic,0.8529411764705882,0.5748299319727891,0.581547619047619,0.7946286190547776,,,0.0,0.0,83,42,16,406.8803787231445,4.256725311279297,ecoli,41
metacog,0.4411764705882353,0.1428571428571428,0.0874635568513119,0.0,,,0.0530612096706595,0.9953887183603574,1,1,1,1323.739528656006,1.5702247619628906,ecoli,41
classic,0.7941176470588235,0.6591836734693877,0.6192283906569621,0.7202401367379748,,,0.0,0.0,85,43,16,420.975923538208,3.976106643676758,ecoli,42
metacog,0.4411764705882353,0.1428571428571428,0.0874635568513119,0.0,,,0.0961450798131282,0.9966630149326484,1,1,1,1328.2952308654783,0.910043716430664,ecoli,42
classic,0.7941176470588235,0.7324829931972789,0.7247374847374848,0.7369078700976541,,,0.0,0.0,91,46,17,434.5588684082031,4.349470138549805,ecoli,43
metacog,0.4117647058823529,0.1428571428571428,0.0833333333333333,0.0,,,0.3379970921172543,1.0,1,1,1,1276.43084526062,1.519918441772461,ecoli,43
classic,0.8529411764705882,0.8523809523809524,0.7311713191023536,0.7990522087038069,,,0.0,0.0,85,43,18,389.21618461608887,2.239704132080078,ecoli,44
metacog,0.4117647058823529,0.2,0.1166666666666666,0.0,,,0.0550599339108831,0.9973308906503752,1,1,1,928.9655685424804,1.57928466796875,ecoli,44
classic,0.8823529411764706,0.8583333333333334,0.8347058823529411,0.8414785476487038,,,0.0,0.0,91,46,20,386.8231773376465,2.2459030151367188,ecoli,45
metacog,0.4117647058823529,0.2,0.1166666666666666,0.0,,,0.112719516779227,0.9922269348705,1,1,1,943.5877799987792,0.8146762847900391,ecoli,45
classic,0.8181818181818182,0.71,0.6388110799875505,0.7522356070944951,,,0.0,0.0,89,45,17,362.290620803833,1.9063949584960933,ecoli,46
metacog,0.4242424242424242,0.2,0.1191489361702127,0.0,,,0.0419909584593596,1.0,1,1,1,914.466381072998,0.7760524749755859,ecoli,46
classic,0.8181818181818182,0.745,0.7513725490196078,0.7452202951432142,,,0.0,0.0,85,43,16,361.1762523651123,3.888368606567383,ecoli,47
metacog,0.4242424242424242,0.2,0.1191489361702127,0.0,,,0.0088864681099332,0.99968494559529,1,1,1,954.4394016265868,0.7581710815429688,ecoli,47
classic,0.8181818181818182,0.71,0.756041986687148,0.7438849587457944,,,0.0,0.0,83,42,17,342.1728610992432,2.526283264160156,ecoli,48
metacog,0.4242424242424242,0.2,0.1191489361702127,0.0,,,0.0586454941868433,0.9964658938365508,1,1,1,903.541088104248,0.8425712585449219,ecoli,48
classic,0.9090909090909092,0.7791666666666667,0.7644248312351761,0.8752833914276938,,,0.0,0.0,87,44,17,323.75097274780273,1.8455982208251955,ecoli,49
metacog,0.4242424242424242,0.1666666666666666,0.0992907801418439,0.0,,,0.131630169839149,0.9958066742301488,1,1,1,941.8635368347168,0.8461475372314453,ecoli,49
classic,0.7272727272727273,0.6636904761904762,0.6581349206349206,0.6255706788926998,0.8200684001670844,,0.0,0.0,77,39,18,751.3163089752197,1.278400421142578,glass,0
metacog,0.3636363636363636,0.1666666666666666,0.0888888888888888,0.0,0.5,,0.4350340746021818,0.9887882731099982,1,1,1,2482.1925163269043,0.5810260772705078,glass,0
classic,0.5454545454545454,0.5982142857142857,0.5644841269841271,0.3977850646575493,0.7369543650793652,,0.0,0.0,81,41,19,776.9310474395752,3.4437179565429688,glass,1
metacog,0.3636363636363636,0.1666666666666666,0.0888888888888888,0.0,0.5,,0.243596105192625,0.9736303067219456,1,1,1,2455.122947692871,1.0530948638916016,glass,1
classic,0.7272727272727273,0.6785714285714285,0.6369047619047619,0.6464976477899578,0.8088868003341686,,0.0,0.0,75,38,18,702.4824619293213,2.5615692138671875,glass,2
metacog,0.3181818181818182,0.1666666666666666,0.0804597701149425,0.0,0.5,,0.3188385463886163,0.9766577793215336,1,1,1,2439.164161682129,1.2383460998535156,glass,2
classic,0.5454545454545454,0.6706349206349206,0.5969696969696969,0.4263117620081588,0.7995822890559734,,0.0,0.0,75,38,20,843.5025215148926,2.661466598510742,glass,3
metacog,0.3181818181818182,0.1666666666666666,0.0804597701149425,0.0,0.5,,0.4206530370481822,0.9926430711969184,1,1,1,2501.720666885376,1.1098384857177734,glass,3
classic,0.6190476190476191,0.5476190476190476,0.5396825396825397,0.4798648895858737,0.7291890440386681,,0.0,0.0,79,40,21,806.0662746429443,2.486705780029297,glass,4
metacog,0.3333333333333333,0.1666666666666666,0.0833333333333333,0.0,0.5,,0.2152099304707785,0.9947524835358168,1,1,1,2527.4581909179688,0.9963512420654296,glass,4
classic,0.8095238095238095,0.8452380952380952,0.8472222222222223,0.7531438174453121,0.9003759398496242,,0.0,0.0,77,39,16,698.0645656585693,2.483606338500977,glass,5
metacog,0.3333333333333333,0.1666666666666666,0.0833333333333333,0.0,0.5,,0.4241981786981839,0.9921872463016188,1,1,1,2508.1329345703125,1.3763904571533203,glass,5
classic,0.7142857142857143,0.8011904761904762,0.7138461538461538,0.6175781727818336,,,0.0,0.0,77,39,18,728.4598350524902,2.443552017211914,glass,6
metacog,0.4761904761904761,0.3333333333333333,0.2564102564102564,0.3095267259142604,,,0.2385590770708819,0.9852908267315824,3,2,2,5032.141447067261,1.2373924255371094,glass,6
classic,0.6666666666666666,0.8105158730158729,0.8263888888888888,0.5306152037168628,0.8694782400139544,,0.0,0.0,75,38,19,770.1132297515869,2.623319625854492,glass,7
metacog,0.3809523809523809,0.1666666666666666,0.0919540229885057,0.0,0.5,,0.3633156391173693,0.9927933361697652,1,1,1,2552.797079086304,1.027822494506836,glass,7
classic,0.7142857142857143,0.6567460317460317,0.5916666666666667,0.6085704159843245,0.7920111634397348,,0.0,0.0,87,44,21,810.0399971008301,2.7565956115722656,glass,8
metacog,0.3809523809523809,0.1666666666666666,0.0919540229885057,0.0,0.5,,0.2110036867482539,0.998238760190717,1,1,1,2513.4739875793457,1.0836124420166016,glass,8
classic,0.7142857142857143,0.7261904761904763,0.7275641025641025,0.6257985404993681,0.8304945054945055,,0.0,0.0,83,42,19,805.9628009796143,2.580881118774414,glass,9
metacog,0.3809523809523809,0.1666666666666666,0.0919540229885057,0.0,0.5,,0.2994545929537002,0.978165067837785,1,1,1,2507.7452659606934,1.0142326354980469,glass,9
classic,0.5,0.4593253968253968,0.4647058823529411,0.3082162272016444,0.6642361111111111,,0.0,0.0,79,40,21,883.3518028259277,1.4317035675048828,glass,10
metacog,0.3636363636363636,0.1666666666666666,0.0888888888888888,0.0,0.5,,0.0844434552998582,0.9703727766168776,1,1,1,2528.315305709839,1.0449886322021484,glass,10
classic,0.5909090909090909,0.5982142857142857,0.5282051282051282,0.4658391000756032,0.7659722222222222,,0.0,0.0,71,36,17,650.4471302032471,2.463340759277344,glass,11
metacog,0.3636363636363636,0.1666666666666666,0.0888888888888888,0.0,0.5,,0.4144391704253102,0.9917940567922592,1,1,1,2432.180404663086,1.1479854583740234,glass,11
classic,0.6363636363636364,0.6587301587301587,0.6357142857142857,0.5173538935302363,0.7966269841269842,,0.0,0.0,81,41,19,812.830924987793,2.605199813842773,glass,12
metacog,0.3181818181818182,0.1666666666666666,0.0804597701149425,0.0,0.5,,0.2483767280019536,0.9949450706441624,1,1,1,2507.2178840637207,1.0809898376464844,glass,12
classic,0.7727272727272727,0.8214285714285715,0.775030525030525,0.7078383972965656,0.8978174603174603,,0.0,0.0,75,38,17,701.2853622436523,2.680540084838867,glass,13
metacog,0.3181818181818182,0.1666666666666666,0.0804597701149425,0.0,0.5,,0.2052673779644608,0.99480915932742,1,1,1,2480.750322341919,1.061201095581055,glass,13
classic,0.6190476190476191,0.6071428571428571,0.5706349206349206,0.4984732788787153,0.7658680431236823,,0.0,0.0,77,39,21,814.0339851379395,2.5849342346191406,glass,14
metacog,0.3333333333333333,0.1666666666666666,0.0833333333333333,0.0,0.5,,0.5092317787147785,0.9793956311731148,1,1,1,2495.9611892700195,1.199483871459961,glass,14
classic,0.7142857142857143,0.7380952380952381,0.6768162393162394,0.6209368318709069,0.8212450769781597,,0.0,0.0,79,40,18,695.9679126739502,2.484560012817383,glass,15
metacog,0.3333333333333333,0.1666666666666666,0.0833333333333333,0.0,0.5,,0.2731673155699088,0.9923903125998498,1,1,1,2525.8893966674805,1.0042190551757812,glass,15
classic,0.7619047619047619,0.75,0.718796992481203,0.7018887309289811,,,0.0,0.0,83,42,18,744.9610233306885,2.6292800903320312,glass,16
metacog,0.3809523809523809,0.2,0.1103448275862069,0.0,,,0.176425222976896,0.9977946971574644,1,1,1,2498.6565113067627,1.028299331665039,glass,16
classic,0.7142857142857143,0.6944444444444443,0.6952380952380951,0.6168972708307329,0.8114308971451828,,0.0,0.0,81,41,19,785.8672142028809,2.558469772338867,glass,17
metacog,0.3809523809523809,0.1666666666666666,0.0919540229885057,0.0,0.5,,0.342748435509186,0.9926490602397144,1,1,1,2505.637884140014,0.9016990661621094,glass,17
classic,0.5238095238095238,0.4563492063492063,0.446031746031746,0.3479777708021067,0.6767973428687714,,0.0,0.0,79,40,21,830.9736251831055,2.718210220336914,glass,18
metacog,0.4761904761904761,0.2777777777777777,0.2136752136752136,0.3085456561692747,0.6076566951566952,,0.3832252726495125,0.98904838919933,3,2,2,4886.55948638916,1.504659652709961,glass,18
classic,0.7619047619047619,0.6041666666666666,0.5896358543417367,0.6791303494296246,0.777220695970696,,0.0,0.0,75,38,20,827.8632164001465,2.7930736541748047,glass,19
metacog,0.3809523809523809,0.1666666666666666,0.0919540229885057,0.0,0.5,,0.243596105192625,0.995864896114161,1,1,1,2460.546493530273,1.0464191436767578,glass,19
classic,0.6818181818181818,0.6944444444444443,0.6851851851851851,0.570770405658427,0.8374999999999999,,0.0,0.0,85,43,21,805.1011562347412,2.254724502563477,glass,20
metacog,0.3636363636363636,0.1666666666666666,0.0888888888888888,0.0,0.5,,0.3080553054796035,0.9928222608836424,1,1,1,2493.165969848633,0.560760498046875,glass,20
classic,0.6363636363636364,0.7023809523809524,0.7111111111111111,0.5126070530489002,0.8333333333333334,,0.0,0.0,75,38,17,674.0829944610596,2.712249755859375,glass,21
metacog,0.3636363636363636,0.1666666666666666,0.0888888888888888,0.0,0.5,,0.2312965644193526,0.9918502585453804,1,1,1,2427.8643131256104,1.081705093383789,glass,21
classic,0.6818181818181818,0.7142857142857143,0.6426470588235293,0.6134742890495152,0.8394423558897243,,0.0,0.0,85,43,20,779.1783809661865,3.215789794921875,glass,22
metacog,0.3181818181818182,0.1666666666666666,0.0804597701149425,0.0,0.5,,0.2630768531389199,0.9912443980662508,1,1,1,2453.9482593536377,1.0864734649658203,glass,22
classic,0.6818181818181818,0.7142857142857143,0.615079365079365,0.5994572662146831,0.8408521303258145,,0.0,0.0,77,39,21,842.9238796234131,2.345800399780273,glass,23
metacog,0.3181818181818182,0.1666666666666666,0.0804597701149425,0.0,0.5,,0.4863109670362314,0.9895855557394508,1,1,1,2432.295560836792,1.1272430419921875,glass,23
classic,0.5714285714285714,0.5238095238095238,0.5017676767676768,0.4464852681981131,0.7131270636909735,,0.0,0.0,75,38,20,751.3360977172852,2.434015274047852,glass,24
metacog,0.3333333333333333,0.1666666666666666,0.0833333333333333,0.0,0.5,,0.2543471012957949,0.9927630739296976,1,1,1,2454.373598098755,1.0325908660888672,glass,24
classic,0.6190476190476191,0.6865079365079364,0.6414529914529914,0.4939024390243902,0.8134229422763256,,0.0,0.0,67,34,19,734.7509860992432,2.570152282714844,glass,25
metacog,0.3809523809523809,0.2222222222222222,0.1564102564102564,0.1836767895775757,0.5545391255917571,,0.2639443078629551,0.8274558925573577,3,2,2,5061.0339641571045,1.208782196044922,glass,25
classic,0.6190476190476191,0.5428571428571429,0.5495238095238095,0.4782090675770614,,,0.0,0.0,71,36,19,730.1867008209229,2.491474151611328,glass,26
metacog,0.3809523809523809,0.2,0.1103448275862069,0.0,,,0.2491003612231261,0.9966136149236056,1,1,1,2437.0486736297607,1.0290145874023438,glass,26
classic,0.7619047619047619,0.8551587301587302,0.8236299648064355,0.6730192644039309,0.9104940694226408,,0.0,0.0,79,40,19,749.6178150177002,2.6710033416748047,glass,27
metacog,0.3809523809523809,0.1666666666666666,0.0919540229885057,0.0,0.5,,0.2621768698485291,0.998849202165347,1,1,1,2508.22114944458,0.9856224060058594,glass,27
classic,0.6666666666666666,0.6676587301587302,0.6758169934640522,0.5322227379159158,0.7568572300715157,,0.0,0.0,73,37,21,835.6461524963379,2.682685852050781,glass,28
metacog,0.3809523809523809,0.1666666666666666,0.0919540229885057,0.0,0.5,,0.2074960179479592,0.9952555607022284,1,1,1,2534.132480621338,1.0211467742919922,glass,28
classic,0.8095238095238095,0.7678571428571429,0.7123015873015873,0.7365116478382641,0.8585361067503925,,0.0,0.0,79,40,18,721.9483852386475,2.304553985595703,glass,29
metacog,0.3809523809523809,0.1666666666666666,0.0919540229885057,0.0,0.5,,0.234507503295363,0.9902290644837256,1,1,1,2460.3121280670166,1.3759136199951172,glass,29
classic,0.7272727272727273,0.5119047619047619,0.5021645021645021,0.6501561383417402,0.7160009398496241,,0.0,0.0,69,35,17,692.8644180297852,2.486467361450196,glass,30
metacog,0.3636363636363636,0.1666666666666666,0.0888888888888888,0.0,0.5,,0.3767618806257607,0.9774954531870615,1,1,1,2536.163330078125,1.0428428649902344,glass,30
classic,0.7727272727272727,0.7053571428571429,0.7066993464052288,0.6897678216853433,0.8241071428571428,,0.0,0.0,75,38,18,717.3724174499512,2.23994255065918,glass,31
metacog,0.3636363636363636,0.1666666666666666,0.0888888888888888,0.0,0.5,,0.192493532967879,0.9956514473746872,1,1,1,2452.2149562835693,1.0843276977539062,glass,31
classic,0.7272727272727273,0.7380952380952381,0.7150496562261268,0.6585760053805718,0.8992846700083543,,0.0,0.0,79,40,21,914.6289825439452,2.535581588745117,glass,32
metacog,0.3181818181818182,0.1666666666666666,0.0804597701149425,0.0,0.5,,0.169951205493032,0.9942831881083556,1,1,1,2580.095767974853,1.2729167938232422,glass,32
classic,0.7272727272727273,0.7063492063492062,0.7033613445378152,0.6409442637336912,0.8076649958228906,,0.0,0.0,79,40,18,732.2254180908203,2.4766921997070312,glass,33
metacog,0.3181818181818182,0.1666666666666666,0.0804597701149425,0.0,0.5,,0.1333741497866183,0.9900019229802852,1,1,1,2560.149669647217,1.050710678100586,glass,33
classic,0.7619047619047619,0.7301587301587302,0.7345238095238096,0.6777040167172622,0.8230099057166725,,0.0,0.0,79,40,20,816.0860538482666,2.6001930236816406,glass,34
metacog,0.3333333333333333,0.1666666666666666,0.0833333333333333,0.0,0.5,,0.3639046582061634,0.9935134685941628,1,1,1,2576.703786849976,1.0936260223388672,glass,34
classic,0.5714285714285714,0.6349206349206349,0.597008547008547,0.423776785608304,0.7671299611462518,,0.0,0.0,75,38,17,728.7271022796631,1.4078617095947266,glass,35
metacog,0.3333333333333333,0.1666666666666666,0.0833333333333333,0.0,0.5,,0.1881343930247096,0.995981524327486,1,1,1,2544.4908142089844,1.0426044464111328,glass,35
classic,0.7142857142857143,0.5964285714285714,0.5980952380952381,0.6025764830430914,,,0.0,0.0,75,38,21,856.4040660858154,2.644777297973633,glass,36
metacog,0.3809523809523809,0.2,0.1103448275862069,0.0,,,0.4144391704253102,0.9859652259125012,1,1,1,2557.252883911133,1.071453094482422,glass,36
classic,0.5238095238095238,0.4275793650793651,0.361236802413273,0.3528413582036774,0.6544028722600151,,0.0,0.0,71,36,19,750.8594989776611,1.4209747314453125,glass,37
metacog,0.3809523809523809,0.1666666666666666,0.0919540229885057,0.0,0.5,,0.3071799741019244,0.9912973296691192,1,1,1,2500.7004737854004,1.0707378387451172,glass,37
classic,0.7619047619047619,0.8898809523809524,0.8888888888888888,0.6708860759493671,0.9034406070120355,,0.0,0.0,83,42,21,793.6780452728271,2.547025680541992,glass,38
metacog,0.3809523809523809,0.1666666666666666,0.0919540229885057,0.0,0.5,,0.2623736175170256,0.9905985727343704,1,1,1,2577.181577682495,1.039266586303711,glass,38
classic,0.5714285714285714,0.6547619047619048,0.6658119658119658,0.4296500391227068,0.7662807430664573,,0.0,0.0,85,43,21,825.6583213806152,2.524137496948242,glass,39
metacog,0.3809523809523809,0.1666666666666666,0.0919540229885057,0.0,0.5,,0.2244326826275779,0.989956019874374,1,1,1,2591.072559356689,0.8788108825683594,glass,39
classic,0.6818181818181818,0.4375,0.4150326797385621,0.5641316063279452,0.6803075396825397,,0.0,0.0,71,36,14,662.865161895752,2.605438232421875,glass,40
metacog,0.3636363636363636,0.1666666666666666,0.0888888888888888,0.0,0.5,,0.2605691472769061,0.9800650431571408,1,1,1,2548.828125,1.0921955108642578,glass,40
classic,0.7727272727272727,0.8273809523809524,0.829185520361991,0.6938311740412945,0.883829365079365,,0.0,0.0,75,38,18,761.9204521179199,1.3637542724609375,glass,41
metacog,0.3636363636363636,0.1666666666666666,0.0888888888888888,0.0,0.5,,0.3099309456571733,0.9934870321567082,1,1,1,2710.824489593506,1.15966796875,glass,41
classic,0.5454545454545454,0.5833333333333334,0.5724206349206349,0.3896072403842546,0.7531537176274018,,0.0,0.0,83,42,21,867.8994178771973,2.649545669555664,glass,42
metacog,0.3181818181818182,0.1666666666666666,0.0804597701149425,0.0,0.5,,0.1902819264908515,0.960515414567634,1,1,1,2568.1135654449463,1.1091232299804688,glass,42
classic,0.5,0.4642857142857142,0.4771825396825397,0.3326174616501046,0.7236894319131162,,0.0,0.0,69,35,21,843.9488410949707,2.5887489318847656,glass,43
metacog,0.3636363636363636,0.2222222222222222,0.1530864197530864,0.1748446515450588,0.5243838763575606,,0.2878897709374919,0.9664415128818844,3,2,2,3935.038566589356,0.6303787231445312,glass,43
classic,0.8095238095238095,0.8730158730158729,0.8857142857142857,0.7431230970799615,0.9280045351473925,,0.0,0.0,85,43,19,768.9380645751953,1.3430118560791016,glass,44
metacog,0.3333333333333333,0.1666666666666666,0.0833333333333333,0.0,0.5,,0.2581578770431098,0.9979487008780572,1,1,1,2515.343427658081,0.5154609680175781,glass,44
classic,0.7142857142857143,0.8571428571428571,0.795204795204795,0.6560203362068806,0.8946274416199227,,0.0,0.0,81,41,19,743.6621189117432,2.696990966796875,glass,45
metacog,0.3333333333333333,0.1666666666666666,0.0833333333333333,0.0,0.5,,0.4630793401678195,0.9918965222478217,1,1,1,2462.9485607147217,1.0194778442382812,glass,45
classic,0.7142857142857143,0.7642857142857142,0.7459383753501401,0.60828025477707,,,0.0,0.0,73,37,16,646.3654041290283,2.348661422729492,glass,46
metacog,0.3809523809523809,0.2,0.1103448275862069,0.0,,,0.4744483846437831,0.9887014189510206,1,1,1,2462.3372554779053,0.5171298980712891,glass,46
classic,0.6190476190476191,0.6845238095238096,0.5671420083184789,0.5238121633332481,0.7944891418105703,,0.0,0.0,81,41,18,785.2151393890381,2.7344226837158203,glass,47
metacog,0.3809523809523809,0.1666666666666666,0.0919540229885057,0.0,0.5,,0.2238964064479288,0.9939446885312044,1,1,1,2398.788452148437,0.5214214324951172,glass,47
classic,0.6190476190476191,0.4980158730158729,0.4424333836098542,0.4696701361058565,0.7888838013838013,,0.0,0.0,75,38,20,685.5759620666504,2.5360584259033203,glass,48
metacog,0.3809523809523809,0.1666666666666666,0.0919540229885057,0.0,0.5,,0.2962351548868365,0.9912371148682853,1,1,1,2442.314386367798,0.5276203155517578,glass,48
classic,0.8095238095238095,0.7678571428571429,0.7301587301587302,0.7527195842585754,0.8654761904761905,,0.0,0.0,79,40,20,783.2002639770508,2.5615692138671875,glass,49
metacog,0.3809523809523809,0.1666666666666666,0.0919540229885057,0.0,0.5,,0.2427800770819338,0.9941619992142744,1,1,1,2328.032255172729,0.5192756652832031,glass,49
classic,0.5806451612903226,0.4728260869565217,0.4732026143790849,-0.0523912177884942,0.3804347826086957,0.2463291768320231,0.0,0.0,119,60,21,212.0809555053711,4.529953002929688,haberman,0
metacog,0.7419354838709677,0.5,0.4259259259259259,0.0,0.5,0.2580645161290322,0.146317785426757,0.9858702827459708,1,1,1,332.2186470031738,1.3644695281982422,haberman,0
classic,0.6774193548387096,0.4972826086956521,0.4833333333333333,-0.0070938044229895,0.4972826086956522,0.2607221407624633,0.0,0.0,155,78,21,236.0391616821289,3.8864612579345694,haberman,1
metacog,0.7419354838709677,0.5,0.4259259259259259,0.0,0.5,0.2580645161290322,0.1420336006937748,0.9881391677616442,1,1,1,337.9983901977539,1.296281814575195,haberman,1
classic,0.6129032258064516,0.4945652173913043,0.4945652173913043,-0.0108695652173913,0.4836956521739131,0.3185483870967742,0.0,0.0,117,59,21,210.43777465820312,3.476142883300781,haberman,2
metacog,0.7419354838709677,0.5,0.4259259259259259,0.0,0.5,0.2580645161290322,0.1282076843554628,0.9884738519245884,1,1,1,348.0527400970459,1.3527870178222656,haberman,2
classic,0.5161290322580645,0.3478260869565217,0.3404255319148936,-0.318511028635303,0.2173913043478261,0.2580645161290322,0.0,0.0,141,71,21,236.2349033355713,4.186868667602539,haberman,3
metacog,0.7419354838709677,0.5,0.4259259259259259,0.0,0.5,0.2580645161290322,0.0260139462196942,0.9845126758853432,1,1,1,350.0237464904785,1.2662410736083984,haberman,3
classic,0.7096774193548387,0.6413043478260869,0.6352941176470588,0.2724343325001703,0.592391304347826,0.3234767025089605,0.0,0.0,143,72,21,238.52944374084475,4.070043563842773,haberman,4
metacog,0.7419354838709677,0.5,0.4259259259259259,0.0,0.5,0.2580645161290322,0.3527317277972386,0.5095214655024818,3,2,2,696.9509124755859,1.1227130889892578,haberman,4
classic,0.4838709677419355,0.4065656565656566,0.4095238095238095,-0.1772792021609546,0.5075757575757576,0.2860317769236175,0.0,0.0,129,65,21,203.98807525634768,4.357099533081055,haberman,5
metacog,0.7096774193548387,0.5,0.4150943396226415,0.0,0.5,0.2903225806451613,0.1040754163967059,0.9866932782547032,1,1,1,332.6544761657715,1.3523101806640625,haberman,5
classic,0.7333333333333333,0.6193181818181819,0.6273291925465838,0.2638224265055431,0.5,0.3916666666666666,0.0,0.0,117,59,21,228.4872531890869,3.741025924682617,haberman,6
metacog,0.7333333333333333,0.5,0.4230769230769231,0.0,0.5,0.2666666666666666,0.0107567408804808,0.9879307626851176,1,1,1,354.8927307128906,1.4088153839111328,haberman,6
classic,0.7,0.5170454545454546,0.4990723562152134,0.0502518907629606,0.46875,0.2902777777777778,0.0,0.0,117,59,21,236.69958114624023,3.78561019897461,haberman,7
metacog,0.7333333333333333,0.5,0.4230769230769231,0.0,0.5,0.2666666666666666,0.0650206087473442,0.9826205361101668,1,1,1,355.8530807495117,1.2125968933105469,haberman,7
classic,0.8,0.7443181818181819,0.7443181818181819,0.4886363636363636,0.7073863636363636,0.459375,0.0,0.0,141,71,21,220.88384628295896,4.856348037719727,haberman,8
metacog,0.7333333333333333,0.5,0.4230769230769231,0.0,0.5,0.2666666666666666,0.1040754163967059,0.9822186760110126,1,1,1,344.2823886871338,1.3196468353271484,haberman,8
classic,0.6,0.4886363636363636,0.4886363636363636,-0.0227272727272727,0.375,0.2458333333333333,0.0,0.0,113,57,21,184.1640472412109,4.398822784423828,haberman,9
metacog,0.7333333333333333,0.5,0.4230769230769231,0.0,0.5,0.2666666666666666,0.1307248648497221,0.9877249686120204,1,1,1,344.895601272583,0.8416175842285156,haberman,9
classic,0.7419354838709677,0.6222826086956521,0.6309523809523809,0.2708681694429807,0.625,0.415226574500768,0.0,0.0,117,59,21,202.52299308776853,4.237174987792969,haberman,10
metacog,0.7419354838709677,0.5,0.4259259259259259,0.0,0.5,0.2580645161290322,0.1307248648497221,0.5495601284289561,1,1,1,336.6372585296631,1.3473033905029297,haberman,10
classic,0.6774193548387096,0.5788043478260869,0.5788043478260869,0.1576086956521739,0.5190217391304348,0.3220046082949308,0.0,0.0,115,58,21,215.37542343139648,4.092931747436523,haberman,11
metacog,0.7419354838709677,0.5,0.4259259259259259,0.0,0.5,0.2580645161290322,0.1040754163967059,0.9780908422620628,1,1,1,425.56190490722656,13.465166091918944,haberman,11
classic,0.7096774193548387,0.5597826086956521,0.5620094191522763,0.1422466650307647,0.5489130434782609,0.3081653225806451,0.0,0.0,151,76,21,280.94029426574707,3.918647766113281,haberman,12
metacog,0.7419354838709677,0.5,0.4259259259259259,0.0,0.5,0.2580645161290322,0.0830963705385151,0.9882449238446026,1,1,1,493.06607246398926,1.5320777893066406,haberman,12
classic,0.6774193548387096,0.5788043478260869,0.5788043478260869,0.1576086956521739,0.5271739130434783,0.2916898826979472,0.0,0.0,117,59,21,249.33099746704104,4.209756851196289,haberman,13
metacog,0.7419354838709677,0.5,0.4259259259259259,0.0,0.5,0.2580645161290322,0.0650206087473442,0.9916845728450872,1,1,1,397.1571922302246,1.955270767211914,haberman,13
classic,0.6451612903225806,0.4755434782608695,0.4646781789638932,-0.0581918175125855,0.4184782608695652,0.2508064516129032,0.0,0.0,123,62,21,219.41113471984863,4.048347473144531,haberman,14
metacog,0.7419354838709677,0.5,0.4259259259259259,0.0,0.5,0.2580645161290322,0.0021259181426961,0.99064012144725,1,1,1,388.8218402862549,1.3926029205322266,haberman,14
classic,0.5161290322580645,0.4621212121212121,0.4599303135888501,-0.0705978118406131,0.4469696969696969,0.2768817204301075,0.0,0.0,145,73,21,256.0536861419678,3.496646881103516,haberman,15
metacog,0.7096774193548387,0.5,0.4150943396226415,0.0,0.5,0.2903225806451613,0.0260139462196942,0.972829620889904,1,1,1,490.7426834106445,2.099752426147461,haberman,15
classic,0.8,0.7443181818181819,0.7443181818181819,0.4886363636363636,0.7727272727272727,0.5327380952380952,0.0,0.0,131,66,21,259.3626976013184,3.750085830688477,haberman,16
metacog,0.7333333333333333,0.5,0.4230769230769231,0.0,0.5,0.2666666666666666,0.3860568595511293,0.4193180486960989,3,2,2,835.2642059326172,1.6033649444580078,haberman,16
classic,0.6333333333333333,0.5113636363636364,0.5111111111111111,0.0237624228260878,0.6477272727272727,0.3568181818181818,0.0,0.0,141,71,21,242.41161346435547,3.83758544921875,haberman,17
metacog,0.7333333333333333,0.5,0.4230769230769231,0.0,0.5,0.2666666666666666,0.1282076843554628,0.9871231287373106,1,1,1,648.193359375,1.366376876831055,haberman,17
classic,0.7333333333333333,0.6193181818181819,0.6273291925465838,0.2638224265055431,0.5965909090909092,0.3454545454545454,0.0,0.0,121,61,21,258.98170471191406,3.3669471740722656,haberman,18
metacog,0.7333333333333333,0.5,0.4230769230769231,0.0,0.5,0.2666666666666666,0.0994082019812423,0.0904636461877164,1,1,1,652.7142524719238,1.4293193817138672,haberman,18
classic,0.5666666666666667,0.4261363636363636,0.4222222222222222,-0.1544557483695711,0.3607954545454545,0.2322860962566845,0.0,0.0,107,54,21,247.4234104156494,5.530357360839844,haberman,19
metacog,0.7333333333333333,0.5,0.4230769230769231,0.0,0.5,0.2666666666666666,0.1282076843554628,0.9893595303020452,1,1,1,410.78829765319824,10.681867599487305,haberman,19
classic,0.8709677419354839,0.7907608695652174,0.8154761904761905,0.6440643140088652,0.7744565217391305,0.6488575268817205,0.0,0.0,161,81,21,302.60229110717773,3.709077835083008,haberman,20
metacog,0.7419354838709677,0.5,0.4259259259259259,0.0,0.5,0.2580645161290322,0.4495958128105973,0.3695190781104068,3,2,2,988.5823726654052,1.751422882080078,haberman,20
classic,0.6774193548387096,0.5380434782608696,0.5386904761904762,0.0842700971600384,0.625,0.3579349078341013,0.0,0.0,121,61,21,503.5912990570069,6.308555603027344,haberman,21
metacog,0.7419354838709677,0.5,0.4259259259259259,0.0,0.5,0.2580645161290322,0.0260139462196942,0.9844145240260668,1,1,1,482.84387588500977,1.3093948364257812,haberman,21
classic,0.5806451612903226,0.5135869565217391,0.5067319461444308,0.0248513366402357,0.5,0.252392880417074,0.0,0.0,117,59,21,321.67720794677734,6.840705871582031,haberman,22
metacog,0.7419354838709677,0.5,0.4259259259259259,0.0,0.5,0.2580645161290322,0.1040754163967059,0.9924926671304032,1,1,1,401.1256694793701,1.3370513916015625,haberman,22
classic,0.7096774193548387,0.6413043478260869,0.6352941176470588,0.2724343325001703,0.5842391304347826,0.3580589157706093,0.0,0.0,119,60,21,344.77853775024414,9.280681610107422,haberman,23
metacog,0.7419354838709677,0.5,0.4259259259259259,0.0,0.5,0.2580645161290322,0.0159440315540061,0.9987752216607302,1,1,1,388.23843002319336,2.905845642089844,haberman,23
classic,0.8387096774193549,0.7282608695652174,0.7566718995290425,0.5431236301174653,0.6956521739130436,0.6290322580645161,0.0,0.0,147,74,21,317.7764415740967,3.228902816772461,haberman,24
metacog,0.7419354838709677,0.5,0.4259259259259259,0.0,0.5,0.2580645161290322,0.0058309881156488,0.9799291468370268,1,1,1,383.5127353668213,1.3875961303710938,haberman,24
classic,0.6129032258064516,0.4974747474747474,0.4945652173913043,-0.0054829307913314,0.5909090909090909,0.3314132104454685,0.0,0.0,127,64,21,293.6897277832031,3.5653114318847656,haberman,25
metacog,0.7096774193548387,0.5,0.4150943396226415,0.0,0.5,0.2903225806451613,0.0,0.989949322633526,1,1,1,385.228157043457,1.6694068908691406,haberman,25
classic,0.5333333333333333,0.3636363636363636,0.3478260869565217,-0.3015113445777636,0.2869318181818182,0.2331196581196581,0.0,0.0,121,61,21,304.1667938232422,3.622770309448242,haberman,26
metacog,0.7333333333333333,0.5,0.4230769230769231,0.0,0.5,0.2666666666666666,0.0024956430370781,0.9981437155145484,1,1,1,386.9345188140869,1.3666152954101562,haberman,26
classic,0.7,0.5170454545454546,0.4990723562152134,0.0502518907629606,0.5227272727272727,0.288095238095238,0.0,0.0,121,61,21,292.99449920654297,3.906726837158203,haberman,27
metacog,0.7333333333333333,0.5,0.4230769230769231,0.0,0.5,0.2666666666666666,0.1870693476896668,0.9875330421239008,1,1,1,387.324333190918,1.3396739959716797,haberman,27
classic,0.5333333333333333,0.3636363636363636,0.3478260869565217,-0.3015113445777636,0.3607954545454545,0.2434027777777778,0.0,0.0,115,58,21,303.6303520202637,4.411220550537109,haberman,28
metacog,0.7333333333333333,0.5,0.4230769230769231,0.0,0.5,0.2666666666666666,0.0496196547178001,0.9811060443458446,1,1,1,490.7441139221192,1.343488693237305,haberman,28
classic,0.6666666666666666,0.5738636363636364,0.5738636363636364,0.1477272727272727,0.5568181818181819,0.3050682773109244,0.0,0.0,113,57,21,304.3482303619385,5.562067031860352,haberman,29
metacog,0.7333333333333333,0.5,0.4230769230769231,0.0,0.5,0.2666666666666666,0.0496196547178001,0.9862960217659296,1,1,1,492.39110946655273,1.7092227935791016,haberman,29
classic,0.6129032258064516,0.5353260869565217,0.5303030303030303,0.0661340003639639,0.6059782608695653,0.3115177832919768,0.0,0.0,141,71,21,237.99872398376465,5.297660827636719,haberman,30
metacog,0.7419354838709677,0.5,0.4259259259259259,0.0,0.5,0.2580645161290322,0.1307248648497221,0.9978563338410984,1,1,1,379.5511722564697,1.3637542724609375,haberman,30
classic,0.5483870967741935,0.4103260869565217,0.4103260869565217,-0.1793478260869565,0.3804347826086957,0.243663594470046,0.0,0.0,155,78,21,285.86578369140625,3.601551055908203,haberman,31
metacog,0.7419354838709677,0.5,0.4259259259259259,0.0,0.5,0.2580645161290322,0.0830963705385151,0.6036251821345021,1,1,1,409.9762439727783,1.359701156616211,haberman,31
classic,0.6451612903225806,0.4755434782608695,0.4646781789638932,-0.0581918175125855,0.4266304347826087,0.2435483870967741,0.0,0.0,133,67,21,213.1357192993164,3.475427627563477,haberman,32
metacog,0.7419354838709677,0.5,0.4259259259259259,0.0,0.5,0.2580645161290322,0.1604350614064771,0.9880624876883844,1,1,1,364.6447658538818,2.1216869354248047,haberman,32
classic,0.7741935483870968,0.6847826086956521,0.6921985815602837,0.3867633919142965,0.611413043478261,0.4254608294930875,0.0,0.0,115,58,21,234.4667911529541,5.55872917175293,haberman,33
metacog,0.7419354838709677,0.5,0.4259259259259259,0.0,0.5,0.2580645161290322,0.1040754163967059,0.6901694326205791,1,1,1,387.0117664337158,1.3346672058105469,haberman,33
classic,0.7419354838709677,0.7038043478260869,0.6868686868686869,0.3815423097920998,0.7391304347826088,0.469430658946788,0.0,0.0,127,64,21,320.8794593811035,14.394521713256836,haberman,34
metacog,0.7419354838709677,0.5,0.4259259259259259,0.0,0.5,0.2580645161290322,0.1890719016479649,0.9874054317723632,1,1,1,450.58250427246094,1.64794921875,haberman,34
classic,0.7419354838709677,0.7196969696969697,0.7047619047619047,0.41684569156765,0.6893939393939393,0.4967741935483871,0.0,0.0,135,68,21,243.2234287261963,3.851652145385742,haberman,35
metacog,0.7096774193548387,0.5,0.4150943396226415,0.0,0.5,0.2903225806451613,0.2224575240901101,0.5105794536137115,1,1,1,368.9641952514648,1.3332366943359375,haberman,35
classic,0.7333333333333333,0.6193181818181819,0.6273291925465838,0.2638224265055431,0.6193181818181819,0.4020833333333333,0.0,0.0,133,67,21,279.2844772338867,3.934383392333984,haberman,36
metacog,0.7333333333333333,0.5,0.4230769230769231,0.0,0.5,0.2666666666666666,0.0650206087473442,0.6057049813926926,1,1,1,398.9856243133545,1.3163089752197266,haberman,36
classic,0.7,0.5170454545454546,0.4990723562152134,0.0502518907629606,0.6250000000000001,0.3291666666666666,0.0,0.0,113,57,21,241.7607307434082,5.080938339233398,haberman,37
metacog,0.7333333333333333,0.5,0.4230769230769231,0.0,0.5,0.2666666666666666,0.0005541427223031,0.9882836128150492,1,1,1,399.9845981597901,1.3272762298583984,haberman,37
classic,0.7333333333333333,0.6590909090909092,0.6590909090909092,0.3181818181818182,0.5738636363636364,0.3583333333333333,0.0,0.0,113,57,21,257.48682022094727,5.071401596069336,haberman,38
metacog,0.7333333333333333,0.5,0.4230769230769231,0.0,0.5,0.2666666666666666,0.0058309881156488,0.5450541938143451,1,1,1,392.17686653137207,1.3303756713867188,haberman,38
classic,0.6666666666666666,0.5340909090909092,0.5341614906832298,0.0753778361444409,0.5170454545454546,0.3041666666666667,0.0,0.0,141,71,21,311.57898902893066,3.6580562591552734,haberman,39
metacog,0.7333333333333333,0.5,0.4230769230769231,0.0,0.5,0.2666666666666666,0.155769387667763,0.9671785637667014,1,1,1,411.1793041229248,1.3592243194580078,haberman,39
classic,0.7096774193548387,0.5597826086956521,0.5620094191522763,0.1422466650307647,0.5625,0.3279569892473118,0.0,0.0,135,68,21,234.2820167541504,4.123210906982422,haberman,40
metacog,0.7419354838709677,0.5,0.4259259259259259,0.0,0.5,0.2580645161290322,0.0260139462196942,0.973716396956224,1,1,1,365.13638496398926,1.300811767578125,haberman,40
classic,0.7096774193548387,0.6005434782608696,0.6042553191489362,0.2104447867768966,0.5298913043478262,0.3148617511520737,0.0,0.0,139,70,21,328.3412456512451,4.120349884033203,haberman,41
metacog,0.7419354838709677,0.5,0.4259259259259259,0.0,0.5,0.2580645161290322,0.0107567408804808,0.9899094479086616,1,1,1,389.9233341217041,1.3158321380615234,haberman,41
classic,0.6451612903225806,0.4347826086956521,0.392156862745098,-0.193046835626336,0.4565217391304348,0.246684095474418,0.0,0.0,139,70,21,239.00914192199707,3.848791122436523,haberman,42
metacog,0.7419354838709677,0.5,0.4259259259259259,0.0,0.5,0.2580645161290322,0.0107567408804808,0.987692185430966,1,1,1,362.8273010253906,3.566503524780273,haberman,42
classic,0.8387096774193549,0.7282608695652174,0.7566718995290425,0.5431236301174653,0.6630434782608696,0.5358366935483871,0.0,0.0,131,66,21,230.2010059356689,4.169464111328125,haberman,43
metacog,0.7419354838709677,0.5,0.4259259259259259,0.0,0.5,0.2580645161290322,0.1266650293317839,0.5003319443746461,1,1,1,366.9521808624268,1.1107921600341797,haberman,43
classic,0.6774193548387096,0.4972826086956521,0.4833333333333333,-0.0070938044229895,0.4211956521739131,0.2722278225806451,0.0,0.0,123,62,21,234.5070838928223,4.100561141967773,haberman,44
metacog,0.7419354838709677,0.5,0.4259259259259259,0.0,0.5,0.2580645161290322,0.0496196547178001,0.987271380443728,1,1,1,366.4758205413818,1.6143321990966797,haberman,44
classic,0.7096774193548387,0.6313131313131313,0.6352941176470588,0.2724343325001703,0.5757575757575757,0.4575866188769414,0.0,0.0,133,67,21,243.0591583251953,3.715038299560547,haberman,45
metacog,0.7096774193548387,0.5,0.4150943396226415,0.0,0.5,0.2903225806451613,0.0159440315540061,0.9995534203632124,1,1,1,379.63008880615234,1.19781494140625,haberman,45
classic,0.5666666666666667,0.4659090909090909,0.466484268125855,-0.0657951694959769,0.53125,0.2892191142191142,0.0,0.0,151,76,21,260.76579093933105,3.772497177124024,haberman,46
metacog,0.7333333333333333,0.5,0.4230769230769231,0.0,0.5,0.2666666666666666,0.4784715742706782,0.533049421742914,3,2,2,570.7049369812012,0.7410049438476562,haberman,46
classic,0.7666666666666667,0.6022727272727273,0.6103896103896104,0.3015113445777636,0.7329545454545454,0.4674603174603174,0.0,0.0,119,60,21,231.38666152954104,3.60107421875,haberman,47
metacog,0.7333333333333333,0.5,0.4230769230769231,0.0,0.5,0.2666666666666666,0.0174296433271988,0.9845567484893374,1,1,1,376.48653984069824,1.3761520385742188,haberman,47
classic,0.7,0.5965909090909092,0.6000000000000001,0.2019805940217469,0.5625,0.3592948717948718,0.0,0.0,129,65,21,232.8319549560547,3.857135772705078,haberman,48
metacog,0.7333333333333333,0.5,0.4230769230769231,0.0,0.5,0.2666666666666666,0.0260139462196942,0.9922908711894106,1,1,1,352.50377655029297,1.3418197631835938,haberman,48
classic,0.7666666666666667,0.6022727272727273,0.6103896103896104,0.3015113445777636,0.5653409090909091,0.3458333333333333,0.0,0.0,127,64,21,245.63193321228027,3.117084503173828,haberman,49
metacog,0.7333333333333333,0.5,0.4230769230769231,0.0,0.5,0.2666666666666666,0.0496196547178001,0.9758433289109611,1,1,1,331.6950798034668,0.6718635559082031,haberman,49
classic,0.99,0.996415770609319,0.967895167895168,0.9315148255577506,0.9964534993397473,,0.0,0.0,17,9,9,374.4657039642334,7.363557815551758,hypothyroid,0
metacog,0.93,0.3333333333333333,0.3212435233160621,0.0,0.5,,0.0042260896277861,0.93007751676868,1,1,1,3806.666612625122,4.395723342895508,hypothyroid,0
classic,1.0,1.0,1.0,1.0,1.0,,0.0,0.0,17,9,9,372.2870349884033,6.875514984130859,hypothyroid,1
metacog,0.93,0.3333333333333333,0.3212435233160621,0.0,0.5,,0.0113983668609432,0.9575676854438142,1,1,1,3245.448350906372,4.053831100463867,hypothyroid,1
classic,0.98,0.9297491039426524,0.85005005005005,0.8623705744591766,0.9614731914271084,,0.0,0.0,15,8,8,272.3731994628906,6.5670013427734375,hypothyroid,2
metacog,0.93,0.3333333333333333,0.3212435233160621,0.0,0.5,,0.0271955855584473,0.9663051828871078,1,1,1,3697.132349014282,4.429101943969727,hypothyroid,2
classic,0.97,0.9261648745519712,0.8388010540184453,0.8073271410189168,0.9578729850740524,,0.0,0.0,21,11,7,387.7696990966797,6.417512893676758,hypothyroid,3
metacog,0.93,0.3333333333333333,0.3212435233160621,0.0,0.5,,0.1354382870758853,0.4079417701591188,1,1,1,3486.504077911377,4.1828155517578125,hypothyroid,3
classic,0.99,0.8333333333333334,0.8585858585858586,0.9248904506187484,0.9149122807017545,,0.0,0.0,15,8,8,304.2643070220947,13.352632522583008,hypothyroid,4
metacog,0.93,0.3333333333333333,0.3212435233160621,0.0,0.5,,0.0229397792902659,0.8744284022112196,1,1,1,3556.569814682007,4.681825637817383,hypothyroid,4
classic,0.99,0.8888888888888888,0.8962962962962964,0.9252276417112036,0.9427083333333334,,0.0,0.0,15,8,8,322.44110107421875,18.51963996887207,hypothyroid,5
metacog,0.93,0.3333333333333333,0.3212435233160621,0.0,0.5,,0.0088122661930608,0.9360400081202528,1,1,1,3396.1198329925537,5.795478820800781,hypothyroid,5
classic,1.0,1.0,1.0,1.0,1.0,,0.0,0.0,15,8,8,283.19382667541504,6.505250930786133,hypothyroid,6
metacog,0.93,0.3333333333333333,0.3212435233160621,0.0,0.5,,0.009541776396624,0.9487884537109316,1,1,1,3333.632707595825,4.533052444458008,hypothyroid,6
classic,0.98,0.9130824372759856,0.8672458172458173,0.8623505602666578,0.9531047925211544,,0.0,0.0,17,9,9,374.88842010498047,6.656408309936523,hypothyroid,7
metacog,0.93,0.3333333333333333,0.3212435233160621,0.0,0.5,,0.0547892331780775,0.9720210560175028,1,1,1,3569.732189178467,4.143238067626953,hypothyroid,7
classic,0.99,0.8888888888888888,0.8962962962962964,0.9252276417112036,0.9427083333333334,,0.0,0.0,17,9,9,474.68090057373047,7.64012336730957,hypothyroid,8
metacog,0.93,0.3333333333333333,0.3212435233160621,0.0,0.5,,0.0008760529654815,0.9755927477019416,1,1,1,3735.0025177001953,8.023500442504883,hypothyroid,8
classic,0.98,0.992831541218638,0.9130434782608696,0.8755388802477589,0.9929793444924804,,0.0,0.0,17,9,8,276.979923248291,7.274150848388672,hypothyroid,9
metacog,0.93,0.3333333333333333,0.3212435233160621,0.0,0.5,,0.303518089395689,0.5436497002513937,1,1,1,3281.53395652771,4.125833511352539,hypothyroid,9
classic,1.0,1.0,1.0,1.0,1.0,,0.0,0.0,15,8,8,317.3413276672363,12.637615203857422,hypothyroid,10
metacog,0.93,0.3333333333333333,0.3212435233160621,0.0,0.5,,0.0206961180552445,0.972008102246546,1,1,1,3861.303329467773,4.205226898193359,hypothyroid,10
classic,1.0,1.0,1.0,1.0,1.0,,0.0,0.0,17,9,9,305.0508499145508,12.467384338378906,hypothyroid,11
metacog,0.93,0.3333333333333333,0.3212435233160621,0.0,0.5,,0.023507193232451,0.9874994648555474,1,1,1,3169.9295043945312,4.102468490600586,hypothyroid,11
classic,1.0,1.0,1.0,1.0,1.0,,0.0,0.0,17,9,9,289.05701637268066,7.797956466674805,hypothyroid,12
metacog,0.93,0.3333333333333333,0.3212435233160621,0.0,0.5,,0.0150099197355945,0.974596467509352,1,1,1,3240.7007217407227,4.285335540771484,hypothyroid,12
classic,0.99,0.8333333333333334,0.8585858585858586,0.9248904506187484,0.9149122807017545,,0.0,0.0,13,7,7,222.60379791259768,6.848812103271484,hypothyroid,13
metacog,0.93,0.3333333333333333,0.3212435233160621,0.0,0.5,,0.0074181320954483,0.9254967981052318,1,1,1,3242.140531539917,5.628824234008789,hypothyroid,13
classic,0.99,0.8333333333333334,0.8585858585858586,0.9248904506187484,0.9149122807017545,,0.0,0.0,17,9,9,307.29150772094727,6.937503814697266,hypothyroid,14
metacog,0.93,0.3333333333333333,0.3212435233160621,0.0,0.5,,0.0157892538146657,0.8907671913745565,1,1,1,3249.728918075561,4.1103363037109375,hypothyroid,14
classic,0.99,0.996415770609319,0.9505791505791508,0.9318804679981768,0.9964896722462404,,0.0,0.0,17,9,9,300.28796195983887,7.103919982910156,hypothyroid,15
metacog,0.93,0.3333333333333333,0.3212435233160621,0.0,0.5,,0.0014912039338094,0.9138378700410106,1,1,1,3299.785375595093,4.371881484985352,hypothyroid,15
classic,0.99,0.996415770609319,0.9505791505791508,0.9318804679981768,0.9964896722462404,,0.0,0.0,15,8,8,236.7424964904785,6.429195404052734,hypothyroid,16
metacog,0.93,0.3333333333333333,0.3212435233160621,0.0,0.5,,0.0229397792902659,0.9537004816687358,1,1,1,3256.3459873199463,4.155635833740234,hypothyroid,16
classic,0.99,0.996415770609319,0.9505791505791508,0.9318804679981768,0.9964896722462404,,0.0,0.0,17,9,9,253.6346912384033,6.569623947143555,hypothyroid,17
metacog,0.93,0.3333333333333333,0.3212435233160621,0.0,0.5,,0.0591314813264065,0.9703893922807092,1,1,1,3264.657974243164,5.110263824462891,hypothyroid,17
classic,0.99,0.8888888888888888,0.8962962962962964,0.9252276417112036,0.9427083333333334,,0.0,0.0,17,9,9,307.90019035339355,8.785486221313477,hypothyroid,18
metacog,0.93,0.3333333333333333,0.3212435233160621,0.0,0.5,,0.0204537263276588,0.9792011332731564,1,1,1,3170.938968658448,4.224061965942383,hypothyroid,18
classic,0.96,0.8261648745519713,0.7424085576259488,0.7430159420350487,0.9061916869896168,,0.0,0.0,17,9,8,241.6210174560547,5.821466445922852,hypothyroid,19
metacog,0.93,0.3333333333333333,0.3212435233160621,0.0,0.5,,0.2216098552067258,0.7126173816735125,1,1,1,3283.661127090454,4.143476486206055,hypothyroid,19
classic,1.0,1.0,1.0,1.0,1.0,,0.0,0.0,17,9,9,314.2242431640625,8.393049240112305,hypothyroid,20
metacog,0.93,0.3333333333333333,0.3212435233160621,0.0,0.5,,0.0278490885428393,0.9706736744246716,1,1,1,3297.3012924194336,4.899024963378906,hypothyroid,20
classic,1.0,1.0,1.0,1.0,1.0,,0.0,0.0,17,9,9,312.227725982666,8.324623107910156,hypothyroid,21
metacog,0.93,0.3333333333333333,0.3212435233160621,0.0,0.5,,0.004592177011468,0.9449696788152536,1,1,1,3322.8769302368164,3.5920143127441406,hypothyroid,21
classic,1.0,1.0,1.0,1.0,1.0,,0.0,0.0,17,9,9,344.0701961517334,6.949901580810547,hypothyroid,22
metacog,0.93,0.3333333333333333,0.3212435233160621,0.0,0.5,,0.0042409406538995,0.9836909656078878,1,1,1,3006.4027309417725,4.022359848022461,hypothyroid,22
classic,0.99,0.996415770609319,0.9315315315315316,0.9317813898423822,0.9965072050325506,,0.0,0.0,17,9,8,259.1650485992432,8.069276809692383,hypothyroid,23
metacog,0.93,0.3333333333333333,0.3212435233160621,0.0,0.5,,0.0734987588365769,0.5058199274343592,1,1,1,3535.5985164642334,3.995418548583984,hypothyroid,23
classic,0.97,0.6630824372759857,0.6093093093093094,0.789809746187045,0.8263317664360593,,0.0,0.0,15,8,8,263.5495662689209,8.07952880859375,hypothyroid,24
metacog,0.93,0.3333333333333333,0.3212435233160621,0.0,0.5,,0.0127533526797266,0.8869196878464237,1,1,1,3520.040273666382,4.058361053466797,hypothyroid,24
classic,1.0,1.0,1.0,1.0,1.0,,0.0,0.0,15,8,8,222.55539894104004,6.26373291015625,hypothyroid,25
metacog,0.93,0.3333333333333333,0.3212435233160621,0.0,0.5,,0.0922414871327473,0.9897997853059284,1,1,1,3190.073013305664,4.05430793762207,hypothyroid,25
classic,1.0,1.0,1.0,1.0,1.0,,0.0,0.0,17,9,9,310.9626770019531,7.123470306396484,hypothyroid,26
metacog,0.93,0.3333333333333333,0.3212435233160621,0.0,0.5,,0.0652586799836546,0.9830467788273816,1,1,1,3143.0983543396,5.492448806762695,hypothyroid,26
classic,0.97,0.8019713261648745,0.7759759759759759,0.7900746710742181,0.8957952278017958,,0.0,0.0,13,7,7,214.611291885376,7.390022277832031,hypothyroid,27
metacog,0.93,0.3333333333333333,0.3212435233160621,0.0,0.5,,0.0272187717323712,0.9519305304750516,1,1,1,3098.154306411743,4.285573959350586,hypothyroid,27
classic,1.0,1.0,1.0,1.0,1.0,,0.0,0.0,17,9,9,282.96566009521484,7.465600967407227,hypothyroid,28
metacog,0.93,0.3333333333333333,0.3212435233160621,0.0,0.5,,0.0269847812439205,0.9562137773265792,1,1,1,3023.7138271331787,4.733085632324219,hypothyroid,28
classic,0.99,0.996415770609319,0.9505791505791508,0.9318804679981768,0.9964896722462404,,0.0,0.0,17,9,9,225.53730010986328,4.548072814941406,hypothyroid,29
metacog,0.93,0.3333333333333333,0.3212435233160621,0.0,0.5,,0.0674044973343467,0.9696260676328224,1,1,1,3029.23583984375,4.160881042480469,hypothyroid,29
classic,1.0,1.0,1.0,1.0,1.0,,0.0,0.0,15,8,8,262.664794921875,6.051778793334961,hypothyroid,30
metacog,0.93,0.3333333333333333,0.3212435233160621,0.0,0.5,,0.0074181320954483,0.976608463920931,1,1,1,3450.670003890991,4.08935546875,hypothyroid,30
classic,0.99,0.996415770609319,0.9315315315315316,0.9317813898423822,0.9965072050325506,,0.0,0.0,15,8,8,220.98255157470703,6.342172622680664,hypothyroid,31
metacog,0.93,0.3333333333333333,0.3212435233160621,0.0,0.5,,0.0115985743411411,0.9554895773882156,1,1,1,3162.6718044281006,4.117488861083984,hypothyroid,31
classic,1.0,1.0,1.0,1.0,1.0,,0.0,0.0,17,9,9,330.0487995147705,6.961584091186523,hypothyroid,32
metacog,0.93,0.3333333333333333,0.3212435233160621,0.0,0.5,,0.0157892538146656,0.9714956768096308,1,1,1,3410.032033920288,4.197597503662109,hypothyroid,32
classic,0.99,0.8333333333333334,0.8585858585858586,0.9248904506187484,0.9149122807017545,,0.0,0.0,15,8,8,267.9135799407959,6.740331649780273,hypothyroid,33
metacog,0.93,0.3333333333333333,0.3212435233160621,0.0,0.5,,0.028445070488766,0.9731153980332556,1,1,1,3304.433822631836,4.047155380249023,hypothyroid,33
classic,0.99,0.9333333333333332,0.8962962962962964,0.9252276417112036,0.9649659863945578,,0.0,0.0,17,9,9,290.39597511291504,6.877899169921875,hypothyroid,34
metacog,0.93,0.3333333333333333,0.3212435233160621,0.0,0.5,,0.003564502519558,0.9657120309720466,1,1,1,3330.5647373199463,4.8122406005859375,hypothyroid,34
classic,1.0,1.0,1.0,1.0,1.0,,0.0,0.0,15,8,8,250.6942749023437,7.581710815429687,hypothyroid,35
metacog,0.93,0.3333333333333333,0.3212435233160621,0.0,0.5,,0.0028154228126351,0.9192565442961284,1,1,1,3461.8868827819824,4.090309143066406,hypothyroid,35
classic,0.99,0.8888888888888888,0.8962962962962964,0.9252276417112036,0.9427083333333334,,0.0,0.0,15,8,8,234.0087890625,8.000373840332031,hypothyroid,36
metacog,0.93,0.3333333333333333,0.3212435233160621,0.0,0.5,,0.0206961180552445,0.868306750759642,1,1,1,3586.467504501343,4.033565521240234,hypothyroid,36
classic,0.97,0.989247311827957,0.8802498048399688,0.8266307009005031,0.989433220633337,,0.0,0.0,15,8,8,223.17886352539065,8.357763290405273,hypothyroid,37
metacog,0.93,0.3333333333333333,0.3212435233160621,0.0,0.5,,0.1210984188727991,0.9694933916980428,1,1,1,3195.908308029175,4.088401794433594,hypothyroid,37
classic,1.0,1.0,1.0,1.0,1.0,,0.0,0.0,15,8,8,227.769136428833,6.325244903564453,hypothyroid,38
metacog,0.93,0.3333333333333333,0.3212435233160621,0.0,0.5,,0.0316724494807344,0.9397966884183916,1,1,1,3125.0228881835938,4.014730453491211,hypothyroid,38
classic,1.0,1.0,1.0,1.0,1.0,,0.0,0.0,17,9,9,318.1695938110352,7.9555511474609375,hypothyroid,39
metacog,0.93,0.3333333333333333,0.3212435233160621,0.0,0.5,,0.0442981900913953,0.9701205912434268,1,1,1,3318.251371383667,7.277011871337891,hypothyroid,39
classic,0.99,0.996415770609319,0.9315315315315316,0.9317813898423822,0.9965072050325506,,0.0,0.0,17,9,8,224.6103286743164,5.43212890625,hypothyroid,40
metacog,0.93,0.3333333333333333,0.3212435233160621,0.0,0.5,,0.1152802259158582,0.5981243980031892,1,1,1,3359.341144561768,5.35893440246582,hypothyroid,40
classic,1.0,1.0,1.0,1.0,1.0,,0.0,0.0,17,9,9,279.36840057373047,5.433559417724609,hypothyroid,41
metacog,0.93,0.3333333333333333,0.3212435233160621,0.0,0.5,,0.0088122661930608,0.9699845530537724,1,1,1,3606.590032577514,4.157066345214844,hypothyroid,41
classic,1.0,1.0,1.0,1.0,1.0,,0.0,0.0,15,8,8,208.1735134124756,6.539106369018555,hypothyroid,42
metacog,0.93,0.3333333333333333,0.3212435233160621,0.0,0.5,,0.0546997113152418,0.984866801086399,1,1,1,3524.5611667633057,4.129171371459961,hypothyroid,42
classic,0.99,0.8333333333333334,0.8585858585858586,0.9248904506187484,0.9149122807017545,,0.0,0.0,17,9,9,281.2340259552002,6.976127624511719,hypothyroid,43
metacog,0.93,0.3333333333333333,0.3212435233160621,0.0,0.5,,0.004592177011468,0.9821341516686934,1,1,1,3264.7509574890137,3.6766529083251953,hypothyroid,43
classic,0.99,0.8333333333333334,0.8585858585858586,0.9248904506187484,0.9149122807017545,,0.0,0.0,17,9,9,351.2346744537353,9.332656860351562,hypothyroid,44
metacog,0.93,0.3333333333333333,0.3212435233160621,0.0,0.5,,0.00266498033578,0.8968213915972026,1,1,1,2424.548625946045,3.322124481201172,hypothyroid,44
classic,0.98,0.8853046594982078,0.85005005005005,0.8609333859687669,0.9391980055795736,,0.0,0.0,15,8,8,298.3419895172119,7.862567901611328,hypothyroid,45
metacog,0.93,0.3333333333333333,0.3212435233160621,0.0,0.5,,0.0373793553411374,0.97244327600589,1,1,1,2483.8130474090576,2.1750926971435547,hypothyroid,45
classic,0.98,0.9130824372759856,0.8672458172458173,0.8623505602666578,0.9531047925211544,,0.0,0.0,17,9,9,298.36297035217285,6.361961364746094,hypothyroid,46
metacog,0.93,0.3333333333333333,0.3212435233160621,0.0,0.5,,0.0548971906148611,0.9734366167425684,1,1,1,2357.6884269714355,4.165410995483398,hypothyroid,46
classic,0.98,0.9130824372759856,0.8672458172458173,0.8610688822840296,0.9530868944684624,,0.0,0.0,15,8,8,242.1634197235108,6.325244903564453,hypothyroid,47
metacog,0.93,0.3333333333333333,0.3212435233160621,0.0,0.5,,0.0023844560899084,0.934046301415337,1,1,1,2433.4805011749268,4.297494888305664,hypothyroid,47
classic,0.99,0.996415770609319,0.9505791505791508,0.9318804679981768,0.9964896722462404,,0.0,0.0,17,9,9,280.63464164733887,3.5953521728515625,hypothyroid,48
metacog,0.93,0.3333333333333333,0.3212435233160621,0.0,0.5,,0.0206961180552445,0.9722870420543748,1,1,1,2424.1366386413574,2.159357070922852,hypothyroid,48
classic,1.0,1.0,1.0,1.0,1.0,,0.0,0.0,17,9,9,293.6344146728516,6.840944290161133,hypothyroid,49
metacog,0.93,0.3333333333333333,0.3212435233160621,0.0,0.5,,0.0220769803842626,0.9314651634472946,1,1,1,2231.630325317383,2.938270568847656,hypothyroid,49
classic,0.9722222222222222,0.9782608695652174,0.9703703703703704,0.9424429732158732,0.9782608695652174,0.9842995169082126,0.0,0.0,39,20,19,7772.213459014893,4.120826721191406,ionosphere,0
metacog,0.6388888888888888,0.5,0.3898305084745763,0.0,0.5,0.6388888888888888,0.6322017759947923,0.992962813877466,1,1,1,18595.221996307373,1.7397403717041016,ionosphere,0
classic,0.9428571428571428,0.9365942028985508,0.9365942028985508,0.8731884057971014,0.9347826086956522,0.9435052660005402,0.0,0.0,33,17,17,6818.65668296814,3.8156509399414062,ionosphere,1
metacog,0.6571428571428571,0.5,0.396551724137931,0.0,0.5,0.6571428571428571,0.0058309881156488,0.9806756948789792,1,1,1,18371.169567108154,1.656293869018555,ionosphere,1
classic,0.9428571428571428,0.9365942028985508,0.9365942028985508,0.8731884057971014,0.9365942028985508,0.9435052660005402,0.0,0.0,37,19,18,7005.598545074463,7.204771041870117,ionosphere,2
metacog,0.6571428571428571,0.5,0.396551724137931,0.0,0.5,0.6571428571428571,0.3466460440169014,0.9874995981546824,1,1,1,19425.620079040527,1.6567707061767578,ionosphere,2
classic,0.9142857142857144,0.914855072463768,0.9066666666666668,0.8150756607987959,0.9112318840579712,0.9286843591191416,0.0,0.0,35,18,17,6967.812776565552,3.958463668823242,ionosphere,3
metacog,0.6571428571428571,0.5,0.396551724137931,0.0,0.5,0.6571428571428571,0.1861924423268325,0.9826335184830648,1,1,1,20069.39625740052,1.6200542449951172,ionosphere,3
classic,0.9714285714285714,0.9583333333333331,0.967622571692877,0.9372684899334994,0.9565217391304348,0.9566005040957782,0.0,0.0,37,19,19,7477.810382843018,4.017114639282227,ionosphere,4
metacog,0.6571428571428571,0.5,0.396551724137931,0.0,0.5,0.6571428571428571,0.6488800682976643,0.9881500470184512,1,1,1,18817.190408706665,1.5282630920410156,ionosphere,4
classic,0.8857142857142857,0.8618881118881119,0.8731884057971014,0.753330178128478,0.8618881118881119,0.8637987012987013,0.0,0.0,33,17,17,6812.373638153076,5.452871322631836,ionosphere,5
metacog,0.6285714285714286,0.5,0.3859649122807017,0.0,0.5,0.6285714285714286,0.4774262203727955,0.9943326881471588,1,1,1,19730.265378952023,1.6493797302246094,ionosphere,5
classic,0.8857142857142857,0.8776223776223776,0.8776223776223776,0.7552447552447552,0.9108391608391608,0.9062190082644628,0.0,0.0,35,18,18,7032.530069351196,4.041194915771484,ionosphere,6
metacog,0.7142857142857143,0.6153846153846154,0.5949074074074074,0.3983137534078457,0.6153846153846154,0.6875,0.3744266915422316,0.9966555996749384,3,2,2,36735.00084877014,2.0515918731689453,ionosphere,6
classic,1.0,1.0,1.0,1.0,1.0,1.0,0.0,0.0,39,20,19,8014.801263809204,3.948211669921875,ionosphere,7
metacog,0.6285714285714286,0.5,0.3859649122807017,0.0,0.5,0.6285714285714286,0.3597192750496343,0.9914159222511228,1,1,1,18855.93557357788,1.652240753173828,ionosphere,7
classic,0.9142857142857144,0.916083916083916,0.9095607235142118,0.8207677342949549,0.958041958041958,0.9527573875399962,0.0,0.0,37,19,17,7370.3773021698,4.230499267578125,ionosphere,8
metacog,0.6285714285714286,0.5,0.3859649122807017,0.0,0.5,0.6285714285714286,0.5785529074035128,0.9828597506590636,1,1,1,19353.222370147705,1.468181610107422,ionosphere,8
classic,0.8571428571428571,0.8706293706293706,0.8528174936921783,0.7189787465447568,0.8706293706293707,0.8894053315105946,0.0,0.0,39,20,18,7310.765266418457,4.312038421630859,ionosphere,9
metacog,0.6285714285714286,0.5,0.3859649122807017,0.0,0.5,0.6285714285714286,0.2151251029357726,0.9901392980733044,1,1,1,20428.59578132629,1.6937255859375,ionosphere,9
classic,0.9722222222222222,0.9615384615384616,0.9693617021276596,0.9405399431259605,0.9615384615384616,0.9583333333333334,0.0,0.0,35,18,17,6940.359830856323,1.9602775573730469,ionosphere,10
metacog,0.6388888888888888,0.5,0.3898305084745763,0.0,0.5,0.6388888888888888,0.2841757957429293,0.9861086538980848,1,1,1,18063.350677490234,1.81269645690918,ionosphere,10
classic,0.9714285714285714,0.9583333333333331,0.967622571692877,0.9372684899334994,0.9565217391304348,0.9566005040957782,0.0,0.0,37,19,19,7218.557834625244,4.059553146362305,ionosphere,11
metacog,0.6571428571428571,0.5,0.396551724137931,0.0,0.5,0.6571428571428571,0.4141624385471193,0.9937239506386089,1,1,1,18036.88216209412,1.672506332397461,ionosphere,11
classic,0.9714285714285714,0.9782608695652174,0.9688888888888888,0.9396505434536336,1.0,1.0,0.0,0.0,39,20,19,8011.642456054687,3.4818649291992188,ionosphere,12
metacog,0.6571428571428571,0.5,0.396551724137931,0.0,0.5,0.6571428571428571,0.3882667441108223,0.9854222247037606,1,1,1,18324.867010116577,3.786325454711914,ionosphere,12
classic,0.9714285714285714,0.9782608695652174,0.9688888888888888,0.9396505434536336,0.9782608695652174,0.9850931677018634,0.0,0.0,37,19,18,7206.477880477905,4.116535186767578,ionosphere,13
metacog,0.6571428571428571,0.5,0.396551724137931,0.0,0.5,0.6571428571428571,0.5499951450139091,0.9938469135550416,1,1,1,17270.180225372314,9.730815887451172,ionosphere,13
classic,0.9428571428571428,0.9365942028985508,0.9365942028985508,0.8731884057971014,0.9547101449275364,0.9549338374291116,0.0,0.0,35,18,18,7607.339143753052,4.109621047973633,ionosphere,14
metacog,0.6571428571428571,0.5,0.396551724137931,0.0,0.5,0.6571428571428571,0.5249066767996359,0.9920499033022684,1,1,1,18449.18274879456,1.644611358642578,ionosphere,14
classic,0.9428571428571428,0.9230769230769232,0.9365942028985508,0.8807048459279792,0.9195804195804196,0.9132081686429512,0.0,0.0,35,18,17,6802.701711654663,3.872394561767578,ionosphere,15
metacog,0.6285714285714286,0.5,0.3859649122807017,0.0,0.5,0.6285714285714286,0.3882667441108223,0.9976673215841432,1,1,1,17274.680137634277,1.734018325805664,ionosphere,15
classic,0.8857142857142857,0.8933566433566433,0.8809523809523809,0.7681373347487838,0.9143356643356644,0.920887445887446,0.0,0.0,33,17,17,7013.139963150024,3.810882568359375,ionosphere,16
metacog,0.6285714285714286,0.5,0.3859649122807017,0.0,0.5,0.6285714285714286,0.303967316758582,0.981355155540948,1,1,1,18158.96248817444,1.6913414001464844,ionosphere,16
classic,0.9714285714285714,0.9615384615384616,0.9688888888888888,0.9396505434536336,0.9615384615384616,0.9565217391304348,0.0,0.0,37,19,18,7981.864452362061,4.024028778076172,ionosphere,17
metacog,0.6285714285714286,0.5,0.3859649122807017,0.0,0.5,0.6285714285714286,0.303518089395689,0.9798262902804862,1,1,1,18748.258113861084,1.7750263214111328,ionosphere,17
classic,0.9714285714285714,0.9772727272727272,0.9698535745047372,0.9414688716912718,0.9755244755244756,0.9831168831168832,0.0,0.0,37,19,18,7492.327690124512,3.9615631103515625,ionosphere,18
metacog,0.6285714285714286,0.5,0.3859649122807017,0.0,0.5,0.6285714285714286,0.3826371965972537,0.9866687466596096,1,1,1,17396.825790405273,1.6095638275146484,ionosphere,18
classic,0.8571428571428571,0.8548951048951049,0.8492678725236864,0.7000665968986379,0.854895104895105,0.8670995670995671,0.0,0.0,35,18,17,7054.141521453857,6.727457046508789,ionosphere,19
metacog,0.6285714285714286,0.5,0.3859649122807017,0.0,0.5,0.6285714285714286,0.3758595212132675,0.9932914961937168,1,1,1,18206.35485649109,1.741647720336914,ionosphere,19
classic,0.8888888888888888,0.8963210702341138,0.8831168831168831,0.7722492140123949,0.9147157190635452,0.9232480080306168,0.0,0.0,35,18,17,7447.937250137329,4.1828155517578125,ionosphere,20
metacog,0.6388888888888888,0.5,0.3898305084745763,0.0,0.5,0.6388888888888888,0.4186863900892918,0.9847211034920036,1,1,1,17742.84553527832,1.7368793487548828,ionosphere,20
classic,0.8857142857142857,0.8731884057971014,0.8731884057971014,0.7463768115942029,0.8659420289855073,0.8873542336680333,0.0,0.0,33,17,17,6092.034339904785,3.500223159790039,ionosphere,21
metacog,0.6571428571428571,0.5,0.396551724137931,0.0,0.5,0.6571428571428571,0.3895154409657533,0.9814096555253692,1,1,1,17128.888607025146,1.6677379608154297,ionosphere,21
classic,1.0,1.0,1.0,1.0,1.0,1.0,0.0,0.0,39,20,19,7505.532741546631,4.415273666381836,ionosphere,22
metacog,0.6571428571428571,0.5,0.396551724137931,0.0,0.5,0.6571428571428571,0.3882667441108223,0.9856955238596568,1,1,1,17986.876487731934,1.6560554504394531,ionosphere,22
classic,0.9428571428571428,0.9365942028985508,0.9365942028985508,0.8731884057971014,0.9365942028985508,0.9435052660005402,0.0,0.0,37,19,18,6710.858106613159,4.074335098266602,ionosphere,23
metacog,0.6571428571428571,0.5,0.396551724137931,0.0,0.5,0.6571428571428571,0.5700382092545211,0.992393331022894,1,1,1,18315.10281562805,1.6710758209228516,ionosphere,23
classic,0.9428571428571428,0.9565217391304348,0.9388111888111887,0.8846517369293828,0.9782608695652174,0.9850931677018634,0.0,0.0,35,18,17,6739.034414291382,3.9162635803222656,ionosphere,24
metacog,0.6571428571428571,0.5,0.396551724137931,0.0,0.5,0.6571428571428571,0.4212876598515478,0.9877623565543366,1,1,1,18047.6303100586,1.7049312591552734,ionosphere,24
classic,0.9142857142857144,0.931818181818182,0.911690496215307,0.837678067908278,0.931818181818182,0.9493506493506494,0.0,0.0,37,19,19,7042.955160140991,3.866434097290039,ionosphere,25
metacog,0.6285714285714286,0.5,0.3859649122807017,0.0,0.5,0.6285714285714286,0.3466460440169014,0.9953184119185332,1,1,1,17933.16912651062,1.653432846069336,ionosphere,25
classic,0.9142857142857144,0.916083916083916,0.9095607235142118,0.8207677342949549,0.9335664335664337,0.9358742706568792,0.0,0.0,39,20,18,6686.87915802002,3.9920806884765625,ionosphere,26
metacog,0.6285714285714286,0.5,0.3859649122807017,0.0,0.5,0.6285714285714286,0.5926933207892303,0.9894143521256672,1,1,1,17830.814123153687,1.4853477478027344,ionosphere,26
classic,0.9142857142857144,0.9003496503496504,0.9066666666666668,0.8150756607987959,0.8986013986013985,0.9001129305477131,0.0,0.0,33,17,17,6253.623723983765,3.928661346435547,ionosphere,27
metacog,0.6285714285714286,0.5,0.3859649122807017,0.0,0.5,0.6285714285714286,0.2623368225028105,0.984706912995598,1,1,1,18123.383283615112,1.675128936767578,ionosphere,27
classic,0.9428571428571428,0.9388111888111887,0.9388111888111887,0.8776223776223776,0.9370629370629372,0.9397284533648173,0.0,0.0,37,19,17,6277.625322341919,3.95965576171875,ionosphere,28
metacog,0.6285714285714286,0.5,0.3859649122807017,0.0,0.5,0.6285714285714286,0.3826371965972537,0.9889240816195664,1,1,1,18562.28876113892,3.0922889709472656,ionosphere,28
classic,1.0,1.0,1.0,1.0,1.0,1.0,0.0,0.0,41,21,19,7210.058450698852,3.988504409790039,ionosphere,29
metacog,0.6285714285714286,0.5,0.3859649122807017,0.0,0.5,0.6285714285714286,0.3149215412925583,0.9934796424551592,1,1,1,18254.41861152649,2.089262008666992,ionosphere,29
classic,0.9166666666666666,0.934782608695652,0.9133921411387328,0.8405484751817915,0.934782608695652,0.9528985507246376,0.0,0.0,37,19,18,6536.932229995728,3.9517879486083984,ionosphere,30
metacog,0.6388888888888888,0.5,0.3898305084745763,0.0,0.5,0.6388888888888888,0.5194630401710595,0.9884367284841276,1,1,1,17999.310970306396,1.712799072265625,ionosphere,30
classic,1.0,1.0,1.0,1.0,1.0,1.0,0.0,0.0,41,21,19,7093.236684799194,4.085540771484375,ionosphere,31
metacog,0.6571428571428571,0.5,0.396551724137931,0.0,0.5,0.6571428571428571,0.2561367758347762,0.9796667780200254,1,1,1,18194.88501548767,1.728534698486328,ionosphere,31
classic,0.9428571428571428,0.9565217391304348,0.9388111888111887,0.8846517369293828,1.0,1.0,0.0,0.0,39,20,18,7012.276887893677,4.197120666503906,ionosphere,32
metacog,0.6571428571428571,0.5,0.396551724137931,0.0,0.5,0.6571428571428571,0.1282076843554628,0.9881730476439898,1,1,1,19594.80619430542,1.9068717956542969,ionosphere,32
classic,1.0,1.0,1.0,1.0,1.0,1.0,0.0,0.0,39,20,19,7667.347192764282,5.615711212158203,ionosphere,33
metacog,0.8285714285714286,0.75,0.7756410256410255,0.6297235299224025,0.75,0.7931034482758621,0.4111090218298533,0.9926651604095944,3,2,2,32221.543550491333,1.0082721710205078,ionosphere,33
classic,0.9428571428571428,0.9166666666666669,0.9337121212121212,0.8755950357709131,0.9130434782608696,0.9168115942028984,0.0,0.0,35,18,17,7670.471668243408,16.829490661621094,ionosphere,34
metacog,0.6571428571428571,0.5,0.396551724137931,0.0,0.5,0.6571428571428571,0.0260139462196942,0.9919535890842488,1,1,1,18381.755590438843,1.650094985961914,ionosphere,34
classic,0.9714285714285714,0.9615384615384616,0.9688888888888888,0.9396505434536336,0.9615384615384616,0.9565217391304348,0.0,0.0,35,18,18,6973.103761672974,3.978729248046875,ionosphere,35
metacog,0.8,0.7307692307692308,0.7471620227038184,0.591720057117126,0.7307692307692308,0.7586206896551724,0.3821470967826651,0.9947686790129996,3,2,2,31458.28747749329,2.8913021087646484,ionosphere,35
classic,0.8,0.7937062937062938,0.788975021533161,0.5793654595023211,0.8041958041958042,0.8245623941276115,0.0,0.0,31,16,16,6386.874437332153,3.745794296264648,ionosphere,36
metacog,0.6285714285714286,0.5,0.3859649122807017,0.0,0.5,0.6285714285714286,0.3627335215965485,0.987418623543414,1,1,1,18214.020013809204,1.6601085662841797,ionosphere,36
classic,0.9428571428571428,0.9388111888111887,0.9388111888111887,0.8776223776223776,0.9370629370629372,0.9377607241243604,0.0,0.0,35,18,18,6157.043218612671,3.751277923583984,ionosphere,37
metacog,0.6285714285714286,0.5,0.3859649122807017,0.0,0.5,0.6285714285714286,0.6204652186148921,0.99226450773732,1,1,1,18196.043729782104,1.6734600067138672,ionosphere,37
classic,0.9714285714285714,0.9772727272727272,0.9698535745047372,0.9414688716912718,0.973776223776224,0.9831168831168832,0.0,0.0,35,18,17,7086.499214172363,3.80849838256836,ionosphere,38
metacog,0.6285714285714286,0.5,0.3859649122807017,0.0,0.5,0.6285714285714286,0.4774262203727955,0.9915859080165108,1,1,1,17833.214044570923,1.6355514526367188,ionosphere,38
classic,0.8571428571428571,0.8391608391608392,0.8444444444444444,0.690500778143958,0.8723776223776224,0.8687480997263606,0.0,0.0,31,16,16,5949.271440505981,3.416299819946289,ionosphere,39
metacog,0.6285714285714286,0.5,0.3859649122807017,0.0,0.5,0.6285714285714286,0.4212876598515478,0.9716974523075028,1,1,1,17859.840631484985,0.8692741394042969,ionosphere,39
classic,0.8888888888888888,0.8963210702341138,0.8831168831168831,0.7722492140123949,0.8913043478260869,0.9114906832298136,0.0,0.0,37,19,18,7548.642158508301,4.093647003173828,ionosphere,40
metacog,0.6388888888888888,0.5,0.3898305084745763,0.0,0.5,0.6388888888888888,0.6322017759947923,0.9784365013809494,1,1,1,18184.836626052856,1.7175674438476562,ionosphere,40
classic,1.0,1.0,1.0,1.0,1.0,1.0,0.0,0.0,41,21,19,7736.059904098511,4.248619079589844,ionosphere,41
metacog,0.6571428571428571,0.5,0.396551724137931,0.0,0.5,0.6571428571428571,0.4508081011804434,0.989454573906434,1,1,1,17983.416080474854,0.904083251953125,ionosphere,41
classic,0.9714285714285714,0.9782608695652174,0.9688888888888888,0.9396505434536336,0.9782608695652174,0.9850931677018634,0.0,0.0,39,20,19,7705.902099609375,5.269527435302734,ionosphere,42
metacog,0.6571428571428571,0.5,0.396551724137931,0.0,0.5,0.6571428571428571,0.2829786655358554,0.991174808043588,1,1,1,18391.7555809021,1.6622543334960938,ionosphere,42
classic,0.9142857142857144,0.914855072463768,0.9066666666666668,0.8150756607987959,0.914855072463768,0.9286843591191416,0.0,0.0,35,18,17,6290.210723876953,2.9039382934570312,ionosphere,43
metacog,0.6571428571428571,0.5,0.396551724137931,0.0,0.5,0.6571428571428571,0.1271273836005776,0.9886070959323614,1,1,1,15085.167407989502,0.9720325469970704,ionosphere,43
classic,0.9714285714285714,0.9583333333333331,0.967622571692877,0.9372684899334994,0.9583333333333331,0.9583333333333334,0.0,0.0,37,19,19,6219.354867935181,3.508329391479492,ionosphere,44
metacog,0.6571428571428571,0.5,0.396551724137931,0.0,0.5,0.6571428571428571,0.6401164981605235,0.9830828841474084,1,1,1,13077.619552612305,0.8289813995361328,ionosphere,44
classic,0.8571428571428571,0.8391608391608392,0.8444444444444444,0.690500778143958,0.8496503496503498,0.8557985492768102,0.0,0.0,35,18,17,6247.337102890015,2.460479736328125,ionosphere,45
metacog,0.6285714285714286,0.5,0.3859649122807017,0.0,0.5,0.6285714285714286,0.2117947695893133,0.9938981742499976,1,1,1,13237.996339797974,1.6782283782958984,ionosphere,45
classic,0.9714285714285714,0.9772727272727272,0.9698535745047372,0.9414688716912718,1.0,1.0,0.0,0.0,39,20,19,6523.864507675171,4.075050354003906,ionosphere,46
metacog,0.6285714285714286,0.5,0.3859649122807017,0.0,0.5,0.6285714285714286,0.4212876598515478,0.9861962323964428,1,1,1,13323.82035255432,0.9694099426269532,ionosphere,46
classic,0.9142857142857144,0.931818181818182,0.911690496215307,0.837678067908278,0.9772727272727272,0.9831168831168832,0.0,0.0,37,19,19,6367.530584335327,4.086732864379883,ionosphere,47
metacog,0.6285714285714286,0.5,0.3859649122807017,0.0,0.5,0.6285714285714286,0.5249066767996359,0.9938349938942248,1,1,1,13129.230499267578,1.0302066802978516,ionosphere,47
classic,0.9714285714285714,0.9615384615384616,0.9688888888888888,0.9396505434536336,0.9615384615384616,0.9565217391304348,0.0,0.0,35,18,17,5739.729404449463,3.788471221923828,ionosphere,48
metacog,0.6285714285714286,0.5,0.3859649122807017,0.0,0.5,0.6285714285714286,0.4212876598515478,0.9918805407633032,1,1,1,13117.827415466309,0.9546279907226562,ionosphere,48
classic,0.8571428571428571,0.8548951048951049,0.8492678725236864,0.7000665968986379,0.854895104895105,0.8670995670995671,0.0,0.0,31,16,16,4867.779970169067,3.668546676635742,ionosphere,49
metacog,0.6285714285714286,0.5,0.3859649122807017,0.0,0.5,0.6285714285714286,0.4681504481596282,0.9820794282850605,1,1,1,12781.463146209717,0.8373260498046875,ionosphere,49
classic,1.0,1.0,1.0,1.0,1.0,,0.0,0.0,17,9,7,60.76383590698242,1.285552978515625,iris,0
metacog,0.3333333333333333,0.3333333333333333,0.1666666666666666,0.0,0.5,,1.0,0.9973710865078222,1,1,1,482.0737838745117,0.9791851043701172,iris,0
classic,0.9333333333333332,0.9333333333333332,0.9326599326599326,0.9060606745389328,1.0,,0.0,0.0,13,7,6,44.930458068847656,2.096891403198242,iris,1
metacog,0.3333333333333333,0.3333333333333333,0.1666666666666666,0.0,0.5,,1.0,0.9970757773947008,1,1,1,431.6396713256836,0.7407665252685547,iris,1
classic,1.0,1.0,1.0,1.0,1.0,,0.0,0.0,13,7,6,51.53679847717285,1.2655258178710938,iris,2
metacog,0.3333333333333333,0.3333333333333333,0.1666666666666666,0.0,0.5,,1.0,0.9977269338811082,1,1,1,444.7829723358154,1.201629638671875,iris,2
classic,0.9333333333333332,0.9333333333333332,0.9326599326599326,0.9060606745389328,0.95,,0.0,0.0,15,8,7,54.14581298828125,1.0123252868652344,iris,3
metacog,0.3333333333333333,0.3333333333333333,0.1666666666666666,0.0,0.5,,1.0,0.9961780853484692,1,1,1,450.73962211608887,0.7741451263427734,iris,3
classic,0.8666666666666667,0.8666666666666667,0.8666666666666667,0.8,0.9433333333333334,,0.0,0.0,11,6,6,36.06724739074707,1.2309551239013672,iris,4
metacog,0.3333333333333333,0.3333333333333333,0.1666666666666666,0.0,0.5,,0.8413882683090157,0.9971051500737994,1,1,1,428.9450645446777,1.0094642639160156,iris,4
classic,0.8666666666666667,0.8666666666666667,0.8611111111111112,0.8222264517930379,0.8866666666666667,,0.0,0.0,13,7,6,36.54241561889648,1.1980533599853516,iris,5
metacog,0.3333333333333333,0.3333333333333333,0.1666666666666666,0.0,0.5,,1.0,0.9672377543059892,1,1,1,431.2121868133545,0.7023811340332031,iris,5
classic,1.0,1.0,1.0,1.0,1.0,,0.0,0.0,13,7,6,63.936710357666016,1.31988525390625,iris,6
metacog,0.3333333333333333,0.3333333333333333,0.1666666666666666,0.0,0.5,,1.0,0.9969408039306162,1,1,1,411.50403022766113,0.7162094116210938,iris,6
classic,1.0,1.0,1.0,1.0,1.0,,0.0,0.0,13,7,6,44.49152946472168,1.458883285522461,iris,7
metacog,0.3333333333333333,0.3333333333333333,0.1666666666666666,0.0,0.5,,1.0,0.9975735609233428,1,1,1,450.9730339050293,0.9577274322509766,iris,7
classic,0.8666666666666667,0.8666666666666667,0.8611111111111112,0.8222264517930379,0.9,,0.0,0.0,15,8,6,41.42856597900391,1.3098716735839844,iris,8
metacog,0.3333333333333333,0.3333333333333333,0.1666666666666666,0.0,0.5,,1.0,0.995036031793152,1,1,1,470.8142280578613,0.8528232574462891,iris,8
classic,0.8666666666666667,0.8666666666666667,0.8611111111111112,0.8222264517930379,0.95,,0.0,0.0,13,7,6,51.65410041809082,1.3332366943359375,iris,9
metacog,0.3333333333333333,0.3333333333333333,0.1666666666666666,0.0,0.5,,1.0,0.9973994934986355,1,1,1,429.527759552002,0.7033348083496094,iris,9
classic,0.9333333333333332,0.9333333333333332,0.9326599326599326,0.9060606745389328,0.95,,0.0,0.0,17,9,7,53.49302291870117,1.2335777282714844,iris,10
metacog,0.3333333333333333,0.3333333333333333,0.1666666666666666,0.0,0.5,,1.0,0.9993088568028444,1,1,1,453.6621570587158,0.7379055023193359,iris,10
classic,0.9333333333333332,0.9333333333333332,0.9326599326599326,0.9060606745389328,0.95,,0.0,0.0,15,8,6,43.393850326538086,1.1529922485351562,iris,11
metacog,0.3333333333333333,0.3333333333333333,0.1666666666666666,0.0,0.5,,1.0,0.997152435477444,1,1,1,487.8947734832764,0.7565021514892578,iris,11
classic,0.9333333333333332,0.9333333333333332,0.9326599326599326,0.9060606745389328,0.95,,0.0,0.0,13,7,6,41.41092300415039,1.6205310821533203,iris,12
metacog,0.3333333333333333,0.3333333333333333,0.1666666666666666,0.0,0.5,,1.0,0.9965842332707744,1,1,1,445.15538215637207,0.7197856903076172,iris,12
classic,0.8666666666666667,0.8666666666666667,0.8611111111111112,0.8222264517930379,0.95,,0.0,0.0,11,6,5,35.18414497375488,1.084089279174805,iris,13
metacog,0.3333333333333333,0.3333333333333333,0.1666666666666666,0.0,0.5,,1.0,0.9973870067754372,1,1,1,514.7290229797363,0.7243156433105469,iris,13
classic,0.8666666666666667,0.8666666666666667,0.8666666666666667,0.8,0.9,,0.0,0.0,11,6,5,47.56498336791992,1.2602806091308594,iris,14
metacog,0.3333333333333333,0.3333333333333333,0.1666666666666666,0.0,0.5,,0.8413882683090157,0.9977382082821374,1,1,1,493.1750297546387,0.6773471832275391,iris,14
classic,0.9333333333333332,0.9333333333333332,0.9326599326599326,0.9060606745389328,0.9866666666666668,,0.0,0.0,13,7,5,35.308837890625,1.1737346649169922,iris,15
metacog,0.3333333333333333,0.3333333333333333,0.1666666666666666,0.0,0.5,,1.0,0.9956306847051388,1,1,1,435.44650077819824,0.7371902465820312,iris,15
classic,0.9333333333333332,0.9333333333333332,0.9326599326599326,0.9060606745389328,1.0,,0.0,0.0,13,7,6,42.394161224365234,1.5790462493896484,iris,16
metacog,0.3333333333333333,0.3333333333333333,0.1666666666666666,0.0,0.5,,1.0,0.9976903809301728,1,1,1,475.2614498138428,0.7255077362060547,iris,16
classic,1.0,1.0,1.0,1.0,1.0,,0.0,0.0,13,7,6,53.2989501953125,1.137495040893555,iris,17
metacog,0.3333333333333333,0.3333333333333333,0.1666666666666666,0.0,0.5,,1.0,0.9967920249989366,1,1,1,505.5704116821289,0.6003379821777344,iris,17
classic,0.9333333333333332,0.9333333333333332,0.9326599326599326,0.9060606745389328,0.95,,0.0,0.0,11,6,6,41.963815689086914,1.1413097381591797,iris,18
metacog,0.3333333333333333,0.3333333333333333,0.1666666666666666,0.0,0.5,,1.0,0.997395464815365,1,1,1,458.3911895751953,0.7636547088623047,iris,18
classic,1.0,1.0,1.0,1.0,1.0,,0.0,0.0,13,7,6,38.529157638549805,1.207590103149414,iris,19
metacog,0.3333333333333333,0.3333333333333333,0.1666666666666666,0.0,0.5,,1.0,0.9666176180517544,1,1,1,459.2015743255615,0.5464553833007812,iris,19
classic,0.8666666666666667,0.8666666666666667,0.8666666666666667,0.8,0.9,,0.0,0.0,13,7,6,62.68596649169922,2.9430389404296875,iris,20
metacog,0.3333333333333333,0.3333333333333333,0.1666666666666666,0.0,0.5,,1.0,0.9625704533870424,1,1,1,516.9327259063721,0.7224082946777344,iris,20
classic,0.9333333333333332,0.9333333333333332,0.9326599326599326,0.9060606745389328,0.9433333333333334,,0.0,0.0,9,5,4,33.47063064575195,1.069784164428711,iris,21
metacog,0.3333333333333333,0.3333333333333333,0.1666666666666666,0.0,0.5,,1.0,0.9973932926486102,1,1,1,500.7047653198242,0.8769035339355469,iris,21
classic,1.0,1.0,1.0,1.0,1.0,,0.0,0.0,13,7,6,41.85056686401367,1.5330314636230469,iris,22
metacog,0.3333333333333333,0.3333333333333333,0.1666666666666666,0.0,0.5,,1.0,0.9980048650492302,1,1,1,496.1490631103516,0.7557868957519531,iris,22
classic,0.9333333333333332,0.9333333333333332,0.9326599326599326,0.9060606745389328,1.0,,0.0,0.0,13,7,6,36.763668060302734,1.2280941009521484,iris,23
metacog,0.3333333333333333,0.3333333333333333,0.1666666666666666,0.0,0.5,,1.0,0.9967606498700052,1,1,1,456.77876472473145,0.7290840148925781,iris,23
classic,0.9333333333333332,0.9333333333333332,0.9326599326599326,0.9060606745389328,1.0,,0.0,0.0,13,7,6,37.14489936828613,1.178264617919922,iris,24
metacog,0.3333333333333333,0.3333333333333333,0.1666666666666666,0.0,0.5,,1.0,0.9966050097971968,1,1,1,448.5182762145996,0.7488727569580078,iris,24
classic,0.9333333333333332,0.9333333333333332,0.9326599326599326,0.9060606745389328,1.0,,0.0,0.0,13,7,6,56.48446083068848,1.4202594757080078,iris,25
metacog,0.3333333333333333,0.3333333333333333,0.1666666666666666,0.0,0.5,,1.0,0.9981050722305967,1,1,1,553.7278652191162,0.7486343383789062,iris,25
classic,1.0,1.0,1.0,1.0,1.0,,0.0,0.0,13,7,6,44.928789138793945,1.264333724975586,iris,26
metacog,0.3333333333333333,0.3333333333333333,0.1666666666666666,0.0,0.5,,1.0,0.9995844802564388,1,1,1,475.6934642791748,0.7274150848388672,iris,26
classic,0.9333333333333332,0.9333333333333332,0.9326599326599326,0.9060606745389328,0.95,,0.0,0.0,11,6,6,49.4844913482666,1.7502307891845703,iris,27
metacog,0.3333333333333333,0.3333333333333333,0.1666666666666666,0.0,0.5,,1.0,0.9972732214696692,1,1,1,471.9059467315674,0.7693767547607422,iris,27
classic,0.9333333333333332,0.9333333333333332,0.9326599326599326,0.9060606745389328,0.95,,0.0,0.0,15,8,7,45.04823684692383,1.087188720703125,iris,28
metacog,0.3333333333333333,0.3333333333333333,0.1666666666666666,0.0,0.5,,1.0,0.965612623723666,1,1,1,479.65407371521,0.7259845733642578,iris,28
classic,0.9333333333333332,0.9333333333333332,0.9326599326599326,0.9060606745389328,0.95,,0.0,0.0,17,9,7,52.24895477294922,1.6324520111083984,iris,29
metacog,0.3333333333333333,0.3333333333333333,0.1666666666666666,0.0,0.5,,1.0,0.9939351143390214,1,1,1,489.3054962158203,0.7832050323486328,iris,29
classic,0.9333333333333332,0.9333333333333332,0.9326599326599326,0.9060606745389328,0.95,,0.0,0.0,13,7,6,44.0673828125,1.2099742889404297,iris,30
metacog,0.3333333333333333,0.3333333333333333,0.1666666666666666,0.0,0.5,,1.0,0.9971102496587758,1,1,1,509.0217590332031,0.5917549133300781,iris,30
classic,0.8666666666666667,0.8666666666666667,0.8666666666666667,0.8,0.9433333333333334,,0.0,0.0,11,6,5,45.44258117675781,1.353740692138672,iris,31
metacog,0.3333333333333333,0.3333333333333333,0.1666666666666666,0.0,0.5,,1.0,0.9975510884395866,1,1,1,544.2581176757812,0.8807182312011719,iris,31
classic,0.9333333333333332,0.9333333333333332,0.9326599326599326,0.9060606745389328,1.0,,0.0,0.0,13,7,6,39.7641658782959,1.1432170867919922,iris,32
metacog,0.3333333333333333,0.3333333333333333,0.1666666666666666,0.0,0.5,,1.0,0.9965204749469564,1,1,1,473.9086627960205,0.9415149688720704,iris,32
classic,0.8666666666666667,0.8666666666666667,0.8666666666666667,0.8,0.9433333333333334,,0.0,0.0,13,7,6,43.23387145996094,1.2085437774658203,iris,33
metacog,0.3333333333333333,0.3333333333333333,0.1666666666666666,0.0,0.5,,1.0,0.9960921488267688,1,1,1,439.5294189453125,0.7584095001220703,iris,33
classic,1.0,1.0,1.0,1.0,1.0,,0.0,0.0,13,7,6,38.14244270324707,1.1703968048095703,iris,34
metacog,0.3333333333333333,0.3333333333333333,0.1666666666666666,0.0,0.5,,1.0,0.99775454608394,1,1,1,446.6121196746826,0.7224082946777344,iris,34
classic,1.0,1.0,1.0,1.0,1.0,,0.0,0.0,13,7,6,37.36448287963867,1.2030601501464844,iris,35
metacog,0.3333333333333333,0.3333333333333333,0.1666666666666666,0.0,0.5,,0.8413882683090157,0.9967635218666604,1,1,1,460.6356620788574,0.6287097930908203,iris,35
classic,0.9333333333333332,0.9333333333333332,0.9326599326599326,0.9060606745389328,0.95,,0.0,0.0,11,6,6,35.34579277038574,1.1336803436279297,iris,36
metacog,0.3333333333333333,0.3333333333333333,0.1666666666666666,0.0,0.5,,1.0,0.9976429581550064,1,1,1,429.6576976776123,0.7150173187255859,iris,36
classic,0.9333333333333332,0.9333333333333332,0.9326599326599326,0.9060606745389328,0.95,,0.0,0.0,13,7,6,46.65255546569824,1.7650127410888672,iris,37
metacog,0.3333333333333333,0.3333333333333333,0.1666666666666666,0.0,0.5,,0.8413882683090157,0.9630940056615386,1,1,1,468.2450294494629,0.7300376892089844,iris,37
classic,1.0,1.0,1.0,1.0,1.0,,0.0,0.0,13,7,6,36.15832328796387,1.215219497680664,iris,38
metacog,0.3333333333333333,0.3333333333333333,0.1666666666666666,0.0,0.5,,1.0,0.9970800635632012,1,1,1,440.4673576354981,0.7262229919433594,iris,38
classic,0.8666666666666667,0.8666666666666667,0.8666666666666667,0.8,0.8933333333333334,,0.0,0.0,13,7,6,36.531925201416016,0.9224414825439452,iris,39
metacog,0.3333333333333333,0.3333333333333333,0.1666666666666666,0.0,0.5,,1.0,0.998124686004226,1,1,1,486.0010147094727,0.6680488586425781,iris,39
classic,0.8666666666666667,0.8666666666666667,0.8666666666666667,0.8,0.9433333333333334,,0.0,0.0,13,7,6,44.18158531188965,1.16729736328125,iris,40
metacog,0.3333333333333333,0.3333333333333333,0.1666666666666666,0.0,0.5,,1.0,0.9941400578616656,1,1,1,464.1039371490479,0.6806850433349609,iris,40
classic,0.8666666666666667,0.8666666666666667,0.8666666666666667,0.8,0.8933333333333334,,0.0,0.0,11,6,6,39.26587104797363,1.1382102966308594,iris,41
metacog,0.3333333333333333,0.3333333333333333,0.1666666666666666,0.0,0.5,,1.0,0.9969294785151284,1,1,1,471.6918468475342,0.6823539733886719,iris,41
classic,0.9333333333333332,0.9333333333333332,0.9326599326599326,0.9060606745389328,0.95,,0.0,0.0,13,7,6,39.45136070251465,1.967191696166992,iris,42
metacog,0.3333333333333333,0.3333333333333333,0.1666666666666666,0.0,0.5,,0.8413882683090157,0.9972298278022456,1,1,1,458.7404727935791,0.7150173187255859,iris,42
classic,0.9333333333333332,0.9333333333333332,0.9326599326599326,0.9060606745389328,0.95,,0.0,0.0,15,8,6,38.77711296081543,1.148223876953125,iris,43
metacog,0.3333333333333333,0.3333333333333333,0.1666666666666666,0.0,0.5,,1.0,0.9973383623544446,1,1,1,435.3806972503662,0.9696483612060548,iris,43
classic,0.9333333333333332,0.9333333333333332,0.9326599326599326,0.9060606745389328,0.95,,0.0,0.0,13,7,5,37.14132308959961,1.1725425720214844,iris,44
metacog,0.3333333333333333,0.3333333333333333,0.1666666666666666,0.0,0.5,,1.0,0.9992289163561404,1,1,1,346.6014862060547,0.6451606750488281,iris,44
classic,1.0,1.0,1.0,1.0,1.0,,0.0,0.0,15,8,6,36.0565185546875,1.124858856201172,iris,45
metacog,0.3333333333333333,0.3333333333333333,0.1666666666666666,0.0,0.5,,1.0,0.9979913954914956,1,1,1,348.7837314605713,0.3714561462402344,iris,45
classic,1.0,1.0,1.0,1.0,1.0,,0.0,0.0,13,7,6,39.14427757263184,1.1508464813232422,iris,46
metacog,0.3333333333333333,0.3333333333333333,0.1666666666666666,0.0,0.5,,1.0,0.9976564988825056,1,1,1,302.6776313781738,0.6399154663085938,iris,46
classic,0.9333333333333332,0.9333333333333332,0.9326599326599326,0.9060606745389328,0.95,,0.0,0.0,17,9,7,37.796974182128906,1.1339187622070312,iris,47
metacog,0.3333333333333333,0.3333333333333333,0.1666666666666666,0.0,0.5,,1.0,0.9971123434865088,1,1,1,321.0170269012451,0.3678798675537109,iris,47
classic,0.9333333333333332,0.9333333333333332,0.9326599326599326,0.9060606745389328,0.95,,0.0,0.0,11,6,5,35.605669021606445,1.0936260223388672,iris,48
metacog,0.3333333333333333,0.3333333333333333,0.1666666666666666,0.0,0.5,,1.0,0.9977681034289628,1,1,1,310.6706142425537,0.4105567932128906,iris,48
classic,1.0,1.0,1.0,1.0,1.0,,0.0,0.0,13,7,6,40.15636444091797,0.6749629974365234,iris,49
metacog,0.3333333333333333,0.3333333333333333,0.1666666666666666,0.0,0.5,,1.0,0.9979705502420994,1,1,1,282.1483612060547,0.3707408905029297,iris,49
classic,0.86,0.5882352941176471,0.6111111111111112,0.2891216547914559,0.7474509803921568,0.3205555555555555,0.0,0.0,95,48,21,4350.644111633301,12.896299362182615,kc1,0
metacog,0.85,0.5,0.4594594594594595,0.0,0.5,0.15,0.211987951971885,0.984430510266135,1,1,1,10868.313074111938,4.051685333251953,kc1,0
classic,0.86,0.615686274509804,0.6424923391215527,0.3237996905049435,0.6431372549019609,0.3033166248955722,0.0,0.0,121,61,21,4552.602767944336,14.13583755493164,kc1,1
metacog,0.85,0.5,0.4594594594594595,0.0,0.5,0.15,0.1223569868541831,0.8210909254527002,1,1,1,10403.8724899292,4.309654235839844,kc1,1
classic,0.84,0.5490196078431373,0.5555555555555556,0.1606231415508088,0.7411764705882353,0.2894152046783625,0.0,0.0,75,38,21,4623.925685882568,14.945030212402344,kc1,2
metacog,0.85,0.5,0.4594594594594595,0.0,0.5,0.15,0.0803967262168278,0.8927323513363734,1,1,1,11032.616138458252,4.0645599365234375,kc1,2
classic,0.85,0.5823529411764706,0.6009577015163607,0.2476421981870287,0.7376470588235294,0.2933333333333333,0.0,0.0,95,48,21,4229.14457321167,12.491941452026367,kc1,3
metacog,0.85,0.5,0.4594594594594595,0.0,0.5,0.15,0.0186367967721244,0.6321773738171166,1,1,1,10720.58391571045,4.555940628051758,kc1,3
classic,0.82,0.592156862745098,0.6021220159151194,0.2103397841855694,0.7321568627450981,0.2914596949891067,0.0,0.0,99,50,21,4366.30392074585,14.960050582885742,kc1,4
metacog,0.85,0.5,0.4594594594594595,0.0,0.5,0.15,0.0567266735310533,0.8038857364834894,1,1,1,10836.275815963743,4.128932952880859,kc1,4
classic,0.79,0.492156862745098,0.4841562269712601,-0.0206460034753833,0.663921568627451,0.2149624060150376,0.0,0.0,107,54,21,4538.875341415405,16.689062118530273,kc1,5
metacog,0.85,0.5,0.4594594594594595,0.0,0.5,0.15,0.0750234346477617,0.9957103630006696,1,1,1,10596.009731292725,4.0283203125,kc1,5
classic,0.88,0.625,0.6666666666666667,0.4677071733467426,0.715029761904762,0.4372443181818182,0.0,0.0,91,46,21,4216.020107269287,12.537956237792969,kc1,6
metacog,0.84,0.5,0.4565217391304347,0.0,0.5,0.16,0.2407821416354717,0.9390733963626792,1,1,1,10537.15467453003,4.233360290527344,kc1,6
classic,0.84,0.6011904761904762,0.6212121212121212,0.2734830171373094,0.7165178571428572,0.3321511627906977,0.0,0.0,119,60,21,4365.410804748535,14.189958572387695,kc1,7
metacog,0.84,0.5,0.4565217391304347,0.0,0.5,0.16,0.1240908010661261,0.8416352791020065,1,1,1,10842.373847961426,5.327701568603516,kc1,7
classic,0.8,0.5773809523809523,0.584717607973422,0.1745949755388323,0.6715029761904762,0.2707051282051282,0.0,0.0,117,59,21,4120.635271072388,14.03188705444336,kc1,8
metacog,0.84,0.5,0.4565217391304347,0.0,0.5,0.16,0.1568824367383488,0.9065706778510616,1,1,1,10824.141025543213,3.7441253662109375,kc1,8
classic,0.82,0.5386904761904762,0.5403472931562819,0.1194522000576604,0.5751488095238095,0.2054166666666666,0.0,0.0,99,50,21,4083.880424499512,14.40572738647461,kc1,9
metacog,0.84,0.5,0.4565217391304347,0.0,0.5,0.16,0.0960555870722483,0.8369497213830136,1,1,1,10563.822746276855,4.043102264404297,kc1,9
classic,0.85,0.5823529411764706,0.6009577015163607,0.2476421981870287,0.7603921568627451,0.3001234567901235,0.0,0.0,79,40,21,4517.738819122314,12.367725372314451,kc1,10
metacog,0.85,0.5,0.4594594594594595,0.0,0.5,0.15,0.079257958254204,0.8499988167956655,1,1,1,10899.707794189451,4.0340423583984375,kc1,10
classic,0.85,0.6098039215686274,0.6315401621223287,0.2890440486553668,0.7788235294117647,0.3263398692810458,0.0,0.0,99,50,21,4138.573884963989,11.48700714111328,kc1,11
metacog,0.85,0.5,0.4594594594594595,0.0,0.5,0.15,0.1292978685680472,0.9065529765059196,1,1,1,9739.315271377563,4.211187362670898,kc1,11
classic,0.89,0.7156862745098039,0.7485714285714287,0.5134360308102703,0.7929411764705884,0.4439716312056737,0.0,0.0,99,50,21,4326.629161834717,10.211706161499023,kc1,12
metacog,0.85,0.5,0.4594594594594595,0.0,0.5,0.15,0.0639115085299874,0.989731788964654,1,1,1,9693.032264709473,4.037857055664063,kc1,12
classic,0.84,0.5490196078431373,0.5555555555555556,0.1606231415508088,0.6066666666666667,0.2237229437229437,0.0,0.0,79,40,21,4419.925928115845,14.550447463989258,kc1,13
metacog,0.85,0.5,0.4594594594594595,0.0,0.5,0.15,0.2153844744071365,0.9458299427538948,1,1,1,9994.992017745972,4.1103363037109375,kc1,13
classic,0.81,0.5313725490196078,0.5332842053549496,0.0825840139015334,0.6701960784313726,0.2438461538461538,0.0,0.0,125,63,21,4531.970500946045,25.592565536499023,kc1,14
metacog,0.85,0.5,0.4594594594594595,0.0,0.5,0.15,0.037727102808795,0.8322777867840414,1,1,1,10414.762020111084,3.965854644775391,kc1,14
classic,0.82,0.5647058823529412,0.5738636363636364,0.1614681617175282,0.7698039215686274,0.2893650793650794,0.0,0.0,99,50,21,4123.454332351685,12.837409973144531,kc1,15
metacog,0.85,0.5,0.4594594594594595,0.0,0.5,0.15,0.1773482789469661,0.9178466446955847,1,1,1,9768.84412765503,4.091978073120117,kc1,15
classic,0.87,0.6443452380952381,0.6806681405060182,0.4148027213475515,0.7645089285714286,0.3996713525835866,0.0,0.0,83,42,21,4306.761026382446,12.695789337158203,kc1,16
metacog,0.84,0.5,0.4565217391304347,0.0,0.5,0.16,0.2284145270052943,0.9428467915872634,1,1,1,10052.006244659424,4.098415374755859,kc1,16
classic,0.83,0.5699404761904762,0.5824121837386391,0.2009868856013909,0.6354166666666666,0.2466743675200727,0.0,0.0,97,49,21,4491.660118103027,13.96036148071289,kc1,17
metacog,0.84,0.5,0.4565217391304347,0.0,0.5,0.16,0.1036278784243903,0.8702857096379915,1,1,1,9896.04926109314,4.414081573486328,kc1,17
classic,0.84,0.5758928571428572,0.5914198161389173,0.2343100847284877,0.5714285714285714,0.2422383720930232,0.0,0.0,119,60,21,4241.135835647583,13.59248161315918,kc1,18
metacog,0.84,0.5,0.4565217391304347,0.0,0.5,0.16,0.1229185185204892,0.9927827498439652,1,1,1,9799.365043640137,4.275083541870117,kc1,18
classic,0.85,0.5818452380952381,0.6009577015163607,0.2753443958769674,0.7388392857142857,0.4005030421555845,0.0,0.0,93,47,21,4522.45569229126,11.547565460205078,kc1,19
metacog,0.84,0.5,0.4565217391304347,0.0,0.5,0.16,0.0582989959371016,0.8391854115085963,1,1,1,10380.133390426636,3.190279006958008,kc1,19
classic,0.85,0.5823529411764706,0.6009577015163607,0.2476421981870287,0.703921568627451,0.3079231337767923,0.0,0.0,123,62,21,4357.178688049316,13.13161849975586,kc1,20
metacog,0.85,0.5,0.4594594594594595,0.0,0.5,0.15,0.0981500511391594,0.7649959476038037,1,1,1,9902.93002128601,4.690408706665039,kc1,20
classic,0.87,0.6490196078431373,0.6806681405060182,0.3922740660322836,0.6968627450980392,0.341950354609929,0.0,0.0,105,53,21,4578.047752380371,13.26608657836914,kc1,21
metacog,0.85,0.5,0.4594594594594595,0.0,0.5,0.15,0.1432968284953255,0.9948394829332504,1,1,1,10323.894262313845,4.069805145263672,kc1,21
classic,0.84,0.5490196078431373,0.5555555555555556,0.1606231415508088,0.731764705882353,0.2845034889962426,0.0,0.0,111,56,21,4197.529315948486,13.48423957824707,kc1,22
metacog,0.85,0.5,0.4594594594594595,0.0,0.5,0.15,0.1099096747789093,0.9956868192881208,1,1,1,9769.867420196531,4.096031188964844,kc1,22
classic,0.87,0.5941176470588235,0.6219831346321605,0.3429971702850176,0.743529411764706,0.3974418604651163,0.0,0.0,111,56,21,4135.277032852173,12.93182373046875,kc1,23
metacog,0.85,0.5,0.4594594594594595,0.0,0.5,0.15,0.0873932092350903,0.9387996031279648,1,1,1,9797.58334159851,2.0956993103027344,kc1,23
classic,0.86,0.5607843137254902,0.5726495726495726,0.2544662040152236,0.7835294117647059,0.3331111111111112,0.0,0.0,73,37,21,4279.319763183594,12.637853622436523,kc1,24
metacog,0.85,0.5,0.4594594594594595,0.0,0.5,0.15,0.0570008715566223,0.9923290894825538,1,1,1,9716.305255889893,4.858732223510742,kc1,24
classic,0.88,0.6,0.6336996336996337,0.4186379485411743,0.7717647058823529,0.4245945945945946,0.0,0.0,95,48,21,4071.2854862213135,11.301755905151367,kc1,25
metacog,0.85,0.5,0.4594594594594595,0.0,0.5,0.15,0.0350635083570453,0.86521585426794,1,1,1,9641.36791229248,4.031896591186523,kc1,25
classic,0.84,0.5758928571428572,0.5914198161389173,0.2343100847284877,0.6276041666666667,0.2454166666666666,0.0,0.0,89,45,21,4212.089061737061,12.24994659423828,kc1,26
metacog,0.84,0.5,0.4565217391304347,0.0,0.5,0.16,0.0430647750494269,0.5642738777182796,1,1,1,9495.094060897827,4.995584487915039,kc1,26
classic,0.79,0.5967261904761905,0.5991601450658522,0.1986180076894458,0.7284226190476191,0.2801715686274509,0.0,0.0,117,59,21,3987.818956375122,13.169050216674805,kc1,27
metacog,0.84,0.5,0.4565217391304347,0.0,0.5,0.16,0.3949930648936274,0.9761723658801676,1,1,1,9363.190174102783,4.057884216308594,kc1,27
classic,0.87,0.6696428571428572,0.7028571428571428,0.4346335603280937,0.7611607142857144,0.4187310606060606,0.0,0.0,101,51,21,3939.08953666687,13.855695724487305,kc1,28
metacog,0.84,0.5,0.4565217391304347,0.0,0.5,0.16,0.1236515011999871,0.9268005261239278,1,1,1,9647.691011428831,4.380702972412109,kc1,28
classic,0.87,0.7455357142857143,0.7518610421836229,0.5041841733655162,0.7540922619047619,0.50875,0.0,0.0,119,60,21,4008.213520050049,12.520313262939451,kc1,29
metacog,0.84,0.5,0.4565217391304347,0.0,0.5,0.16,0.1788418751019012,0.948750418344116,1,1,1,9595.23892402649,4.166364669799805,kc1,29
classic,0.83,0.5705882352941176,0.5824121837386391,0.1858140312784501,0.663921568627451,0.2530345471521942,0.0,0.0,77,39,21,4223.180770874023,13.509750366210938,kc1,30
metacog,0.85,0.5,0.4594594594594595,0.0,0.5,0.15,0.1289149839626628,0.9162838118564391,1,1,1,9459.018468856812,4.010438919067383,kc1,30
classic,0.84,0.5764705882352941,0.5914198161389173,0.2140370835541152,0.6894117647058824,0.2561053039101819,0.0,0.0,97,49,21,4072.769165039064,13.336896896362305,kc1,31
metacog,0.85,0.5,0.4594594594594595,0.0,0.5,0.15,0.0820377985956583,0.8569893415537158,1,1,1,9649.031400680542,4.871606826782227,kc1,31
classic,0.87,0.5941176470588235,0.6219831346321605,0.3429971702850176,0.7349019607843137,0.3499134199134199,0.0,0.0,81,41,21,4079.173803329468,14.283180236816406,kc1,32
metacog,0.85,0.5,0.4594594594594595,0.0,0.5,0.15,0.1243067648213936,0.9390795212536992,1,1,1,9574.874639511108,4.068136215209961,kc1,32
classic,0.83,0.5980392156862745,0.6114285714285714,0.2333800140046683,0.7407843137254903,0.2927642276422764,0.0,0.0,133,67,21,3988.492250442505,14.046669006347656,kc1,33
metacog,0.85,0.5,0.4594594594594595,0.0,0.5,0.15,0.0512303095091155,0.8270012256677917,1,1,1,10084.038734436035,4.072904586791992,kc1,33
classic,0.78,0.4588235294117647,0.4382022471910112,-0.1152507372983697,0.5270588235294117,0.1653276353276353,0.0,0.0,119,60,21,3971.653699874878,13.16976547241211,kc1,34
metacog,0.85,0.5,0.4594594594594595,0.0,0.5,0.15,0.0574658389468968,0.729548200827733,1,1,1,10153.283596038818,4.078149795532227,kc1,34
classic,0.83,0.488235294117647,0.453551912568306,-0.0600120036012004,0.6839215686274509,0.2223655913978494,0.0,0.0,77,39,21,4165.065765380859,13.553857803344728,kc1,35
metacog,0.85,0.5,0.4594594594594595,0.0,0.5,0.15,0.0875892714910365,0.6632377042031137,1,1,1,9740.31138420105,4.060983657836914,kc1,35
classic,0.84,0.5758928571428572,0.5914198161389173,0.2343100847284877,0.65625,0.26875,0.0,0.0,93,47,21,3889.314889907837,12.693643569946287,kc1,36
metacog,0.84,0.5,0.4565217391304347,0.0,0.5,0.16,0.0794956204704902,0.9784346623327914,1,1,1,9302.30188369751,2.9773712158203125,kc1,36
classic,0.89,0.7068452380952381,0.7485714285714287,0.5299479375930265,0.8709077380952381,0.5782670454545454,0.0,0.0,119,60,21,4188.454627990723,16.817569732666016,kc1,37
metacog,0.84,0.5,0.4565217391304347,0.0,0.5,0.16,0.0707744035536839,0.8564310247646922,1,1,1,9826.138257980348,4.097700119018555,kc1,37
classic,0.87,0.6443452380952381,0.6806681405060182,0.4148027213475515,0.6834077380952381,0.3503661275831087,0.0,0.0,95,48,21,3875.0603199005127,12.397050857543944,kc1,38
metacog,0.84,0.5,0.4565217391304347,0.0,0.5,0.16,0.1077276944881102,0.8333742135958225,1,1,1,9438.367366790771,4.043102264404297,kc1,38
classic,0.84,0.6517857142857143,0.6677740863787375,0.3424747597107866,0.7321428571428572,0.3599300699300699,0.0,0.0,119,60,21,4060.307502746582,12.741565704345703,kc1,39
metacog,0.84,0.5,0.4565217391304347,0.0,0.5,0.16,0.0725628894633908,0.7705387124119544,1,1,1,9487.355947494509,4.055976867675781,kc1,39
classic,0.86,0.5882352941176471,0.6111111111111112,0.2891216547914559,0.6913725490196079,0.2733986928104576,0.0,0.0,87,44,21,3973.656892776489,12.558937072753906,kc1,40
metacog,0.85,0.5,0.4594594594594595,0.0,0.5,0.15,0.1705443199998157,0.8414109091024068,1,1,1,9765.170097351074,4.273414611816406,kc1,40
classic,0.83,0.5705882352941176,0.5824121837386391,0.1858140312784501,0.7803921568627452,0.3372932330827067,0.0,0.0,113,57,21,4381.709575653076,14.041900634765623,kc1,41
metacog,0.85,0.5,0.4594594594594595,0.0,0.5,0.15,0.1256927152500825,0.9318420358219308,1,1,1,9984.959363937378,4.082441329956055,kc1,41
classic,0.83,0.5980392156862745,0.6114285714285714,0.2333800140046683,0.6137254901960785,0.2536733506908945,0.0,0.0,131,66,21,3944.090843200684,12.314558029174805,kc1,42
metacog,0.85,0.5,0.4594594594594595,0.0,0.5,0.15,0.4075918145059893,0.9785440007918071,1,1,1,9823.99606704712,5.252361297607422,kc1,42
classic,0.86,0.615686274509804,0.6424923391215527,0.3237996905049435,0.7345098039215686,0.3316333103289625,0.0,0.0,79,40,21,4225.620985031128,9.663581848144531,kc1,43
metacog,0.85,0.5,0.4594594594594595,0.0,0.5,0.15,0.1229542097600687,0.990198122984075,1,1,1,9877.09617614746,2.115011215209961,kc1,43
classic,0.86,0.5882352941176471,0.6111111111111112,0.2891216547914559,0.6988235294117647,0.324,0.0,0.0,91,46,21,3281.034708023072,6.072521209716797,kc1,44
metacog,0.85,0.5,0.4594594594594595,0.0,0.5,0.15,0.0791953022771118,0.9873706305108996,1,1,1,6590.343475341797,2.0215511322021484,kc1,44
classic,0.85,0.6098039215686274,0.6315401621223287,0.2890440486553668,0.6835294117647059,0.2955555555555555,0.0,0.0,119,60,21,3182.102680206299,6.188631057739258,kc1,45
metacog,0.85,0.5,0.4594594594594595,0.0,0.5,0.15,0.1217570739595142,0.8922967991621396,1,1,1,6580.299854278564,2.4085044860839844,kc1,45
classic,0.84,0.5505952380952381,0.5555555555555556,0.1893100463546339,0.71875,0.2779656862745098,0.0,0.0,75,38,21,3255.895137786865,5.796194076538086,kc1,46
metacog,0.84,0.5,0.4565217391304347,0.0,0.5,0.16,0.0599182674273657,0.7966257963502936,1,1,1,6728.057622909546,2.506256103515625,kc1,46
classic,0.81,0.5580357142857143,0.5657142857142857,0.1486904285332952,0.6964285714285714,0.2675641025641025,0.0,0.0,113,57,21,3028.9101600646973,7.994890213012695,kc1,47
metacog,0.84,0.5,0.4565217391304347,0.0,0.5,0.16,0.018718358914512,0.8939973373983725,1,1,1,6502.480983734131,2.036094665527344,kc1,47
classic,0.85,0.53125,0.5178399228543876,0.2302830932359191,0.7622767857142857,0.3249038461538461,0.0,0.0,75,38,21,3116.8127059936523,11.192560195922852,kc1,48
metacog,0.84,0.5,0.4565217391304347,0.0,0.5,0.16,0.0992005487259218,0.9518877836773484,1,1,1,6619.956970214844,2.248048782348633,kc1,48
classic,0.84,0.5758928571428572,0.5914198161389173,0.2343100847284877,0.6815476190476191,0.2875892857142857,0.0,0.0,83,42,21,3028.8727283477783,7.859706878662109,kc1,49
metacog,0.84,0.5,0.4565217391304347,0.0,0.5,0.16,0.0695042321526216,0.8742738733128306,1,1,1,6572.368621826172,2.0797252655029297,kc1,49
classic,0.98,0.9814814814814814,0.9799277398635088,0.960645359210588,0.9814814814814814,0.9829629629629628,0.0,0.0,55,28,14,156.05831146240234,8.846044540405273,kr-vs-kp,0
metacog,0.88,0.8743961352657005,0.8776009791921664,0.7617834401336351,0.9134460547504026,0.8886062378167641,0.6080567790999549,1.0,9,5,5,1928.4734725952148,6.35528564453125,kr-vs-kp,0
classic,0.98,0.9787234042553192,0.9798711755233496,0.9605366005147504,0.9787234042553192,0.9636363636363636,0.0,0.0,57,29,13,163.76948356628418,9.387969970703123,kr-vs-kp,1
metacog,0.91,0.9066639903653152,0.9088976617066504,0.8224583900416235,0.9472099558410276,0.9225422045680238,0.6795657957906616,1.0,7,4,4,1654.7017097473145,9.452342987060549,kr-vs-kp,1
classic,0.98,0.9799277398635088,0.9799277398635088,0.9598554797270172,0.9799277398635088,0.972620149519402,0.0,0.0,61,31,15,154.80637550354004,8.802413940429688,kr-vs-kp,2
metacog,0.87,0.865315134484143,0.8677652324280338,0.7443529319489177,0.9098755519871538,0.8728070175438598,0.7083669851841936,1.0,7,4,4,1666.7213439941406,6.0939788818359375,kr-vs-kp,2
classic,0.99,0.9905660377358492,0.9899749373433584,0.9801488784360114,1.0,1.0,0.0,0.0,57,29,13,152.06623077392578,5.558013916015625,kr-vs-kp,3
metacog,0.93,0.927940586109996,0.9294283697953424,0.8605576800937125,0.9516258530710558,0.9262484040289404,0.6287915984993958,1.0,9,5,5,2171.1266040802,3.023862838745117,kr-vs-kp,3
classic,1.0,1.0,1.0,1.0,1.0,1.0,0.0,0.0,59,30,14,140.07806777954102,8.333921432495117,kr-vs-kp,4
metacog,0.95,0.946808510638298,0.949387589837028,0.9036487543102932,0.96487354476114,0.9430709173715032,0.7368327566031202,1.0,7,4,4,1615.837812423706,8.435726165771484,kr-vs-kp,4
classic,1.0,1.0,1.0,1.0,1.0,1.0,0.0,0.0,59,30,14,153.57089042663574,8.557796478271484,kr-vs-kp,5
metacog,0.91,0.9078683259735046,0.909265046879726,0.8201938114213995,0.9409875551987156,0.9108519038760868,0.6307015648028245,1.0,7,4,4,1587.538719177246,5.786657333374023,kr-vs-kp,5
classic,0.97,0.9680851063829788,0.9697550156265752,0.9412854174383384,0.9787234042553192,0.9636363636363636,0.0,0.0,59,30,14,159.58046913146973,8.064746856689453,kr-vs-kp,6
metacog,0.94,0.9385788839823364,0.9396135265700484,0.8799884579139329,0.9642713769570452,0.9474699828473414,0.6855975919750231,1.0,11,6,6,2218.0328369140625,6.408452987670898,kr-vs-kp,6
classic,0.98,0.9799277398635088,0.9799277398635088,0.9598554797270172,0.9799277398635088,0.972620149519402,0.0,0.0,47,24,13,127.46047973632812,8.735418319702148,kr-vs-kp,7
metacog,0.93,0.927940586109996,0.9294283697953424,0.8605576800937125,0.9763147330389402,0.9664570230607966,0.5909227148732754,1.0,13,7,7,2723.510503768921,7.158756256103516,kr-vs-kp,7
classic,0.99,0.9893617021276596,0.9899507587177168,0.9801014726900014,1.0,1.0,0.0,0.0,57,29,14,170.61209678649902,8.961200714111328,kr-vs-kp,8
metacog,0.95,0.9492171818546769,0.949753793588584,0.8996993830517732,0.96487354476114,0.9478703277598814,0.7459967852337744,1.0,7,4,4,1742.9752349853516,6.666660308837891,kr-vs-kp,8
classic,0.99,0.9893617021276596,0.9899507587177168,0.9801014726900014,1.0,1.0,0.0,0.0,59,30,14,145.80678939819336,8.430719375610352,kr-vs-kp,9
metacog,0.85,0.844038538739462,0.8465473145780051,0.7075160735960749,0.8994379767161782,0.8659029649595689,0.6471638306505201,1.0,7,4,4,1712.9793167114258,6.52623176574707,kr-vs-kp,9
classic,1.0,1.0,1.0,1.0,1.0,1.0,0.0,0.0,59,30,14,148.8196849822998,7.6808929443359375,kr-vs-kp,10
metacog,0.92,0.9162640901771336,0.9188311688311688,0.8406904165181995,0.9436392914653784,0.9180557628833492,0.601744636165736,1.0,11,6,6,2151.677370071411,6.271839141845703,kr-vs-kp,10
classic,1.0,1.0,1.0,1.0,1.0,1.0,0.0,0.0,59,30,14,158.55765342712402,8.126974105834961,kr-vs-kp,11
metacog,0.91,0.9078683259735046,0.909265046879726,0.8201938114213995,0.951224407868326,0.9303092637253512,0.6564679588366701,1.0,7,4,4,1580.3613662719729,6.221771240234375,kr-vs-kp,11
classic,0.96,0.9586511441188278,0.9597423510466988,0.9202625292143416,0.9795262946607788,0.972620149519402,0.0,0.0,59,30,14,155.72619438171387,6.441593170166016,kr-vs-kp,12
metacog,0.91,0.9066639903653152,0.9088976617066504,0.8224583900416235,0.9456041750301084,0.9212264150943396,0.7053823370064669,1.0,7,4,4,1625.3652572631836,6.795167922973633,kr-vs-kp,12
classic,0.99,0.9905660377358492,0.9899749373433584,0.9801488784360114,0.9905660377358492,0.991132075471698,0.0,0.0,49,25,13,156.79550170898438,8.240699768066406,kr-vs-kp,13
metacog,0.93,0.9291449217181856,0.9296553110240175,0.8594983382326592,0.958249698916098,0.9369728994955152,0.646172850805209,1.0,7,4,4,1590.618133544922,6.271600723266602,kr-vs-kp,13
classic,0.99,0.9893617021276596,0.9899507587177168,0.9801014726900014,0.9893617021276596,0.9814814814814816,0.0,0.0,59,30,14,166.32890701293945,8.350610733032227,kr-vs-kp,14
metacog,0.92,0.9173022882376556,0.9191919191919192,0.8413873339025498,0.9454034524287436,0.9183917704275202,0.7098878233038125,1.0,11,6,6,2118.9966201782227,6.522178649902344,kr-vs-kp,14
classic,0.97,0.9680851063829788,0.9697550156265752,0.9412854174383384,0.9893617021276596,0.9814814814814816,0.0,0.0,61,31,15,183.2559108734131,3.788471221923828,kr-vs-kp,15
metacog,0.94,0.9361702127659576,0.9391233766233766,0.8852275638978949,0.9590525893215576,0.934761752478414,0.6500516806339338,1.0,11,6,6,2076.7951011657715,8.239030838012695,kr-vs-kp,15
classic,0.98,0.9799277398635088,0.9799277398635088,0.9598554797270172,0.9799277398635088,0.972620149519402,0.0,0.0,53,27,13,142.01664924621582,6.407976150512695,kr-vs-kp,16
metacog,0.94,0.939783219590526,0.939783219590526,0.8795664391810518,0.9556403050983542,0.944315889403109,0.6960098634886576,1.0,11,6,6,2131.2403678894043,7.23576545715332,kr-vs-kp,16
classic,0.99,0.9905660377358492,0.9899749373433584,0.9801488784360114,0.9905660377358492,0.991132075471698,0.0,0.0,59,30,14,145.43700218200684,9.154319763183594,kr-vs-kp,17
metacog,0.6,0.6226415094339622,0.5477159656264134,0.3640181548900665,0.6226415094339622,0.6452830188679246,0.678777310993572,1.0,3,2,2,646.4333534240723,5.18798828125,kr-vs-kp,17
classic,0.97,0.9692894419911682,0.9698522761531504,0.9399004278708872,0.9795262946607788,0.972620149519402,0.0,0.0,55,28,13,154.70051765441897,8.804559707641602,kr-vs-kp,18
metacog,0.91,0.9066639903653152,0.9088976617066504,0.8224583900416235,0.9450020072260136,0.9195902774302254,0.7230253313465863,1.0,7,4,4,1503.7429332733154,6.356000900268555,kr-vs-kp,18
classic,1.0,1.0,1.0,1.0,1.0,1.0,0.0,0.0,57,29,14,140.5773162841797,8.080244064331055,kr-vs-kp,19
metacog,0.9,0.8948213568847851,0.898000815993472,0.8080165852327799,0.9263348052990767,0.8909522789819728,0.7032274519628862,1.0,7,4,4,1602.036952972412,6.055355072021484,kr-vs-kp,19
classic,0.99,0.9891304347826086,0.9899183385421918,0.9800379116648474,0.9891304347826088,0.9818181818181818,0.0,0.0,59,30,14,142.58766174316406,7.897138595581055,kr-vs-kp,20
metacog,0.86,0.8542673107890499,0.8572011423908609,0.7208273412017193,0.9082125603864736,0.8815261044176708,0.7002801567402164,1.0,7,4,4,1591.0494327545166,6.299495697021484,kr-vs-kp,20
classic,1.0,1.0,1.0,1.0,1.0,1.0,0.0,0.0,59,30,14,160.11595726013184,7.815837860107422,kr-vs-kp,21
metacog,0.95,0.9480128462464874,0.9495916927109588,0.9009215487660254,0.9686872741870736,0.9503563120776872,0.6740957821748252,1.0,7,4,4,1541.1701202392578,6.031274795532227,kr-vs-kp,21
classic,0.99,0.9905660377358492,0.9899749373433584,0.9801488784360114,0.9905660377358492,0.991132075471698,0.0,0.0,49,25,13,135.8199119567871,4.007577896118164,kr-vs-kp,22
metacog,0.61,0.6320754716981132,0.5623386825272135,0.3799494204346618,0.6320754716981132,0.6541509433962265,0.7070812192735597,1.0,3,2,2,668.5149669647217,5.2337646484375,kr-vs-kp,22
classic,0.96,0.9586511441188278,0.9597423510466988,0.9202625292143416,0.9899638699317544,0.991132075471698,0.0,0.0,57,29,14,149.7044563293457,7.757186889648437,kr-vs-kp,23
metacog,0.94,0.9385788839823364,0.9396135265700484,0.8799884579139329,0.9524287434765154,0.93630465941399,0.6679374615858705,1.0,9,5,5,1839.532852172852,7.97724723815918,kr-vs-kp,23
classic,1.0,1.0,1.0,1.0,1.0,1.0,0.0,0.0,59,30,14,153.4576416015625,10.478019714355469,kr-vs-kp,24
metacog,0.9,0.8960256924929747,0.898538961038961,0.8037524084540022,0.9313528703331996,0.9002798209146148,0.6580087121969503,1.0,7,4,4,1628.720760345459,6.110191345214844,kr-vs-kp,24
classic,1.0,1.0,1.0,1.0,1.0,1.0,0.0,0.0,59,30,14,153.9149284362793,3.639936447143554,kr-vs-kp,25
metacog,0.96,0.9574468085106382,0.9595959595959596,0.9223288763655176,0.9743075070252912,0.9576299238662694,0.6307385255312461,1.0,11,6,6,2109.978199005127,9.892463684082031,kr-vs-kp,25
classic,0.97,0.9680851063829788,0.9697550156265752,0.9412854174383384,0.9787234042553192,0.9636363636363636,0.0,0.0,57,29,13,166.6696071624756,10.03575325012207,kr-vs-kp,26
metacog,0.91,0.9078683259735046,0.909265046879726,0.8201938114213995,0.9361702127659576,0.9076569831286814,0.7020817576335622,1.0,7,4,4,1533.20050239563,6.664276123046875,kr-vs-kp,26
classic,1.0,1.0,1.0,1.0,1.0,1.0,0.0,0.0,59,30,14,154.45542335510254,3.853082656860352,kr-vs-kp,27
metacog,0.86,0.8546768366118025,0.8572011423908609,0.7258593320316837,0.909273384183059,0.875896118743809,0.6872478762754669,1.0,7,4,4,1508.2366466522217,8.242130279541016,kr-vs-kp,27
classic,0.99,0.9905660377358492,0.9899749373433584,0.9801488784360114,0.990365315134484,0.991132075471698,0.0,0.0,57,29,14,161.17596626281738,8.065938949584961,kr-vs-kp,28
metacog,0.91,0.9066639903653152,0.9088976617066504,0.8224583900416235,0.9423926134082696,0.9141447889008072,0.6684657490589179,1.0,7,4,4,1589.1234874725342,15.857934951782228,kr-vs-kp,28
classic,0.97,0.9692894419911682,0.9698522761531504,0.9399004278708872,0.9781212364512244,0.9626509933113708,0.0,0.0,59,30,15,147.41992950439453,8.298158645629883,kr-vs-kp,29
metacog,0.94,0.9373745483741468,0.9393939393939394,0.8818581051340337,0.963067041348856,0.9428115743905218,0.6759514605868934,1.0,7,4,4,1563.7757778167725,6.241559982299805,kr-vs-kp,29
classic,0.98,0.9782608695652174,0.9797979797979798,0.9603958811069554,0.9782608695652174,0.9642857142857144,0.0,0.0,57,29,13,154.33907508850098,9.353160858154297,kr-vs-kp,30
metacog,0.91,0.9053945249597424,0.908452853219408,0.8216100373961859,0.9301529790660226,0.8988553819062293,0.6815873812685872,1.0,11,6,6,2134.419202804565,6.436824798583984,kr-vs-kp,30
classic,0.99,0.9893617021276596,0.9899507587177168,0.9801014726900014,0.9893617021276596,0.9814814814814816,0.0,0.0,61,31,15,151.1824131011963,7.782936096191406,kr-vs-kp,31
metacog,0.93,0.9267362505018064,0.9291426257718391,0.8630535721759582,0.9544359694901646,0.9298787795774408,0.7479059764373487,1.0,7,4,4,1594.698429107666,6.14166259765625,kr-vs-kp,31
classic,0.98,0.9799277398635088,0.9799277398635088,0.9598554797270172,0.9901645925331192,0.991132075471698,0.0,0.0,57,29,14,143.82004737854004,8.295059204101562,kr-vs-kp,32
metacog,0.89,0.8853873946206343,0.8881090428237208,0.7852514446933637,0.923524688879968,0.8891815731438373,0.630361920148742,1.0,7,4,4,1560.335636138916,6.26826286315918,kr-vs-kp,32
classic,0.99,0.9893617021276596,0.9899507587177168,0.9801014726900014,0.9893617021276596,0.9814814814814816,0.0,0.0,57,29,14,146.56686782836914,7.270336151123047,kr-vs-kp,33
metacog,0.91,0.9054596547571256,0.908452853219408,0.8261499574378097,0.9425933360096348,0.9139622641509434,0.7352039432626413,1.0,7,4,4,1570.5721378326416,6.029605865478516,kr-vs-kp,33
classic,0.99,0.9905660377358492,0.9899749373433584,0.9801488784360114,0.9905660377358492,0.991132075471698,0.0,0.0,49,25,13,129.60243225097656,7.753610610961914,kr-vs-kp,34
metacog,0.93,0.930349257326375,0.9298245614035088,0.8598360046509037,0.9546366920915296,0.9394913262837792,0.7315578396905928,1.0,7,4,4,1568.6891078948977,6.319522857666016,kr-vs-kp,34
classic,0.97,0.9680851063829788,0.9697550156265752,0.9412854174383384,0.9680851063829788,0.9464285714285714,0.0,0.0,55,28,12,131.93392753601074,4.487037658691406,kr-vs-kp,35
metacog,0.93,0.927940586109996,0.9294283697953424,0.8605576800937125,0.958249698916098,0.9376990933594708,0.655421291505882,1.0,11,6,6,2096.652030944824,4.215240478515625,kr-vs-kp,35
classic,0.99,0.9905660377358492,0.9899749373433584,0.9801488784360114,1.0,1.0,0.0,0.0,59,30,14,153.1050205230713,7.977008819580078,kr-vs-kp,36
metacog,0.88,0.8747490967482938,0.8776009791921664,0.7669379586322318,0.9273384183059012,0.8978806375706226,0.6107093834822874,1.0,7,4,4,1603.8100719451904,6.239652633666992,kr-vs-kp,36
classic,0.97,0.9704937775993576,0.9699248120300752,0.9400445871743088,0.9704937775993576,0.9637590711175616,0.0,0.0,55,28,13,154.45280075073242,8.632183074951172,kr-vs-kp,37
metacog,0.9,0.8960256924929747,0.898538961038961,0.8037524084540022,0.9263348052990767,0.9007478161345162,0.6824502201375124,1.0,9,5,5,1855.594158172608,4.553079605102539,kr-vs-kp,37
classic,1.0,1.0,1.0,1.0,1.0,1.0,0.0,0.0,59,30,14,155.02047538757324,7.866859436035156,kr-vs-kp,38
metacog,0.94,0.939783219590526,0.939783219590526,0.8795664391810518,0.962665596146126,0.9444220644170056,0.6835782350861248,1.0,7,4,4,1540.91215133667,6.510734558105469,kr-vs-kp,38
classic,0.98,0.9787234042553192,0.9798711755233496,0.9605366005147504,0.9893617021276596,0.9814814814814816,0.0,0.0,59,30,14,163.66147994995117,7.799386978149414,kr-vs-kp,39
metacog,0.65,0.6698113207547169,0.6178622120318812,0.4412048933753275,0.6698113207547169,0.689622641509434,0.7749975725069546,1.0,3,2,2,643.8491344451904,4.941463470458984,kr-vs-kp,39
classic,0.98,0.9798711755233496,0.9798711755233496,0.9597423510466988,0.979669887278583,0.9733058984910836,0.0,0.0,57,29,13,148.34260940551758,7.922649383544922,kr-vs-kp,40
metacog,0.91,0.9053945249597424,0.908452853219408,0.8216100373961859,0.9353864734299516,0.9073108310396446,0.7152342625079948,1.0,7,4,4,1558.8443279266355,6.246805191040039,kr-vs-kp,40
classic,0.99,0.9893617021276596,0.9899507587177168,0.9801014726900014,0.9893617021276596,0.9814814814814816,0.0,0.0,61,31,15,156.07714653015137,8.70060920715332,kr-vs-kp,41
metacog,0.98,0.9787234042553192,0.9798711755233496,0.9605366005147504,0.9855479727017262,0.9753001715265868,0.7185267113656417,1.0,7,4,4,1502.439022064209,6.014347076416016,kr-vs-kp,41
classic,0.98,0.9799277398635088,0.9799277398635088,0.9598554797270172,0.990365315134484,0.991132075471698,0.0,0.0,49,25,13,115.04888534545898,3.7734508514404297,kr-vs-kp,42
metacog,0.93,0.9291449217181856,0.9296553110240175,0.8594983382326592,0.951224407868326,0.9321583540539222,0.6542486922926897,1.0,11,6,6,2008.8937282562256,6.295680999755859,kr-vs-kp,42
classic,0.98,0.9799277398635088,0.9799277398635088,0.9598554797270172,0.990365315134484,0.991132075471698,0.0,0.0,57,29,14,159.21592712402344,8.880615234375,kr-vs-kp,43
metacog,0.92,0.9173022882376556,0.9191919191919192,0.8413873339025498,0.9510236852669612,0.926106297016773,0.6774609008430168,1.0,11,6,6,1924.5295524597168,3.409862518310547,kr-vs-kp,43
classic,0.99,0.9893617021276596,0.9899507587177168,0.9801014726900014,1.0,1.0,0.0,0.0,59,30,14,151.4430046081543,7.837772369384766,kr-vs-kp,44
metacog,0.9,0.8972300281011643,0.898989898989899,0.8009165626710659,0.9355680449618629,0.9064051638530288,0.7040645707825143,1.0,7,4,4,1444.6110725402832,5.831003189086914,kr-vs-kp,44
classic,0.99,0.9905660377358492,0.9899749373433584,0.9801488784360114,0.9905660377358492,0.991132075471698,0.0,0.0,59,30,14,167.77920722961426,10.050296783447266,kr-vs-kp,45
metacog,0.88,0.8759534323564833,0.8782467532467533,0.7630148307320558,0.923524688879968,0.8912951710905022,0.6548842862584395,1.0,7,4,4,1379.7380924224854,4.006862640380859,kr-vs-kp,45
classic,0.98,0.9799277398635088,0.9799277398635088,0.9598554797270172,0.9799277398635088,0.972620149519402,0.0,0.0,55,28,14,127.7310848236084,4.212617874145508,kr-vs-kp,46
metacog,0.92,0.916097952629466,0.9188311688311688,0.8444899861759485,0.9407868325973504,0.9172593540134316,0.6879427981206078,1.0,9,5,5,1489.5117282867432,3.5562515258789062,kr-vs-kp,46
classic,0.99,0.9893617021276596,0.9899507587177168,0.9801014726900014,0.9893617021276596,0.9814814814814816,0.0,0.0,59,30,14,143.45240592956543,3.8454532623291016,kr-vs-kp,47
metacog,0.92,0.918506623845845,0.9194847020933976,0.839714386613524,0.939783219590526,0.9090943812890188,0.7487702164609334,1.0,11,6,6,1518.789529800415,2.699136734008789,kr-vs-kp,47
classic,1.0,1.0,1.0,1.0,1.0,1.0,0.0,0.0,57,29,13,138.18717002868652,7.826328277587891,kr-vs-kp,48
metacog,0.88,0.8771577679646728,0.8787878787878788,0.760445791439582,0.93014853472501,0.9030122476001324,0.6475745325575408,1.0,7,4,4,1123.406171798706,2.90822982788086,kr-vs-kp,48
classic,0.98,0.9787234042553192,0.9798711755233496,0.9605366005147504,0.9787234042553192,0.9636363636363636,0.0,0.0,57,29,14,149.4650840759277,7.896661758422852,kr-vs-kp,49
metacog,0.86,0.8522681653954236,0.8553121124431583,0.7372241553160819,0.9008430349257326,0.8617148316216863,0.6783750087726145,1.0,7,4,4,1090.4297828674316,2.876758575439453,kr-vs-kp,49
classic,0.37,0.3653846153846153,0.3767666361416361,0.4141403387058265,0.7692089991843706,,0.0,0.0,119,60,21,887.3870372772217,13.035058975219728,letter,0
metacog,0.05,0.0384615384615384,0.0036630036630036,0.0,0.5,,0.1539503567921095,0.9742170085371132,1,1,1,1588.51957321167,5.535125732421875,letter,0
classic,0.39,0.3987179487179487,0.3910204752512444,0.4012873298344104,0.8264673428652421,,0.0,0.0,149,75,21,1020.8923816680908,17.291784286499023,letter,1
metacog,0.05,0.0384615384615384,0.0036630036630036,0.0,0.5,,0.09720222711282,0.9824775699560406,1,1,1,1610.3708744049072,4.442930221557617,letter,1
classic,0.28,0.2974358974358974,0.3103154909606522,0.3063941457494906,0.7773556214087957,,0.0,0.0,119,60,21,845.5748558044434,17.006874084472656,letter,2
metacog,0.05,0.0384615384615384,0.0036630036630036,0.0,0.5,,0.0768100108929322,0.3805681786568659,1,1,1,1616.6582107543943,15.841007232666016,letter,2
classic,0.29,0.2916666666666666,0.2929175399763635,0.3134115325044776,0.7959761282729525,,0.0,0.0,103,52,21,854.0487289428711,17.572402954101562,letter,3
metacog,0.05,0.0384615384615384,0.0036630036630036,0.0,0.5,,0.0521572729273227,1.0,1,1,1,1565.260887145996,5.325555801391602,letter,3
classic,0.37,0.3525641025641025,0.3331250448897507,0.3828301604050358,0.8206256695465866,,0.0,0.0,123,62,21,885.6182098388672,18.51844787597656,letter,4
metacog,0.05,0.0384615384615384,0.0036630036630036,0.0,0.5,,0.1504455535276146,0.4563946783961732,1,1,1,1575.6025314331057,6.642341613769531,letter,4
classic,0.49,0.4794871794871795,0.4358282742898127,0.5003105956846334,0.8875520300739458,,0.0,0.0,139,70,21,981.7111492156982,16.67499542236328,letter,5
metacog,0.04,0.0384615384615384,0.0029585798816568,0.0,0.5,,0.2657892846015593,0.4810781618892158,1,1,1,1615.5357360839844,5.361795425415039,letter,5
classic,0.3,0.2897435897435897,0.2926212676212676,0.3320407288899704,0.7540399484536083,,0.0,0.0,95,48,21,805.2022457122803,16.172170639038086,letter,6
metacog,0.05,0.0384615384615384,0.0036630036630036,0.0,0.5,,0.0915187350958155,0.9611447325646262,1,1,1,1589.698314666748,4.829645156860352,letter,6
classic,0.31,0.307051282051282,0.306608175252243,0.3267248305421388,0.7685719625627809,,0.0,0.0,101,51,21,806.8361282348633,16.176462173461914,letter,7
metacog,0.05,0.0384615384615384,0.0036630036630036,0.0,0.5,,0.1175833865283986,0.9707943596161228,1,1,1,1575.4823684692385,4.761695861816406,letter,7
classic,0.32,0.3108974358974358,0.2724664224664224,0.3224230593117217,0.7916548365610697,,0.0,0.0,137,69,21,915.6758785247804,19.95468139648437,letter,8
metacog,0.05,0.0384615384615384,0.0036630036630036,0.0,0.5,,0.1244572263062891,0.9934025847460672,1,1,1,1634.4711780548096,8.812189102172852,letter,8
classic,0.27,0.2512820512820513,0.2562444091855856,0.2973314858541455,0.7378217258302378,,0.0,0.0,93,47,21,812.6840591430664,15.74993133544922,letter,9
metacog,0.05,0.0384615384615384,0.0036630036630036,0.0,0.5,,0.1759538213180706,0.2439976367343032,1,1,1,1567.819595336914,7.30443000793457,letter,9
classic,0.35,0.3544871794871795,0.3294743717820641,0.3608442034994399,0.7931061798715165,,0.0,0.0,91,46,21,745.8286285400391,16.357421875,letter,10
metacog,0.05,0.0384615384615384,0.0036630036630036,0.0,0.5,,0.3119568643110762,0.966760211954018,1,1,1,1517.8954601287842,4.774093627929688,letter,10
classic,0.32,0.3262820512820513,0.3129162428617963,0.3395613408601492,0.7973820032833868,,0.0,0.0,85,43,21,803.4589290618896,16.393184661865234,letter,11
metacog,0.05,0.0384615384615384,0.0036630036630036,0.0,0.5,,0.1142131936861032,0.1667219064422432,1,1,1,1546.149492263794,5.342006683349609,letter,11
classic,0.33,0.3141025641025641,0.3111485288904644,0.360669010095465,0.7891729164927586,,0.0,0.0,91,46,21,792.1662330627441,15.958309173583984,letter,12
metacog,0.05,0.0384615384615384,0.0036630036630036,0.0,0.5,,0.1667175776918535,0.4726590440025342,1,1,1,1539.792776107788,4.787683486938477,letter,12
classic,0.38,0.3737179487179487,0.3590518455903071,0.3881953088548925,0.8292037395481169,,0.0,0.0,117,59,21,911.5362167358398,10.56194305419922,letter,13
metacog,0.05,0.0384615384615384,0.0036630036630036,0.0,0.5,,0.1140060275341277,0.39354236176419,1,1,1,1570.387601852417,6.173372268676758,letter,13
classic,0.33,0.330128205128205,0.3251783304414883,0.3549707516780004,0.8105163867179347,,0.0,0.0,125,63,21,982.3362827301024,16.40486717224121,letter,14
metacog,0.05,0.0384615384615384,0.0036630036630036,0.0,0.5,,0.18046932879921,0.9728834403419092,1,1,1,1546.410083770752,4.810810089111328,letter,14
classic,0.3,0.2955128205128204,0.3038598217702695,0.3454357836083429,0.7504571590181839,,0.0,0.0,117,59,21,873.6896514892578,16.027450561523438,letter,15
metacog,0.04,0.0384615384615384,0.0029585798816568,0.0,0.5,,0.147577010462059,0.9923936551410116,1,1,1,1548.2959747314453,4.857063293457031,letter,15
classic,0.28,0.2743589743589743,0.2508923700413062,0.2791959117027144,0.8061100962842773,,0.0,0.0,121,61,21,892.1980857849121,16.726255416870117,letter,16
metacog,0.05,0.0384615384615384,0.0036630036630036,0.0,0.5,,0.0816575063556328,0.1251579137554066,1,1,1,1572.288990020752,5.542755126953125,letter,16
classic,0.33,0.3243589743589744,0.3259573759573759,0.3608920016884724,0.7553165542350126,,0.0,0.0,121,61,21,913.0959510803224,15.941858291625977,letter,17
metacog,0.05,0.0384615384615384,0.0036630036630036,0.0,0.5,,0.0754178935267614,0.3054591496430432,1,1,1,1531.8365097045898,4.900932312011719,letter,17
classic,0.44,0.4307692307692308,0.4439641918365322,0.4527962049396142,0.8468643035585097,,0.0,0.0,157,79,21,1016.0338878631592,18.897056579589844,letter,18
metacog,0.05,0.0384615384615384,0.0036630036630036,0.0,0.5,,0.1685748428372838,0.2050127253658164,1,1,1,1564.158916473389,4.939794540405273,letter,18
classic,0.38,0.3641025641025641,0.338033078033078,0.3897107539553785,0.818451186575678,,0.0,0.0,125,63,21,862.4203205108643,15.835046768188477,letter,19
metacog,0.05,0.0384615384615384,0.0036630036630036,0.0,0.5,,0.0769391744785478,0.1287039037445291,1,1,1,1560.7619285583496,4.77910041809082,letter,19
classic,0.33,0.3230769230769231,0.31498778998779,0.3611449350096537,0.7991728088870571,,0.0,0.0,125,63,21,874.6609687805176,16.03531837463379,letter,20
metacog,0.05,0.0384615384615384,0.0036630036630036,0.0,0.5,,0.1426860528715306,0.0727044038563424,1,1,1,1561.1588954925537,4.865646362304688,letter,20
classic,0.32,0.3179487179487179,0.3039681710948679,0.3295009839433842,0.8099231814853847,,0.0,0.0,115,58,21,868.9377307891846,16.767024993896484,letter,21
metacog,0.05,0.0384615384615384,0.0036630036630036,0.0,0.5,,0.1848770485724477,0.4876816993221896,1,1,1,1565.6421184539795,4.903078079223633,letter,21
classic,0.28,0.2628205128205128,0.2679218217679756,0.3017222593573238,0.7015662020708989,,0.0,0.0,103,52,21,810.7049465179443,16.23249053955078,letter,22
metacog,0.05,0.0384615384615384,0.0036630036630036,0.0,0.5,,0.0271955855584473,0.987241738152531,1,1,1,1488.194465637207,4.813432693481445,letter,22
classic,0.35,0.3564102564102563,0.3360643312655696,0.3620974667723127,0.8208379853777982,,0.0,0.0,109,55,21,994.4908618927002,31.56447410583496,letter,23
metacog,0.05,0.0384615384615384,0.0036630036630036,0.0,0.5,,0.071519393503876,0.9957812952777064,1,1,1,1812.262773513794,4.815340042114258,letter,23
classic,0.31,0.3185897435897435,0.314943176481638,0.3194254017346706,0.7559972765975207,,0.0,0.0,129,65,21,944.8585510253906,15.814781188964844,letter,24
metacog,0.05,0.0384615384615384,0.0036630036630036,0.0,0.5,,0.0708494129581319,0.0369001456663577,1,1,1,1585.1192474365234,4.737138748168945,letter,24
classic,0.37,0.366025641025641,0.3810391363022942,0.4035357898976218,0.7937794763537015,,0.0,0.0,125,63,21,992.7070140838624,15.9759521484375,letter,25
metacog,0.04,0.0384615384615384,0.0029585798816568,0.0,0.5,,0.2192080481902359,0.4765069085134146,1,1,1,1581.7742347717283,4.858970642089844,letter,25
classic,0.23,0.2384615384615384,0.2292532604008014,0.2436585472016154,0.7013635664051088,,0.0,0.0,111,56,21,812.3762607574463,15.87057113647461,letter,26
metacog,0.05,0.0384615384615384,0.0036630036630036,0.0,0.5,,0.1268574586838129,0.4708265568295604,1,1,1,1479.3806076049805,5.7277679443359375,letter,26
classic,0.32,0.3083333333333333,0.2770757020757021,0.3322895149259569,0.7845073517519512,,0.0,0.0,133,67,21,1107.9473495483398,17.21811294555664,letter,27
metacog,0.05,0.0384615384615384,0.0036630036630036,0.0,0.5,,0.0894586490314859,0.9781153343879644,1,1,1,1733.438491821289,4.871606826782227,letter,27
classic,0.31,0.3019230769230769,0.3003062297179944,0.3275693579437403,0.7795799529926124,,0.0,0.0,115,58,21,1106.501579284668,18.22781562805176,letter,28
metacog,0.05,0.0384615384615384,0.0036630036630036,0.0,0.5,,0.1035294132064223,0.9849061100653088,1,1,1,1708.2571983337402,4.763126373291016,letter,28
classic,0.38,0.3705128205128205,0.3515734265734266,0.3906195755316737,0.8337710472404246,,0.0,0.0,107,54,21,914.6108627319336,17.009735107421875,letter,29
metacog,0.05,0.0384615384615384,0.0036630036630036,0.0,0.5,,0.0743197220596123,0.3477558579756651,1,1,1,1586.0161781311035,4.837274551391602,letter,29
classic,0.38,0.3525641025641025,0.3493052698935051,0.3920716451022264,0.8291514040478872,,0.0,0.0,125,63,21,974.4305610656738,16.277790069580078,letter,30
metacog,0.05,0.0384615384615384,0.0036630036630036,0.0,0.5,,0.0874581351091525,0.354958672504809,1,1,1,1567.995309829712,5.107879638671875,letter,30
classic,0.44,0.4365384615384615,0.4483771417837351,0.4565320969843627,0.8365957012500522,,0.0,0.0,121,61,21,1058.171033859253,16.438961029052734,letter,31
metacog,0.05,0.0384615384615384,0.0036630036630036,0.0,0.5,,0.082310484257547,0.0435008534028234,1,1,1,1710.2248668670654,5.817413330078125,letter,31
classic,0.2,0.2012820512820512,0.1874542124542124,0.2063396075518372,0.7454059191396414,,0.0,0.0,99,50,21,772.8288173675537,14.081478118896484,letter,32
metacog,0.05,0.0384615384615384,0.0036630036630036,0.0,0.5,,0.0769599069307024,0.3297393357073039,1,1,1,1500.0052452087402,4.085302352905273,letter,32
classic,0.32,0.3314102564102564,0.3554487179487179,0.360766838747289,0.758415877775575,,0.0,0.0,133,67,21,928.1458854675292,13.835430145263672,letter,33
metacog,0.05,0.0384615384615384,0.0036630036630036,0.0,0.5,,0.0609982317208966,0.9766490002463184,1,1,1,1562.5669956207275,5.136728286743164,letter,33
classic,0.32,0.3115384615384615,0.3053981106612685,0.3423324708092217,0.7872938318238101,,0.0,0.0,113,57,21,890.7177448272705,17.063379287719727,letter,34
metacog,0.05,0.0384615384615384,0.0036630036630036,0.0,0.5,,0.2271605810817093,0.961480063156537,1,1,1,1505.4614543914795,5.987405776977539,letter,34
classic,0.4,0.3891025641025641,0.369121388917769,0.4098732520992801,0.8386296294363984,,0.0,0.0,129,65,21,916.3894653320312,17.49444007873535,letter,35
metacog,0.04,0.0384615384615384,0.0029585798816568,0.0,0.5,,0.0418848306500936,0.9750790099788732,1,1,1,1588.160276412964,5.160808563232422,letter,35
classic,0.34,0.3378205128205128,0.3190058130275522,0.3440145020572367,0.8229391779967862,,0.0,0.0,117,59,21,857.2933673858643,16.679048538208008,letter,36
metacog,0.05,0.0384615384615384,0.0036630036630036,0.0,0.5,,0.0991790486595523,0.212248802795107,1,1,1,1579.2298316955566,6.593227386474609,letter,36
classic,0.41,0.4019230769230769,0.4052302100602638,0.4120445633902225,0.8219795742640204,,0.0,0.0,147,74,21,1013.0834579467772,16.598224639892578,letter,37
metacog,0.05,0.0384615384615384,0.0036630036630036,0.0,0.5,,0.1023909291728977,0.9919654880772024,1,1,1,1499.3226528167725,2.4900436401367188,letter,37
classic,0.37,0.3608974358974359,0.370960520960521,0.3867134258092105,0.8013942394646411,,0.0,0.0,155,78,21,994.3451881408693,16.707658767700195,letter,38
metacog,0.05,0.0384615384615384,0.0036630036630036,0.0,0.5,,0.1664525621745511,0.4130819790920056,1,1,1,1603.7859916687012,4.758596420288086,letter,38
classic,0.41,0.3942307692307692,0.4006211180124223,0.4165548642179967,0.8438968089583594,,0.0,0.0,139,70,21,913.8133525848388,15.91944694519043,letter,39
metacog,0.05,0.0384615384615384,0.0036630036630036,0.0,0.5,,0.1738039612607036,0.2176984478903921,1,1,1,1568.035364151001,4.643440246582031,letter,39
classic,0.35,0.3230769230769231,0.3178670744460218,0.3689292271664,0.7952476528913979,,0.0,0.0,117,59,21,850.9101867675781,16.035079956054688,letter,40
metacog,0.05,0.0384615384615384,0.0036630036630036,0.0,0.5,,0.0159276802753366,0.9951809952970796,1,1,1,1510.2500915527344,4.815101623535156,letter,40
classic,0.45,0.4532051282051282,0.4684881357958281,0.4756604349507331,0.8433982989168997,,0.0,0.0,151,76,21,1027.278184890747,16.95871353149414,letter,41
metacog,0.05,0.0384615384615384,0.0036630036630036,0.0,0.5,,0.0558252604533643,0.962975564693484,1,1,1,1485.2468967437744,5.035877227783203,letter,41
classic,0.33,0.3115384615384615,0.2982826876492035,0.3363683627759515,0.8138276250139127,,0.0,0.0,127,64,21,913.1362438201904,16.396760940551758,letter,42
metacog,0.05,0.0384615384615384,0.0036630036630036,0.0,0.5,,0.0572926715283283,0.9753963723867158,1,1,1,1508.570909500122,4.849910736083984,letter,42
classic,0.28,0.2897435897435897,0.2850306238970206,0.3148741154367411,0.7657298851249356,,0.0,0.0,99,50,21,784.3141555786133,15.891075134277344,letter,43
metacog,0.05,0.0384615384615384,0.0036630036630036,0.0,0.5,,0.2163030216550363,0.9768217144065952,1,1,1,1537.580966949463,3.661632537841797,letter,43
classic,0.32,0.330128205128205,0.3318986568986569,0.3288214151543998,0.8101807525790586,,0.0,0.0,125,63,21,839.8571014404297,16.608715057373047,letter,44
metacog,0.05,0.0384615384615384,0.0036630036630036,0.0,0.5,,0.1658411861257689,0.2550318666490288,1,1,1,1093.7447547912598,3.3712387084960938,letter,44
classic,0.35,0.3455128205128205,0.359385268819231,0.3692761154766372,0.8010269029470484,,0.0,0.0,129,65,21,771.4450359344482,8.609294891357422,letter,45
metacog,0.04,0.0384615384615384,0.0029585798816568,0.0,0.5,,0.1321471978655519,0.9809483637021228,1,1,1,1122.8792667388916,4.85539436340332,letter,45
classic,0.31,0.3108974358974358,0.3037240537240537,0.3269772264768019,0.7690772615457657,,0.0,0.0,111,56,21,703.7887573242188,9.570598602294922,letter,46
metacog,0.05,0.0384615384615384,0.0036630036630036,0.0,0.5,,0.1533595942846075,0.2689506212383046,1,1,1,1052.5715351104736,2.464532852172852,letter,46
classic,0.36,0.3519230769230769,0.354042373527134,0.3726543440324212,0.8167608857840479,,0.0,0.0,129,65,21,693.3913230895996,8.133411407470703,letter,47
metacog,0.05,0.0384615384615384,0.0036630036630036,0.0,0.5,,0.1341872187628637,0.9749845547489884,1,1,1,1118.5569763183594,3.769874572753906,letter,47
classic,0.3,0.291025641025641,0.2797457444516267,0.3114893448353083,0.8171734460432406,,0.0,0.0,99,50,21,640.7370567321777,7.745742797851562,letter,48
metacog,0.05,0.0384615384615384,0.0036630036630036,0.0,0.5,,0.1216700001188394,0.1377323231129146,1,1,1,1078.6666870117188,3.326416015625,letter,48
classic,0.42,0.3967948717948718,0.3722027972027972,0.4239846074702114,0.8272770648990638,,0.0,0.0,145,73,21,683.6438179016113,10.940074920654297,letter,49
metacog,0.05,0.0384615384615384,0.0036630036630036,0.0,0.5,,0.0745030718475896,1.0,1,1,1,1100.1615524291992,2.582550048828125,letter,49
classic,1.0,1.0,1.0,1.0,1.0,1.0,0.0,0.0,29,15,10,147.11809158325195,63.76051902770996,mushroom,0
metacog,0.948339483394834,0.9464285714285714,0.94794245709895,0.9010347509051936,0.947701051917204,0.9451610033801816,0.8614359948203848,1.0,9,5,4,4140.042304992676,45.63260078430176,mushroom,0
classic,1.0,1.0,1.0,1.0,1.0,1.0,0.0,0.0,31,16,10,158.42771530151367,63.532352447509766,mushroom,1
metacog,0.959409594095941,0.957908163265306,0.959172151417158,0.9215466235888397,0.9589079693635174,0.9569122169415712,0.8955807931539294,1.0,9,5,4,4016.2858963012695,51.99241638183594,mushroom,1
classic,1.0,1.0,1.0,1.0,1.0,1.0,0.0,0.0,29,15,10,161.6661548614502,64.54038619995117,mushroom,2
metacog,0.956949569495695,0.9553571428571428,0.9566811240528992,0.916958543187647,0.9563115032236172,0.9542466240227434,0.8614359948203848,1.0,9,5,4,3947.060823440552,47.92451858520508,mushroom,2
classic,1.0,1.0,1.0,1.0,1.0,1.0,0.0,0.0,29,15,10,150.2683162689209,60.69350242614746,mushroom,3
metacog,0.956949569495695,0.9553571428571428,0.9566811240528992,0.916958543187647,0.9566296233457752,0.9544096664883182,0.9682776536618032,1.0,9,5,4,4039.060592651367,49.25680160522461,mushroom,3
classic,1.0,1.0,1.0,1.0,1.0,1.0,0.0,0.0,29,15,10,132.88331031799316,65.10472297668457,mushroom,4
metacog,0.9642857142857144,0.9630102040816326,0.964108856186985,0.9307043713176012,0.9639789844509232,0.9622251522331778,1.0,1.0,9,5,4,3970.729112625122,46.56672477722168,mushroom,4
classic,1.0,1.0,1.0,1.0,1.0,1.0,0.0,0.0,29,15,10,146.1961269378662,62.05463409423828,mushroom,5
metacog,0.9655172413793104,0.9642857142857144,0.9653524492234168,0.9330250341152236,0.9654761904761904,0.9636591478696742,0.9454798996961764,1.0,9,5,4,4051.545858383178,51.49102210998535,mushroom,5
classic,1.0,1.0,1.0,1.0,1.0,1.0,0.0,0.0,31,16,10,154.21724319458008,58.23707580566406,mushroom,6
metacog,0.9507389162561576,0.948849104859335,0.9503700851409748,0.9054318444407962,0.95006409049213,0.9475735214393683,0.9454798996961764,1.0,9,5,4,3978.785276412964,53.0247688293457,mushroom,6
classic,1.0,1.0,1.0,1.0,1.0,1.0,0.0,0.0,31,16,10,153.7623405456543,65.10066986083984,mushroom,7
metacog,0.9532019704433498,0.9514066496163682,0.9528714565004888,0.9099838383215918,0.9519837677919458,0.9499012794062186,0.8828324877094239,1.0,9,5,4,4014.392375946045,50.39262771606445,mushroom,7
classic,1.0,1.0,1.0,1.0,1.0,1.0,0.0,0.0,29,15,10,145.1258659362793,60.6236457824707,mushroom,8
metacog,0.9630541871921182,0.9616368286445012,0.9628513566269764,0.928363376127324,0.9624569439466378,0.9606335576626016,0.9454798996961764,1.0,9,5,4,4025.693416595459,52.43086814880371,mushroom,8
classic,1.0,1.0,1.0,1.0,1.0,1.0,0.0,0.0,29,15,10,148.6656665802002,65.0637149810791,mushroom,9
metacog,0.9532019704433498,0.9514066496163682,0.9528714565004888,0.9099838383215918,0.9520991914270612,0.9499597012178482,0.9682776536618032,1.0,9,5,4,3936.311721801758,44.36182975769043,mushroom,9
classic,1.0,1.0,1.0,1.0,1.0,1.0,0.0,0.0,29,15,10,156.35323524475098,63.869476318359375,mushroom,10
metacog,0.9618696186961868,0.9604591836734694,0.9616608023803984,0.9261522751918584,0.961398395462698,0.9595235977329912,0.8614359948203848,1.0,9,5,4,4096.613883972168,50.28486251831055,mushroom,10
classic,1.0,1.0,1.0,1.0,1.0,1.0,0.0,0.0,29,15,10,163.6962890625,63.07673454284668,mushroom,11
metacog,0.955719557195572,0.9540816326530612,0.9554346899248414,0.914671007437406,0.9551723302147462,0.9529951457544412,1.0,1.0,9,5,4,3967.8218364715576,49.98612403869629,mushroom,11
classic,1.0,1.0,1.0,1.0,1.0,1.0,0.0,0.0,31,16,10,177.03843116760254,65.46306610107422,mushroom,12
metacog,0.953259532595326,0.951530612244898,0.9529399220082866,0.9101087769387848,0.9525667749284986,0.9503249060818356,0.8955807931539294,1.0,9,5,4,3940.25468826294,46.81277275085449,mushroom,12
classic,1.0,1.0,1.0,1.0,1.0,1.0,0.0,0.0,29,15,10,161.3483428955078,59.33785438537598,mushroom,13
metacog,0.958179581795818,0.9566326530612244,0.9579269406392694,0.919250403984348,0.9576627563139268,0.9556065265458612,1.0,1.0,9,5,4,3991.845607757568,53.29036712646485,mushroom,13
classic,1.0,1.0,1.0,1.0,1.0,1.0,0.0,0.0,29,15,10,169.30770874023438,68.39323043823242,mushroom,14
metacog,0.955665024630542,0.9540816326530612,0.955387883671526,0.9145852422893854,0.9551749271137028,0.9530510458547508,0.8715109243974288,1.0,9,5,4,3978.429794311523,51.9564151763916,mushroom,14
classic,1.0,1.0,1.0,1.0,1.0,1.0,0.0,0.0,31,16,10,189.29481506347656,60.55736541748047,mushroom,15
metacog,0.956896551724138,0.9553571428571428,0.9566355140186916,0.91687476825319,0.9559948979591836,0.9541386033321516,0.9454798996961764,1.0,9,5,4,3912.794828414917,53.25770378112793,mushroom,15
classic,1.0,1.0,1.0,1.0,1.0,1.0,0.0,0.0,29,15,10,174.7891902923584,66.81370735168457,mushroom,16
metacog,0.9544334975369458,0.9526854219948848,0.9541211413213612,0.9122661515510182,0.9544836007314214,0.9518532560500712,0.9264403551989584,1.0,9,5,4,3855.582237243652,48.78783226013184,mushroom,16
classic,1.0,1.0,1.0,1.0,1.0,1.0,0.0,0.0,29,15,10,154.19411659240723,56.795597076416016,mushroom,17
metacog,0.9655172413793104,0.9641943734015346,0.9653404067197172,0.9330025081355824,0.9649598143501954,0.9632579871517616,0.9099990290027818,1.0,9,5,4,3964.1056060791016,66.09702110290527,mushroom,17
classic,1.0,1.0,1.0,1.0,1.0,1.0,0.0,0.0,29,15,10,161.09013557434082,55.57966232299805,mushroom,18
metacog,0.9544334975369458,0.9526854219948848,0.9541211413213612,0.9122661515510182,0.9534721251921195,0.9513335769090244,1.0,1.0,9,5,4,3911.988019943237,40.68994522094727,mushroom,18
classic,1.0,1.0,1.0,1.0,1.0,1.0,0.0,0.0,29,15,10,170.51267623901367,60.18352508544922,mushroom,19
metacog,0.955665024630542,0.9539641943734016,0.9553701747207582,0.9145527199665736,0.9549483327359654,0.9527602691951218,0.9099990290027818,1.0,9,5,4,3873.662233352661,49.52645301818848,mushroom,19
classic,1.0,1.0,1.0,1.0,1.0,1.0,0.0,0.0,29,15,10,157.35554695129397,65.99259376525879,mushroom,20
metacog,0.96309963099631,0.9617346938775512,0.9629042659333706,0.9284617756459844,0.9623709341218674,0.9606902314275586,0.9099990290027818,1.0,9,5,4,4026.0283946990967,50.19783973693848,mushroom,20
classic,1.0,1.0,1.0,1.0,1.0,1.0,0.0,0.0,29,15,10,168.84350776672363,59.86666679382324,mushroom,21
metacog,0.947109471094711,0.9451530612244898,0.9466913698849472,0.8987765601454314,0.946586116631926,0.9439220825487302,0.9454798996961764,1.0,9,5,4,3998.534679412842,54.3968677520752,mushroom,21
classic,1.0,1.0,1.0,1.0,1.0,1.0,0.0,0.0,29,15,10,165.4810905456543,50.12655258178711,mushroom,22
metacog,0.95079950799508,0.9489795918367347,0.9504425426084412,0.9055634459944396,0.9501914780163848,0.9477723841716014,0.9264403551989584,1.0,9,5,4,3845.144271850586,47.52802848815918,mushroom,22
classic,1.0,1.0,1.0,1.0,1.0,1.0,0.0,0.0,29,15,10,148.75245094299316,57.45363235473633,mushroom,23
metacog,0.955719557195572,0.9540816326530612,0.9554346899248414,0.914671007437406,0.9546269814339038,0.952717720751667,0.9454798996961764,1.0,9,5,4,3885.384798049927,47.31345176696777,mushroom,23
classic,1.0,1.0,1.0,1.0,1.0,1.0,0.0,0.0,29,15,10,156.18085861206055,66.63131713867188,mushroom,24
metacog,0.961822660098522,0.9604591836734694,0.961620033452108,0.9260766662454752,0.9613064868804664,0.9595235977329912,0.9682776536618032,1.0,9,5,4,3812.594175338745,46.921491622924805,mushroom,24
classic,1.0,1.0,1.0,1.0,1.0,1.0,0.0,0.0,31,16,10,172.5316047668457,62.45589256286621,mushroom,25
metacog,0.955665024630542,0.9540816326530612,0.955387883671526,0.9145852422893854,0.955502915451895,0.9532195857066232,0.9264403551989584,1.0,9,5,4,3905.421257019043,52.58941650390625,mushroom,25
classic,1.0,1.0,1.0,1.0,1.0,1.0,0.0,0.0,29,15,10,167.7379608154297,62.58702278137207,mushroom,26
metacog,0.95935960591133,0.9578005115089514,0.959113484646195,0.921438291883988,0.958602402026596,0.9566457991373056,0.9099990290027818,1.0,9,5,4,3883.335828781128,47.44553565979004,mushroom,26
classic,1.0,1.0,1.0,1.0,1.0,1.0,0.0,0.0,29,15,10,159.6965789794922,61.86223030090332,mushroom,27
metacog,0.961822660098522,0.9603580562659846,0.9616059839267384,0.92605056745657,0.9614879929044838,0.9594661125319692,0.9099990290027818,1.0,9,5,4,3925.037145614624,45.2115535736084,mushroom,27
classic,1.0,1.0,1.0,1.0,1.0,1.0,0.0,0.0,31,16,10,157.4876308441162,67.39950180053711,mushroom,28
metacog,0.95935960591133,0.9578005115089514,0.959113484646195,0.921438291883988,0.9594042925442406,0.9570583094500636,0.8955807931539294,1.0,9,5,4,3912.6248359680176,49.85260963439941,mushroom,28
classic,1.0,1.0,1.0,1.0,1.0,1.0,0.0,0.0,29,15,10,152.06360816955566,65.31858444213867,mushroom,29
metacog,0.956896551724138,0.9552429667519182,0.9566185685348768,0.9168435770337596,0.955774522966266,0.9538564415583592,1.0,1.0,9,5,4,3865.500688552856,49.70955848693848,mushroom,29
classic,1.0,1.0,1.0,1.0,1.0,1.0,0.0,0.0,31,16,11,153.29957008361816,55.34482002258301,mushroom,30
metacog,0.960639606396064,0.9591836734693876,0.9604167680997128,0.923847235947016,0.9601531824131078,0.9582179073372812,1.0,1.0,9,5,4,3851.7324924468994,52.11973190307617,mushroom,30
classic,1.0,1.0,1.0,1.0,1.0,1.0,0.0,0.0,29,15,10,156.74161911010742,58.31313133239746,mushroom,31
metacog,0.96309963099631,0.9617346938775512,0.9629042659333706,0.9284617756459844,0.962098259731446,0.9605522060492924,0.8828324877094239,1.0,9,5,4,3986.4306449890137,46.98610305786133,mushroom,31
classic,1.0,1.0,1.0,1.0,1.0,1.0,0.0,0.0,29,15,10,148.33879470825195,54.2757511138916,mushroom,32
metacog,0.960639606396064,0.9591836734693876,0.9604167680997128,0.923847235947016,0.9603470842018516,0.958317409360748,0.8955807931539294,1.0,9,5,4,3989.042043685913,47.602176666259766,mushroom,32
classic,1.0,1.0,1.0,1.0,1.0,1.0,0.0,0.0,29,15,10,175.31418800354004,55.94468116760254,mushroom,33
metacog,0.9692496924969248,0.9681122448979592,0.9691134300732616,0.940077410947723,0.9687939308740122,0.9673190171591024,0.9454798996961764,1.0,9,5,4,3902.5137424468994,41.86820983886719,mushroom,33
classic,1.0,1.0,1.0,1.0,1.0,1.0,0.0,0.0,31,16,10,174.3462085723877,60.95194816589356,mushroom,34
metacog,0.955665024630542,0.9540816326530612,0.955387883671526,0.9145852422893854,0.9550655976676384,0.9529951457544412,0.8828324877094239,1.0,9,5,4,3898.913145065308,50.28009414672852,mushroom,34
classic,1.0,1.0,1.0,1.0,1.0,1.0,0.0,0.0,31,16,10,167.9368019104004,65.19150733947754,mushroom,35
metacog,0.9544334975369458,0.9528061224489796,0.9541396295940128,0.912300027975488,0.954042152575316,0.951804504573365,1.0,1.0,9,5,4,3928.1530380249023,50.557613372802734,mushroom,35
classic,1.0,1.0,1.0,1.0,1.0,1.0,0.0,0.0,29,15,10,161.15379333496094,55.51981925964356,mushroom,36
metacog,0.9482758620689656,0.946291560102302,0.9478659655130244,0.9008964740927204,0.9483327359653972,0.945346939300081,0.9454798996961764,1.0,9,5,4,3891.451835632324,43.72358322143555,mushroom,36
classic,1.0,1.0,1.0,1.0,1.0,1.0,0.0,0.0,29,15,10,169.44599151611328,60.09054183959961,mushroom,37
metacog,0.95935960591133,0.9578005115089514,0.959113484646195,0.921438291883988,0.9584019293971848,0.956543951057605,0.9454798996961764,1.0,9,5,4,3906.0521125793457,48.63905906677246,mushroom,37
classic,1.0,1.0,1.0,1.0,1.0,1.0,0.0,0.0,31,16,10,157.7131748199463,64.21327590942383,mushroom,38
metacog,0.9532019704433498,0.9514066496163682,0.9528714565004888,0.9099838383215918,0.9530225805079854,0.9504323468517842,0.9454798996961764,1.0,9,5,4,3958.3373069763184,47.2714900970459,mushroom,38
classic,1.0,1.0,1.0,1.0,1.0,1.0,0.0,0.0,29,15,10,146.45981788635254,56.09774589538574,mushroom,39
metacog,0.9470443349753694,0.9450127877237852,0.9466128452711328,0.898634940914968,0.9456658425014124,0.9433093424859842,0.8828324877094239,1.0,9,5,4,3828.6423683166495,38.960933685302734,mushroom,39
classic,1.0,1.0,1.0,1.0,1.0,1.0,0.0,0.0,31,16,10,156.1586856842041,62.84523010253906,mushroom,40
metacog,0.949569495694957,0.9477040816326532,0.9491928440453672,0.9032970353420734,0.9488220466333802,0.946403188140928,0.8374138695379333,1.0,9,5,4,3900.034189224243,48.04086685180664,mushroom,40
classic,1.0,1.0,1.0,1.0,1.0,1.0,0.0,0.0,29,15,10,149.8105525970459,61.278581619262695,mushroom,41
metacog,0.956949569495695,0.9553571428571428,0.9566811240528992,0.916958543187647,0.9567356633864946,0.9544642857142857,0.8715109243974288,1.0,9,5,4,3832.281827926636,46.63705825805664,mushroom,41
classic,1.0,1.0,1.0,1.0,1.0,1.0,0.0,0.0,29,15,10,154.5584201812744,52.021026611328125,mushroom,42
metacog,0.956949569495695,0.9553571428571428,0.9566811240528992,0.916958543187647,0.9562054631828978,0.9541925465838508,0.9099990290027818,1.0,9,5,4,3940.268039703369,26.712656021118164,mushroom,42
classic,1.0,1.0,1.0,1.0,1.0,1.0,0.0,0.0,31,16,10,160.62116622924805,57.98554420471192,mushroom,43
metacog,0.956949569495695,0.9553571428571428,0.9566811240528992,0.916958543187647,0.956523583305056,0.9543551834698968,0.9682776536618032,1.0,9,5,4,3902.4507999420166,30.493736267089844,mushroom,43
classic,1.0,1.0,1.0,1.0,1.0,1.0,0.0,0.0,29,15,10,159.1503620147705,42.65594482421875,mushroom,44
metacog,0.9544334975369458,0.9528061224489796,0.9541396295940128,0.912300027975488,0.9539297862001944,0.9517469082396052,0.8828324877094239,1.0,9,5,4,2949.322462081909,28.944015502929688,mushroom,44
classic,1.0,1.0,1.0,1.0,1.0,1.0,0.0,0.0,29,15,10,155.99727630615234,39.31117057800293,mushroom,45
metacog,0.961822660098522,0.9604591836734694,0.961620033452108,0.9260766662454752,0.961400631681244,0.95957173393048,0.9682776536618032,1.0,9,5,4,2837.014675140381,24.89590644836425,mushroom,45
classic,1.0,1.0,1.0,1.0,1.0,1.0,0.0,0.0,29,15,10,150.06113052368164,51.75209045410156,mushroom,46
metacog,0.961822660098522,0.9603580562659846,0.9616059839267384,0.92605056745657,0.9611113473583174,0.9592733264623176,0.9264403551989584,1.0,9,5,4,2898.571252822876,27.06766128540039,mushroom,46
classic,1.0,1.0,1.0,1.0,1.0,1.0,0.0,0.0,29,15,10,138.5190486907959,42.34766960144043,mushroom,47
metacog,0.95935960591133,0.9578005115089514,0.959113484646195,0.921438291883988,0.9590033472854184,0.9568510230179028,0.8955807931539294,1.0,9,5,4,2869.3881034851074,31.013011932373047,mushroom,47
classic,1.0,1.0,1.0,1.0,1.0,1.0,0.0,0.0,29,15,10,138.3066177368164,40.8480167388916,mushroom,48
metacog,0.955665024630542,0.9539641943734016,0.9553701747207582,0.9145527199665736,0.9549483327359654,0.9527602691951218,0.9264403551989584,1.0,9,5,4,2838.469982147217,31.56256675720215,mushroom,48
classic,1.0,1.0,1.0,1.0,1.0,1.0,0.0,0.0,31,16,10,138.2040977478027,60.6234073638916,mushroom,49
metacog,0.958128078817734,0.9565217391304348,0.9578663345786632,0.919138756397371,0.9571413818031602,0.9552271010896536,0.9264403551989584,1.0,9,5,4,2852.51259803772,23.345947265625,mushroom,49
classic,0.89,0.7630952380952382,0.7649603460706561,0.83998760371553,0.9140835882330728,,0.0,0.0,169,85,13,210.9966278076172,8.215188980102539,nursery,0
metacog,0.77,0.5845238095238096,0.5677655677655677,0.6977684775744334,0.843848466825271,,0.6291689288772169,0.9307894286827308,7,4,4,790.8520698547363,5.996227264404297,nursery,0
classic,0.92,0.8613505747126436,0.8628539253539254,0.8831504701606397,0.9193826407473656,,0.0,0.0,169,85,12,247.3881244659424,17.758846282958984,nursery,1
metacog,0.8,0.6051245210727969,0.5956072351421189,0.7309678834588995,0.8564796091327809,,0.6933997270806964,0.972230921131206,7,4,4,976.4399528503418,6.046772003173828,nursery,1
classic,0.88,0.83022030651341,0.7974224224224224,0.8267270650079314,0.902910503649551,,0.0,0.0,163,82,14,216.0971164703369,8.281469345092773,nursery,2
metacog,0.77,0.5809386973180076,0.5677655677655677,0.6872801622272904,0.8439724168798439,,0.6681579541336057,0.966724464353942,7,4,4,897.6829051971436,6.243228912353516,nursery,2
classic,0.92,0.8663793103448276,0.8630613535736875,0.8854149835487417,0.9701705786124892,,0.0,0.0,179,90,12,220.8552360534668,8.697509765625,nursery,3
metacog,0.73,0.5548371647509579,0.5455882352941177,0.6080074014594655,0.8433702096674727,,0.6280612990425076,0.970137261504444,7,4,4,841.7470455169678,18.12124252319336,nursery,3
classic,0.89,0.6860632183908045,0.6785714285714286,0.8387714369755594,0.8318643263737115,,0.0,0.0,175,88,15,212.0611667633057,8.128643035888672,nursery,4
metacog,0.8,0.6118295019157088,0.6056910569105691,0.7094910205648358,0.9177162513092786,,0.6267583188598028,0.9521253420760324,11,6,5,1469.6884155273438,6.700754165649414,nursery,4
classic,0.89,0.9169061302681992,0.8827639751552795,0.8409167284097966,0.9663421746019278,,0.0,0.0,175,88,15,219.88415718078613,8.747577667236328,nursery,5
metacog,0.73,0.548132183908046,0.5274193548387097,0.6310795971955762,0.8233266094374041,,0.7775264354411098,0.9579484789785008,5,3,3,731.3435077667236,5.217552185058594,nursery,5
classic,0.86,0.891044061302682,0.8180555555555555,0.7984165097133128,0.945322289219962,,0.0,0.0,163,82,14,191.83969497680664,9.156227111816406,nursery,6
metacog,0.79,0.5948275862068966,0.5810483870967742,0.7280444520783791,0.846778970514788,,0.715214349247436,0.9626722779707964,7,4,4,973.9179611206056,16.579151153564453,nursery,6
classic,0.9,0.8457854406130267,0.8272551772551773,0.8547185900700182,0.9555368343141362,,0.0,0.0,165,83,13,206.2406539916992,8.955955505371094,nursery,7
metacog,0.74,0.5567528735632183,0.5391039236479321,0.6432289493924149,0.828936048432287,,0.7410393958902571,0.936790912361047,5,3,3,776.0426998138428,7.608652114868164,nursery,7
classic,0.91,0.7763409961685824,0.7930014430014429,0.8698034041087148,0.910437553505094,,0.0,0.0,159,80,13,198.4889507293701,12.21323013305664,nursery,8
metacog,0.78,0.5912356321839081,0.5819444444444444,0.692657760637637,0.8541329057150403,,0.6077815561288343,0.9655411700325304,7,4,4,817.9910182952881,5.93876838684082,nursery,8
classic,0.92,0.830952380952381,0.8436041083099906,0.8846594960521822,0.9003645833333332,,0.0,0.0,165,83,12,210.1728916168213,9.237289428710938,nursery,9
metacog,0.74,0.5666666666666667,0.5375548245614035,0.6750672978149217,0.8247098214285714,,0.6703087978501745,0.9695680856415844,7,4,4,875.375509262085,7.719516754150391,nursery,9
classic,0.92,0.8642857142857142,0.8928104575163398,0.8836957067201098,0.9586318020467504,,0.0,0.0,171,86,15,231.35113716125488,8.794307708740234,nursery,10
metacog,0.73,0.5511904761904762,0.5210526315789473,0.6528817390437672,0.821496025452211,,0.6180155486298257,0.9655334176203384,7,4,4,807.7282905578613,37.52708435058594,nursery,10
classic,0.88,0.7538314176245211,0.7696172248803828,0.824526637597771,0.8984704025578898,,0.0,0.0,157,79,12,253.5271644592285,8.41975212097168,nursery,11
metacog,0.74,0.5550766283524904,0.5334151663938898,0.6515951356191815,0.8269141747865933,,0.6184528804511036,0.9721426328673368,7,4,4,798.9253997802734,7.432222366333008,nursery,11
classic,0.9,0.9238505747126438,0.8904358353510896,0.8548252816781482,0.9580546832428016,,0.0,0.0,175,88,13,256.6249370574951,11.215686798095703,nursery,12
metacog,0.78,0.5895593869731801,0.5784237726098191,0.6993652944637029,0.8495818558747268,,0.7053386697367545,0.9634254028826283,7,4,4,730.5285930633545,6.229400634765625,nursery,12
classic,0.88,0.6774425287356322,0.6706293706293707,0.8246795499511289,0.8623345677513355,,0.0,0.0,157,79,12,285.3882312774658,8.336305618286133,nursery,13
metacog,0.74,0.5601053639846744,0.5483585858585859,0.6302561605801922,0.8386129608844186,,0.6394831642292594,0.9463797712908492,7,4,4,738.0380630493164,6.179094314575195,nursery,13
classic,0.94,0.8055555555555556,0.8035714285714286,0.9128664726614176,0.9776270489445592,,0.0,0.0,167,84,13,259.94348526000977,8.130788803100586,nursery,14
metacog,0.74,0.5550766283524904,0.5334151663938898,0.6515951356191815,0.8264543245693898,,0.6400131087139803,0.9639387365254056,7,4,4,762.5579833984375,6.969213485717773,nursery,14
classic,0.93,0.7935823754789272,0.7963636363636364,0.8983910959766518,0.8883620554376664,,0.0,0.0,171,86,15,227.56147384643555,7.745981216430664,nursery,15
metacog,0.83,0.6309865900383143,0.6250624687656172,0.7673006825254317,0.8726181507916242,,0.6259794779973353,0.9129733900343112,5,3,3,644.6921825408936,5.812406539916992,nursery,15
classic,0.88,0.7555076628352491,0.7699857752489331,0.8236499477929686,0.8713466059020388,,0.0,0.0,161,81,14,228.87682914733887,9.70458984375,nursery,16
metacog,0.8,0.6051245210727969,0.5956072351421189,0.7309678834588995,0.8568244967956835,,0.5859604340369605,0.962442573994362,7,4,4,763.5712623596191,5.982398986816406,nursery,16
classic,0.92,0.7866379310344828,0.8221109040074557,0.8822958247855417,0.9389463679113974,,0.0,0.0,171,86,15,236.1321449279785,8.668661117553711,nursery,17
metacog,0.75,0.5636973180076629,0.5452956989247312,0.6634012154898438,0.8327535388900781,,0.6761985562405973,0.9772465659707498,7,4,4,738.7115955352783,6.07609748840332,nursery,17
classic,0.85,0.7262931034482759,0.7437037037037036,0.7862248718284246,0.8989078967794875,,0.0,0.0,159,80,12,237.4749183654785,7.858514785766602,nursery,18
metacog,0.78,0.5878831417624522,0.5743637327677624,0.7073594528213696,0.8453756936973159,,0.6837157182363309,0.9643631908685072,7,4,4,753.3268928527832,10.799169540405272,nursery,18
classic,0.89,0.9142857142857144,0.8573715017376988,0.8438083203613923,0.94022707760989,,0.0,0.0,173,87,13,233.34765434265137,9.888648986816406,nursery,19
metacog,0.75,0.5785714285714285,0.5631086142322097,0.6583121877187208,0.8425881410256411,,0.6135298083913716,0.979798751841678,7,4,4,714.9848937988281,6.425619125366211,nursery,19
classic,0.85,0.8821428571428571,0.8097412480974124,0.7859449011313779,0.9318274423171332,,0.0,0.0,169,85,13,283.7328910827637,9.815692901611328,nursery,20
metacog,0.82,0.6297619047619047,0.6229952830188679,0.7408721141640451,0.9312491031305464,,0.5601517027068872,0.9656188690587784,13,7,5,1474.756956100464,6.424427032470703,nursery,20
classic,0.93,0.8666187739463601,0.8994949494949496,0.8994440040101874,0.9620225167455884,,0.0,0.0,175,88,15,212.41331100463867,9.891748428344728,nursery,21
metacog,0.76,0.5723180076628352,0.5567338282078473,0.6752942011068923,0.8379031276677573,,0.6336636163859437,0.9629689492335132,7,4,4,711.8194103240967,5.921602249145508,nursery,21
classic,0.86,0.6618773946360152,0.6666666666666666,0.7980390336279759,0.8205425391989085,,0.0,0.0,163,82,13,199.5422840118408,7.859945297241211,nursery,22
metacog,0.81,0.6120689655172413,0.6025641025641025,0.750931948495157,0.8579978485045539,,0.5877403585413005,0.9637852390158766,7,4,4,710.7031345367432,7.966995239257812,nursery,22
classic,0.9,0.9255268199233716,0.8502409438351611,0.857509125118365,0.9496264253617128,,0.0,0.0,163,82,12,206.76398277282715,8.923053741455078,nursery,23
metacog,0.75,0.5620210727969349,0.5394736842105263,0.6727597522109409,0.8282024890497646,,0.7076647530854284,0.971868934406749,7,4,4,705.2204608917236,6.208419799804688,nursery,23
classic,0.94,0.8038793103448276,0.8374999999999999,0.9120476997755924,0.934609112440174,,0.0,0.0,169,85,15,199.08428192138672,8.135557174682617,nursery,24
metacog,0.8,0.6051245210727969,0.5956072351421189,0.7309678834588995,0.8568244967956835,,0.6547886167728373,0.963551950483272,7,4,4,690.5150413513184,6.097316741943359,nursery,24
classic,0.95,0.8872126436781609,0.8863491684570701,0.9270044530300332,0.9338749891255638,,0.0,0.0,175,88,13,213.9582633972168,7.274627685546875,nursery,25
metacog,0.73,0.5514846743295019,0.5377936670071501,0.617372486214304,0.8353027729755538,,0.5855786242201295,0.9707605284715196,7,4,4,729.7854423522949,5.422115325927734,nursery,25
classic,0.93,0.8682950191570881,0.8706060606060606,0.8983910959766518,0.9731336839782648,,0.0,0.0,171,86,13,198.2400417327881,5.122184753417969,nursery,26
metacog,0.79,0.5965038314176245,0.5851648351648351,0.7191060553612236,0.8513300203551015,,0.675378481276347,0.9648236702683706,7,4,4,707.6277732849121,7.218599319458008,nursery,26
classic,0.88,0.6807950191570882,0.6749767008387697,0.8231210545115282,0.861480696880631,,0.0,0.0,161,81,12,207.9565525054932,9.265661239624023,nursery,27
metacog,0.76,0.5739942528735632,0.5612403100775194,0.6677627054685061,0.8418793647365663,,0.6476122990094642,0.966487571780878,7,4,4,665.1172637939453,7.878541946411133,nursery,27
classic,0.89,0.8338122605363985,0.8377388930255646,0.8439694063203371,0.9674930551383112,,0.0,0.0,171,86,15,215.1353359222412,9.847640991210938,nursery,28
metacog,0.77,0.5792624521072798,0.5631720430107527,0.6957228337841115,0.8395363295938312,,0.5977482723022653,0.9471211013079122,7,4,4,707.2041034698486,6.256103515625,nursery,28
classic,0.91,0.7648809523809523,0.7941379310344827,0.8701233358241609,0.9073018257783882,,0.0,0.0,167,84,12,202.1043300628662,9.086370468139648,nursery,29
metacog,0.73,0.5630952380952381,0.5463795255930087,0.6269565226690079,0.8356055402930402,,0.7143342870925535,0.9639176412002854,7,4,4,688.4841918945312,6.305217742919922,nursery,29
classic,0.92,0.7845238095238096,0.8218984962406015,0.8854123646510914,0.938283816698765,,0.0,0.0,159,80,13,180.53698539733887,7.969141006469727,nursery,30
metacog,0.77,0.5845238095238096,0.5677655677655677,0.6977684775744334,0.8435050602318643,,0.6091778218654392,0.9688042463895442,7,4,4,690.9520626068115,6.148576736450195,nursery,30
classic,0.86,0.8129789272030651,0.7949177188253653,0.7974189783229992,0.8943959261289558,,0.0,0.0,171,86,14,214.3454551696777,11.291027069091797,nursery,31
metacog,0.73,0.54477969348659,0.513745704467354,0.65017964237698,0.816638723397096,,0.5660006396793186,0.9857446452570812,7,4,4,711.7233276367188,5.491971969604492,nursery,31
classic,0.89,0.6877394636015326,0.6788505747126437,0.8378052552598557,0.8795779612988815,,0.0,0.0,169,85,14,208.6400985717773,9.30929183959961,nursery,32
metacog,0.75,0.5653735632183907,0.5503663003663004,0.655454269093357,0.8345454874271699,,0.7241602972577027,0.9335558496760926,5,3,3,571.3534355163574,6.019830703735352,nursery,32
classic,0.95,0.8872126436781609,0.8863491684570701,0.9270044530300332,0.9432394753234966,,0.0,0.0,171,86,15,208.1396579742432,8.345365524291992,nursery,33
metacog,0.77,0.5809386973180076,0.5677655677655677,0.6872801622272904,0.8423629411196313,,0.7392357871353391,0.9414606203926904,5,3,3,584.2890739440918,5.446672439575195,nursery,33
classic,0.91,0.7813697318007663,0.8146213345647656,0.8682757740536906,0.8713298145253224,,0.0,0.0,169,85,12,207.19671249389648,7.77888298034668,nursery,34
metacog,0.77,0.5842911877394636,0.5752123938030984,0.674238137646665,0.85422414210348,,0.628159730208648,0.9463204723062544,7,4,4,698.9908218383789,4.41288948059082,nursery,34
classic,0.89,0.7607758620689655,0.7646001796945193,0.8412442649147763,0.9002961495334232,,0.0,0.0,159,80,13,197.06392288208008,7.495641708374023,nursery,35
metacog,0.78,0.5912356321839081,0.5819444444444444,0.692657760637637,0.854477793377943,,0.6259568109225941,0.9679039197688114,7,4,4,690.7694339752197,4.186153411865234,nursery,35
classic,0.8,0.7729885057471263,0.7348039215686275,0.711835110364756,0.9065483749463492,,0.0,0.0,167,84,12,204.89931106567383,8.337020874023438,nursery,36
metacog,0.77,0.5809386973180076,0.5677655677655677,0.6872801622272904,0.8423629411196313,,0.6535899870509623,0.9569091142305258,5,3,3,595.9129333496094,8.116006851196289,nursery,36
classic,0.92,0.7832854406130269,0.800774068698597,0.8858483102283187,0.875315546080801,,0.0,0.0,177,89,15,215.2392864227295,8.27479362487793,nursery,37
metacog,0.76,0.5706417624521073,0.5515548281505729,0.6841911904275447,0.8341568157075501,,0.7090763374801192,0.981785734126537,7,4,4,799.9045848846436,5.960702896118164,nursery,37
classic,0.93,0.869971264367816,0.8707642393655372,0.8975379962018168,0.9639634751009488,,0.0,0.0,161,81,13,199.57971572875977,3.8559436798095694,nursery,38
metacog,0.82,0.6257183908045977,0.6198979591836734,0.7437674924115062,0.9237380881896426,,0.54029760565094,0.9540436188320466,13,7,5,1420.5303192138672,3.158092498779297,nursery,38
classic,0.87,0.7351190476190477,0.7638127853881278,0.810126566586411,0.8640750915750917,,0.0,0.0,171,86,13,215.3420448303223,7.880687713623047,nursery,39
metacog,0.77,0.5952380952380952,0.5828442161897774,0.6827228404503779,0.8529945054945055,,0.7170163037360444,0.9635767683413152,7,4,4,735.5868816375732,8.78763198852539,nursery,39
classic,0.87,0.7476190476190477,0.7623760037789324,0.8096780646342757,0.9105079113326536,,0.0,0.0,163,82,12,202.7947902679444,8.925676345825195,nursery,40
metacog,0.75,0.569047619047619,0.5503663003663004,0.6657313573919524,0.836179052905857,,0.6871084516986418,0.9679945633388092,7,4,4,798.3307838439941,9.925365447998049,nursery,40
classic,0.86,0.7349137931034483,0.7317602040816327,0.8028293591715493,0.900509332976085,,0.0,0.0,167,84,12,207.0143222808838,7.627725601196289,nursery,41
metacog,0.77,0.5809386973180076,0.5677655677655677,0.6872801622272904,0.8442023419884457,,0.6787495831198863,0.9626946547365388,7,4,4,684.2861175537109,5.350112915039063,nursery,41
classic,0.91,0.8560823754789272,0.8353049330465552,0.8689980821356514,0.9224667690358784,,0.0,0.0,169,85,13,213.50669860839844,8.12387466430664,nursery,42
metacog,0.76,0.5706417624521073,0.5515548281505729,0.6841911904275447,0.8290410538908889,,0.5563291156637902,0.9523259217192164,9,5,5,846.8673229217529,6.235599517822266,nursery,42
classic,0.92,0.9377394636015326,0.9058061821219716,0.8834486176586064,0.9605011915026618,,0.0,0.0,163,82,14,205.817461013794,10.161161422729492,nursery,43
metacog,0.8,0.6051245210727969,0.5956072351421189,0.7309678834588995,0.8565945716870818,,0.6429906049234726,0.9653168228111566,7,4,4,646.8968391418457,6.712675094604492,nursery,43
classic,0.95,0.9619252873563218,0.9294387011725526,0.9272907591194282,0.9831137963101464,,0.0,0.0,177,89,15,218.22309494018555,8.296966552734375,nursery,44
metacog,0.8,0.6068007662835249,0.5987373737373738,0.7238585606663593,0.8610306589730944,,0.611766990083735,0.9692241634093686,7,4,4,613.3213043212891,6.096601486206055,nursery,44
classic,0.9,0.7744252873563219,0.7855971896955504,0.8542097544660948,0.9215589717518312,,0.0,0.0,175,88,13,205.4662704467773,7.867813110351562,nursery,45
metacog,0.78,0.592911877394636,0.5849826818406729,0.68711858829027,0.9029061396953184,,0.5698635977103879,0.9499241063452664,11,6,5,947.974443435669,3.384113311767578,nursery,45
classic,0.87,0.8266283524904213,0.8545114539504441,0.8110715338493243,0.9081073448292724,,0.0,0.0,167,84,15,190.26565551757807,8.42595100402832,nursery,46
metacog,0.76,0.5773467432950192,0.5685304304799604,0.6562645879180081,0.852705902731707,,0.6531361005991241,0.9658989005007051,7,4,4,578.301191329956,5.353927612304688,nursery,46
classic,0.86,0.7432950191570881,0.7549180327868853,0.7954809985729292,0.94735869308115,,0.0,0.0,173,87,15,188.89617919921875,8.62264633178711,nursery,47
metacog,0.73,0.548132183908046,0.5274193548387097,0.6310795971955762,0.8233266094374041,,0.6980705760620861,0.9658626008677637,5,3,3,515.4721736907959,5.954742431640625,nursery,47
classic,0.92,0.7866379310344828,0.7884491634491635,0.8831504701606397,0.9686376137134828,,0.0,0.0,169,85,14,178.6644458770752,8.63194465637207,nursery,48
metacog,0.76,0.5689655172413793,0.5456081081081081,0.6946280086123399,0.8299506535301393,,0.7589270698155712,0.964924927068252,7,4,4,556.4537048339844,2.811908721923828,nursery,48
classic,0.89,0.8601190476190477,0.8434515136797798,0.8413851516183416,0.9618330757783884,,0.0,0.0,161,81,13,179.4106960296631,6.181478500366211,nursery,49
metacog,0.73,0.5595238095238095,0.5315114709851552,0.6528571266216274,0.8232738095238095,,0.6609698931895156,0.9634539278719167,7,4,4,551.161527633667,2.673625946044922,nursery,49
classic,0.94,0.7340425531914894,0.7340425531914894,0.4680851063829787,0.8040780141843971,0.4033333333333333,0.0,0.0,81,41,21,5767.408132553101,12.597322463989258,pc1,0
metacog,0.94,0.5,0.4845360824742268,0.0,0.5,0.06,0.0847127223601458,0.9169443440117166,1,1,1,13892.769813537598,4.040241241455078,pc1,0
classic,0.9,0.4787234042553192,0.4736842105263157,-0.0515710623129396,0.875886524822695,0.2138888888888888,0.0,0.0,71,36,21,5181.453943252564,12.394189834594728,pc1,1
metacog,0.94,0.5,0.4845360824742268,0.0,0.5,0.06,0.1287148216635994,0.9621308438859748,1,1,1,13995.123863220217,4.039525985717773,pc1,1
classic,0.94,0.7035330261136713,0.7340425531914894,0.4765501107803123,0.76036866359447,0.4228571428571428,0.0,0.0,87,44,21,5398.222923278809,11.78884506225586,pc1,2
metacog,0.93,0.5,0.4818652849740932,0.0,0.5,0.07,0.0525062837517563,0.4805929087010723,1,1,1,14422.649383544922,4.00090217590332,pc1,2
classic,0.91,0.5552995391705069,0.5670995670995671,0.1440046082211958,0.7980030721966207,0.2508123249299719,0.0,0.0,77,39,21,5551.052808761597,12.34722137451172,pc1,3
metacog,0.93,0.5,0.4818652849740932,0.0,0.5,0.07,0.0365664592467922,0.9380157479608656,1,1,1,14068.659782409668,4.411220550537109,pc1,3
classic,0.96,0.7142857142857143,0.7894736842105263,0.6410135567759428,0.6835637480798772,0.4685714285714285,0.0,0.0,83,42,21,5513.944149017334,11.647224426269531,pc1,4
metacog,0.93,0.5,0.4818652849740932,0.0,0.5,0.07,0.1460965214716929,0.3453605422493696,1,1,1,13943.874835968018,4.124879837036133,pc1,4
classic,0.93,0.7642089093701997,0.7477477477477478,0.4969687047910646,0.8940092165898618,0.4275824175824175,0.0,0.0,79,40,21,5019.092082977295,10.97393035888672,pc1,5
metacog,0.93,0.5,0.4818652849740932,0.0,0.5,0.07,0.1457339223426973,0.5743019272984445,1,1,1,14066.688776016235,4.322528839111328,pc1,5
classic,0.89,0.6766513056835637,0.646415943426551,0.3004803573066879,0.7188940092165899,0.1646938775510204,0.0,0.0,83,42,21,5491.356134414673,11.720418930053713,pc1,6
metacog,0.93,0.5,0.4818652849740932,0.0,0.5,0.07,0.1365071599187963,0.3313783643419563,1,1,1,14081.61211013794,4.480838775634766,pc1,6
classic,0.93,0.5660522273425499,0.5927865037812682,0.2407575533699548,0.6682027649769585,0.3257142857142857,0.0,0.0,71,36,21,4929.920673370361,11.48056983947754,pc1,7
metacog,0.93,0.5,0.4818652849740932,0.0,0.5,0.07,0.1212998838164248,0.0004902956147787,1,1,1,14064.086437225342,4.051685333251953,pc1,7
classic,0.9,0.5499231950844854,0.5567375886524822,0.1168896498140388,0.8225806451612903,0.21,0.0,0.0,59,30,21,5467.338562011719,12.547731399536133,pc1,8
metacog,0.93,0.5,0.4818652849740932,0.0,0.5,0.07,0.1624536340732136,0.4277597459385154,1,1,1,14075.615406036375,3.924369812011719,pc1,8
classic,0.91,0.489247311827957,0.4764397905759162,-0.039193090083481,0.7119815668202765,0.1609523809523809,0.0,0.0,93,47,21,5609.367609024048,13.709068298339844,pc1,9
metacog,0.93,0.5,0.4818652849740932,0.0,0.5,0.07,0.1366142652649284,0.708305725714639,1,1,1,13946.346521377563,5.158424377441406,pc1,9
classic,0.95,0.6613475177304965,0.7091332169866201,0.4492471612253934,0.9202127659574468,0.3703703703703703,0.0,0.0,75,38,21,5662.024259567261,12.998104095458984,pc1,10
metacog,0.94,0.5,0.4845360824742268,0.0,0.5,0.06,0.2104086256723058,0.3975090107752074,1,1,1,14118.155002593994,2.053260803222656,pc1,10
classic,0.94,0.6560283687943262,0.6842105263157895,0.3781877902948909,0.9370567375886524,0.3585858585858585,0.0,0.0,67,34,21,5376.986026763916,11.572837829589844,pc1,11
metacog,0.94,0.5,0.4845360824742268,0.0,0.5,0.06,0.1285830805007828,0.6024021415019561,1,1,1,14548.586368560793,4.659414291381836,pc1,11
classic,0.88,0.4731182795698925,0.4680851063829787,-0.0629405806690978,0.728110599078341,0.2061904761904761,0.0,0.0,89,45,21,5280.073165893555,6.972551345825195,pc1,12
metacog,0.93,0.5,0.4818652849740932,0.0,0.5,0.07,0.0768545572789563,0.6964717543152129,1,1,1,14450.415134429932,4.049062728881836,pc1,12
classic,0.92,0.6267281105990783,0.6453900709219859,0.2967198802971756,0.6405529953917051,0.1757142857142857,0.0,0.0,77,39,21,5412.478446960449,12.214422225952148,pc1,13
metacog,0.93,0.5,0.4818652849740932,0.0,0.5,0.07,0.1653791702570755,0.7442726609668825,1,1,1,14087.711095809937,4.068613052368164,pc1,13
classic,0.91,0.6874039938556068,0.6756756756756757,0.3525010580494761,0.6643625192012289,0.2542857142857143,0.0,0.0,87,44,21,5120.279788970947,13.140439987182615,pc1,14
metacog,0.93,0.5,0.4818652849740932,0.0,0.5,0.07,0.0924170887567128,0.940631706169324,1,1,1,14393.526554107666,4.030704498291016,pc1,14
classic,0.92,0.4946236559139785,0.4791666666666667,-0.0275733763415314,0.7219662058371736,0.1924649859943977,0.0,0.0,67,34,21,5141.170263290405,11.631011962890623,pc1,15
metacog,0.93,0.5,0.4818652849740932,0.0,0.5,0.07,0.0470354909649393,0.9940027413785848,1,1,1,14592.506170272827,3.654003143310547,pc1,15
classic,0.9,0.5499231950844854,0.5567375886524822,0.1168896498140388,0.7926267281105992,0.2222408963585434,0.0,0.0,73,37,21,4931.561470031738,12.209177017211914,pc1,16
metacog,0.93,0.5,0.4818652849740932,0.0,0.5,0.07,0.149718686852364,0.5832869385266125,1,1,1,13899.048328399658,4.415750503540039,pc1,16
classic,0.89,0.6105990783410138,0.6036036036036037,0.2080334113078875,0.7119815668202765,0.2104576376004947,0.0,0.0,69,35,21,5203.246593475342,14.17398452758789,pc1,17
metacog,0.93,0.5,0.4818652849740932,0.0,0.5,0.07,0.1456096617417236,0.8949247485177294,1,1,1,14410.251379013062,4.044771194458008,pc1,17
classic,0.93,0.5660522273425499,0.5927865037812682,0.2407575533699548,0.7350230414746544,0.2953061224489796,0.0,0.0,77,39,21,5045.610666275024,12.37773895263672,pc1,18
metacog,0.93,0.5,0.4818652849740932,0.0,0.5,0.07,0.2588033165996751,0.7842491573758279,1,1,1,14152.95433998108,4.0130615234375,pc1,18
classic,0.93,0.6981566820276498,0.7120526532291238,0.4257843157717432,0.7365591397849462,0.2882417582417582,0.0,0.0,83,42,21,5547.804117202759,11.686325073242188,pc1,19
metacog,0.93,0.5,0.4818652849740932,0.0,0.5,0.07,0.0562502176769618,0.6025995443675148,1,1,1,14743.667602539062,4.233837127685547,pc1,19
classic,0.92,0.7234042553191489,0.6927803379416283,0.391130858858204,0.7960992907801417,0.3676190476190476,0.0,0.0,83,42,21,5086.939811706543,10.163545608520508,pc1,20
metacog,0.94,0.5,0.4845360824742268,0.0,0.5,0.06,0.1972911393274729,0.9138577131326064,1,1,1,13957.62014389038,4.490375518798828,pc1,20
classic,0.94,0.7340425531914894,0.7340425531914894,0.4680851063829787,0.7792553191489361,0.2625925925925926,0.0,0.0,89,45,21,5941.879034042358,13.509750366210938,pc1,21
metacog,0.94,0.5,0.4845360824742268,0.0,0.5,0.06,0.1112274387510361,0.9149381054310866,1,1,1,14747.502326965332,4.915714263916016,pc1,21
classic,0.94,0.7035330261136713,0.7340425531914894,0.4765501107803123,0.8271889400921659,0.4842857142857142,0.0,0.0,73,37,21,5950.952053070068,12.818098068237305,pc1,22
metacog,0.93,0.5,0.4818652849740932,0.0,0.5,0.07,0.1239708271631747,0.8426218080136775,1,1,1,14180.367469787598,4.090785980224609,pc1,22
classic,0.91,0.6213517665130568,0.6297819827231592,0.2607516352400598,0.7158218125960062,0.2330075187969924,0.0,0.0,69,35,21,5491.870164871216,10.185956954956056,pc1,23
metacog,0.93,0.5,0.4818652849740932,0.0,0.5,0.07,0.053590833220241,0.2151222473872217,1,1,1,13861.818790435793,4.247903823852539,pc1,23
classic,0.9,0.6159754224270353,0.6159754224270353,0.2319508448540706,0.7972350230414746,0.2444897959183673,0.0,0.0,75,38,21,4754.343986511231,8.452415466308594,pc1,24
metacog,0.93,0.5,0.4818652849740932,0.0,0.5,0.07,0.082525959169861,0.7941865518959196,1,1,1,14075.54531097412,4.65846061706543,pc1,24
classic,0.93,0.6321044546850998,0.6632996632996633,0.3440110085284121,0.7434715821812595,0.2607692307692307,0.0,0.0,75,38,21,4942.603588104248,12.639522552490234,pc1,25
metacog,0.93,0.5,0.4818652849740932,0.0,0.5,0.07,0.0524826139217495,0.4481353060483574,1,1,1,13962.952375411987,4.093170166015625,pc1,25
classic,0.91,0.5552995391705069,0.5670995670995671,0.1440046082211958,0.640552995391705,0.1390870032223415,0.0,0.0,69,35,21,5612.62059211731,14.301776885986328,pc1,26
metacog,0.93,0.5,0.4818652849740932,0.0,0.5,0.07,0.1003770478627346,0.3454003142359874,1,1,1,14384.616613388062,3.964900970458984,pc1,26
classic,0.94,0.6374807987711213,0.6842105263157895,0.4112595937738128,0.7457757296466975,0.3442857142857142,0.0,0.0,69,35,21,5095.953702926636,12.047767639160156,pc1,27
metacog,0.93,0.5,0.4818652849740932,0.0,0.5,0.07,0.1341030528805419,0.6028954062741086,1,1,1,14217.851400375366,4.094600677490234,pc1,27
classic,0.93,0.6321044546850998,0.6632996632996633,0.3440110085284121,0.7910906298003072,0.2992207792207792,0.0,0.0,73,37,21,4757.404565811157,10.071039199829102,pc1,28
metacog,0.93,0.5,0.4818652849740932,0.0,0.5,0.07,0.0502769719398233,0.3954927469000455,1,1,1,14057.78169631958,4.065752029418945,pc1,28
classic,0.94,0.5714285714285714,0.609375,0.3663319999660611,0.7757296466973886,0.2927272727272727,0.0,0.0,73,37,21,5234.468221664429,13.808965682983398,pc1,29
metacog,0.93,0.5,0.4818652849740932,0.0,0.5,0.07,0.0952656302907462,0.5626756374008622,1,1,1,14546.151876449583,4.244565963745117,pc1,29
classic,0.92,0.6453900709219859,0.6453900709219859,0.2907801418439716,0.925531914893617,0.5151515151515151,0.0,0.0,69,35,21,5336.153984069824,12.190818786621094,pc1,30
metacog,0.94,0.5,0.4845360824742268,0.0,0.5,0.06,0.0876557428043157,0.2129641568765881,1,1,1,14101.896286010742,4.157781600952148,pc1,30
classic,0.91,0.6400709219858156,0.6297819827231592,0.2607516352400598,0.700354609929078,0.1636996336996337,0.0,0.0,81,41,21,5499.770641326904,13.000965118408203,pc1,31
metacog,0.94,0.5,0.4845360824742268,0.0,0.5,0.06,0.038777289039099,0.5532953734496091,1,1,1,14388.636112213137,5.301952362060547,pc1,31
classic,0.92,0.6267281105990783,0.6453900709219859,0.2967198802971756,0.7235023041474655,0.2442857142857142,0.0,0.0,85,43,21,4684.062957763672,11.267423629760742,pc1,32
metacog,0.93,0.5,0.4818652849740932,0.0,0.5,0.07,0.2312965644193526,0.7957022942103097,1,1,1,14530.43293952942,3.359556198120117,pc1,32
classic,0.9,0.6159754224270353,0.6159754224270353,0.2319508448540706,0.7196620583717358,0.1806202480992397,0.0,0.0,87,44,21,4853.760480880737,12.200355529785156,pc1,33
metacog,0.93,0.5,0.4818652849740932,0.0,0.5,0.07,0.1318148057038131,0.933887997508684,1,1,1,14913.466215133669,4.028558731079102,pc1,33
classic,0.94,0.5714285714285714,0.609375,0.3663319999660611,0.8840245775729647,0.4462637362637362,0.0,0.0,91,46,21,6124.727249145508,13.20338249206543,pc1,34
metacog,0.93,0.5,0.4818652849740932,0.0,0.5,0.07,0.2338741359813523,0.9194286927717784,1,1,1,15316.237926483154,4.110097885131836,pc1,34
classic,0.93,0.5660522273425499,0.5927865037812682,0.2407575533699548,0.7304147465437788,0.1899507389162561,0.0,0.0,59,30,21,4984.837293624878,11.809349060058594,pc1,35
metacog,0.93,0.5,0.4818652849740932,0.0,0.5,0.07,0.0513457839172725,0.6658887058293084,1,1,1,14579.686880111694,3.21340560913086,pc1,35
classic,0.92,0.6927803379416283,0.6927803379416283,0.3855606758832565,0.8740399385560675,0.3722448979591836,0.0,0.0,81,41,21,5516.470432281494,9.875059127807615,pc1,36
metacog,0.93,0.5,0.4818652849740932,0.0,0.5,0.07,0.1346991191066892,0.519473914113037,1,1,1,14426.448583602903,2.928972244262696,pc1,36
classic,0.94,0.7035330261136713,0.7340425531914894,0.4765501107803123,0.8809523809523809,0.5219047619047619,0.0,0.0,71,36,21,5488.625764846802,12.357473373413086,pc1,37
metacog,0.93,0.5,0.4818652849740932,0.0,0.5,0.07,0.1017612899801375,0.7196020863476245,1,1,1,15717.813968658447,3.2608509063720703,pc1,37
classic,0.95,0.7089093701996928,0.7594997594997595,0.5440174088356285,0.7450076804915515,0.4921848739495798,0.0,0.0,77,39,21,5853.736162185669,11.121273040771484,pc1,38
metacog,0.93,0.5,0.4818652849740932,0.0,0.5,0.07,0.1072927686180212,0.8171800781133051,1,1,1,15105.531692504885,4.260778427124023,pc1,38
classic,0.9,0.4838709677419355,0.4736842105263157,-0.0482483322304473,0.5476190476190477,0.0885714285714285,0.0,0.0,91,46,21,4900.110960006714,13.75436782836914,pc1,39
metacog,0.93,0.5,0.4818652849740932,0.0,0.5,0.07,0.0272851364045133,0.9935075058453312,1,1,1,15087.12387084961,4.0225982666015625,pc1,39
classic,0.91,0.4840425531914893,0.4764397905759162,-0.0444310379233905,0.6329787234042553,0.0952173913043478,0.0,0.0,67,34,21,5702.423095703125,8.600234985351562,pc1,40
metacog,0.94,0.5,0.4845360824742268,0.0,0.5,0.06,0.1465063557556128,0.5318077985521106,1,1,1,15370.288610458374,4.08935546875,pc1,40
classic,0.9,0.4787234042553192,0.4736842105263157,-0.0515710623129396,0.7411347517730498,0.1362626262626262,0.0,0.0,61,31,21,5180.128335952759,11.859893798828123,pc1,41
metacog,0.94,0.5,0.4845360824742268,0.0,0.5,0.06,0.4980464646367701,0.9000352464562997,1,1,1,15403.881072998049,4.073143005371094,pc1,41
classic,0.92,0.6267281105990783,0.6453900709219859,0.2967198802971756,0.7665130568356375,0.2388775510204081,0.0,0.0,81,41,21,5798.945903778076,10.876893997192385,pc1,42
metacog,0.93,0.5,0.4818652849740932,0.0,0.5,0.07,0.1076714039835396,0.7107821706725709,1,1,1,15459.498167037964,3.454446792602539,pc1,42
classic,0.96,0.7142857142857143,0.7894736842105263,0.6410135567759428,0.8141321044546851,0.5279365079365079,0.0,0.0,69,35,21,5235.741138458252,17.85731315612793,pc1,43
metacog,0.93,0.5,0.4818652849740932,0.0,0.5,0.07,0.097923070600486,0.7837466445974444,1,1,1,15218.5320854187,4.703044891357422,pc1,43
classic,0.89,0.6105990783410138,0.6036036036036037,0.2080334113078875,0.6697388632872504,0.1692517006802721,0.0,0.0,101,51,21,5479.517221450806,9.143352508544922,pc1,44
metacog,0.93,0.5,0.4818652849740932,0.0,0.5,0.07,0.2011430419858753,0.7757676429624628,1,1,1,10483.522415161133,2.209663391113281,pc1,44
classic,0.92,0.4946236559139785,0.4791666666666667,-0.0275733763415314,0.640552995391705,0.2270748299319727,0.0,0.0,75,38,21,5301.528930664063,8.68368148803711,pc1,45
metacog,0.93,0.5,0.4818652849740932,0.0,0.5,0.07,0.2288513508077678,0.3390004567868642,1,1,1,10578.9053440094,3.6163330078125,pc1,45
classic,0.93,0.6321044546850998,0.6632996632996633,0.3440110085284121,0.6666666666666666,0.213469387755102,0.0,0.0,75,38,21,4834.415912628174,9.086847305297852,pc1,46
metacog,0.93,0.5,0.4818652849740932,0.0,0.5,0.07,0.0906016113856672,0.264808287835911,1,1,1,10373.469591140749,4.00853157043457,pc1,46
classic,0.93,0.6321044546850998,0.6632996632996633,0.3440110085284121,0.7857142857142858,0.2648979591836735,0.0,0.0,73,37,21,5082.624197006226,11.224031448364258,pc1,47
metacog,0.93,0.5,0.4818652849740932,0.0,0.5,0.07,0.1618561908102398,0.9057574081288108,1,1,1,10321.202039718628,2.153635025024414,pc1,47
classic,0.93,0.5660522273425499,0.5927865037812682,0.2407575533699548,0.6136712749615976,0.1571428571428571,0.0,0.0,77,39,21,4718.222856521606,17.006635665893555,pc1,48
metacog,0.93,0.5,0.4818652849740932,0.0,0.5,0.07,0.1023991623831709,0.4040756445414959,1,1,1,10126.363039016724,3.644466400146485,pc1,48
classic,0.9,0.6159754224270353,0.6159754224270353,0.2319508448540706,0.8010752688172043,0.271984126984127,0.0,0.0,93,47,21,4894.492387771606,7.2727203369140625,pc1,49
metacog,0.93,0.5,0.4818652849740932,0.0,0.5,0.07,0.1743362759922991,0.9194764256948426,1,1,1,9923.947095870972,1.9783973693847656,pc1,49
classic,0.83,0.8275252525252526,0.8271737228835088,0.8116026789822415,0.9218703411133186,,0.0,0.0,135,68,18,2866.5759563446045,15.761852264404297,pendigits,0
metacog,0.12,0.1,0.0214285714285714,0.0,0.5,,0.3071799741019244,0.9936249210908772,1,1,1,7627.823114395142,4.467964172363281,pendigits,0
classic,0.83,0.8216161616161616,0.8174771463262511,0.812719278264929,0.9140819211998988,,0.0,0.0,135,68,20,3065.480232238769,11.671066284179688,pendigits,1
metacog,0.12,0.1,0.0214285714285714,0.0,0.5,,0.155769387667763,0.9950271535177492,1,1,1,7701.915264129639,4.224777221679688,pendigits,1
classic,0.9,0.8922222222222222,0.8943955519660189,0.889310128242422,0.9400904111493998,,0.0,0.0,123,62,16,3160.997152328491,11.20305061340332,pendigits,2
metacog,0.12,0.1,0.0214285714285714,0.0,0.5,,0.3071799741019244,0.994631443702136,1,1,1,7658.041000366211,4.146814346313477,pendigits,2
classic,0.89,0.8855555555555554,0.884567206592782,0.8793911151165097,0.936684432920388,,0.0,0.0,145,73,19,3405.8916568756104,11.850357055664062,pendigits,3
metacog,0.12,0.1,0.0214285714285714,0.0,0.5,,0.0107567408804808,0.956376405947294,1,1,1,7901.336431503296,3.793001174926758,pendigits,3
classic,0.84,0.8416919191919192,0.839245247506117,0.8229665122717813,0.9173280876562508,,0.0,0.0,127,64,17,2958.765745162964,12.115001678466797,pendigits,4
metacog,0.12,0.1,0.0214285714285714,0.0,0.5,,0.000600321282495,0.9934271724595934,1,1,1,7636.684417724609,2.8107166290283203,pendigits,4
classic,0.86,0.861060606060606,0.8585015073916675,0.8449638757025333,0.9408296878988134,,0.0,0.0,133,67,18,2813.695192337036,11.478424072265623,pendigits,5
metacog,0.12,0.1,0.0214285714285714,0.0,0.5,,0.0021259181426961,0.9030280496152352,1,1,1,7813.479423522949,4.29224967956543,pendigits,5
classic,0.93,0.9263888888888888,0.9287673147062028,0.9224005620683954,0.9697498628088516,,0.0,0.0,135,68,21,3198.915243148804,11.732339859008787,pendigits,6
metacog,0.12,0.1,0.0214285714285714,0.0,0.5,,0.0174296433271988,0.9934513602842704,1,1,1,7684.176683425903,4.501819610595703,pendigits,6
classic,0.92,0.9141666666666666,0.9163602187286396,0.9119597332098044,0.9748535936597732,,0.0,0.0,139,70,17,3295.5141067504883,11.16490364074707,pendigits,7
metacog,0.12,0.1,0.0214285714285714,0.0,0.5,,0.0255616403091697,0.9961895994071428,1,1,1,7654.630899429321,4.359245300292969,pendigits,7
classic,0.87,0.8745454545454546,0.8720267396189458,0.8561729034152854,0.9406187725657073,,0.0,0.0,141,71,21,3360.5127334594727,9.953975677490234,pendigits,8
metacog,0.12,0.1,0.0214285714285714,0.0,0.5,,0.0366827588764849,0.99281413978885,1,1,1,7969.90704536438,4.49371337890625,pendigits,8
classic,0.86,0.8614141414141414,0.8606690969848865,0.8455722085551346,0.9233803156893045,,0.0,0.0,125,63,20,2867.5460815429688,11.078596115112305,pendigits,9
metacog,0.11,0.1,0.0198198198198198,0.0,0.5,,0.1282076843554628,0.9970505088800252,1,1,1,7946.176767349243,4.557609558105469,pendigits,9
classic,0.87,0.8677272727272728,0.8717545068786823,0.8565870534741697,0.9274615830486616,,0.0,0.0,127,64,18,3145.620822906494,12.562036514282228,pendigits,10
metacog,0.12,0.1,0.0214285714285714,0.0,0.5,,0.2224575240901101,0.9927012290434372,1,1,1,7509.680986404419,4.2591094970703125,pendigits,10
classic,0.85,0.849040404040404,0.8491408770706119,0.8338535237013843,0.916435562252978,,0.0,0.0,131,66,21,2801.2075424194336,11.476278305053713,pendigits,11
metacog,0.12,0.1,0.0214285714285714,0.0,0.5,,0.0174296433271988,0.9930064161744108,1,1,1,7862.714290618896,4.5928955078125,pendigits,11
classic,0.9,0.9001515151515151,0.8995210260791093,0.8892968622480389,0.9505267803357692,,0.0,0.0,139,70,17,2956.953763961792,11.242389678955078,pendigits,12
metacog,0.12,0.1,0.0214285714285714,0.0,0.5,,0.0159440315540061,0.9953006353430924,1,1,1,8333.621501922607,4.451990127563477,pendigits,12
classic,0.95,0.9464646464646466,0.9492342589209596,0.9460795821419932,0.9703019203019204,,0.0,0.0,133,67,18,3037.834405899048,12.757539749145508,pendigits,13
metacog,0.12,0.1,0.0214285714285714,0.0,0.5,,0.1870693476896668,0.993402117388033,1,1,1,7683.286428451538,5.183219909667969,pendigits,13
classic,0.85,0.8482828282828283,0.8516940886546486,0.8352328017444111,0.9274166308098892,,0.0,0.0,137,69,21,3405.3242206573486,12.223243713378906,pendigits,14
metacog,0.12,0.1,0.0214285714285714,0.0,0.5,,0.0107567408804808,0.9936102444089506,1,1,1,7552.753925323486,4.266023635864258,pendigits,14
classic,0.88,0.8841919191919192,0.8767680069739565,0.868210237435096,0.9457122667269224,,0.0,0.0,135,68,21,3038.3200645446777,11.808633804321287,pendigits,15
metacog,0.12,0.1,0.0214285714285714,0.0,0.5,,0.0830963705385151,0.9935196667390372,1,1,1,8154.130220413208,4.944324493408203,pendigits,15
classic,0.9,0.9000252525252526,0.8981073896863372,0.8901765379310747,0.9560273409486892,,0.0,0.0,135,68,21,3132.128953933716,12.657403945922852,pendigits,16
metacog,0.12,0.1,0.0214285714285714,0.0,0.5,,0.0,0.9557184491803692,1,1,1,7459.057569503784,4.319429397583008,pendigits,16
classic,0.83,0.8287626262626262,0.8258464310625436,0.8128308235954622,0.9053927203550128,,0.0,0.0,141,71,20,3005.890130996704,14.902591705322266,pendigits,17
metacog,0.12,0.1,0.0214285714285714,0.0,0.5,,0.0260139462196942,0.9941540973605254,1,1,1,7813.3368492126465,4.254341125488281,pendigits,17
classic,0.88,0.8791161616161617,0.8785608251397725,0.8678947240098834,0.9328719922399696,,0.0,0.0,131,66,18,2796.684503555298,12.215614318847656,pendigits,18
metacog,0.12,0.1,0.0214285714285714,0.0,0.5,,0.0366827588764849,0.999594915606499,1,1,1,8102.256536483765,7.217884063720703,pendigits,18
classic,0.91,0.9105050505050504,0.911202337394288,0.9003559609684691,0.9519609878261563,,0.0,0.0,139,70,21,3193.272590637207,12.295007705688477,pendigits,19
metacog,0.11,0.1,0.0198198198198198,0.0,0.5,,0.0366827588764849,0.9941257507521958,1,1,1,7623.107671737671,4.390716552734375,pendigits,19
classic,0.87,0.8707070707070708,0.8732651374813845,0.8564593283636949,0.9389799873971224,,0.0,0.0,149,75,20,3154.895305633545,11.026382446289062,pendigits,20
metacog,0.12,0.1,0.0214285714285714,0.0,0.5,,0.3071799741019244,0.9936819251011308,1,1,1,7676.0876178741455,4.422187805175781,pendigits,20
classic,0.94,0.9431313131313132,0.9405353712111016,0.9338153503893216,0.9737320488500264,,0.0,0.0,137,69,18,3158.041954040528,12.269258499145508,pendigits,21
metacog,0.12,0.1,0.0214285714285714,0.0,0.5,,0.0496196547178001,0.9933666903996248,1,1,1,8099.465131759644,4.862785339355469,pendigits,21
classic,0.84,0.8397474747474748,0.8350771089935177,0.8228552811864689,0.9107442491964964,,0.0,0.0,135,68,17,2803.957939147949,13.18812370300293,pendigits,22
metacog,0.12,0.1,0.0214285714285714,0.0,0.5,,0.2224575240901101,0.994111667162077,1,1,1,7617.835521697998,4.523992538452148,pendigits,22
classic,0.85,0.8468181818181819,0.8472639933166249,0.8337968679918494,0.9269268886544167,,0.0,0.0,129,65,17,2830.0366401672363,11.507511138916016,pendigits,23
metacog,0.12,0.1,0.0214285714285714,0.0,0.5,,0.0260139462196942,0.9950720460305108,1,1,1,7709.681749343872,5.121946334838867,pendigits,23
classic,0.8,0.7977272727272727,0.8022818982665528,0.7826830553367058,0.8884349397006945,,0.0,0.0,133,67,17,2854.397773742676,11.05952262878418,pendigits,24
metacog,0.12,0.1,0.0214285714285714,0.0,0.5,,0.0830963705385151,0.9961984248905672,1,1,1,7681.7522048950195,4.364013671875,pendigits,24
classic,0.85,0.8443939393939395,0.851336199038245,0.8340422163223129,0.9198096647964747,,0.0,0.0,129,65,21,2883.88466835022,12.846946716308594,pendigits,25
metacog,0.12,0.1,0.0214285714285714,0.0,0.5,,0.0024956430370781,0.9536343094584964,1,1,1,7656.600475311279,4.226922988891602,pendigits,25
classic,0.91,0.9088888888888887,0.9061300309597524,0.900089007565643,0.9554015766841852,,0.0,0.0,141,71,17,2892.2548294067383,8.78143310546875,pendigits,26
metacog,0.12,0.1,0.0214285714285714,0.0,0.5,,0.1282076843554628,0.9940161608028704,1,1,1,7581.50839805603,3.841876983642578,pendigits,26
classic,0.86,0.8593939393939394,0.859012200539324,0.846369122177664,0.9333628953077536,,0.0,0.0,137,69,21,3021.89302444458,12.983560562133787,pendigits,27
metacog,0.12,0.1,0.0214285714285714,0.0,0.5,,0.0024956430370781,0.993409736858192,1,1,1,7496.119737625122,3.61490249633789,pendigits,27
classic,0.87,0.8712121212121211,0.8691365959461935,0.8566501192727597,0.9289472261034304,,0.0,0.0,133,67,19,2992.565870285034,12.186288833618164,pendigits,28
metacog,0.12,0.1,0.0214285714285714,0.0,0.5,,0.030597933528162,0.9930878834533888,1,1,1,7524.827003479004,5.817174911499023,pendigits,28
classic,0.94,0.9386868686868686,0.9368903964747956,0.9345511453392216,0.9765374363464252,,0.0,0.0,133,67,21,2930.690050125122,11.499881744384766,pendigits,29
metacog,0.11,0.1,0.0198198198198198,0.0,0.5,,0.0045814906622955,0.9972857049390896,1,1,1,7686.506509780884,4.103660583496094,pendigits,29
classic,0.94,0.9364646464646464,0.9372039700701028,0.9336673677156604,0.9708445181535068,,0.0,0.0,131,66,16,2797.4302768707275,11.360645294189451,pendigits,30
metacog,0.12,0.1,0.0214285714285714,0.0,0.5,,0.0045814906622955,0.996010806103692,1,1,1,7691.478729248047,3.523588180541992,pendigits,30
classic,0.87,0.8680808080808081,0.86790339931826,0.8567300973471419,0.9473550909140798,,0.0,0.0,147,74,21,3253.925085067749,12.369632720947266,pendigits,31
metacog,0.12,0.1,0.0214285714285714,0.0,0.5,,0.0496196547178001,0.9932549978205598,1,1,1,7590.920686721802,3.838062286376953,pendigits,31
classic,0.84,0.8392424242424242,0.8361211493820189,0.8242859030921393,0.9158565289267536,,0.0,0.0,135,68,18,2865.1301860809326,12.099981307983398,pendigits,32
metacog,0.12,0.1,0.0214285714285714,0.0,0.5,,0.1870693476896668,0.9950248319034124,1,1,1,7571.084260940552,5.232095718383789,pendigits,32
classic,0.85,0.85010101010101,0.8478368817882884,0.8347461451248869,0.9166000173359724,,0.0,0.0,135,68,15,3240.052938461304,13.642549514770508,pendigits,33
metacog,0.12,0.1,0.0214285714285714,0.0,0.5,,0.2623368225028105,0.996517058308216,1,1,1,7661.670923233032,4.262447357177734,pendigits,33
classic,0.9,0.8982070707070708,0.8985049691189145,0.8903902606018936,0.9431907568087344,,0.0,0.0,141,71,20,3368.532657623291,8.658885955810547,pendigits,34
metacog,0.12,0.1,0.0214285714285714,0.0,0.5,,0.0830963705385151,0.9930231270488042,1,1,1,7706.394672393799,4.561185836791992,pendigits,34
classic,0.9,0.9012626262626264,0.9003643146461829,0.8893712237538123,0.9563644639841512,,0.0,0.0,137,69,18,2999.479293823242,11.372089385986328,pendigits,35
metacog,0.12,0.1,0.0214285714285714,0.0,0.5,,0.2623368225028105,0.9948935393713062,1,1,1,7724.353075027466,4.281759262084961,pendigits,35
classic,0.85,0.848989898989899,0.8434966839519941,0.8349687004934796,0.9375929416075972,,0.0,0.0,141,71,21,2974.2095470428467,13.604402542114258,pendigits,36
metacog,0.12,0.1,0.0214285714285714,0.0,0.5,,0.0496196547178001,0.9942574101054455,1,1,1,7640.39134979248,4.631757736206055,pendigits,36
classic,0.89,0.8943181818181818,0.8924030431810752,0.8787847017697832,0.956933700194936,,0.0,0.0,139,70,21,2819.1936016082764,9.858369827270508,pendigits,37
metacog,0.12,0.1,0.0214285714285714,0.0,0.5,,0.0024956430370781,0.9942170762648626,1,1,1,7637.505054473877,4.242181777954102,pendigits,37
classic,0.85,0.8463383838383839,0.8498419304480684,0.8334270581342275,0.9417101071525228,,0.0,0.0,127,64,18,2946.627855300904,8.873462677001953,pendigits,38
metacog,0.12,0.1,0.0214285714285714,0.0,0.5,,0.0024956430370781,0.9533796068447916,1,1,1,7680.001735687256,6.107091903686523,pendigits,38
classic,0.92,0.9209090909090908,0.917844611528822,0.91161757094759,0.9616950826950827,,0.0,0.0,123,62,21,3003.0412673950195,6.820201873779297,pendigits,39
metacog,0.11,0.1,0.0198198198198198,0.0,0.5,,0.000600321282495,0.9943232027834786,1,1,1,7565.8979415893555,2.2161006927490234,pendigits,39
classic,0.88,0.8799494949494949,0.8774909508911393,0.8670597450471613,0.9394598210777986,,0.0,0.0,145,73,20,3346.0769653320312,13.4735107421875,pendigits,40
metacog,0.12,0.1,0.0214285714285714,0.0,0.5,,0.2623368225028105,0.9938787152075216,1,1,1,7630.44548034668,4.35948371887207,pendigits,40
classic,0.98,0.9788888888888888,0.9788544891640866,0.9778618371778994,0.9883394383394384,,0.0,0.0,137,69,20,3102.4086475372314,12.247562408447266,pendigits,41
metacog,0.12,0.1,0.0214285714285714,0.0,0.5,,0.2224575240901101,0.9949644185671572,1,1,1,7795.624256134033,4.380464553833008,pendigits,41
classic,0.8,0.7978787878787879,0.7934268856283933,0.7789291957214992,0.893758678119633,,0.0,0.0,123,62,16,2641.125202178955,11.291980743408203,pendigits,42
metacog,0.12,0.1,0.0214285714285714,0.0,0.5,,0.0260139462196942,0.9954042447666136,1,1,1,7603.117942810059,4.407882690429688,pendigits,42
classic,0.87,0.8657070707070706,0.866569619235254,0.8561252524327247,0.954008658008658,,0.0,0.0,127,64,20,2970.25465965271,11.430501937866213,pendigits,43
metacog,0.12,0.1,0.0214285714285714,0.0,0.5,,0.1870693476896668,0.9935787635966647,1,1,1,7516.188144683838,4.130840301513672,pendigits,43
classic,0.86,0.8564141414141414,0.859596132468659,0.8458891506000271,0.9330430769733712,,0.0,0.0,131,66,18,2213.8776779174805,7.519721984863281,pendigits,44
metacog,0.12,0.1,0.0214285714285714,0.0,0.5,,0.0058309881156488,0.9508487006986842,1,1,1,5447.133779525757,2.21109390258789,pendigits,44
classic,0.95,0.9493181818181816,0.9484962406015038,0.9449082329708256,0.9718935231435232,,0.0,0.0,135,68,17,2287.0397567749023,7.599830627441406,pendigits,45
metacog,0.12,0.1,0.0214285714285714,0.0,0.5,,0.0,0.9946009361259874,1,1,1,5306.500673294067,2.184152603149414,pendigits,45
classic,0.82,0.8126515151515152,0.8060973813282335,0.8014088967558901,0.9021898564884336,,0.0,0.0,139,70,21,2453.593969345093,6.256580352783203,pendigits,46
metacog,0.12,0.1,0.0214285714285714,0.0,0.5,,0.0650206087473442,0.9935958621147446,1,1,1,5296.161890029907,3.002405166625977,pendigits,46
classic,0.9,0.9042424242424244,0.9006259448512781,0.8906976228123933,0.9574857894914076,,0.0,0.0,129,65,20,2268.1725025177,10.60175895690918,pendigits,47
metacog,0.12,0.1,0.0214285714285714,0.0,0.5,,0.0496196547178001,0.9943340769893542,1,1,1,5215.296030044556,3.825902938842773,pendigits,47
classic,0.84,0.8353787878787878,0.8392797903850535,0.8243302671976069,0.9248725472405248,,0.0,0.0,133,67,21,2122.964859008789,6.211996078491211,pendigits,48
metacog,0.12,0.1,0.0214285714285714,0.0,0.5,,0.0024956430370781,0.9945193282096424,1,1,1,5240.562438964844,2.183675765991211,pendigits,48
classic,0.86,0.8627272727272727,0.8622313359155465,0.8449390090943201,0.929733798660765,,0.0,0.0,145,73,21,2193.7081813812256,11.230707168579102,pendigits,49
metacog,0.11,0.1,0.0198198198198198,0.0,0.5,,0.0021259181426961,0.9950325156389844,1,1,1,5207.318544387817,2.125263214111328,pendigits,49
classic,0.94,0.9413265306122448,0.9420993652492704,0.931136349729472,0.9804127930241864,,0.0,0.0,79,40,21,5435.720443725586,10.308027267456056,segment,0
metacog,0.16,0.1428571428571428,0.0394088669950738,0.0,0.5,,0.4228948914624839,0.999362578422318,1,1,1,26012.104272842407,4.201173782348633,segment,0
classic,0.96,0.9612244897959183,0.960984393757503,0.953738552047341,0.987279283806546,,0.0,0.0,73,37,21,5219.512939453125,10.236978530883787,segment,1
metacog,0.16,0.1428571428571428,0.0394088669950738,0.0,0.5,,0.3758595212132675,0.9992971742220984,1,1,1,26071.696758270264,4.212141036987305,segment,1
classic,0.86,0.8649659863945578,0.8654827315541601,0.8369160934428163,0.9417797467824338,,0.0,0.0,69,35,21,5010.792970657349,10.543584823608398,segment,2
metacog,0.16,0.1428571428571428,0.0394088669950738,0.0,0.5,,0.4190310334821857,0.9995590009869784,1,1,1,26154.245615005493,4.630088806152344,segment,2
classic,0.95,0.9522108843537416,0.9522809000005884,0.9418563987137024,0.9813395823445656,,0.0,0.0,79,40,21,4636.78240776062,10.19287109375,segment,3
metacog,0.16,0.1428571428571428,0.0394088669950738,0.0,0.5,,0.0129036258507745,0.9999035959823824,1,1,1,26165.1418209076,7.0552825927734375,segment,3
classic,0.93,0.9331632653061224,0.9324699611645424,0.91879898154807,0.9707669346808492,,0.0,0.0,77,39,21,5184.947729110718,9.81426239013672,segment,4
metacog,0.16,0.1428571428571428,0.0394088669950738,0.0,0.5,,0.5785529074035128,0.9986218419379336,1,1,1,26197.42226600647,2.198457717895508,segment,4
classic,0.95,0.9523809523809524,0.9502539564831,0.94230999593597,0.971121526397247,,0.0,0.0,75,38,21,5175.968885421753,11.304855346679688,segment,5
metacog,0.15,0.1428571428571428,0.0372670807453416,0.0,0.5,,0.5499951450139091,0.9995422887763266,1,1,1,25559.00931358337,4.231452941894531,segment,5
classic,0.93,0.9326530612244898,0.9335020981572706,0.9185938867435728,0.9696878751500602,,0.0,0.0,69,35,21,5148.038387298584,10.847806930541992,segment,6
metacog,0.15,0.1428571428571428,0.0372670807453416,0.0,0.5,,0.4190310334821857,0.9992123908303702,1,1,1,26369.069576263428,4.214048385620117,segment,6
classic,0.93,0.9333333333333332,0.9315314656328482,0.9186223063195004,0.9604674973437652,,0.0,0.0,75,38,21,5133.3558559417725,10.066986083984377,segment,7
metacog,0.15,0.1428571428571428,0.0372670807453416,0.0,0.5,,0.4980464646367701,0.9986199766392144,1,1,1,26022.79019355774,4.601955413818359,segment,7
classic,0.93,0.928937728937729,0.930405385542523,0.9196231918925696,0.9635725059254472,,0.0,0.0,83,42,21,5186.406373977661,10.88237762451172,segment,8
metacog,0.15,0.1428571428571428,0.0372670807453416,0.0,0.5,,0.2854097545580232,0.9994452369483804,1,1,1,25580.25097846985,4.1713714599609375,segment,8
classic,0.91,0.9139259549973836,0.9128096474036408,0.895166963460736,0.954961355679154,,0.0,0.0,77,39,21,5130.295753479004,10.123491287231444,segment,9
metacog,0.16,0.1428571428571428,0.0394088669950738,0.0,0.5,,0.3071799741019244,0.9989749337572053,1,1,1,25673.681497573853,4.179000854492188,segment,9
classic,0.97,0.971343537414966,0.971343537414966,0.9649778192855476,0.9894184127139228,,0.0,0.0,79,40,21,5178.518772125244,7.573366165161133,segment,10
metacog,0.16,0.1428571428571428,0.0394088669950738,0.0,0.5,,0.4774262203727955,0.9994216776314312,1,1,1,26569.546937942505,4.180431365966797,segment,10
classic,0.93,0.9318027210884354,0.9327419583259404,0.9191310447841832,0.965250786361056,,0.0,0.0,77,39,21,5105.985641479492,10.176420211791992,segment,11
metacog,0.16,0.1428571428571428,0.0394088669950738,0.0,0.5,,0.542780709994237,0.9988362753013316,1,1,1,25803.90763282776,4.18400764465332,segment,11
classic,0.91,0.914625850340136,0.916651104886399,0.8960849020472814,0.955187051564812,,0.0,0.0,75,38,21,5084.802627563477,10.31494140625,segment,12
metacog,0.16,0.1428571428571428,0.0394088669950738,0.0,0.5,,0.6488800682976643,0.999192790511082,1,1,1,25355.31234741211,4.267692565917969,segment,12
classic,0.96,0.9624149659863946,0.9630269670592252,0.9536378023067456,0.9826283304019284,,0.0,0.0,73,37,21,5232.674360275269,11.40594482421875,segment,13
metacog,0.16,0.1428571428571428,0.0394088669950738,0.0,0.5,,0.3375950089108288,0.999054533831206,1,1,1,25710.70671081543,4.274606704711914,segment,13
classic,0.95,0.9522108843537416,0.9533254881260602,0.9418089367143044,0.9716462166261854,,0.0,0.0,81,41,21,5112.230062484741,10.36214828491211,segment,14
metacog,0.16,0.1428571428571428,0.0394088669950738,0.0,0.5,,0.2224575240901101,0.9986957258004104,1,1,1,25429.9099445343,4.2057037353515625,segment,14
classic,0.94,0.9428571428571428,0.9407715131535248,0.9304144838663064,0.9654072406829614,,0.0,0.0,71,36,21,4968.149185180664,9.992361068725586,segment,15
metacog,0.15,0.1428571428571428,0.0372670807453416,0.0,0.5,,0.4228948914624839,0.9989982540754736,1,1,1,25817.74044036865,5.002498626708984,segment,15
classic,0.94,0.9421768707482991,0.9424734966289072,0.9300642211668964,0.9657760778730096,,0.0,0.0,83,42,21,4863.871097564697,9.992599487304688,segment,16
metacog,0.15,0.1428571428571428,0.0372670807453416,0.0,0.5,,0.0379854917513664,0.999235649130342,1,1,1,26562.83688545227,5.159854888916016,segment,16
classic,0.93,0.9333333333333332,0.9307539682539682,0.9190516694213836,0.9625331936488124,,0.0,0.0,77,39,21,5147.964477539063,9.88626480102539,segment,17
metacog,0.15,0.1428571428571428,0.0372670807453416,0.0,0.5,,0.3143783384786975,0.9992354479651964,1,1,1,25156.63504600525,4.117488861083984,segment,17
classic,0.96,0.961904761904762,0.961872980560411,0.9534150677942348,0.975126050420168,,0.0,0.0,75,38,21,5137.655973434448,10.241031646728516,segment,18
metacog,0.15,0.1428571428571428,0.0372670807453416,0.0,0.5,,0.542780709994237,0.999665035185628,1,1,1,25971.66919708252,4.340171813964844,segment,18
classic,0.91,0.91324568288854,0.9146404361921604,0.8952103781127638,0.9584161656304,,0.0,0.0,77,39,21,5388.222455978394,11.681318283081056,segment,19
metacog,0.16,0.1428571428571428,0.0394088669950738,0.0,0.5,,0.4190310334821857,0.9989686431271922,1,1,1,26308.13145637512,4.252433776855469,segment,19
classic,0.97,0.971938775510204,0.9713305053822296,0.9655495162224066,0.9875062990312404,,0.0,0.0,79,40,21,5075.3374099731445,7.1868896484375,segment,20
metacog,0.16,0.1428571428571428,0.0394088669950738,0.0,0.5,,0.3826371965972537,0.998914275831298,1,1,1,26115.150213241577,4.228830337524414,segment,20
classic,0.98,0.979591836734694,0.9800824175824177,0.977103043768246,0.9931348353294808,,0.0,0.0,77,39,21,5176.695108413696,9.995460510253906,segment,21
metacog,0.16,0.1428571428571428,0.0394088669950738,0.0,0.5,,0.3143783384786975,0.9996469831893604,1,1,1,26741.09983444214,4.254579544067383,segment,21
classic,0.95,0.952295918367347,0.9525810324129652,0.9420563061868886,0.977294976129987,,0.0,0.0,77,39,21,5241.615295410156,10.207653045654297,segment,22
metacog,0.16,0.1428571428571428,0.0394088669950738,0.0,0.5,,0.266008077043361,0.9991888595138116,1,1,1,25843.966960906982,3.490686416625977,segment,22
classic,0.94,0.9408163265306122,0.9418611889200124,0.9302491719621166,0.974783739077026,,0.0,0.0,73,37,21,5033.024311065674,11.60264015197754,segment,23
metacog,0.16,0.1428571428571428,0.0394088669950738,0.0,0.5,,0.3758595212132675,0.999025528612556,1,1,1,25461.89975738525,4.145383834838867,segment,23
classic,0.93,0.929251700680272,0.9272847522847524,0.919603926384276,0.9638682915026476,,0.0,0.0,73,37,21,4911.489248275757,10.055065155029297,segment,24
metacog,0.16,0.1428571428571428,0.0394088669950738,0.0,0.5,,0.5194630401710595,0.9990956598968856,1,1,1,26091.843605041504,4.230022430419922,segment,24
classic,0.91,0.9142857142857144,0.9129720853858786,0.895050198459024,0.9485251775128656,,0.0,0.0,77,39,21,5033.205509185791,10.756731033325195,segment,25
metacog,0.15,0.1428571428571428,0.0372670807453416,0.0,0.5,,0.5785529074035128,0.9987126695230808,1,1,1,25721.37761116028,4.140615463256836,segment,25
classic,0.96,0.961904761904762,0.9608830505382228,0.9534259432292824,0.9772670872062352,,0.0,0.0,81,41,21,4966.797590255737,9.586572647094728,segment,26
metacog,0.15,0.1428571428571428,0.0372670807453416,0.0,0.5,,0.4681504481596282,0.9992164143654136,1,1,1,25948.741674423218,4.228353500366211,segment,26
classic,0.92,0.9216640502354788,0.9212364696235664,0.9076570916249856,0.9583781841649126,,0.0,0.0,77,39,21,5010.974645614624,9.87863540649414,segment,27
metacog,0.15,0.1428571428571428,0.0372670807453416,0.0,0.5,,0.4228948914624839,0.9992637624958376,1,1,1,25930.994510650635,5.557775497436523,segment,27
classic,0.93,0.931868131868132,0.9336826632766566,0.9186918144659836,0.9658709106984968,,0.0,0.0,85,43,21,4590.888261795044,9.755373001098633,segment,28
metacog,0.15,0.1428571428571428,0.0372670807453416,0.0,0.5,,0.0476819996959609,0.9993474450277606,1,1,1,25381.89172744751,4.364013671875,segment,28
classic,0.9,0.9036172161172162,0.9031011025099696,0.8852757059746009,0.9489863243736826,,0.0,0.0,75,38,21,4977.327108383179,9.56439971923828,segment,29
metacog,0.16,0.1428571428571428,0.0394088669950738,0.0,0.5,,0.3071799741019244,0.9988454812667628,1,1,1,25902.899980545044,4.243135452270508,segment,29
classic,0.96,0.9624149659863946,0.961247947454844,0.9538874620593042,0.977825897800981,,0.0,0.0,79,40,21,5037.252187728882,10.041952133178713,segment,30
metacog,0.16,0.1428571428571428,0.0394088669950738,0.0,0.5,,0.2593960589017444,0.9992855781285536,1,1,1,26216.410160064697,5.589723587036133,segment,30
classic,0.87,0.8762755102040816,0.8711807677324919,0.852712097041941,0.9388538554956868,,0.0,0.0,71,36,21,4899.793148040772,11.208057403564451,segment,31
metacog,0.16,0.1428571428571428,0.0394088669950738,0.0,0.5,,0.3071799741019244,0.9992443125543816,1,1,1,25577.133893966675,6.342649459838867,segment,31
classic,0.93,0.9312074829931972,0.9328923293455312,0.919309097739101,0.9645124125231488,,0.0,0.0,81,41,21,4748.227119445801,10.653257369995115,segment,32
metacog,0.16,0.1428571428571428,0.0394088669950738,0.0,0.5,,0.4681504481596282,0.9984830686690668,1,1,1,25829.323053359985,4.249811172485352,segment,32
classic,0.93,0.9350340136054422,0.9337689290275496,0.9192852870292688,0.9679893381771312,,0.0,0.0,83,42,21,5270.674467086792,10.295867919921877,segment,33
metacog,0.16,0.1428571428571428,0.0394088669950738,0.0,0.5,,0.4980464646367701,0.9991734992048786,1,1,1,25165.701866149902,4.310131072998047,segment,33
classic,0.93,0.9312074829931972,0.9314916405433646,0.91938833526037,0.9597111519026216,,0.0,0.0,75,38,21,5076.915264129639,10.441064834594728,segment,34
metacog,0.16,0.1428571428571428,0.0394088669950738,0.0,0.5,,0.3346625074256906,0.9990161357557632,1,1,1,26160.11643409729,5.53131103515625,segment,34
classic,0.92,0.923809523809524,0.9220643454514422,0.9073492928231346,0.9747899159663864,,0.0,0.0,77,39,21,5183.43186378479,10.306358337402344,segment,35
metacog,0.15,0.1428571428571428,0.0372670807453416,0.0,0.5,,0.4681504481596282,0.9994034739609524,1,1,1,25309.643507003784,5.285739898681641,segment,35
classic,0.91,0.9136054421768708,0.9136288998357964,0.895050198459024,0.9544133002038024,,0.0,0.0,87,44,21,5223.324298858643,10.323047637939451,segment,36
metacog,0.15,0.1428571428571428,0.0372670807453416,0.0,0.5,,0.1095927467120938,0.998917017419196,1,1,1,24748.122930526733,4.158258438110352,segment,36
classic,0.93,0.9326530612244898,0.9335722819593788,0.9183792870708058,0.9695758303321328,,0.0,0.0,73,37,21,5363.387823104858,10.912179946899414,segment,37
metacog,0.15,0.1428571428571428,0.0372670807453416,0.0,0.5,,0.5249066767996359,0.9992113434955472,1,1,1,25778.45072746277,3.518104553222656,segment,37
classic,0.94,0.9428571428571428,0.9436576354679804,0.9302815005113316,0.9702521008403362,,0.0,0.0,87,44,21,5483.10112953186,11.228084564208984,segment,38
metacog,0.15,0.1428571428571428,0.0372670807453416,0.0,0.5,,0.2331297888371842,0.9991224763995434,1,1,1,25568.79591941833,4.141807556152344,segment,38
classic,0.97,0.9700680272108844,0.970857099889358,0.9652958670603384,0.9823938325330132,,0.0,0.0,89,45,21,5486.830711364746,9.505748748779297,segment,39
metacog,0.16,0.1428571428571428,0.0394088669950738,0.0,0.5,,0.3758595212132675,0.9991329332303376,1,1,1,25944.24653053284,3.049612045288086,segment,39
classic,0.92,0.9204081632653062,0.9229955229955228,0.907689150471063,0.9630829104897772,,0.0,0.0,73,37,21,5366.086483001709,9.02700424194336,segment,40
metacog,0.16,0.1428571428571428,0.0394088669950738,0.0,0.5,,0.5785529074035128,0.9986557986151642,1,1,1,26076.20024681092,2.1991729736328125,segment,40
classic,0.97,0.971343537414966,0.9707611631972032,0.9652153678456096,0.984547877290451,,0.0,0.0,81,41,21,5141.105175018311,11.295318603515623,segment,41
metacog,0.16,0.1428571428571428,0.0394088669950738,0.0,0.5,,0.4577353806235611,0.9990189123915392,1,1,1,25695.746183395386,4.199028015136719,segment,41
classic,0.95,0.9534863945578232,0.952891156462585,0.942083164410332,0.9705527879756553,,0.0,0.0,79,40,21,5086.956262588501,10.093212127685549,segment,42
metacog,0.16,0.1428571428571428,0.0394088669950738,0.0,0.5,,0.4681504481596282,0.9988498161344466,1,1,1,25723.663568496704,2.2253990173339844,segment,42
classic,0.95,0.951530612244898,0.9525054466230936,0.9428412235733592,0.9812138111058378,,0.0,0.0,85,43,21,5159.402847290039,10.785341262817385,segment,43
metacog,0.16,0.1428571428571428,0.0394088669950738,0.0,0.5,,0.4774262203727955,0.9996860288459644,1,1,1,25682.3525428772,3.222942352294922,segment,43
classic,0.95,0.95093537414966,0.9541950113378684,0.9422231502356312,0.9703032026764196,,0.0,0.0,79,40,21,4241.073131561279,9.552240371704102,segment,44
metacog,0.16,0.1428571428571428,0.0394088669950738,0.0,0.5,,0.3969869871666973,0.999396587646184,1,1,1,17683.510303497314,3.854036331176758,segment,44
classic,0.94,0.9428571428571428,0.9427935801684412,0.9301728418062352,0.9869467787114844,,0.0,0.0,77,39,21,4222.97215461731,5.821466445922852,segment,45
metacog,0.15,0.1428571428571428,0.0372670807453416,0.0,0.5,,0.3882667441108223,0.9983538133329212,1,1,1,17506.998777389526,4.176855087280273,segment,45
classic,0.92,0.9223443223443224,0.9242290375549552,0.9067975761827208,0.9539941599982168,,0.0,0.0,75,38,21,3803.905725479126,4.895210266113281,segment,46
metacog,0.15,0.1428571428571428,0.0372670807453416,0.0,0.5,,0.0821100024408175,0.9990049540870078,1,1,1,17758.262395858765,2.1219253540039062,segment,46
classic,0.95,0.9523809523809524,0.9503635937133474,0.9422134018211534,0.980981470374838,,0.0,0.0,77,39,21,4058.537006378174,5.143404006958008,segment,47
metacog,0.15,0.1428571428571428,0.0372670807453416,0.0,0.5,,0.5785529074035128,0.9991482912853288,1,1,1,17503.68618965149,2.808809280395508,segment,47
classic,0.93,0.9304029304029304,0.9308888182636792,0.9186823962745696,0.9905980066445182,,0.0,0.0,77,39,21,3975.513458251953,10.099411010742188,segment,48
metacog,0.15,0.1428571428571428,0.0372670807453416,0.0,0.5,,0.3758595212132675,0.9991699190524956,1,1,1,17526.437997817993,2.044677734375,segment,48
classic,0.9,0.9043171114599684,0.9063903478268646,0.8838380893495474,0.9471791686263056,,0.0,0.0,77,39,21,3772.924661636353,4.8065185546875,segment,49
metacog,0.16,0.1428571428571428,0.0394088669950738,0.0,0.5,,0.2117947695893133,0.9993450193585824,1,1,1,17308.229207992554,2.0575523376464844,segment,49
classic,0.98,0.8947368421052632,0.8947368421052632,0.7894736842105263,0.8947368421052632,0.6500000000000001,0.0,0.0,29,15,10,283.9984893798828,6.331682205200195,sick,0
metacog,0.96,0.8842105263157896,0.8226950354609929,0.656380341263449,0.883157894736842,0.4671428571428571,0.5256227977269009,0.9652518795505428,5,3,3,7156.047821044922,5.417585372924805,sick,0
classic,0.99,0.9947368421052633,0.9518999518999518,0.9080536347093006,0.9947368421052633,0.8333333333333334,0.0,0.0,35,18,11,353.56903076171875,6.571769714355469,sick,1
metacog,0.98,0.9894736842105264,0.9113475177304964,0.8362105717465858,0.9894736842105264,0.7142857142857143,0.3801543215069078,0.9530155388581244,3,2,2,6804.862260818481,5.676031112670898,sick,1
classic,1.0,1.0,1.0,1.0,1.0,1.0,0.0,0.0,35,18,12,332.5839042663574,6.839513778686523,sick,2
metacog,0.94,0.8736842105263158,0.7695852534562212,0.5691668497885934,0.8736842105263158,0.3655555555555556,0.3433158717235482,0.9489750766044738,3,2,2,6421.382427215576,6.306886672973633,sick,2
classic,0.99,0.9,0.941826643397324,0.8897565210026094,0.9,0.81,0.0,0.0,35,18,11,385.493278503418,6.947517395019531,sick,3
metacog,0.97,0.8894736842105264,0.8556998556998556,0.7148507337073218,0.8894736842105264,0.5433333333333333,0.4566340515725999,0.9283378682973242,3,2,2,6633.239030838013,6.589412689208984,sick,3
classic,0.96,0.7894736842105263,0.7894736842105263,0.5789473684210527,0.8863157894736843,0.5033333333333334,0.0,0.0,29,15,9,336.8349075317383,7.577419281005859,sick,4
metacog,0.97,0.9842105263157894,0.8765939942410531,0.777986605215499,0.9842105263157896,0.625,0.4838754913996995,0.9677223830870436,3,2,2,6390.395641326904,4.947423934936523,sick,4
classic,0.97,0.7,0.7779422649888971,0.6226998490772391,0.6905263157894737,0.43,0.0,0.0,29,15,10,323.8484859466553,6.680965423583984,sick,5
metacog,0.98,0.8947368421052632,0.8947368421052632,0.7894736842105263,0.8947368421052632,0.6500000000000001,0.4373720408291724,0.9453195743052956,3,2,2,6707.885503768921,7.894039154052734,sick,5
classic,0.98,0.9894736842105264,0.9113475177304964,0.8362105717465858,0.9894736842105264,0.7142857142857143,0.0,0.0,35,18,11,367.7558898925781,7.744550704956055,sick,6
metacog,0.98,0.9894736842105264,0.9113475177304964,0.8362105717465858,0.9894736842105264,0.7142857142857143,0.3982951136678321,0.954040458597003,3,2,2,6877.883672714233,5.1517486572265625,sick,6
classic,0.98,0.9113475177304964,0.9113475177304964,0.8226950354609929,0.9920212765957448,0.7972222222222223,0.0,0.0,35,18,12,362.4305725097656,6.904363632202148,sick,7
metacog,0.95,0.9734042553191488,0.8392799742847958,0.7186382997048709,0.9734042553191488,0.5454545454545454,0.3969570566780964,0.91751891456656,3,2,2,6327.816724777222,4.870891571044922,sick,7
classic,0.95,0.8173758865248226,0.7943233237350884,0.5908169963034265,0.8156028368794326,0.4009523809523809,0.0,0.0,29,15,9,315.8378601074219,6.278753280639648,sick,8
metacog,0.97,0.9060283687943262,0.8765939942410531,0.75584967683511,0.9060283687943262,0.6052380952380952,0.3944942510150483,0.9547746825599508,3,2,2,6754.627704620361,6.306648254394531,sick,8
classic,0.97,0.75,0.8254799301919721,0.6960862607997853,0.75,0.53,0.0,0.0,31,16,9,328.4385204315185,7.489919662475586,sick,9
metacog,0.99,0.99468085106383,0.9588646647470176,0.9208823573667934,0.99468085106383,0.8571428571428571,0.4633975151862715,0.9676838421116262,3,2,2,6557.35445022583,5.015850067138672,sick,9
classic,0.99,0.9,0.941826643397324,0.8897565210026094,0.9,0.81,0.0,0.0,35,18,12,361.67383193969727,5.103826522827148,sick,10
metacog,1.0,1.0,1.0,1.0,1.0,1.0,0.3429722783809259,0.9294329131878992,3,2,2,6941.541433334351,5.360126495361328,sick,10
classic,0.99,0.9,0.941826643397324,0.8897565210026094,0.9989473684210528,0.9666666666666668,0.0,0.0,35,18,12,359.222412109375,7.154464721679688,sick,11
metacog,0.98,0.9894736842105264,0.9113475177304964,0.8362105717465858,0.9894736842105264,0.7142857142857143,0.4090373720857132,0.9537591903394148,3,2,2,6660.871744155884,5.418300628662109,sick,11
classic,0.96,0.6,0.6563573883161512,0.4380858271151805,0.7,0.43,0.0,0.0,33,17,10,309.9327087402344,5.887985229492188,sick,12
metacog,0.99,0.9,0.941826643397324,0.8897565210026094,0.9,0.81,0.3060190472001522,0.9309540214287022,3,2,2,6338.190078735352,5.198001861572266,sick,12
classic,0.96,0.7894736842105263,0.7894736842105263,0.5789473684210527,0.8873684210526316,0.5033333333333334,0.0,0.0,31,16,10,337.986707687378,6.578683853149414,sick,13
metacog,0.97,0.9842105263157894,0.8765939942410531,0.777986605215499,0.9842105263157896,0.625,0.5019865317872999,0.9588806083561972,3,2,2,6676.2635707855225,5.1898956298828125,sick,13
classic,0.95,0.5947368421052631,0.6299037749814952,0.2949630864050079,0.6936842105263158,0.2633333333333333,0.0,0.0,31,16,9,349.29394721984863,6.512880325317383,sick,14
metacog,0.97,0.8894736842105264,0.8556998556998556,0.7148507337073218,0.8894736842105264,0.5433333333333333,0.3565169160365831,0.9602860204792868,3,2,2,6178.57027053833,5.109548568725586,sick,14
classic,0.97,0.7947368421052632,0.8254799301919721,0.6556100681071858,0.7947368421052632,0.47,0.0,0.0,31,16,11,326.4055252075196,8.301258087158203,sick,15
metacog,0.96,0.7894736842105263,0.7894736842105263,0.5789473684210527,0.7894736842105263,0.38,0.4928647666416288,0.965159194933632,3,2,2,6668.949365615845,5.101680755615234,sick,15
classic,0.99,0.9947368421052633,0.9518999518999518,0.9080536347093006,0.9947368421052633,0.8333333333333334,0.0,0.0,31,16,9,367.3241138458252,6.784915924072266,sick,16
metacog,0.96,0.8842105263157896,0.8226950354609929,0.656380341263449,0.8842105263157896,0.4671428571428571,0.3827056597619531,0.8400969292450545,3,2,2,6383.147239685059,5.282163619995117,sick,16
classic,0.97,0.9060283687943262,0.8765939942410531,0.75584967683511,0.9060283687943262,0.6052380952380952,0.0,0.0,35,18,12,422.609806060791,19.179105758666992,sick,17
metacog,0.95,0.9734042553191488,0.8392799742847958,0.7186382997048709,0.9734042553191488,0.5454545454545454,0.3554817460009722,0.9523764907174398,3,2,2,6588.93609046936,4.792451858520508,sick,17
classic,0.98,0.9893617021276596,0.9231950844854072,0.8567628336893993,0.9893617021276596,0.75,0.0,0.0,33,17,10,443.2222843170166,7.726430892944336,sick,18
metacog,0.95,0.9734042553191488,0.8392799742847958,0.7186382997048709,0.9734042553191488,0.5454545454545454,0.4508036293166795,0.9379518188475848,3,2,2,6185.203790664673,5.443096160888672,sick,18
classic,0.97,0.9840425531914894,0.8918918918918919,0.8033617310539418,0.9840425531914894,0.6666666666666666,0.0,0.0,31,16,9,332.7569961547852,6.907224655151367,sick,19
metacog,0.96,0.9787234042553192,0.8641304347826086,0.7579367289598671,0.9787234042553192,0.6,0.394318501230594,0.9277053183544453,3,2,2,6193.997144699097,5.469560623168945,sick,19
classic,1.0,1.0,1.0,1.0,1.0,1.0,0.0,0.0,35,18,11,341.63594245910645,6.668567657470703,sick,20
metacog,0.98,0.9894736842105264,0.9113475177304964,0.8362105717465858,0.9894736842105264,0.7142857142857143,0.4888628386184028,0.9414544416184546,3,2,2,6492.074012756348,5.190372467041016,sick,20
classic,0.97,0.7947368421052632,0.8254799301919721,0.6556100681071858,0.7926315789473685,0.47,0.0,0.0,31,16,10,332.37600326538086,8.140087127685547,sick,21
metacog,0.99,0.9,0.941826643397324,0.8897565210026094,0.9,0.81,0.4016292038419668,0.9757314589470736,3,2,2,6284.352779388428,5.017518997192383,sick,21
classic,0.98,0.8,0.8697916666666667,0.7665695441245898,0.9989473684210526,0.9666666666666668,0.0,0.0,31,16,10,339.59007263183594,4.95600700378418,sick,22
metacog,0.97,0.8894736842105264,0.8556998556998556,0.7148507337073218,0.8894736842105264,0.5433333333333333,0.3719383750948222,0.9470623916546752,3,2,2,6335.613250732422,5.411863327026367,sick,22
classic,0.97,0.8894736842105264,0.8556998556998556,0.7148507337073218,0.8894736842105264,0.5433333333333333,0.0,0.0,29,15,8,332.8542709350586,7.33637809753418,sick,23
metacog,0.96,0.9789473684210526,0.8463901689708142,0.7294955398698875,0.9789473684210526,0.5555555555555556,0.5048439999745694,0.9599902341073704,3,2,2,6370.623588562012,8.911848068237305,sick,23
classic,0.99,0.9,0.941826643397324,0.8897565210026094,0.9,0.81,0.0,0.0,31,16,11,296.50354385375977,6.636857986450195,sick,24
metacog,0.97,0.8894736842105264,0.8556998556998556,0.7148507337073218,0.8873684210526316,0.5433333333333333,0.4900907285533321,0.9532488750984128,5,3,3,6758.482933044434,7.278919219970703,sick,24
classic,0.96,0.7894736842105263,0.7894736842105263,0.5789473684210527,0.7873684210526316,0.38,0.0,0.0,27,14,8,294.0552234649658,7.767438888549805,sick,25
metacog,0.94,0.968421052631579,0.7961956521739131,0.6525621200883198,0.968421052631579,0.4545454545454545,0.3913344051071112,0.9846139212185712,3,2,2,6307.377576828003,4.271030426025391,sick,25
classic,0.98,0.8947368421052632,0.8947368421052632,0.7894736842105263,0.8926315789473684,0.6500000000000001,0.0,0.0,35,18,12,371.7303276062012,6.993532180786133,sick,26
metacog,0.99,0.9947368421052633,0.9518999518999518,0.9080536347093006,0.9947368421052633,0.8333333333333334,0.335634624393009,0.9180923509189584,3,2,2,6354.219436645508,5.089521408081055,sick,26
classic,0.98,0.8333333333333333,0.8947368421052632,0.8079466429027216,0.9148936170212768,0.8155555555555556,0.0,0.0,31,16,11,353.4848690032959,6.0138702392578125,sick,27
metacog,0.97,0.9060283687943262,0.8765939942410531,0.75584967683511,0.9060283687943262,0.6052380952380952,0.4345903718732559,0.9431316599223286,3,2,2,6356.062173843384,5.135059356689453,sick,27
classic,0.99,0.9166666666666669,0.9518999518999518,0.9080536347093006,1.0,1.0,0.0,0.0,35,18,11,375.2171993255615,7.150411605834961,sick,28
metacog,0.98,0.9893617021276596,0.9231950844854072,0.8567628336893993,0.9893617021276596,0.75,0.464436467124401,0.9264793955600298,3,2,2,6394.32692527771,4.018068313598633,sick,28
classic,1.0,1.0,1.0,1.0,1.0,1.0,0.0,0.0,35,18,12,380.5956840515137,6.943941116333008,sick,29
metacog,0.94,0.8900709219858156,0.7961956521739131,0.6175780754487806,0.8900709219858157,0.4266666666666667,0.4153195241902866,0.9477487856566064,3,2,2,6504.3370723724365,5.160808563232422,sick,29
classic,0.98,0.9894736842105264,0.9113475177304964,0.8362105717465858,0.9894736842105264,0.7142857142857143,0.0,0.0,33,17,10,334.5966339111328,6.668806076049805,sick,30
metacog,0.98,0.9894736842105264,0.9113475177304964,0.8362105717465858,0.9894736842105264,0.7142857142857143,0.289613155837409,0.9274894373567412,3,2,2,6303.02357673645,5.0563812255859375,sick,30
classic,0.98,0.8947368421052632,0.8947368421052632,0.7894736842105263,0.8947368421052632,0.6500000000000001,0.0,0.0,31,16,10,339.33043479919434,6.585359573364258,sick,31
metacog,0.97,0.8894736842105264,0.8556998556998556,0.7148507337073218,0.8894736842105264,0.5433333333333333,0.5525713098455248,0.8178626819078411,3,2,2,6441.171646118164,5.379915237426758,sick,31
classic,0.99,0.9,0.941826643397324,0.8897565210026094,1.0,1.0,0.0,0.0,37,19,12,361.12046241760254,6.948709487915039,sick,32
metacog,0.98,0.9894736842105264,0.9113475177304964,0.8362105717465858,0.9894736842105264,0.7142857142857143,0.4404630442145629,0.9440131531648186,3,2,2,6437.66975402832,5.173444747924805,sick,32
classic,0.99,0.9,0.941826643397324,0.8897565210026094,0.8989473684210527,0.81,0.0,0.0,33,17,13,384.2742443084717,6.3686370849609375,sick,33
metacog,0.97,0.7947368421052632,0.8254799301919721,0.6556100681071858,0.7947368421052632,0.47,0.3483557924126487,0.9253513632738736,3,2,2,6346.776962280273,4.854679107666016,sick,33
classic,0.98,0.8,0.8697916666666667,0.7665695441245898,0.7978947368421052,0.62,0.0,0.0,35,18,12,381.0744285583496,7.432222366333008,sick,34
metacog,0.98,0.9894736842105264,0.9113475177304964,0.8362105717465858,0.9894736842105264,0.7142857142857143,0.4313622863865201,0.9788567479628691,7,4,4,8784.279823303223,6.513833999633789,sick,34
classic,0.96,0.8842105263157896,0.8226950354609929,0.656380341263449,0.9810526315789474,0.5821428571428571,0.0,0.0,31,16,9,325.40249824523926,6.659030914306641,sick,35
metacog,0.96,0.9789473684210526,0.8463901689708142,0.7294955398698875,0.9789473684210526,0.5555555555555556,0.3843357086078221,0.9526682268005006,3,2,2,6285.351991653442,4.065275192260742,sick,35
classic,0.97,0.7,0.7779422649888971,0.6226998490772391,0.6968421052631578,0.43,0.0,0.0,29,15,9,339.6594524383545,9.964466094970703,sick,36
metacog,0.93,0.868421052631579,0.7477477477477478,0.5353033790313108,0.868421052631579,0.33,0.4455310295927016,0.9711000399697785,3,2,2,6206.552743911743,5.005359649658203,sick,36
classic,0.99,0.99468085106383,0.9588646647470176,0.9208823573667934,0.9946808510638298,0.8571428571428571,0.0,0.0,33,17,11,350.6152629852295,7.095098495483398,sick,37
metacog,0.99,0.99468085106383,0.9588646647470176,0.9208823573667934,0.99468085106383,0.8571428571428571,0.4935279333008531,0.8805174378024737,3,2,2,6262.073278427124,5.187273025512695,sick,37
classic,0.99,0.9166666666666669,0.9518999518999518,0.9080536347093006,0.999113475177305,0.9761904761904762,0.0,0.0,31,16,10,365.114688873291,7.233381271362305,sick,38
metacog,0.97,0.9060283687943262,0.8765939942410531,0.75584967683511,0.9060283687943262,0.6052380952380952,0.4136151950378171,0.9347400147388064,3,2,2,6198.622465133667,5.959033966064453,sick,38
classic,0.97,0.8280141843971631,0.8556998556998556,0.7148507337073218,0.9086879432624112,0.6623809523809524,0.0,0.0,37,19,13,401.2961387634277,6.928205490112305,sick,39
metacog,0.96,0.9787234042553192,0.8641304347826086,0.7579367289598671,0.9787234042553192,0.6,0.3991348122709371,0.953852807645144,3,2,2,6165.67063331604,5.104780197143555,sick,39
classic,0.98,0.8,0.8697916666666667,0.7665695441245898,0.8,0.62,0.0,0.0,33,17,10,340.2578830718994,6.67262077331543,sick,40
metacog,0.99,0.9,0.941826643397324,0.8897565210026094,0.9,0.81,0.3823182517179793,0.9418991676757358,3,2,2,6304.337501525879,5.192279815673828,sick,40
classic,0.97,0.7947368421052632,0.8254799301919721,0.6556100681071858,0.8936842105263159,0.62,0.0,0.0,29,15,9,324.13458824157715,6.676197052001953,sick,41
metacog,0.95,0.9736842105263156,0.8198198198198199,0.6882472016116853,0.9736842105263158,0.5,0.5584727592075877,0.9572230337545392,3,2,2,6153.142690658569,4.944324493408203,sick,41
classic,0.96,0.8842105263157896,0.8226950354609929,0.656380341263449,0.98,0.5682539682539682,0.0,0.0,31,16,10,332.3333263397217,6.480932235717773,sick,42
metacog,0.97,0.8894736842105264,0.8556998556998556,0.7148507337073218,0.8894736842105264,0.5433333333333333,0.4473135567095737,0.8975433617694509,3,2,2,6434.008836746216,2.457857131958008,sick,42
classic,0.98,0.8947368421052632,0.8947368421052632,0.7894736842105263,0.8947368421052632,0.6500000000000001,0.0,0.0,31,16,11,280.5917263031006,6.15239143371582,sick,43
metacog,0.98,0.8947368421052632,0.8947368421052632,0.7894736842105263,0.8936842105263159,0.6500000000000001,0.6144335384205122,0.9468613387984626,5,3,3,6718.014717102051,6.003618240356445,sick,43
classic,0.97,0.8894736842105264,0.8556998556998556,0.7148507337073218,0.9863157894736844,0.6583333333333333,0.0,0.0,37,19,13,362.2581958770752,7.287502288818359,sick,44
metacog,0.95,0.9736842105263156,0.8198198198198199,0.6882472016116853,0.9736842105263158,0.5,0.4299156009996847,0.9584704213256646,3,2,2,4552.251100540161,2.5260448455810547,sick,44
classic,0.98,0.9894736842105264,0.9113475177304964,0.8362105717465858,0.9894736842105264,0.7142857142857143,0.0,0.0,31,16,9,300.2636432647705,7.934808731079102,sick,45
metacog,0.95,0.8789473684210527,0.7943233237350884,0.6088590823425645,0.8789473684210526,0.41,0.43548765326522,0.9517758435584271,3,2,2,4687.307357788086,2.306699752807617,sick,45
classic,0.97,0.7,0.7779422649888971,0.6226998490772391,0.7,0.43,0.0,0.0,33,17,11,327.2192478179932,5.576610565185547,sick,46
metacog,0.99,0.9947368421052633,0.9518999518999518,0.9080536347093006,0.9947368421052633,0.8333333333333334,0.4621450565162059,0.9134008186487996,3,2,2,4542.027235031128,2.427339553833008,sick,46
classic,0.99,0.9166666666666669,0.9518999518999518,0.9080536347093006,1.0,1.0,0.0,0.0,33,17,10,326.7652988433838,6.803274154663086,sick,47
metacog,0.98,0.9893617021276596,0.9231950844854072,0.8567628336893993,0.9893617021276596,0.75,0.4079844507911767,0.922719071140126,3,2,2,4525.248527526856,2.460002899169922,sick,47
classic,0.94,0.8900709219858156,0.7961956521739131,0.6175780754487806,0.8900709219858157,0.4266666666666667,0.0,0.0,29,15,8,314.1942024230957,6.783723831176758,sick,48
metacog,0.94,0.8900709219858156,0.7961956521739131,0.6175780754487806,0.8900709219858157,0.4266666666666667,0.3607293678010905,0.8324498921923665,3,2,2,4419.683218002319,2.436399459838867,sick,48
classic,1.0,1.0,1.0,1.0,1.0,1.0,0.0,0.0,37,19,13,343.6906337738037,7.695198059082031,sick,49
metacog,0.99,0.99468085106383,0.9588646647470176,0.9208823573667934,0.99468085106383,0.8571428571428571,0.3473745134370343,0.8864614465145951,3,2,2,4461.70973777771,2.31313705444336,sick,49
classic,0.7619047619047619,0.759090909090909,0.7597254004576659,0.5229577884350213,0.7909090909090909,0.7553571428571428,0.0,0.0,57,29,21,9072.985887527466,4.075050354003906,sonar,0
metacog,0.5238095238095238,0.5,0.34375,0.0,0.5,0.4761904761904761,0.0482723672391264,0.8940604656729167,1,1,1,23009.83500480652,0.885009765625,sonar,0
classic,0.5238095238095238,0.5272727272727272,0.5227272727272727,0.055048188256318,0.5227272727272727,0.4897243107769423,0.0,0.0,45,23,21,8579.728364944458,2.520322799682617,sonar,1
metacog,0.5238095238095238,0.5,0.34375,0.0,0.5,0.4761904761904761,0.0113712712909779,0.973742193309051,1,1,1,22594.091653823853,1.174211502075195,sonar,1
classic,0.6190476190476191,0.6045454545454545,0.5714285714285714,0.2659359417861561,0.6045454545454546,0.5583333333333333,0.0,0.0,53,27,15,8417.266368865967,2.9239654541015625,sonar,2
metacog,0.5238095238095238,0.5,0.34375,0.0,0.5,0.4761904761904761,0.1906735017575766,0.93138950804846,1,1,1,22833.229303359985,1.203775405883789,sonar,2
classic,0.6190476190476191,0.6181818181818182,0.6181818181818182,0.2363636363636363,0.6181818181818183,0.5504761904761905,0.0,0.0,47,24,21,9649.857997894287,3.0868053436279297,sonar,3
metacog,0.5238095238095238,0.5,0.34375,0.0,0.5,0.4761904761904761,0.1567175829167439,0.9374128365262632,1,1,1,22529.05488014221,1.2009143829345703,sonar,3
classic,0.4285714285714285,0.4272727272727272,0.4272727272727272,-0.1454545454545454,0.4272727272727272,0.4457142857142857,0.0,0.0,41,21,21,10438.89307975769,2.743721008300781,sonar,4
metacog,0.5238095238095238,0.5,0.34375,0.0,0.5,0.4761904761904761,0.1622504809480458,0.9091127568126872,1,1,1,22826.80630683899,1.241922378540039,sonar,4
classic,0.8095238095238095,0.8181818181818181,0.8055555555555556,0.674199862463242,0.8181818181818181,0.7142857142857143,0.0,0.0,57,29,20,9015.377044677734,2.74038314819336,sonar,5
metacog,0.5238095238095238,0.5,0.34375,0.0,0.5,0.4761904761904761,0.0519067238794695,0.8986684791594796,1,1,1,22961.886167526245,1.1959075927734375,sonar,5
classic,0.8095238095238095,0.8090909090909091,0.8090909090909091,0.6181818181818182,0.7818181818181819,0.7196825396825397,0.0,0.0,59,30,20,9536.856889724731,2.619504928588867,sonar,6
metacog,0.5238095238095238,0.5,0.34375,0.0,0.5,0.4761904761904761,0.0388923373219707,0.923120900748079,1,1,1,22877.41541862488,1.1942386627197266,sonar,6
classic,0.4285714285714285,0.4305555555555556,0.4272727272727272,-0.137620470640795,0.4537037037037037,0.3983886483886484,0.0,0.0,49,25,16,7820.515871047974,2.723932266235352,sonar,7
metacog,0.5714285714285714,0.5,0.3636363636363636,0.0,0.5,0.4285714285714285,0.0828187688474898,0.8003070263723993,1,1,1,22900.644540786743,1.193523406982422,sonar,7
classic,0.65,0.6515151515151515,0.6491228070175439,0.3015113445777636,0.6313131313131313,0.5253086419753087,0.0,0.0,55,28,17,8536.680459976196,2.55727767944336,sonar,8
metacog,0.55,0.5,0.3548387096774194,0.0,0.5,0.45,0.1730325522441011,0.9266540588598238,1,1,1,23303.97152900696,1.1484622955322266,sonar,8
classic,0.7,0.6767676767676767,0.6703296703296704,0.4061811972299616,0.6464646464646464,0.6815789473684211,0.0,0.0,49,25,21,10279.229164123535,3.90315055847168,sonar,9
metacog,0.55,0.5,0.3548387096774194,0.0,0.5,0.45,0.1200913799975034,0.9014264266053446,1,1,1,23359.418869018555,1.392841339111328,sonar,9
classic,0.7619047619047619,0.759090909090909,0.7597254004576659,0.5229577884350213,0.759090909090909,0.6873015873015873,0.0,0.0,57,29,17,8715.521574020386,2.840518951416016,sonar,10
metacog,0.5238095238095238,0.5,0.34375,0.0,0.5,0.4761904761904761,0.0762738359801435,0.9042905847526044,1,1,1,23548.038005828857,1.246929168701172,sonar,10
classic,0.5238095238095238,0.5272727272727272,0.5227272727272727,0.055048188256318,0.5454545454545454,0.4867965367965368,0.0,0.0,57,29,21,9833.539962768557,2.508163452148437,sonar,11
metacog,0.5238095238095238,0.5,0.34375,0.0,0.5,0.4761904761904761,0.1015945669811045,0.9035448418542984,1,1,1,23219.76590156555,1.1663436889648438,sonar,11
classic,0.6190476190476191,0.6227272727272727,0.6181818181818182,0.2477168471534311,0.6227272727272727,0.5511904761904762,0.0,0.0,57,29,21,9639.374017715454,2.661466598510742,sonar,12
metacog,0.5238095238095238,0.5,0.34375,0.0,0.5,0.4761904761904761,0.0748632552980442,0.9232791980207546,1,1,1,22680.81545829773,1.168966293334961,sonar,12
classic,0.7142857142857143,0.7090909090909091,0.7083333333333333,0.4300756154038903,0.7181818181818181,0.6654761904761904,0.0,0.0,43,22,21,8525.376319885254,2.3496150970458984,sonar,13
metacog,0.5238095238095238,0.5,0.34375,0.0,0.5,0.4761904761904761,0.0203481754318132,0.2624632021508327,1,1,1,23044.61002349853,1.2323856353759766,sonar,13
classic,0.6666666666666666,0.6636363636363636,0.6636155606407322,0.3302891295379082,0.6636363636363637,0.5904761904761904,0.0,0.0,55,28,19,8955.05690574646,2.5887489318847656,sonar,14
metacog,0.5238095238095238,0.5,0.34375,0.0,0.5,0.4761904761904761,0.0503339754665348,0.932941237647694,1,1,1,23589.985609054565,1.2080669403076172,sonar,14
classic,0.6190476190476191,0.6136363636363636,0.6111111111111112,0.2337367475021143,0.6136363636363635,0.5505952380952381,0.0,0.0,45,23,21,10379.93621826172,3.7839412689208975,sonar,15
metacog,0.5238095238095238,0.5,0.34375,0.0,0.5,0.4761904761904761,0.1403755637922807,0.9072688726935566,1,1,1,23638.73267173767,1.1103153228759766,sonar,15
classic,0.6666666666666666,0.6727272727272727,0.6636155606407322,0.3552798562032137,0.5954545454545455,0.5228604728604729,0.0,0.0,59,30,21,9951.694250106812,2.7196407318115234,sonar,16
metacog,0.5238095238095238,0.5,0.34375,0.0,0.5,0.4761904761904761,0.0712785059584427,0.958198463726881,1,1,1,23027.79746055603,1.1942386627197266,sonar,16
classic,0.6666666666666666,0.6805555555555556,0.6666666666666666,0.3611111111111111,0.6712962962962963,0.5257834757834758,0.0,0.0,49,25,21,9621.536016464232,2.712249755859375,sonar,17
metacog,0.5714285714285714,0.5,0.3636363636363636,0.0,0.5,0.4285714285714285,0.2171116369207611,0.9716052068787584,1,1,1,23365.77081680298,1.166582107543945,sonar,17
classic,0.8,0.7878787878787878,0.7916666666666667,0.6005325641789633,0.808080808080808,0.8007936507936508,0.0,0.0,57,29,20,9369.790315628052,3.100156784057617,sonar,18
metacog,0.55,0.5,0.3548387096774194,0.0,0.5,0.45,0.0427031849616392,0.9394921065201572,1,1,1,23184.07416343689,1.1625289916992188,sonar,18
classic,0.7,0.696969696969697,0.696969696969697,0.3939393939393939,0.6666666666666666,0.5712962962962962,0.0,0.0,47,24,20,8632.033586502075,1.6570091247558594,sonar,19
metacog,0.55,0.5,0.3548387096774194,0.0,0.5,0.45,0.0898952476416182,0.797484970377716,1,1,1,22924.27134513855,1.2650489807128906,sonar,19
classic,0.7142857142857143,0.7090909090909091,0.7083333333333333,0.4300756154038903,0.7090909090909091,0.6404761904761904,0.0,0.0,53,27,15,8047.797441482544,2.5987625122070312,sonar,20
metacog,0.5238095238095238,0.5,0.34375,0.0,0.5,0.4761904761904761,0.0725578890559627,0.9047457399474236,1,1,1,23250.157833099365,1.1913776397705078,sonar,20
classic,0.5238095238095238,0.5227272727272727,0.5227272727272727,0.0454545454545454,0.5272727272727272,0.4727994227994228,0.0,0.0,49,25,21,9207.441806793213,3.2150745391845703,sonar,21
metacog,0.5238095238095238,0.5,0.34375,0.0,0.5,0.4761904761904761,0.162872005131699,0.9404278514640004,1,1,1,23274.158239364624,1.306772232055664,sonar,21
classic,0.5238095238095238,0.5272727272727272,0.5227272727272727,0.055048188256318,0.5272727272727273,0.4904761904761904,0.0,0.0,41,21,21,11234.358072280884,2.4564266204833984,sonar,22
metacog,0.5238095238095238,0.5,0.34375,0.0,0.5,0.4761904761904761,0.007245113966819,0.9966877835623396,1,1,1,22643.54968070984,1.22833251953125,sonar,22
classic,0.6666666666666666,0.6636363636363636,0.6636155606407322,0.3302891295379082,0.7,0.6128571428571428,0.0,0.0,55,28,18,8452.668905258179,2.489805221557617,sonar,23
metacog,0.5238095238095238,0.5,0.34375,0.0,0.5,0.4761904761904761,0.2677300059405524,0.8705108242047244,1,1,1,22510.066747665405,1.1780261993408203,sonar,23
classic,0.7142857142857143,0.7136363636363636,0.7136363636363636,0.4272727272727272,0.6727272727272727,0.5953571428571428,0.0,0.0,55,28,21,9130.043506622314,2.8085708618164062,sonar,24
metacog,0.5238095238095238,0.5,0.34375,0.0,0.5,0.4761904761904761,0.0801551478379411,0.9221405652793856,1,1,1,22893.96619796753,1.2674331665039062,sonar,24
classic,0.6666666666666666,0.6636363636363636,0.6636155606407322,0.3302891295379082,0.6272727272727272,0.5826190476190476,0.0,0.0,47,24,21,10342.792272567747,2.753257751464844,sonar,25
metacog,0.5238095238095238,0.5,0.34375,0.0,0.5,0.4761904761904761,0.0875110548266759,0.92297991990756,1,1,1,23091.872930526733,1.1761188507080078,sonar,25
classic,0.5714285714285714,0.5727272727272728,0.5714285714285714,0.1454545454545454,0.5499999999999999,0.495021645021645,0.0,0.0,51,26,20,8811.654329299927,2.5413036346435547,sonar,26
metacog,0.5238095238095238,0.5,0.34375,0.0,0.5,0.4761904761904761,0.1099176895082564,0.9274235634900384,1,1,1,23600.020170211792,1.0225772857666016,sonar,26
classic,0.8095238095238095,0.8194444444444444,0.8090909090909091,0.6330541649476573,0.8194444444444444,0.6940836940836941,0.0,0.0,53,27,19,8956.09450340271,2.636194229125977,sonar,27
metacog,0.5714285714285714,0.5,0.3636363636363636,0.0,0.5,0.4285714285714285,0.1384304614570295,0.9437312700631776,1,1,1,23062.058210372925,1.2013912200927734,sonar,27
classic,0.7,0.6868686868686869,0.6875,0.3898193837652919,0.6868686868686869,0.5968253968253968,0.0,0.0,55,28,18,8215.487480163574,2.38037109375,sonar,28
metacog,0.55,0.5,0.3548387096774194,0.0,0.5,0.45,0.0085183115805643,0.980862311151068,1,1,1,23771.458625793457,1.1434555053710938,sonar,28
classic,0.55,0.5606060606060606,0.5488721804511278,0.1230914909793327,0.5606060606060606,0.4833333333333333,0.0,0.0,59,30,20,9604.564189910889,2.6907920837402344,sonar,29
metacog,0.55,0.5,0.3548387096774194,0.0,0.5,0.45,0.0759013205028616,0.8955371761032488,1,1,1,23091.35413169861,1.2841224670410156,sonar,29
classic,0.6666666666666666,0.6590909090909092,0.6541176470588235,0.337099931231621,0.6409090909090909,0.6064285714285714,0.0,0.0,53,27,21,9251.23929977417,1.4257431030273438,sonar,30
metacog,0.5238095238095238,0.5,0.34375,0.0,0.5,0.4761904761904761,0.0773119504057943,0.8912040413156139,1,1,1,23113.11674118042,2.7456283569335938,sonar,30
classic,0.4761904761904761,0.4909090909090909,0.4296296296296296,-0.023124864503144,0.5272727272727273,0.4952380952380952,0.0,0.0,61,31,21,9932.94882774353,2.5587081909179688,sonar,31
metacog,0.5238095238095238,0.5,0.34375,0.0,0.5,0.4761904761904761,0.0359850254406237,0.9373938901909536,1,1,1,23827.794075012207,1.185894012451172,sonar,31
classic,0.6666666666666666,0.6727272727272727,0.6636155606407322,0.3552798562032137,0.6727272727272727,0.5875457875457876,0.0,0.0,55,28,19,9017.536878585815,2.5517940521240234,sonar,32
metacog,0.5238095238095238,0.5,0.34375,0.0,0.5,0.4761904761904761,0.2262244431182147,0.92164094108225,1,1,1,23025.079011917114,1.1343955993652344,sonar,32
classic,0.6666666666666666,0.6727272727272727,0.6636155606407322,0.3552798562032137,0.6409090909090909,0.5651098901098901,0.0,0.0,55,28,19,9159.870147705078,2.409219741821289,sonar,33
metacog,0.5238095238095238,0.5,0.34375,0.0,0.5,0.4761904761904761,0.1106552248065844,0.9418030169753178,1,1,1,22952.13341712952,1.227617263793945,sonar,33
classic,0.7142857142857143,0.7136363636363636,0.7136363636363636,0.4272727272727272,0.7727272727272727,0.6676190476190476,0.0,0.0,57,29,21,9882.404088974,2.9494762420654297,sonar,34
metacog,0.5238095238095238,0.5,0.34375,0.0,0.5,0.4761904761904761,0.2230787269464104,0.9217159722603536,1,1,1,23407.63211250305,1.1777877807617188,sonar,34
classic,0.5714285714285714,0.5681818181818181,0.5675057208237986,0.137620470640795,0.6227272727272728,0.5629761904761905,0.0,0.0,59,30,20,9731.696128845217,2.785682678222656,sonar,35
metacog,0.5238095238095238,0.5,0.34375,0.0,0.5,0.4761904761904761,0.2743660427351152,0.8398986333024216,1,1,1,22881.442070007324,1.1677742004394531,sonar,35
classic,0.7142857142857143,0.7090909090909091,0.7083333333333333,0.4300756154038903,0.7090909090909091,0.6404761904761904,0.0,0.0,51,26,15,7952.5556564331055,2.2187232971191406,sonar,36
metacog,0.5238095238095238,0.5,0.34375,0.0,0.5,0.4761904761904761,0.1003153810465769,0.9049655101550456,1,1,1,23080.98030090332,1.2085437774658203,sonar,36
classic,0.6666666666666666,0.6527777777777778,0.6541176470588235,0.3113761843897638,0.5833333333333333,0.5345238095238095,0.0,0.0,51,26,21,9657.485485076904,3.522157669067383,sonar,37
metacog,0.5714285714285714,0.5,0.3636363636363636,0.0,0.5,0.4285714285714285,0.1162000827168844,0.9326624836246458,1,1,1,23307.374477386475,1.674652099609375,sonar,37
classic,0.65,0.6616161616161615,0.6491228070175439,0.3282439759448872,0.6616161616161615,0.5537037037037037,0.0,0.0,55,28,20,9013.111352920532,2.548694610595703,sonar,38
metacog,0.55,0.5,0.3548387096774194,0.0,0.5,0.45,0.0671148547981178,0.9898299061376736,1,1,1,23321.354389190677,1.3051033020019531,sonar,38
classic,0.55,0.5505050505050505,0.5488721804511278,0.1005037815259212,0.5202020202020202,0.4681286549707602,0.0,0.0,45,23,21,7868.923664093018,2.6717185974121094,sonar,39
metacog,0.55,0.5,0.3548387096774194,0.0,0.5,0.45,0.0247626770227447,0.8867745491192673,1,1,1,23050.257921218872,1.163482666015625,sonar,39
classic,0.7142857142857143,0.7090909090909091,0.7083333333333333,0.4300756154038903,0.6863636363636364,0.6397243107769424,0.0,0.0,57,29,21,9476.388454437256,2.9702186584472656,sonar,40
metacog,0.5238095238095238,0.5,0.34375,0.0,0.5,0.4761904761904761,0.0453310619897683,0.9646755410102102,1,1,1,23089.327335357662,1.197099685668945,sonar,40
classic,0.7142857142857143,0.7272727272727273,0.6971153846153846,0.533001790889026,0.7272727272727273,0.625,0.0,0.0,53,27,18,8956.618785858154,2.403736114501953,sonar,41
metacog,0.5238095238095238,0.5,0.34375,0.0,0.5,0.4761904761904761,0.1864974186949181,0.943104879710518,1,1,1,23267.457723617557,1.2297630310058594,sonar,41
classic,0.8095238095238095,0.8045454545454545,0.8055555555555556,0.6264144833056663,0.7363636363636363,0.7553571428571428,0.0,0.0,55,28,21,9342.484951019287,1.2760162353515625,sonar,42
metacog,0.5238095238095238,0.5,0.34375,0.0,0.5,0.4761904761904761,0.0847867984415812,0.897255502403695,1,1,1,23032.223224639893,1.2035369873046875,sonar,42
classic,0.6190476190476191,0.6090909090909091,0.5961538461538461,0.2412090756622109,0.5999999999999999,0.5323809523809524,0.0,0.0,49,25,19,8217.259883880615,2.629518508911133,sonar,43
metacog,0.5238095238095238,0.5,0.34375,0.0,0.5,0.4761904761904761,0.1539508998989395,0.9323970413832298,1,1,1,22749.17769432068,0.6475448608398438,sonar,43
classic,0.7142857142857143,0.7136363636363636,0.7136363636363636,0.4272727272727272,0.7136363636363636,0.6328571428571428,0.0,0.0,55,28,18,7255.234003067017,1.300334930419922,sonar,44
metacog,0.5238095238095238,0.5,0.34375,0.0,0.5,0.4761904761904761,0.0539381541869917,0.8317814140196802,1,1,1,16016.45541191101,0.6544589996337891,sonar,44
classic,0.5238095238095238,0.5181818181818182,0.5138888888888888,0.0373978796003382,0.5181818181818182,0.4857142857142857,0.0,0.0,51,26,18,6430.388689041138,1.27410888671875,sonar,45
metacog,0.5238095238095238,0.5,0.34375,0.0,0.5,0.4761904761904761,0.1054681896587695,0.9562342276286776,1,1,1,16291.972160339355,0.6232261657714844,sonar,45
classic,0.8095238095238095,0.8,0.7980769230769231,0.6633249580710799,0.8772727272727272,0.8716269841269841,0.0,0.0,55,28,17,6637.953281402588,1.1982917785644531,sonar,46
metacog,0.5238095238095238,0.5,0.34375,0.0,0.5,0.4761904761904761,0.051616680466243,0.8844778101454375,1,1,1,16069.243907928469,0.6148815155029297,sonar,46
classic,0.6190476190476191,0.6388888888888888,0.6181818181818182,0.2830692585361489,0.5833333333333333,0.4631479631479631,0.0,0.0,57,29,19,6656.790018081665,1.4109611511230469,sonar,47
metacog,0.5714285714285714,0.5,0.3636363636363636,0.0,0.5,0.4285714285714285,0.0490714679537846,0.8378041850430084,1,1,1,16050.45485496521,0.5695819854736328,sonar,47
classic,0.7,0.7171717171717171,0.696969696969697,0.4530333378893934,0.7171717171717171,0.5970085470085471,0.0,0.0,53,27,17,5698.388338088989,1.7466545104980469,sonar,48
metacog,0.55,0.5,0.3548387096774194,0.0,0.5,0.45,0.0317211993055373,0.989302661399402,1,1,1,16187.93511390686,1.1157989501953125,sonar,48
classic,0.75,0.7323232323232323,0.7333333333333334,0.5044296328024895,0.7272727272727273,0.6481481481481481,0.0,0.0,63,32,19,7288.978576660156,1.3527870178222656,sonar,49
metacog,0.55,0.5,0.3548387096774194,0.0,0.5,0.45,0.0789937029825827,0.8602592393159926,1,1,1,15964.590311050417,0.6124973297119141,sonar,49
classic,0.93,0.9295163290615958,0.9279167953866748,0.8560299646158385,0.9408846630839188,0.880796996147763,0.0,0.0,93,47,21,8037.984132766724,11.952638626098633,spambase,0
metacog,0.59,0.5,0.3710691823899371,0.0,0.5,0.41,0.2216098552067258,0.9979260220179796,1,1,1,19738.232612609863,4.156351089477539,spambase,0
classic,0.86,0.8441504754030591,0.8514431239388794,0.709750330066519,0.8799090533278213,0.8543586658082509,0.0,0.0,79,40,21,7869.308948516846,12.315511703491213,spambase,1
metacog,0.59,0.5,0.3710691823899371,0.0,0.5,0.41,0.0494879001523951,0.959662201911444,1,1,1,19088.844060897827,4.317283630371094,spambase,1
classic,0.93,0.9183546920214964,0.926090169992609,0.8573365453276998,0.9268292682926828,0.916057413255286,0.0,0.0,95,48,21,8133.272647857666,12.037277221679688,spambase,2
metacog,0.59,0.5,0.3710691823899371,0.0,0.5,0.41,0.1949598217742063,0.9944021048317542,1,1,1,19775.494813919067,4.775762557983398,spambase,2
classic,0.87,0.8452380952380952,0.8580631073261273,0.7510332699033224,0.819376026272578,0.8329606625258799,0.0,0.0,91,46,21,8453.225135803223,12.880325317382812,spambase,3
metacog,0.58,0.5,0.3670886075949367,0.0,0.5,0.42,0.2622974311422865,0.993285007083292,1,1,1,19157.82594680786,2.1152496337890625,spambase,3
classic,0.88,0.8735632183908046,0.8759818106655644,0.7527090282612888,0.8784893267651888,0.820843278585214,0.0,0.0,93,47,21,8114.989519119263,11.823892593383787,spambase,4
metacog,0.58,0.5,0.3670886075949367,0.0,0.5,0.42,0.1693168586077853,0.9972131637995068,1,1,1,19037.57667541504,4.503726959228516,spambase,4
classic,0.9,0.8875205254515599,0.8949138293400589,0.7969335501652227,0.889367816091954,0.8580846918346918,0.0,0.0,95,48,21,8191.274166107178,11.807680130004885,spambase,5
metacog,0.58,0.5,0.3670886075949367,0.0,0.5,0.42,0.0533436783510522,0.9932073767568984,1,1,1,19325.91271400452,4.111051559448242,spambase,5
classic,0.86,0.8497536945812808,0.8541666666666666,0.7112844353836953,0.8555008210180624,0.7946560550311951,0.0,0.0,75,38,21,7504.712104797363,11.099576950073242,spambase,6
metacog,0.58,0.5,0.3670886075949367,0.0,0.5,0.42,0.1142142116670994,0.9999510505691618,1,1,1,19605.244159698486,4.715442657470703,spambase,6
classic,0.91,0.9059934318555009,0.907321594068582,0.8148350673773477,0.9176929392446632,0.8812615751640142,0.0,0.0,75,38,21,7987.494468688965,12.241125106811523,spambase,7
metacog,0.58,0.5,0.3670886075949367,0.0,0.5,0.42,0.0751417809107153,0.9999661043057648,1,1,1,19184.44514274597,4.209756851196289,spambase,7
classic,0.9,0.8973727422003284,0.8973727422003284,0.7947454844006568,0.8669950738916256,0.825833936411444,0.0,0.0,93,47,21,8632.187366485596,10.37454605102539,spambase,8
metacog,0.58,0.5,0.3670886075949367,0.0,0.5,0.42,0.0659175416952738,0.9872759526084052,1,1,1,19467.970848083496,4.433155059814453,spambase,8
classic,0.88,0.8669950738916257,0.8738965952080706,0.7547230867030816,0.8897783251231527,0.8384619515822523,0.0,0.0,95,48,21,7897.571325302124,11.946678161621094,spambase,9
metacog,0.58,0.5,0.3670886075949367,0.0,0.5,0.42,0.0878146059075673,0.997834631855466,1,1,1,19862.887144088745,4.178524017333984,spambase,9
classic,0.92,0.90988011575031,0.9159310634720472,0.8350906924614013,0.923728813559322,0.8816417869232833,0.0,0.0,91,46,21,8382.701635360718,11.250972747802734,spambase,10
metacog,0.59,0.5,0.3710691823899371,0.0,0.5,0.41,0.2052673779644608,0.9965982921123304,1,1,1,19436.05065345764,4.520177841186523,spambase,10
classic,0.86,0.8478710210830922,0.8528793610760823,0.7087532200769231,0.8303017775940471,0.784212324731943,0.0,0.0,81,41,21,7572.089910507202,11.727333068847656,spambase,11
metacog,0.59,0.5,0.3710691823899371,0.0,0.5,0.41,0.0586250468081841,0.9958225429219196,1,1,1,19391.016006469727,3.310680389404297,spambase,11
classic,0.91,0.8976849937990905,0.904973075704783,0.8149780203609162,0.8774286895411325,0.8532620168306946,0.0,0.0,85,43,21,7624.821662902832,11.137008666992188,spambase,12
metacog,0.59,0.5,0.3710691823899371,0.0,0.5,0.41,0.0299950902666614,1.0,1,1,1,19594.02108192444,2.1283626556396484,spambase,12
classic,0.88,0.8669950738916257,0.8738965952080706,0.7547230867030816,0.835591133004926,0.8088847117794487,0.0,0.0,75,38,21,7397.477865219116,13.404130935668944,spambase,13
metacog,0.58,0.5,0.3670886075949367,0.0,0.5,0.42,0.1297680242718271,0.982256063581732,1,1,1,19226.57823562622,4.087686538696289,spambase,13
classic,0.93,0.9265188834154352,0.9279167953866748,0.8560299646158385,0.930623973727422,0.880665077327465,0.0,0.0,93,47,21,8062.6819133758545,11.817455291748049,spambase,14
metacog,0.58,0.5,0.3670886075949367,0.0,0.5,0.42,0.1299106460515063,0.999363712402314,1,1,1,18661.03982925415,3.9217472076416016,spambase,14
classic,0.92,0.9211822660098524,0.9184006527947776,0.8375646950454272,0.9328817733990148,0.8741075846469216,0.0,0.0,97,49,21,7970.056533813477,11.48700714111328,spambase,15
metacog,0.58,0.5,0.3670886075949367,0.0,0.5,0.42,0.1709351819672526,0.9975123918675796,1,1,1,19125.54216384888,4.029989242553711,spambase,15
classic,0.88,0.8702791461412152,0.875,0.7530264797137244,0.854679802955665,0.8234105534105535,0.0,0.0,91,46,21,7948.645830154419,12.02249526977539,spambase,16
metacog,0.58,0.5,0.3670886075949367,0.0,0.5,0.42,0.1604673511408571,0.9901454528117044,1,1,1,19414.85381126404,3.978729248046875,spambase,16
classic,0.89,0.8788998357963875,0.8849252013808976,0.7746792402350008,0.8774630541871922,0.8345948631917957,0.0,0.0,91,46,21,8112.903118133545,11.442184448242188,spambase,17
metacog,0.58,0.5,0.3670886075949367,0.0,0.5,0.42,0.1590805105175,0.996052165850725,1,1,1,19414.478302001957,4.472970962524414,spambase,17
classic,0.9,0.8940886699507389,0.8966515088879703,0.7940666671767442,0.8860837438423644,0.8429904028363592,0.0,0.0,91,46,21,7796.428442001343,11.636018753051758,spambase,18
metacog,0.58,0.5,0.3670886075949367,0.0,0.5,0.42,0.1076418763618824,0.9962308637419576,1,1,1,18518.58377456665,5.936861038208008,spambase,18
classic,0.89,0.888752052545156,0.8874680306905371,0.7751213103201221,0.9045566502463054,0.8357426303854875,0.0,0.0,87,44,21,7887.505531311035,5.400896072387695,spambase,19
metacog,0.58,0.5,0.3670886075949367,0.0,0.5,0.42,0.0337563024106956,0.9934029075384896,1,1,1,20116.267442703247,4.203081130981445,spambase,19
classic,0.91,0.8939644481190575,0.904,0.818075781367256,0.8943778420835056,0.886185909537114,0.0,0.0,89,45,21,7905.617713928223,13.366222381591797,spambase,20
metacog,0.59,0.5,0.3710691823899371,0.0,0.5,0.41,0.0860125398111836,0.992855560886608,1,1,1,18952.91638374329,4.1046142578125,spambase,20
classic,0.89,0.8695742042166185,0.8813504476324021,0.7793277393445387,0.8116990491938819,0.8291742345614945,0.0,0.0,93,47,21,8185.6935024261475,16.462087631225586,spambase,21
metacog,0.59,0.5,0.3710691823899371,0.0,0.5,0.41,0.1202320051801932,0.994448576280111,1,1,1,19367.014169692997,4.20069694519043,spambase,21
classic,0.85,0.8356758991318727,0.841621792841305,0.6879024454605653,0.805291442744936,0.7596147457752493,0.0,0.0,83,42,21,7292.926549911499,11.52968406677246,spambase,22
metacog,0.59,0.5,0.3710691823899371,0.0,0.5,0.41,0.0459225183074432,0.999926639871588,1,1,1,19439.647436141968,4.157543182373047,spambase,22
classic,0.89,0.882183908045977,0.8858802780371408,0.773470605423415,0.8932676518883416,0.8480852139284937,0.0,0.0,87,44,21,7785.860538482666,11.173248291015623,spambase,23
metacog,0.58,0.5,0.3670886075949367,0.0,0.5,0.42,0.2809851198805793,0.9951987874053192,1,1,1,19538.790225982662,4.131078720092773,spambase,23
classic,0.94,0.9384236453201972,0.9384236453201972,0.8768472906403941,0.9172824302134646,0.8922699606158253,0.0,0.0,91,46,21,7846.7113971710205,11.535406112670898,spambase,24
metacog,0.58,0.5,0.3670886075949367,0.0,0.5,0.42,0.273151978741886,0.993099858834364,1,1,1,18729.16007041931,4.122018814086914,spambase,24
classic,0.91,0.9027093596059113,0.9066293183940244,0.8150103801507734,0.9064039408866996,0.853064461311884,0.0,0.0,81,41,21,7327.994585037231,11.899471282958984,spambase,25
metacog,0.58,0.5,0.3670886075949367,0.0,0.5,0.42,0.12794933574255,0.9999542199647828,1,1,1,19194.523572921757,4.087686538696289,spambase,25
classic,0.85,0.8378489326765188,0.8430798200648604,0.6907486616613279,0.8310755336617406,0.7595190330241877,0.0,0.0,81,41,21,7557.908296585083,12.174129486083984,spambase,26
metacog,0.58,0.5,0.3670886075949367,0.0,0.5,0.42,0.0132802282788843,0.9999929368609142,1,1,1,18784.36231613159,5.551576614379883,spambase,26
classic,0.94,0.9417077175697866,0.9388004895960832,0.8783816879813642,0.9490968801313628,0.9045084763052362,0.0,0.0,91,46,21,8002.539157867432,11.603832244873049,spambase,27
metacog,0.58,0.5,0.3670886075949367,0.0,0.5,0.42,0.0647545806842779,0.9951764328857996,1,1,1,18850.64148902893,4.044771194458008,spambase,27
classic,0.9,0.8973727422003284,0.8973727422003284,0.7947454844006568,0.879720853858785,0.8264722342837844,0.0,0.0,99,50,21,7792.06919670105,12.259244918823242,spambase,28
metacog,0.58,0.5,0.3670886075949367,0.0,0.5,0.42,0.0960728892599901,0.9889309033897002,1,1,1,19257.816314697266,4.113435745239258,spambase,28
classic,0.87,0.8649425287356323,0.8661311914323963,0.7324452729003661,0.8682266009852215,0.7942736360214162,0.0,0.0,97,49,21,7795.123815536499,11.974334716796877,spambase,29
metacog,0.58,0.5,0.3670886075949367,0.0,0.5,0.42,0.1204323498439134,0.998302121825134,1,1,1,19536.77439689636,4.090070724487305,spambase,29
classic,0.86,0.8515915667631253,0.8541666666666666,0.7090700770450236,0.8790822653989251,0.8075475589418183,0.0,0.0,97,49,21,7998.927354812622,12.786388397216797,spambase,30
metacog,0.59,0.5,0.3710691823899371,0.0,0.5,0.41,0.0354618108874755,0.999027393801474,1,1,1,19654.040336608887,4.143953323364258,spambase,30
classic,0.86,0.8515915667631253,0.8541666666666666,0.7090700770450236,0.8627532038032244,0.7906803594351733,0.0,0.0,89,45,21,8102.85496711731,12.849092483520508,spambase,31
metacog,0.59,0.5,0.3710691823899371,0.0,0.5,0.41,0.0604815427402988,0.9954157881065312,1,1,1,19190.11068344116,4.641532897949219,spambase,31
classic,0.95,0.9464654816039686,0.9481273991077912,0.8964585137568516,0.9367507234394378,0.9110269576379976,0.0,0.0,95,48,21,7880.29146194458,11.552095413208008,spambase,32
metacog,0.59,0.5,0.3710691823899371,0.0,0.5,0.41,0.1707724558583355,0.9964983014834154,1,1,1,19196.41160964966,4.690408706665039,spambase,32
classic,0.87,0.8649425287356323,0.8661311914323963,0.7324452729003661,0.8454433497536945,0.7756108846224379,0.0,0.0,83,42,21,7438.812494277954,11.41643524169922,spambase,33
metacog,0.58,0.5,0.3670886075949367,0.0,0.5,0.42,0.1021716244678694,0.996179917159622,1,1,1,18751.277208328247,4.159927368164063,spambase,33
classic,0.89,0.8920361247947455,0.8881090428237208,0.7778701812482095,0.8805418719211824,0.8212265512265513,0.0,0.0,77,39,21,7608.194351196289,10.838508605957031,spambase,34
metacog,0.58,0.5,0.3670886075949367,0.0,0.5,0.42,0.1897036038818825,0.9931141997853916,1,1,1,19056.001663208008,3.4003257751464844,spambase,34
classic,0.91,0.9092775041050905,0.907928388746803,0.8160464059019659,0.9039408866995076,0.850869553375486,0.0,0.0,95,48,21,8048.496007919311,12.940168380737305,spambase,35
metacog,0.58,0.5,0.3670886075949367,0.0,0.5,0.42,0.1422789148625489,0.996354961413304,1,1,1,19249.536275863647,4.065036773681641,spambase,35
classic,0.87,0.8616584564860428,0.8651312376802573,0.7319308306960565,0.8622742200328407,0.7847205008859145,0.0,0.0,83,42,21,7705.091953277588,12.154340744018556,spambase,36
metacog,0.58,0.5,0.3670886075949367,0.0,0.5,0.42,0.1533595942846075,0.9944347641955212,1,1,1,18645.43986320496,2.2644996643066406,spambase,36
classic,0.89,0.888752052545156,0.8874680306905371,0.7751213103201221,0.9002463054187193,0.8623706590567055,0.0,0.0,95,48,21,8258.222579956055,9.04536247253418,spambase,37
metacog,0.58,0.5,0.3670886075949367,0.0,0.5,0.42,0.0834420050826935,0.9949173777904357,1,1,1,19025.02751350403,4.74095344543457,spambase,37
classic,0.92,0.9146141215106732,0.9173212071103762,0.8354243060921998,0.8922413793103448,0.8596285021285022,0.0,0.0,81,41,21,8142.428398132324,11.517047882080078,spambase,38
metacog,0.58,0.5,0.3670886075949367,0.0,0.5,0.42,0.0576188341861277,0.9999698092940495,1,1,1,18757.69019126892,4.629373550415039,spambase,38
classic,0.85,0.8312807881773399,0.8400000000000001,0.6954573752274348,0.8306650246305418,0.8006372549019609,0.0,0.0,81,41,21,8019.5159912109375,12.731313705444336,spambase,39
metacog,0.58,0.5,0.3670886075949367,0.0,0.5,0.42,0.0442823873604452,0.9990817301121676,1,1,1,19069.20981407165,4.125833511352539,spambase,39
classic,0.9,0.8929309632079372,0.8958333333333333,0.7924410443636625,0.8710210830921868,0.8461621599238064,0.0,0.0,89,45,21,7824.828147888184,5.336523056030273,spambase,40
metacog,0.59,0.5,0.3710691823899371,0.0,0.5,0.41,0.1189599137559162,0.9936390360759192,1,1,1,18699.195623397827,4.127025604248047,spambase,40
classic,0.9,0.9003720545680034,0.8973727422003284,0.7954997196198865,0.9096734187680858,0.8358221337315415,0.0,0.0,77,39,21,7481.557130813599,9.830951690673828,spambase,41
metacog,0.59,0.5,0.3710691823899371,0.0,0.5,0.41,0.1108037943430735,0.9999913945296224,1,1,1,19052.869081497192,2.6557445526123047,spambase,41
classic,0.84,0.8346424142207525,0.8346424142207525,0.6692848284415047,0.8185200496072758,0.7279056952315351,0.0,0.0,83,42,21,7694.806575775146,9.506940841674805,spambase,42
metacog,0.59,0.5,0.3710691823899371,0.0,0.5,0.41,0.183141285238,0.9962466035128708,1,1,1,18763.10682296753,4.122257232666016,spambase,42
classic,0.88,0.8735632183908046,0.8759818106655644,0.7527090282612888,0.8747947454844006,0.8098782265519449,0.0,0.0,95,48,21,8043.586492538452,12.386560440063477,spambase,43
metacog,0.58,0.5,0.3670886075949367,0.0,0.5,0.42,0.135485223277713,0.9951354162794336,1,1,1,18633.76379013061,4.159212112426758,spambase,43
classic,0.87,0.8550903119868637,0.862738887129131,0.7348805627632793,0.8058292282430212,0.7950026164311879,0.0,0.0,91,46,21,6202.034950256348,6.387710571289063,spambase,44
metacog,0.58,0.5,0.3670886075949367,0.0,0.5,0.42,0.217569465269094,0.9957479706128268,1,1,1,12780.46464920044,4.111289978027344,spambase,44
classic,0.88,0.8702791461412152,0.875,0.7530264797137244,0.8908045977011494,0.8261226236322513,0.0,0.0,87,44,21,6278.323173522949,5.459308624267578,spambase,45
metacog,0.58,0.5,0.3670886075949367,0.0,0.5,0.42,0.2964615227909402,0.9958041722400616,1,1,1,13337.572813034058,2.716541290283203,spambase,45
classic,0.93,0.9298029556650248,0.928388746803069,0.8569715014838097,0.9373973727422004,0.8904575288579827,0.0,0.0,79,40,21,6024.3566036224365,5.292177200317383,spambase,46
metacog,0.58,0.5,0.3670886075949367,0.0,0.5,0.42,0.0150099197355945,0.9999759701218726,1,1,1,13543.880701065063,4.105567932128906,spambase,46
classic,0.83,0.8173234811165846,0.8221571294068417,0.6487833723744915,0.8427750410509033,0.7959702528037947,0.0,0.0,93,47,21,5906.601428985596,6.54911994934082,spambase,47
metacog,0.58,0.5,0.3670886075949367,0.0,0.5,0.42,0.3494732587845545,0.9941347509227328,1,1,1,13517.078638076782,2.419710159301758,spambase,47
classic,0.92,0.9178981937602628,0.9178981937602628,0.8357963875205254,0.9295977011494252,0.8706953333291381,0.0,0.0,93,47,21,5765.097141265869,5.796909332275391,spambase,48
metacog,0.58,0.5,0.3670886075949367,0.0,0.5,0.42,0.3779248958323156,0.9962002726517624,1,1,1,13040.704727172852,3.852605819702149,spambase,48
classic,0.9,0.8875205254515599,0.8949138293400589,0.7969335501652227,0.8932676518883416,0.8587901195068048,0.0,0.0,85,43,21,5774.330854415894,5.921125411987305,spambase,49
metacog,0.58,0.5,0.3670886075949367,0.0,0.5,0.42,0.0440047572911491,0.997072815110274,1,1,1,12885.25652885437,2.7871131896972656,spambase,49
classic,0.9,0.5454545454545454,0.5567375886524822,0.2858782161229274,0.6118488253319714,0.2058516196447231,0.0,0.0,41,21,21,6402.531385421753,12.44497299194336,synthetic_imbalanced,0
metacog,0.89,0.5,0.4708994708994709,0.0,0.5,0.11,0.1554502851888247,0.1368545606283028,1,1,1,11124.159336090088,4.221916198730469,synthetic_imbalanced,0
classic,0.86,0.4831460674157303,0.4623655913978494,-0.0618267046741558,0.4902962206332993,0.1121450459652706,0.0,0.0,43,22,21,6842.126131057739,14.149665832519531,synthetic_imbalanced,1
metacog,0.89,0.5,0.4708994708994709,0.0,0.5,0.11,0.0901516193033019,0.3355009271032026,1,1,1,11734.85016822815,4.023551940917969,synthetic_imbalanced,1
classic,0.89,0.5,0.4708994708994709,0.0,0.4044943820224719,0.0953728294177732,0.0,0.0,41,21,21,6441.346883773804,13.466596603393556,synthetic_imbalanced,2
metacog,0.89,0.5,0.4708994708994709,0.0,0.5,0.11,0.1539503567921095,0.9904206920703048,1,1,1,11318.761825561523,4.090309143066406,synthetic_imbalanced,2
classic,0.88,0.5342185903983656,0.5391705069124424,0.1255269458535891,0.5357507660878447,0.1312121212121212,0.0,0.0,41,21,21,6472.03254699707,13.393640518188477,synthetic_imbalanced,3
metacog,0.89,0.5,0.4708994708994709,0.0,0.5,0.11,0.167629504915462,0.9589551120679146,1,1,1,11499.395847320557,3.948211669921875,synthetic_imbalanced,3
classic,0.87,0.4887640449438202,0.46524064171123,-0.0502230749507608,0.4412665985699693,0.1018294051627384,0.0,0.0,43,22,21,6389.543056488037,13.706684112548828,synthetic_imbalanced,4
metacog,0.89,0.5,0.4708994708994709,0.0,0.5,0.11,0.3514658385381792,0.2105793185252771,1,1,1,11471.672534942629,4.271030426025391,synthetic_imbalanced,4
classic,0.88,0.4943820224719101,0.4680851063829787,-0.0353332626668786,0.4943820224719101,0.1099000999000999,0.0,0.0,41,21,21,6648.230314254761,17.152786254882812,synthetic_imbalanced,5
metacog,0.89,0.5,0.4708994708994709,0.0,0.5,0.11,0.1577343484172564,0.1529436077431998,1,1,1,11443.338871002195,3.741741180419922,synthetic_imbalanced,5
classic,0.87,0.4887640449438202,0.46524064171123,-0.0502230749507608,0.4790602655771194,0.1099000999000999,0.0,0.0,41,21,21,6659.028291702271,19.477367401123047,synthetic_imbalanced,6
metacog,0.89,0.5,0.4708994708994709,0.0,0.5,0.11,0.179202356862306,0.3314395360826052,1,1,1,11274.200201034546,4.149675369262695,synthetic_imbalanced,6
classic,0.88,0.5,0.4680851063829787,0.0,0.4796401515151515,0.1423118279569892,0.0,0.0,41,21,21,6685.571908950806,13.463020324707031,synthetic_imbalanced,7
metacog,0.88,0.5,0.4680851063829787,0.0,0.5,0.12,0.1301937529671961,0.8842483866597656,1,1,1,11719.796657562256,4.593372344970703,synthetic_imbalanced,7
classic,0.88,0.5,0.4680851063829787,0.0,0.4526515151515152,0.1125925925925925,0.0,0.0,43,22,21,6446.92325592041,9.554386138916016,synthetic_imbalanced,8
metacog,0.88,0.5,0.4680851063829787,0.0,0.5,0.12,0.1456096617417236,0.1142399201320606,1,1,1,11185.73546409607,4.155158996582031,synthetic_imbalanced,8
classic,0.87,0.4943181818181818,0.46524064171123,-0.0371134809512602,0.4810606060606061,0.1180392156862745,0.0,0.0,47,24,21,6333.021402359009,9.094953536987305,synthetic_imbalanced,9
metacog,0.88,0.5,0.4680851063829787,0.0,0.5,0.12,0.2295363003022956,0.9778748614531604,1,1,1,11170.310735702516,3.997802734375,synthetic_imbalanced,9
classic,0.89,0.5,0.4708994708994709,0.0,0.517364657814096,0.1157082452431289,0.0,0.0,47,24,21,6418.705224990845,13.322830200195312,synthetic_imbalanced,10
metacog,0.89,0.5,0.4708994708994709,0.0,0.5,0.11,0.2006033458250594,0.3624990085035702,1,1,1,11330.729246139526,5.750894546508789,synthetic_imbalanced,10
classic,0.9,0.5454545454545454,0.5567375886524822,0.2858782161229274,0.50561797752809,0.1852892561983471,0.0,0.0,45,23,21,6922.461271286011,13.522863388061523,synthetic_imbalanced,11
metacog,0.89,0.5,0.4708994708994709,0.0,0.5,0.11,0.2044958763955774,0.2828993620298858,1,1,1,11501.701354980469,4.175424575805664,synthetic_imbalanced,11
classic,0.89,0.5,0.4708994708994709,0.0,0.5725229826353422,0.1265501165501165,0.0,0.0,47,24,21,6454.031944274902,13.46731185913086,synthetic_imbalanced,12
metacog,0.89,0.5,0.4708994708994709,0.0,0.5,0.11,0.1828565533083647,0.1766856434625579,1,1,1,11783.00142288208,4.015445709228516,synthetic_imbalanced,12
classic,0.86,0.4831460674157303,0.4623655913978494,-0.0618267046741558,0.3861082737487232,0.0943237250554323,0.0,0.0,41,21,21,6409.24072265625,12.707948684692385,synthetic_imbalanced,13
metacog,0.89,0.5,0.4708994708994709,0.0,0.5,0.11,0.1507113056699291,0.99799101754522,1,1,1,11713.058710098268,4.167795181274414,synthetic_imbalanced,13
classic,0.89,0.5,0.4708994708994709,0.0,0.5020429009193055,0.115187165775401,0.0,0.0,41,21,21,7039.433717727661,13.661384582519531,synthetic_imbalanced,14
metacog,0.89,0.5,0.4708994708994709,0.0,0.5,0.11,0.2154222399311985,0.1518715472007336,1,1,1,11671.875953674316,4.035234451293945,synthetic_imbalanced,14
classic,0.89,0.5,0.4708994708994709,0.0,0.4719101123595505,0.1056236786469344,0.0,0.0,45,23,21,6475.947141647339,13.28420639038086,synthetic_imbalanced,15
metacog,0.89,0.5,0.4708994708994709,0.0,0.5,0.11,0.226204196857916,0.9767641381459152,3,2,2,22941.385507583615,4.855155944824219,synthetic_imbalanced,15
classic,0.88,0.4943820224719101,0.4680851063829787,-0.0353332626668786,0.4846782431052094,0.111010101010101,0.0,0.0,41,21,21,7157.793283462524,15.16103744506836,synthetic_imbalanced,16
metacog,0.89,0.5,0.4708994708994709,0.0,0.5,0.11,0.1867811345024893,0.1279078050877102,1,1,1,11658.419847488403,4.029750823974609,synthetic_imbalanced,16
classic,0.84,0.4772727272727273,0.4565217391304347,-0.0753778361444409,0.4327651515151516,0.1115750915750915,0.0,0.0,49,25,21,6921.218633651733,14.48369026184082,synthetic_imbalanced,17
metacog,0.88,0.5,0.4680851063829787,0.0,0.5,0.12,0.1730110124389064,0.9906136858870148,1,1,1,11584.452390670776,3.33857536315918,synthetic_imbalanced,17
classic,0.88,0.5,0.4680851063829787,0.0,0.5440340909090908,0.1314859437751004,0.0,0.0,41,21,21,6394.087553024292,13.94200325012207,synthetic_imbalanced,18
metacog,0.88,0.5,0.4680851063829787,0.0,0.5,0.12,0.1822329288948634,0.366108989870656,1,1,1,11806.541442871094,5.19251823425293,synthetic_imbalanced,18
classic,0.87,0.4943181818181818,0.46524064171123,-0.0371134809512602,0.4696969696969697,0.1157854406130268,0.0,0.0,47,24,21,6609.980583190918,13.84592056274414,synthetic_imbalanced,19
metacog,0.88,0.5,0.4680851063829787,0.0,0.5,0.12,0.2407157054308722,0.3918401708132286,1,1,1,11810.143947601318,4.057407379150391,synthetic_imbalanced,19
classic,0.88,0.4943820224719101,0.4680851063829787,-0.0353332626668786,0.3447395301327886,0.0894949494949494,0.0,0.0,41,21,21,6534.284353256226,24.71494674682617,synthetic_imbalanced,20
metacog,0.89,0.5,0.4708994708994709,0.0,0.5,0.11,0.1012057660569133,0.9749829438581225,1,1,1,11928.53045463562,4.02379035949707,synthetic_imbalanced,20
classic,0.89,0.5,0.4708994708994709,0.0,0.4325842696629214,0.0991788856304985,0.0,0.0,43,22,21,6379.616022109985,13.911724090576172,synthetic_imbalanced,21
metacog,0.89,0.5,0.4708994708994709,0.0,0.5,0.11,0.2005497807673552,0.1410905549538791,1,1,1,11472.233057022097,4.037380218505859,synthetic_imbalanced,21
classic,0.89,0.5,0.4708994708994709,0.0,0.5163432073544433,0.1133057851239669,0.0,0.0,41,21,21,6352.053642272949,13.528108596801758,synthetic_imbalanced,22
metacog,0.89,0.5,0.4708994708994709,0.0,0.5,0.11,0.1022131703959014,0.2730828680193735,1,1,1,11245.461702346802,4.449605941772461,synthetic_imbalanced,22
classic,0.88,0.4943820224719101,0.4680851063829787,-0.0353332626668786,0.550561797752809,0.1222222222222222,0.0,0.0,41,21,21,6370.34010887146,13.957023620605469,synthetic_imbalanced,23
metacog,0.89,0.5,0.4708994708994709,0.0,0.5,0.11,0.229196743425728,0.9877058375390384,1,1,1,11324.629783630371,4.091739654541016,synthetic_imbalanced,23
classic,0.89,0.5,0.4708994708994709,0.0,0.3539325842696629,0.0900510725229826,0.0,0.0,51,26,21,6262.2246742248535,6.077766418457031,synthetic_imbalanced,24
metacog,0.89,0.5,0.4708994708994709,0.0,0.5,0.11,0.1404150240738156,0.144640750910439,1,1,1,11839.863061904907,3.979921340942383,synthetic_imbalanced,24
classic,0.87,0.4887640449438202,0.46524064171123,-0.0502230749507608,0.501532175689479,0.1144932079414838,0.0,0.0,45,23,21,6208.359003067017,13.237476348876951,synthetic_imbalanced,25
metacog,0.89,0.5,0.4708994708994709,0.0,0.5,0.11,0.2075928383638684,0.3846119422303979,1,1,1,11632.558584213257,4.090785980224609,synthetic_imbalanced,25
classic,0.88,0.5342185903983656,0.5391705069124424,0.1255269458535891,0.575076608784474,0.1401931401931402,0.0,0.0,43,22,21,6430.616140365601,13.741493225097656,synthetic_imbalanced,26
metacog,0.89,0.5,0.4708994708994709,0.0,0.5,0.11,0.002364627081925,1.0,1,1,1,11709.326267242432,4.365682601928711,synthetic_imbalanced,26
classic,0.88,0.5,0.4680851063829787,0.0,0.4105113636363636,0.105,0.0,0.0,49,25,21,6376.925468444824,13.056516647338867,synthetic_imbalanced,27
metacog,0.88,0.5,0.4680851063829787,0.0,0.5,0.12,0.210741937417785,0.0613302068057519,1,1,1,11681.767463684082,4.234790802001953,synthetic_imbalanced,27
classic,0.87,0.4943181818181818,0.46524064171123,-0.0371134809512602,0.378314393939394,0.1023504273504273,0.0,0.0,47,24,21,6079.053640365601,12.894630432128906,synthetic_imbalanced,28
metacog,0.88,0.5,0.4680851063829787,0.0,0.5,0.12,0.2190046600846505,0.9593895467810902,1,1,1,11220.859050750732,4.825115203857422,synthetic_imbalanced,28
classic,0.88,0.5,0.4680851063829787,0.0,0.5227272727272727,0.1276595744680851,0.0,0.0,41,21,21,6406.800270080566,10.864734649658203,synthetic_imbalanced,29
metacog,0.88,0.5,0.4680851063829787,0.0,0.5,0.12,0.1730110124389064,0.138319066000414,1,1,1,11215.518236160278,4.275798797607422,synthetic_imbalanced,29
classic,0.86,0.4831460674157303,0.4623655913978494,-0.0618267046741558,0.4902962206332993,0.1121450459652706,0.0,0.0,43,22,21,6337.410926818848,14.824628829956056,synthetic_imbalanced,30
metacog,0.89,0.5,0.4708994708994709,0.0,0.5,0.11,0.3855527144886816,0.2333844010271082,1,1,1,11479.99119758606,4.619359970092773,synthetic_imbalanced,30
classic,0.89,0.5398365679264555,0.5475113122171946,0.1780636293708795,0.5265577119509705,0.1453646353646353,0.0,0.0,43,22,21,6366.375684738159,12.05897331237793,synthetic_imbalanced,31
metacog,0.89,0.5,0.4708994708994709,0.0,0.5,0.11,0.079908857120309,0.3393182930738943,1,1,1,11251.49631500244,5.263566970825195,synthetic_imbalanced,31
classic,0.87,0.4887640449438202,0.46524064171123,-0.0502230749507608,0.5010214504596527,0.1133057851239669,0.0,0.0,41,21,21,6422.090768814087,13.695001602172852,synthetic_imbalanced,32
metacog,0.89,0.5,0.4708994708994709,0.0,0.5,0.11,0.1709351819672527,0.9866202062934754,1,1,1,11400.724172592165,2.8395652770996094,synthetic_imbalanced,32
classic,0.86,0.4831460674157303,0.4623655913978494,-0.0618267046741558,0.5010214504596527,0.1133057851239669,0.0,0.0,41,21,21,6735.417604446411,18.30768585205078,synthetic_imbalanced,33
metacog,0.89,0.5,0.4708994708994709,0.0,0.5,0.11,0.1666718200978136,0.1068461222985482,1,1,1,11348.597526550291,5.088567733764648,synthetic_imbalanced,33
classic,0.89,0.5,0.4708994708994709,0.0,0.4596527068437182,0.1027374872318692,0.0,0.0,41,21,21,6420.25899887085,14.734745025634766,synthetic_imbalanced,34
metacog,0.89,0.5,0.4708994708994709,0.0,0.5,0.11,0.1040968405512473,0.1145035556871846,1,1,1,11023.009300231934,4.009008407592773,synthetic_imbalanced,34
classic,0.89,0.5,0.4708994708994709,0.0,0.3953013278855974,0.0949943883277216,0.0,0.0,41,21,21,6228.6365032196045,11.873006820678713,synthetic_imbalanced,35
metacog,0.89,0.5,0.4708994708994709,0.0,0.5,0.11,0.0761438677328142,0.9685542438629342,1,1,1,11027.041673660278,4.032373428344727,synthetic_imbalanced,35
classic,0.89,0.5,0.4708994708994709,0.0,0.550561797752809,0.1208791208791208,0.0,0.0,41,21,21,6686.948776245117,13.744115829467772,synthetic_imbalanced,36
metacog,0.89,0.5,0.4708994708994709,0.0,0.5,0.11,0.1669599137559162,0.0615881663556792,1,1,1,11185.580015182495,4.009246826171875,synthetic_imbalanced,36
classic,0.88,0.5,0.4680851063829787,0.0,0.3380681818181817,0.0984615384615384,0.0,0.0,41,21,21,6458.179950714111,12.770891189575195,synthetic_imbalanced,37
metacog,0.88,0.5,0.4680851063829787,0.0,0.5,0.12,0.1425901674637597,0.9757763221234462,1,1,1,11147.04203605652,4.213094711303711,synthetic_imbalanced,37
classic,0.85,0.4829545454545454,0.4594594594594595,-0.0649417589266228,0.4161931818181818,0.1084883720930232,0.0,0.0,41,21,21,6340.131998062134,12.980937957763672,synthetic_imbalanced,38
metacog,0.88,0.5,0.4680851063829787,0.0,0.5,0.12,0.1210247892205741,0.9561571642033744,1,1,1,11239.583015441896,4.755973815917969,synthetic_imbalanced,38
classic,0.86,0.4886363636363636,0.4623655913978494,-0.0527534961339997,0.4247159090909091,0.1084883720930232,0.0,0.0,47,24,21,6311.216831207275,14.138221740722656,synthetic_imbalanced,39
metacog,0.88,0.5,0.4680851063829787,0.0,0.5,0.12,0.2127619866894514,0.3612755306735093,1,1,1,11294.609308242798,2.189874649047852,synthetic_imbalanced,39
classic,0.88,0.4943820224719101,0.4680851063829787,-0.0353332626668786,0.4392236976506639,0.1009190809190809,0.0,0.0,41,21,21,6848.174571990967,15.761375427246094,synthetic_imbalanced,40
metacog,0.89,0.5,0.4708994708994709,0.0,0.5,0.11,0.0839843025009766,0.9630440634344152,1,1,1,11144.155740737917,4.022836685180664,synthetic_imbalanced,40
classic,0.88,0.4943820224719101,0.4680851063829787,-0.0353332626668786,0.550561797752809,0.125,0.0,0.0,47,24,21,6446.662902832031,13.333559036254885,synthetic_imbalanced,41
metacog,0.89,0.5,0.4708994708994709,0.0,0.5,0.11,0.0742902430942078,0.9633652552369968,1,1,1,11349.971055984495,4.129171371459961,synthetic_imbalanced,41
classic,0.89,0.5,0.4708994708994709,0.0,0.4831460674157303,0.1077517106549364,0.0,0.0,41,21,21,6736.966609954834,17.746686935424805,synthetic_imbalanced,42
metacog,0.89,0.5,0.4708994708994709,0.0,0.5,0.11,0.1972911393274729,0.85809721285822,1,1,1,11182.95168876648,4.078388214111328,synthetic_imbalanced,42
classic,0.87,0.4887640449438202,0.46524064171123,-0.0502230749507608,0.4570990806945864,0.1046394984326018,0.0,0.0,41,21,21,6203.20987701416,12.966156005859377,synthetic_imbalanced,43
metacog,0.89,0.5,0.4708994708994709,0.0,0.5,0.11,0.190996292005619,0.3514173956923457,1,1,1,8691.879749298096,2.168893814086914,synthetic_imbalanced,43
classic,0.88,0.4943820224719101,0.4680851063829787,-0.0353332626668786,0.367211440245148,0.0917970401691332,0.0,0.0,45,23,21,5130.300521850586,5.861759185791016,synthetic_imbalanced,44
metacog,0.89,0.5,0.4708994708994709,0.0,0.5,0.11,0.1748858760179456,0.9276247349020096,1,1,1,8116.075277328491,2.0275115966796875,synthetic_imbalanced,44
classic,0.87,0.4887640449438202,0.46524064171123,-0.0502230749507608,0.4284984678243105,0.0992640692640692,0.0,0.0,41,21,21,5238.776445388794,7.943868637084961,synthetic_imbalanced,45
metacog,0.89,0.5,0.4708994708994709,0.0,0.5,0.11,0.5056848213626358,0.1337803335777112,1,1,1,8123.78191947937,2.465486526489258,synthetic_imbalanced,45
classic,0.87,0.4887640449438202,0.46524064171123,-0.0502230749507608,0.4341164453524004,0.1000985761226725,0.0,0.0,49,25,21,4978.3477783203125,10.644912719726562,synthetic_imbalanced,46
metacog,0.89,0.5,0.4708994708994709,0.0,0.5,0.11,0.1676295049154621,0.9647575973155548,1,1,1,7816.072940826416,3.7488937377929688,synthetic_imbalanced,46
classic,0.87,0.4943181818181818,0.46524064171123,-0.0371134809512602,0.4275568181818182,0.1075862068965517,0.0,0.0,45,23,21,4832.555532455444,8.507490158081055,synthetic_imbalanced,47
metacog,0.88,0.5,0.4680851063829787,0.0,0.5,0.12,0.2568035138463925,0.3762533476545101,1,1,1,7902.292013168335,4.01616096496582,synthetic_imbalanced,47
classic,0.85,0.4829545454545454,0.4594594594594595,-0.0649417589266228,0.5454545454545454,0.1363636363636363,0.0,0.0,41,21,21,5037.677526473999,6.382942199707031,synthetic_imbalanced,48
metacog,0.88,0.5,0.4680851063829787,0.0,0.5,0.12,0.1155201037839676,0.3719420728080598,1,1,1,8060.042381286621,1.9724369049072263,synthetic_imbalanced,48
classic,0.88,0.5,0.4680851063829787,0.0,0.4526515151515152,0.1125925925925925,0.0,0.0,41,21,21,4809.065341949463,10.31804084777832,synthetic_imbalanced,49
metacog,0.88,0.5,0.4680851063829787,0.0,0.5,0.12,0.1797089509135969,0.3935010124511316,1,1,1,8076.46107673645,1.9907951354980469,synthetic_imbalanced,49
classic,0.52,0.4917703733440385,0.36,-0.0481560102763387,0.5174628663187475,0.5437168977686387,0.0,0.0,41,21,21,5328.86528968811,14.80722427368164,synthetic_noise_20,0
metacog,0.53,0.5,0.3464052287581699,0.0,0.5,0.53,0.0229021342283911,0.9897783584349438,1,1,1,9051.663160324097,4.019260406494141,synthetic_noise_20,0
classic,0.55,0.5236852669610598,0.4224104736234116,0.099553284164618,0.5668406262545163,0.5852348454435969,0.0,0.0,41,21,21,5330.358028411865,13.428449630737305,synthetic_noise_20,1
metacog,0.53,0.5,0.3464052287581699,0.0,0.5,0.53,0.3678258323669676,0.0665964422344046,1,1,1,9020.235776901243,4.004240036010742,synthetic_noise_20,1
classic,0.54,0.5588117221999197,0.5008680555555556,0.1496447367748491,0.5808912083500603,0.578201718405941,0.0,0.0,85,43,21,5171.120643615723,13.79680633544922,synthetic_noise_20,2
metacog,0.53,0.5,0.3464052287581699,0.0,0.5,0.53,0.0156475238185921,0.9988455493962666,1,1,1,8906.270503997803,4.000186920166016,synthetic_noise_20,2
classic,0.54,0.5106382978723404,0.3695175438596491,0.1067262889460833,0.509233239662786,0.5346864875166762,0.0,0.0,41,21,21,5459.826946258545,15.68913459777832,synthetic_noise_20,3
metacog,0.53,0.5,0.3464052287581699,0.0,0.5,0.53,0.1883432691134486,0.014121916565737,1,1,1,8905.226707458496,4.024505615234375,synthetic_noise_20,3
classic,0.53,0.5240384615384616,0.5160127690248172,0.0503579746698443,0.5228365384615384,0.5318119792295616,0.0,0.0,41,21,21,5389.025449752808,14.387130737304688,synthetic_noise_20,4
metacog,0.52,0.5,0.3421052631578947,0.0,0.5,0.52,0.068759184416522,0.993246089870053,1,1,1,9106.059789657593,3.9632320404052734,synthetic_noise_20,4
classic,0.53,0.5112179487179487,0.3814975654691407,0.0657081503208844,0.470352564102564,0.5256621728786677,0.0,0.0,41,21,21,5349.506855010986,13.019800186157228,synthetic_noise_20,5
metacog,0.52,0.5,0.3421052631578947,0.0,0.5,0.52,0.0640035184638748,0.136057656783277,1,1,1,8866.918325424194,3.987550735473633,synthetic_noise_20,5
classic,0.62,0.6282051282051282,0.6072757337742869,0.2795426231258449,0.6530448717948717,0.6312532411408815,0.0,0.0,59,30,21,5252.161026000977,13.82899284362793,synthetic_noise_20,6
metacog,0.52,0.5,0.3421052631578947,0.0,0.5,0.52,0.0656620919999526,0.1800613668215646,1,1,1,8967.509746551514,4.021167755126953,synthetic_noise_20,6
classic,0.52,0.500801282051282,0.36,0.0057188626358959,0.5282451923076923,0.5419073783359498,0.0,0.0,41,21,21,5372.225046157837,14.796018600463867,synthetic_noise_20,7
metacog,0.52,0.5,0.3421052631578947,0.0,0.5,0.52,0.1035294132064223,0.0083733830017105,1,1,1,8864.807844161987,4.029512405395508,synthetic_noise_20,7
classic,0.58,0.592948717948718,0.5384615384615385,0.2417422229188384,0.600761217948718,0.6020565688606925,0.0,0.0,45,23,21,5332.659482955933,18.897056579589844,synthetic_noise_20,8
metacog,0.52,0.5,0.3421052631578947,0.0,0.5,0.52,0.0636746207511742,0.9767956978191308,1,1,1,9016.613245010376,3.5614967346191406,synthetic_noise_20,8
classic,0.51,0.4911858974358974,0.3551783129359126,-0.0516278323949806,0.5166266025641026,0.529815442289669,0.0,0.0,41,21,21,5245.212078094482,15.009403228759766,synthetic_noise_20,9
metacog,0.52,0.5,0.3421052631578947,0.0,0.5,0.52,0.0880463711238351,0.9965883437682108,1,1,1,9018.528938293455,4.031896591186523,synthetic_noise_20,9
classic,0.54,0.5118426334805299,0.3866666666666666,0.0692976733244874,0.5285026093938177,0.5480762497568566,0.0,0.0,41,21,21,5427.210807800293,14.386892318725586,synthetic_noise_20,10
metacog,0.53,0.5,0.3464052287581699,0.0,0.5,0.53,0.0432019198559305,0.2257471115105529,1,1,1,8931.854963302612,4.628419876098633,synthetic_noise_20,10
classic,0.51,0.4811320754716981,0.3377483443708609,-0.1345280831640731,0.4811320754716981,0.5207701193685021,0.0,0.0,41,21,21,5282.629489898682,16.286373138427734,synthetic_noise_20,11
metacog,0.53,0.5,0.3464052287581699,0.0,0.5,0.53,0.0362080558201512,0.9948314618470708,1,1,1,9149.39546585083,4.149436950683594,synthetic_noise_20,11
classic,0.55,0.5236852669610598,0.4224104736234116,0.099553284164618,0.5236852669610599,0.5420794861501405,0.0,0.0,41,21,21,5340.857267379761,13.425350189208984,synthetic_noise_20,12
metacog,0.53,0.5,0.3464052287581699,0.0,0.5,0.53,0.0546948677744902,0.9892035265785796,1,1,1,8774.04499053955,3.0088424682617188,synthetic_noise_20,12
classic,0.56,0.5764753111200321,0.5331069609507639,0.1813964699731679,0.5758731433159374,0.5780695440472094,0.0,0.0,49,25,21,5605.1185131073,19.576311111450195,synthetic_noise_20,13
metacog,0.53,0.5,0.3464052287581699,0.0,0.5,0.53,0.0248176877226814,0.1875273383424188,1,1,1,9000.349760055542,4.112720489501953,synthetic_noise_20,13
classic,0.62,0.6314102564102564,0.5924495924495925,0.3169734648125207,0.6278044871794871,0.6291504240440411,0.0,0.0,67,34,21,5051.753759384155,13.422250747680664,synthetic_noise_20,14
metacog,0.52,0.5,0.3421052631578947,0.0,0.5,0.52,0.0650324422776282,0.1139198655847423,1,1,1,8833.817720413208,4.017829895019531,synthetic_noise_20,14
classic,0.53,0.5104166666666666,0.3647790241924584,0.1046076524101413,0.4989983974358974,0.5215617715617715,0.0,0.0,41,21,21,5142.7929401397705,9.734630584716797,synthetic_noise_20,15
metacog,0.52,0.5,0.3421052631578947,0.0,0.5,0.52,0.0602130975742343,0.9965089913529288,1,1,1,9025.66647529602,5.011081695556641,synthetic_noise_20,15
classic,0.54,0.5208333333333334,0.3866666666666666,0.1486904285332952,0.5540865384615384,0.553414442700157,0.0,0.0,41,21,21,5207.599878311157,9.598255157470703,synthetic_noise_20,16
metacog,0.52,0.5,0.3421052631578947,0.0,0.5,0.52,0.0387589199796069,0.9569422122156844,1,1,1,9103.492021560667,5.23829460144043,synthetic_noise_20,16
classic,0.49,0.4711538461538461,0.3288590604026846,-0.1689638151108457,0.4805689102564102,0.512223103357124,0.0,0.0,41,21,21,5657.602071762085,14.073610305786133,synthetic_noise_20,17
metacog,0.52,0.5,0.3421052631578947,0.0,0.5,0.52,0.1558857913822609,0.9053523249065464,1,1,1,9414.13712501526,4.595518112182617,synthetic_noise_20,17
classic,0.55,0.5328525641025641,0.4357366771159875,0.1286563017181778,0.5272435897435898,0.5340612076095946,0.0,0.0,43,22,21,5301.013946533203,14.901399612426758,synthetic_noise_20,18
metacog,0.52,0.5,0.3421052631578947,0.0,0.5,0.52,0.331624540638019,0.0653048626594699,1,1,1,9130.65242767334,4.056215286254883,synthetic_noise_20,18
classic,0.51,0.4911858974358974,0.3551783129359126,-0.0516278323949806,0.4899839743589744,0.5150436161776367,0.0,0.0,41,21,21,5285.433053970337,15.216588973999023,synthetic_noise_20,19
metacog,0.52,0.5,0.3421052631578947,0.0,0.5,0.52,0.0820342846604818,0.0161441210465551,1,1,1,9416.112661361694,4.183053970336914,synthetic_noise_20,19
classic,0.64,0.6567643516659976,0.6179966044142615,0.3718389581339741,0.6527498996386993,0.6552228267784724,0.0,0.0,69,35,21,5436.313152313232,15.097618103027344,synthetic_noise_20,20
metacog,0.53,0.5,0.3464052287581699,0.0,0.5,0.53,0.049139409705275,0.9948558851987132,1,1,1,9383.090496063232,4.478931427001953,synthetic_noise_20,20
classic,0.52,0.4917703733440385,0.36,-0.0481560102763387,0.4969891609795263,0.5287423544922086,0.0,0.0,41,21,21,5654.17742729187,14.460325241088867,synthetic_noise_20,21
metacog,0.53,0.5,0.3464052287581699,0.0,0.5,0.53,0.0218973178727591,0.996023227901354,1,1,1,9228.13320159912,4.088401794433594,synthetic_noise_20,21
classic,0.56,0.5740666399036531,0.5416666666666666,0.166531421913322,0.5519871537535126,0.551085078443569,0.0,0.0,93,47,21,5119.086980819702,15.562772750854492,synthetic_noise_20,22
metacog,0.53,0.5,0.3464052287581699,0.0,0.5,0.53,0.1059923860295687,0.0062067985545832,1,1,1,9079.065322875977,4.041671752929688,synthetic_noise_20,22
classic,0.55,0.5224809313528703,0.4078168180023687,0.1145158356844488,0.5104375752709756,0.5375157232704403,0.0,0.0,41,21,21,5297.176361083984,13.594388961791992,synthetic_noise_20,23
metacog,0.53,0.5,0.3464052287581699,0.0,0.5,0.53,0.0585551672754563,0.9965400643463852,1,1,1,9281.196355819702,4.163026809692383,synthetic_noise_20,23
classic,0.53,0.5104166666666666,0.3647790241924584,0.1046076524101413,0.478165064102564,0.518997668997669,0.0,0.0,41,21,21,5275.545120239258,12.72869110107422,synthetic_noise_20,24
metacog,0.52,0.5,0.3421052631578947,0.0,0.5,0.52,0.0065719384744004,0.987421274601516,1,1,1,9418.83897781372,4.123926162719727,synthetic_noise_20,24
classic,0.52,0.5016025641025641,0.3762993762993762,0.0081715056307576,0.5008012820512822,0.520400641025641,0.0,0.0,41,21,21,5711.360692977905,14.816522598266602,synthetic_noise_20,25
metacog,0.52,0.5,0.3421052631578947,0.0,0.5,0.52,0.0347652049391762,0.1010207247761366,1,1,1,9454.03003692627,6.361246109008789,synthetic_noise_20,25
classic,0.66,0.6666666666666667,0.6532027743778049,0.3515520295364293,0.6704727564102564,0.6511886659939626,0.0,0.0,77,39,21,5202.222108840942,14.048576354980469,synthetic_noise_20,26
metacog,0.52,0.5,0.3421052631578947,0.0,0.5,0.52,0.0761561393411655,0.9928560653624504,1,1,1,9043.28441619873,5.645751953125,synthetic_noise_20,26
classic,0.51,0.4919871794871794,0.3710691823899371,-0.0367359179185322,0.501201923076923,0.5253441295546559,0.0,0.0,41,21,21,5415.908098220825,13.047218322753906,synthetic_noise_20,27
metacog,0.52,0.5,0.3421052631578947,0.0,0.5,0.52,0.0732994113640281,0.9897769753057126,1,1,1,9495.225667953491,6.09898567199707,synthetic_noise_20,27
classic,0.51,0.4927884615384615,0.3855799373040752,-0.0282416272064292,0.5102163461538461,0.5299193548387097,0.0,0.0,41,21,21,5484.250068664551,13.113975524902344,synthetic_noise_20,28
metacog,0.52,0.5,0.3421052631578947,0.0,0.5,0.52,0.4186863900892918,0.0370613492733332,1,1,1,9051.748275756836,4.227876663208008,synthetic_noise_20,28
classic,0.55,0.5328525641025641,0.4357366771159875,0.1286563017181778,0.538661858974359,0.5405541770057899,0.0,0.0,41,21,21,5590.10124206543,13.396263122558594,synthetic_noise_20,29
metacog,0.52,0.5,0.3421052631578947,0.0,0.5,0.52,0.2329255266277276,0.0068417383056752,1,1,1,9453.054904937744,6.829977035522461,synthetic_noise_20,29
classic,0.55,0.5670413488558812,0.52,0.1615477677229002,0.5586109995985548,0.5719801199620724,0.0,0.0,93,47,21,4966.756343841553,13.312816619873049,synthetic_noise_20,30
metacog,0.53,0.5,0.3464052287581699,0.0,0.5,0.53,0.0230082420891152,0.966419891167304,1,1,1,9474.692106246948,4.249095916748047,synthetic_noise_20,30
classic,0.53,0.5469690887193898,0.4986666666666667,0.1131801725962833,0.5415495784825372,0.5584243637785674,0.0,0.0,63,32,21,5671.600818634033,14.15085792541504,synthetic_noise_20,31
metacog,0.53,0.5,0.3464052287581699,0.0,0.5,0.53,0.1301360229245431,0.0066414607199719,1,1,1,9668.566465377808,5.46574592590332,synthetic_noise_20,31
classic,0.64,0.6543556804496187,0.625,0.3470532884860288,0.6487354476114011,0.6732226505263632,0.0,0.0,63,32,21,5343.853235244751,13.612508773803713,synthetic_noise_20,32
metacog,0.53,0.5,0.3464052287581699,0.0,0.5,0.53,0.0215315913453376,0.9501977819833364,1,1,1,9798.797607421877,4.055261611938477,synthetic_noise_20,32
classic,0.5,0.4716981132075472,0.3333333333333333,-0.165609693877165,0.5076274588518667,0.5406594047850612,0.0,0.0,41,21,21,5656.595706939697,18.3866024017334,synthetic_noise_20,33
metacog,0.53,0.5,0.3464052287581699,0.0,0.5,0.53,0.0301004252172343,0.148640053431725,1,1,1,8992.85912513733,4.057168960571289,synthetic_noise_20,33
classic,0.52,0.5024038461538461,0.39117199391172,0.0101139174257841,0.5016025641025641,0.5207937806873977,0.0,0.0,41,21,21,5769.530534744263,15.623331069946287,synthetic_noise_20,34
metacog,0.52,0.5,0.3421052631578947,0.0,0.5,0.52,0.2060783296404922,0.0435314359366217,1,1,1,9101.492643356323,4.177331924438477,synthetic_noise_20,34
classic,0.52,0.500801282051282,0.36,0.0057188626358959,0.508613782051282,0.5249921507064365,0.0,0.0,41,21,21,5691.542625427246,14.136552810668944,synthetic_noise_20,35
metacog,0.52,0.5,0.3421052631578947,0.0,0.5,0.52,0.0341658559187803,0.0246761719775149,1,1,1,9235.445022583008,4.048347473144531,synthetic_noise_20,35
classic,0.51,0.4919871794871794,0.3710691823899371,-0.0367359179185322,0.5190304487179486,0.5378947368421054,0.0,0.0,41,21,21,5616.437911987305,14.00136947631836,synthetic_noise_20,36
metacog,0.52,0.5,0.3421052631578947,0.0,0.5,0.52,0.025227659742932,0.1267283604654475,1,1,1,9016.400575637816,4.065752029418945,synthetic_noise_20,36
classic,0.53,0.5112179487179487,0.3814975654691407,0.0657081503208844,0.5010016025641025,0.5256621728786677,0.0,0.0,41,21,21,5611.648321151733,14.225006103515623,synthetic_noise_20,37
metacog,0.52,0.5,0.3421052631578947,0.0,0.5,0.52,0.0160685640970313,0.3823897937333632,1,1,1,9066.956758499146,3.938674926757813,synthetic_noise_20,37
classic,0.53,0.5128205128205128,0.4106583072100314,0.0502073372558742,0.4931891025641026,0.5264846980976013,0.0,0.0,41,21,21,5606.752157211304,13.411283493041992,synthetic_noise_20,38
metacog,0.52,0.5,0.3421052631578947,0.0,0.5,0.52,0.2042859538897844,0.0049805375945745,1,1,1,9115.11516571045,4.058361053466797,synthetic_noise_20,38
classic,0.55,0.53125,0.4078168180023687,0.1830441330367495,0.540264423076923,0.5450039651070578,0.0,0.0,41,21,21,5648.693084716797,15.92731475830078,synthetic_noise_20,39
metacog,0.52,0.5,0.3421052631578947,0.0,0.5,0.52,0.1076418763618823,0.0040047716362342,1,1,1,9054.97908592224,4.094600677490234,synthetic_noise_20,39
classic,0.54,0.5118426334805299,0.3866666666666666,0.0692976733244874,0.5090325170614212,0.5346061077611359,0.0,0.0,41,21,21,5588.705539703369,14.427900314331056,synthetic_noise_20,40
metacog,0.53,0.5,0.3464052287581699,0.0,0.5,0.53,0.0417033804532478,0.9921715661119692,1,1,1,9134.172439575195,4.571437835693359,synthetic_noise_20,40
classic,0.53,0.5012043356081894,0.3647790241924584,0.0085868989253663,0.518466479325572,0.5430188679245284,0.0,0.0,41,21,21,5530.80415725708,14.12367820739746,synthetic_noise_20,41
metacog,0.53,0.5,0.3464052287581699,0.0,0.5,0.53,0.0249844270128983,0.993524584228584,1,1,1,9083.049774169922,4.027605056762695,synthetic_noise_20,41
classic,0.55,0.5212765957446809,0.3918097040140559,0.1517018810148058,0.5212765957446808,0.5408163265306123,0.0,0.0,41,21,21,5611.4771366119385,13.815641403198242,synthetic_noise_20,42
metacog,0.53,0.5,0.3464052287581699,0.0,0.5,0.53,0.0538271616652918,0.9943659194657144,1,1,1,8826.003074645996,2.721786499023437,synthetic_noise_20,42
classic,0.56,0.5319148936170213,0.4133333333333333,0.1867513569253137,0.5495784825371337,0.5635090449328923,0.0,0.0,41,21,21,5605.615615844727,12.12310791015625,synthetic_noise_20,43
metacog,0.53,0.5,0.3464052287581699,0.0,0.5,0.53,0.0909995097071064,0.0034841021779718,1,1,1,8911.984920501709,2.5153160095214844,synthetic_noise_20,43
classic,0.5,0.4815705128205128,0.3503118503118503,-0.0939723147537131,0.4807692307692308,0.5105689102564103,0.0,0.0,41,21,21,4195.457696914673,11.77048683166504,synthetic_noise_20,44
metacog,0.52,0.5,0.3421052631578947,0.0,0.5,0.52,0.2611960913687347,0.5830675464125981,1,1,1,6357.110261917114,4.068851470947266,synthetic_noise_20,44
classic,0.56,0.5424679487179487,0.4419076610857433,0.1786792078555206,0.5172275641025641,0.53245294599018,0.0,0.0,41,21,21,4064.262390136719,7.154464721679688,synthetic_noise_20,45
metacog,0.52,0.5,0.3421052631578947,0.0,0.5,0.52,0.0414665618339803,0.9944960635788253,1,1,1,6458.773136138916,3.240823745727539,synthetic_noise_20,45
classic,0.57,0.5769230769230769,0.5601023017902813,0.1634611547359457,0.553485576923077,0.5633223820251622,0.0,0.0,71,36,21,4002.2361278533936,6.197452545166016,synthetic_noise_20,46
metacog,0.52,0.5,0.3421052631578947,0.0,0.5,0.52,0.0761561393411655,0.9942208727391594,1,1,1,6385.333061218262,2.057313919067383,synthetic_noise_20,46
classic,0.68,0.6858974358974359,0.6753246753246753,0.3869763716956272,0.703125,0.6838543043439951,0.0,0.0,67,34,21,3892.05813407898,10.802268981933594,synthetic_noise_20,47
metacog,0.52,0.5,0.3421052631578947,0.0,0.5,0.52,0.0278523506308856,0.9672694220559064,1,1,1,6407.283306121826,2.12860107421875,synthetic_noise_20,47
classic,0.54,0.5496794871794872,0.5166036149642708,0.1131688379551056,0.5552884615384615,0.5510159824315256,0.0,0.0,41,21,21,4021.702289581299,13.00644874572754,synthetic_noise_20,48
metacog,0.52,0.5,0.3421052631578947,0.0,0.5,0.52,0.056063217199249,0.9878734784476886,1,1,1,6270.902156829834,1.9440650939941408,synthetic_noise_20,48
classic,0.5,0.4815705128205128,0.3503118503118503,-0.0939723147537131,0.4615384615384615,0.5059615384615384,0.0,0.0,41,21,21,3870.783567428589,6.999969482421875,synthetic_noise_20,49
metacog,0.52,0.5,0.3421052631578947,0.0,0.5,0.52,0.1360637799537984,0.0044601756892762,1,1,1,6365.08321762085,2.565860748291016,synthetic_noise_20,49
classic,0.84375,0.8376623376623377,0.8303287380699894,0.6625413488689131,0.8468013468013468,0.8725639329805996,0.0,0.0,213,107,12,271.1598873138428,7.69495964050293,tic-tac-toe,0
metacog,0.65625,0.5,0.3962264150943396,0.0,0.7099567099567099,0.7829921602787456,0.4226915012917292,0.8842522543476116,3,2,2,427.236557006836,4.6863555908203125,tic-tac-toe,0
classic,0.8333333333333334,0.8297258297258298,0.8201405152224824,0.6435515524021977,0.8684463684463684,0.8885674285781548,0.0,0.0,225,113,12,293.8525676727295,7.723331451416016,tic-tac-toe,1
metacog,0.65625,0.5,0.3962264150943396,0.0,0.7503607503607503,0.8072967282150956,0.4109369966926807,0.9668936021458108,3,2,2,444.9560642242432,4.669904708862305,tic-tac-toe,1
classic,0.8854166666666666,0.8694083694083694,0.8720775287704422,0.7443873683187766,0.8609908609908609,0.8795785425404764,0.0,0.0,219,110,12,296.0855960845947,7.31658935546875,tic-tac-toe,2
metacog,0.65625,0.5,0.3962264150943396,0.0,0.7106782106782106,0.7813401875901875,0.4327980906436459,0.9365625664820976,3,2,2,418.1020259857178,6.436347961425781,tic-tac-toe,2
classic,0.8854166666666666,0.8766233766233766,0.8739104477611941,0.7480475584533226,0.8874458874458875,0.9079332552693208,0.0,0.0,211,106,11,294.0952777862549,7.967710494995117,tic-tac-toe,3
metacog,0.65625,0.5,0.3962264150943396,0.0,0.6955266955266955,0.7697641093474428,0.3820741185248435,0.9493527517462396,3,2,2,427.8302192687988,5.3730010986328125,tic-tac-toe,3
classic,0.8854166666666666,0.8621933621933622,0.870062753783684,0.742275510030551,0.8840788840788842,0.8966230040173702,0.0,0.0,209,105,12,274.8417854309082,7.795810699462891,tic-tac-toe,4
metacog,0.65625,0.5,0.3962264150943396,0.0,0.5952380952380953,0.7053571428571429,0.4305081719378851,0.9269361928743418,3,2,2,444.3116188049317,4.606008529663086,tic-tac-toe,4
classic,0.875,0.8831168831168831,0.8666666666666667,0.7410010097502685,0.9035594035594036,0.9275748349193048,0.0,0.0,217,109,12,291.7935848236084,9.016036987304688,tic-tac-toe,5
metacog,0.65625,0.5,0.3962264150943396,0.0,0.6190476190476191,0.7189399696048632,0.430542237238457,0.8789757076484864,3,2,2,442.45243072509766,4.951000213623047,tic-tac-toe,5
classic,0.8541666666666666,0.8472485768500948,0.8426229508196721,0.6860865379147928,0.8534155597722959,0.8740584049101395,0.0,0.0,209,105,11,269.35386657714844,10.826826095581056,tic-tac-toe,6
metacog,0.6458333333333334,0.5,0.3924050632911392,0.0,0.6204933586337761,0.710773141654979,0.381255563542364,0.9569850967095868,3,2,2,441.5740966796875,4.418373107910156,tic-tac-toe,6
classic,0.8854166666666666,0.8648007590132827,0.8720775287704422,0.7462485614701092,0.8913662239089184,0.902905785970302,0.0,0.0,209,105,12,279.2699337005615,8.054971694946289,tic-tac-toe,7
metacog,0.6458333333333334,0.5,0.3924050632911392,0.0,0.594876660341556,0.696236559139785,0.5731514089153115,1.0,3,2,2,460.9794616699219,5.272865295410156,tic-tac-toe,7
classic,0.8842105263157894,0.8687683284457478,0.8713846153846154,0.7430040160601965,0.8814760508308895,0.8978448984062654,0.0,0.0,199,100,12,250.43582916259768,7.864952087402344,tic-tac-toe,8
metacog,0.6526315789473685,0.5,0.3949044585987261,0.0,0.7052785923753665,0.766723259762309,0.422936593765354,0.9596955862699384,3,2,2,447.5133419036865,4.900455474853516,tic-tac-toe,8
classic,0.9157894736842104,0.8929618768328447,0.904233870967742,0.8125727669029035,0.9105571847507332,0.9155596389916772,0.0,0.0,193,97,12,257.3535442352295,7.841348648071289,tic-tac-toe,9
metacog,0.6526315789473685,0.5,0.3949044585987261,0.0,0.5369012707722385,0.6703330907914948,0.414628866593155,0.9301402996520975,3,2,2,450.5839347839356,4.645824432373047,tic-tac-toe,9
classic,0.8333333333333334,0.8080808080808081,0.8125,0.6258703241737896,0.8253968253968255,0.8487324474374519,0.0,0.0,209,105,12,249.42708015441892,8.015871047973633,tic-tac-toe,10
metacog,0.65625,0.5,0.3962264150943396,0.0,0.6031746031746033,0.7098434744268078,0.4931999021799508,1.0,3,2,2,445.6443786621094,4.656076431274414,tic-tac-toe,10
classic,0.8958333333333334,0.8845598845598845,0.8845598845598845,0.7691197691197691,0.9105339105339104,0.9217931486076646,0.0,0.0,205,103,11,253.37862968444824,8.284330368041992,tic-tac-toe,11
metacog,0.65625,0.5,0.3962264150943396,0.0,0.7106782106782106,0.7813401875901875,0.3869961239178235,0.9433266348980364,3,2,2,528.8095474243164,5.962848663330078,tic-tac-toe,11
classic,0.9270833333333334,0.9155844155844156,0.918594791035736,0.8374357893586237,0.933862433862434,0.9421018407362944,0.0,0.0,215,108,11,266.9045925140381,9.461641311645508,tic-tac-toe,12
metacog,0.6145833333333334,0.5548340548340549,0.5554999374296083,0.114597232678489,0.5897065897065897,0.7071733455286877,0.3165769654122388,0.977067640012344,5,3,3,821.9630718231201,5.121707916259766,tic-tac-toe,12
classic,0.875,0.8542568542568543,0.859375,0.7196775858766528,0.8667628667628667,0.8811437767594484,0.0,0.0,187,94,12,251.3234615325928,7.148504257202148,tic-tac-toe,13
metacog,0.65625,0.5,0.3962264150943396,0.0,0.7034632034632035,0.7748447204968945,0.4383814266246162,0.969086886098281,3,2,2,457.7150344848633,4.531145095825195,tic-tac-toe,13
classic,0.8645833333333334,0.8463203463203464,0.8488188976377953,0.6978631577988531,0.8761423761423761,0.8945993823339159,0.0,0.0,213,107,12,288.3882522583008,7.665634155273437,tic-tac-toe,14
metacog,0.6666666666666666,0.6305916305916306,0.6305916305916306,0.2611832611832612,0.6673881673881674,0.754069035021416,0.3161635668757085,0.9542543398820856,5,3,3,824.3203163146973,4.769086837768555,tic-tac-toe,14
classic,0.8020833333333334,0.7987012987012987,0.7876847864043767,0.5802144707878518,0.8229918229918229,0.8577987414839869,0.0,0.0,213,107,12,295.8221435546875,7.343769073486328,tic-tac-toe,15
metacog,0.65625,0.5,0.3962264150943396,0.0,0.6262626262626263,0.7237654320987654,0.4222936215308275,0.9293607727066068,3,2,2,562.279462814331,3.700733184814453,tic-tac-toe,15
classic,0.8541666666666666,0.8472485768500948,0.8426229508196721,0.6860865379147928,0.890180265654649,0.8995010852143778,0.0,0.0,201,101,12,267.87257194519043,7.799863815307617,tic-tac-toe,16
metacog,0.6458333333333334,0.5,0.3924050632911392,0.0,0.6821631878557874,0.7506720430107527,0.3616163548258179,0.896631288019398,3,2,2,485.4269027709961,4.817962646484375,tic-tac-toe,16
classic,0.90625,0.900853889943074,0.8981972428419936,0.7966223039091501,0.9342979127134724,0.938846670802316,0.0,0.0,207,104,12,257.338285446167,9.348154067993164,tic-tac-toe,17
metacog,0.6458333333333334,0.5,0.3924050632911392,0.0,0.7167931688804554,0.7806681091004459,0.3833491032621204,0.914487827316516,3,2,2,479.9482822418213,7.166147232055664,tic-tac-toe,17
classic,0.8842105263157894,0.8687683284457478,0.8713846153846154,0.7430040160601965,0.8870967741935484,0.896130530730029,0.0,0.0,229,115,12,265.4719352722168,7.383108139038086,tic-tac-toe,18
metacog,0.6526315789473685,0.5,0.3949044585987261,0.0,0.6155913978494625,0.7137336679707684,0.3833793141058184,0.9621056153287584,3,2,2,512.1951103210449,4.820585250854492,tic-tac-toe,18
classic,0.8421052631578947,0.8365102639296188,0.8293208767517068,0.6605472203782413,0.8741446725317693,0.8968190260243303,0.0,0.0,231,116,12,303.99322509765625,7.489442825317383,tic-tac-toe,19
metacog,0.6526315789473685,0.5,0.3949044585987261,0.0,0.6397849462365592,0.7279442846748208,0.435954145728705,1.0,3,2,2,502.659797668457,4.658937454223633,tic-tac-toe,19
classic,0.9270833333333334,0.9011544011544012,0.9159053935677636,0.8383692285426303,0.9112554112554112,0.9171348463627876,0.0,0.0,197,99,12,256.7286491394043,7.790327072143555,tic-tac-toe,20
metacog,0.65625,0.5,0.3962264150943396,0.0,0.608946608946609,0.7149560274560275,0.4031084432378398,0.9560073822241004,3,2,2,532.2446823120117,4.660606384277344,tic-tac-toe,20
classic,0.8229166666666666,0.7784992784992785,0.7920224289537403,0.5953133485563813,0.8294853294853295,0.8542101314629605,0.0,0.0,217,109,12,263.51189613342285,8.044004440307617,tic-tac-toe,21
metacog,0.6354166666666666,0.5995670995670996,0.5988059701492537,0.1977596993612232,0.656084656084656,0.75490375570083,0.3388627422303093,0.9857789027169878,5,3,3,847.1555709838867,5.418062210083008,tic-tac-toe,21
classic,0.8854166666666666,0.8766233766233766,0.8739104477611941,0.7480475584533226,0.9090909090909092,0.9237382057979624,0.0,0.0,211,106,12,259.4146728515625,7.468938827514648,tic-tac-toe,22
metacog,0.65625,0.5,0.3962264150943396,0.0,0.6789321789321788,0.7608134920634921,0.4109119559634193,0.9129339453018928,3,2,2,456.0644626617432,4.643678665161133,tic-tac-toe,22
classic,0.8541666666666666,0.8311688311688312,0.8359375,0.6727739550252212,0.8518518518518519,0.8687894460781784,0.0,0.0,227,114,12,282.7491760253906,8.86392593383789,tic-tac-toe,23
metacog,0.65625,0.5,0.3962264150943396,0.0,0.6738816738816739,0.752353719265484,0.4148185543453388,0.9253308824729194,3,2,2,442.9357051849365,5.1746368408203125,tic-tac-toe,23
classic,0.875,0.8398268398268398,0.8545454545454545,0.717973623597536,0.8934583934583935,0.9035543931377265,0.0,0.0,179,90,12,226.8462181091309,8.765220642089844,tic-tac-toe,24
metacog,0.65625,0.5,0.3962264150943396,0.0,0.6111111111111112,0.7143719806763285,0.4552074626850216,0.9206259077522304,3,2,2,435.58216094970703,4.621982574462891,tic-tac-toe,24
classic,0.8125,0.7922077922077921,0.7922077922077921,0.5844155844155844,0.8446368446368446,0.8763421682232215,0.0,0.0,227,114,12,291.7959690093994,7.691383361816406,tic-tac-toe,25
metacog,0.65625,0.5,0.3962264150943396,0.0,0.7878787878787877,0.8409722222222222,0.4767838010761052,0.9278881223644998,3,2,2,493.8151836395264,7.174968719482422,tic-tac-toe,25
classic,0.8645833333333334,0.855313092979127,0.8529515729939908,0.7061184681987616,0.8809297912713472,0.8945824379206644,0.0,0.0,211,106,12,282.6621532440185,10.633230209350586,tic-tac-toe,26
metacog,0.6458333333333334,0.5,0.3924050632911392,0.0,0.6043643263757116,0.7012768817204301,0.3889671436026998,0.9008265838508936,3,2,2,481.7497730255127,4.703044891357422,tic-tac-toe,26
classic,0.84375,0.8458254269449715,0.8342350638885692,0.673523090594112,0.8787950664136622,0.8960277864562993,0.0,0.0,217,109,12,270.648717880249,8.948087692260742,tic-tac-toe,27
metacog,0.6458333333333334,0.5,0.3924050632911392,0.0,0.6299810246679316,0.7158064516129032,0.4021149375068511,0.93777466722914,3,2,2,470.69263458251953,4.595518112182617,tic-tac-toe,27
classic,0.8842105263157894,0.8758553274682307,0.8731950006067224,0.7466191840712891,0.9264418377321604,0.9351937602369756,0.0,0.0,215,108,11,252.3176670074463,7.264852523803711,tic-tac-toe,28
metacog,0.6526315789473685,0.5,0.3949044585987261,0.0,0.6710654936461389,0.7477079796264856,0.4569630254352868,0.9053099813918518,3,2,2,438.7481212615967,4.617929458618164,tic-tac-toe,28
classic,0.8315789473684211,0.8213587487781036,0.8167791706846672,0.6344001701218819,0.8365102639296188,0.8589456658321584,0.0,0.0,227,114,13,287.7635955810547,10.950088500976562,tic-tac-toe,29
metacog,0.6526315789473685,0.5,0.3949044585987261,0.0,0.6175464320625611,0.7138794567062818,0.3751198444273143,0.9184173231430997,3,2,2,475.095272064209,4.496574401855469,tic-tac-toe,29
classic,0.875,0.8686868686868687,0.8633776091081593,0.727639003642915,0.8821548821548821,0.8973389826483112,0.0,0.0,211,106,13,270.28346061706543,10.235071182250977,tic-tac-toe,30
metacog,0.65625,0.5,0.3962264150943396,0.0,0.5714285714285715,0.6921820557491289,0.3981637453372795,1.0,3,2,2,457.5793743133545,4.805326461791992,tic-tac-toe,30
classic,0.8854166666666666,0.8838383838383839,0.8755744079179921,0.7531452940133799,0.901875901875902,0.9129042170937164,0.0,0.0,193,97,11,265.8379077911377,8.334159851074219,tic-tac-toe,31
metacog,0.65625,0.5,0.3962264150943396,0.0,0.6883116883116883,0.763677811550152,0.4576985686601307,0.90921915617316,3,2,2,450.5274295806885,4.758596420288086,tic-tac-toe,31
classic,0.875,0.8831168831168831,0.8666666666666667,0.7410010097502685,0.8828763828763828,0.9085805808820974,0.0,0.0,217,109,12,294.22688484191895,6.74891471862793,tic-tac-toe,32
metacog,0.6354166666666666,0.6284271284271284,0.6170940170940171,0.2459192282548747,0.6786916786916788,0.7757318148578312,0.3258610626175945,0.944324676439948,5,3,3,726.0315418243408,5.896568298339844,tic-tac-toe,32
classic,0.8333333333333334,0.8152958152958153,0.8152958152958153,0.6305916305916306,0.8453583453583454,0.8672981873307882,0.0,0.0,217,109,13,271.39902114868164,7.733345031738281,tic-tac-toe,33
metacog,0.65625,0.5,0.3962264150943396,0.0,0.6731601731601732,0.7529761904761905,0.4240697611333459,0.9013973314069044,3,2,2,450.2418041229248,3.43179702758789,tic-tac-toe,33
classic,0.8958333333333334,0.8701298701298701,0.8808933002481389,0.7657287878628333,0.8932178932178934,0.9023934543497056,0.0,0.0,199,100,11,245.8033561706543,7.323265075683594,tic-tac-toe,34
metacog,0.65625,0.5,0.3962264150943396,0.0,0.696969696969697,0.7677696078431372,0.4871129304311457,1.0,3,2,2,452.6622295379639,5.020856857299805,tic-tac-toe,34
classic,0.8645833333333334,0.8463203463203464,0.8488188976377953,0.6978631577988531,0.8648388648388647,0.883475631085078,0.0,0.0,205,103,12,254.43673133850095,7.912158966064453,tic-tac-toe,35
metacog,0.65625,0.5,0.3962264150943396,0.0,0.6724386724386724,0.7537257495590829,0.3640093310116512,0.9529217042211312,3,2,2,424.5858192443848,6.681442260742188,tic-tac-toe,35
classic,0.8854166666666666,0.8847248576850095,0.8770806658130601,0.7561164362711243,0.8875711574952562,0.9030046978265748,0.0,0.0,217,109,12,261.204481124878,6.953001022338867,tic-tac-toe,36
metacog,0.6458333333333334,0.5,0.3924050632911392,0.0,0.676944971537002,0.745156218299858,0.3625839225839657,1.0,3,2,2,457.77392387390137,6.074428558349609,tic-tac-toe,36
classic,0.8958333333333334,0.8927893738140418,0.8875878220140515,0.7760651002642738,0.9055977229601518,0.9143753200204814,0.0,0.0,219,110,12,291.6395664215088,9.569168090820312,tic-tac-toe,37
metacog,0.6458333333333334,0.5,0.3924050632911392,0.0,0.5977229601518026,0.6969962599345488,0.4457755359267719,0.9715725949504672,3,2,2,463.8972282409668,4.642009735107422,tic-tac-toe,37
classic,0.8947368421052632,0.8839198435972629,0.8839198435972629,0.7678396871945259,0.8990713587487781,0.9071406230015292,0.0,0.0,213,107,12,261.460542678833,7.198810577392578,tic-tac-toe,38
metacog,0.6526315789473685,0.5,0.3949044585987261,0.0,0.6458944281524928,0.7332574471369039,0.4160787463914928,0.9222157057417396,3,2,2,423.12073707580566,4.721879959106445,tic-tac-toe,38
classic,0.8736842105263158,0.8677908113391984,0.8625843780135005,0.7260625521166785,0.8768328445747801,0.8935065190550716,0.0,0.0,215,108,13,257.1425437927246,6.985187530517578,tic-tac-toe,39
metacog,0.6526315789473685,0.5,0.3949044585987261,0.0,0.6297653958944283,0.7234659228716953,0.4322547549419108,0.9074404347130012,3,2,2,467.1187400817871,5.11479377746582,tic-tac-toe,39
classic,0.8958333333333334,0.8917748917748918,0.8861480075901328,0.7732054383133128,0.9042809042809044,0.9163657949518604,0.0,0.0,221,111,12,268.72944831848145,8.86845588684082,tic-tac-toe,40
metacog,0.65625,0.6154401154401155,0.6162325863113265,0.2326210525996177,0.6875901875901876,0.7771013708513709,0.3215890527236948,0.9642390521868854,5,3,3,698.2886791229248,3.638267517089844,tic-tac-toe,40
classic,0.875,0.8542568542568543,0.859375,0.7196775858766528,0.8617123617123617,0.8848410518053376,0.0,0.0,211,106,12,272.08399772644043,9.368896484375,tic-tac-toe,41
metacog,0.65625,0.5,0.3962264150943396,0.0,0.5800865800865801,0.6966269841269841,0.3791089198302029,0.8805880857391156,3,2,2,433.8235855102539,3.255605697631836,tic-tac-toe,41
classic,0.8645833333333334,0.8463203463203464,0.8488188976377953,0.6978631577988531,0.8463203463203463,0.8685475273402572,0.0,0.0,205,103,12,268.39470863342285,10.551691055297852,tic-tac-toe,42
metacog,0.65625,0.5,0.3962264150943396,0.0,0.6414141414141414,0.7335858585858586,0.3913178415806409,0.92404054377499,3,2,2,443.18366050720215,5.003690719604492,tic-tac-toe,42
classic,0.8541666666666666,0.8311688311688312,0.8359375,0.6727739550252212,0.8309283309283308,0.8571230601121905,0.0,0.0,209,105,12,256.93821907043457,7.66444206237793,tic-tac-toe,43
metacog,0.65625,0.5,0.3962264150943396,0.0,0.6810966810966811,0.757885892452219,0.4230002472753698,1.0,3,2,2,379.9893856048584,2.3658275604248047,tic-tac-toe,43
classic,0.90625,0.8708513708513708,0.8898942270931566,0.7927229563678239,0.8838383838383839,0.8930563892223556,0.0,0.0,195,98,12,244.38714981079104,7.349014282226562,tic-tac-toe,44
metacog,0.6458333333333334,0.6075036075036075,0.6075036075036075,0.215007215007215,0.6452621452621452,0.7410692239858907,0.3516396622697754,0.987298677027274,5,3,3,534.9667072296143,2.344846725463867,tic-tac-toe,44
classic,0.8125,0.7994227994227994,0.7950664136622392,0.5909396996317215,0.8475228475228475,0.8738946317336148,0.0,0.0,205,103,11,276.76939964294434,6.926298141479492,tic-tac-toe,45
metacog,0.65625,0.5,0.3962264150943396,0.0,0.5808080808080809,0.6967592592592593,0.4408287555071077,0.9154581866681684,3,2,2,380.1536560058594,4.554271697998047,tic-tac-toe,45
classic,0.8645833333333334,0.8486717267552182,0.8509850746268657,0.7021902368623143,0.8541271347248577,0.8692621621456349,0.0,0.0,239,120,12,290.9555435180664,7.95435905456543,tic-tac-toe,46
metacog,0.6458333333333334,0.5,0.3924050632911392,0.0,0.6888045540796963,0.7563113604488079,0.4031134975487144,0.9253706383891565,3,2,2,354.22468185424805,3.754854202270508,tic-tac-toe,46
classic,0.8645833333333334,0.8486717267552182,0.8509850746268657,0.7021902368623143,0.8586337760910816,0.87108466259167,0.0,0.0,225,113,12,267.5647735595703,7.236480712890625,tic-tac-toe,47
metacog,0.6458333333333334,0.5,0.3924050632911392,0.0,0.6859582542694497,0.7577956989247312,0.4406440656552641,0.9679535312812866,3,2,2,353.5580635070801,2.197265625,tic-tac-toe,47
classic,0.8105263157894737,0.7768817204301075,0.7845262096774194,0.5725403886200184,0.8110948191593352,0.8347316942512346,0.0,0.0,211,106,12,241.9278621673584,7.491827011108398,tic-tac-toe,48
metacog,0.6526315789473685,0.5,0.3949044585987261,0.0,0.6771749755620723,0.7538388983210715,0.3941464752021666,0.9575829055139288,3,2,2,354.74252700805664,2.401590347290039,tic-tac-toe,48
classic,0.8736842105263158,0.8677908113391984,0.8625843780135005,0.7260625521166785,0.8729227761485826,0.899370157875222,0.0,0.0,213,107,11,252.26569175720212,7.961273193359375,tic-tac-toe,49
metacog,0.6526315789473685,0.5,0.3949044585987261,0.0,0.6700879765395895,0.7481703572589675,0.4476630006825131,0.9651893702899872,3,2,2,322.7977752685547,2.2056102752685547,tic-tac-toe,49
