mode,accuracy,balanced_accuracy,f1_macro,mcc,roc_auc,pr_auc,avg_ns,avg_ts,nodes,leaves,depth,train_ms,infer_ms,dataset,fold,theta_accept,theta_reject,gamma
classic,1.0,1.0,1.0,1.0,1.0,,0.0,0.0,17,9,7,24.89328384399414,0.9610652923583984,iris,0,,,
classic,0.9333333333333333,0.9333333333333332,0.9326599326599326,0.9060606745389328,1.0,,0.0,0.0,13,7,6,21.403074264526367,0.5700588226318359,iris,1,,,
classic,1.0,1.0,1.0,1.0,1.0,,0.0,0.0,13,7,6,20.34616470336914,0.545501708984375,iris,2,,,
classic,0.9333333333333333,0.9333333333333332,0.9326599326599326,0.9060606745389328,0.9500000000000001,,0.0,0.0,15,8,7,18.274784088134766,0.5042552947998047,iris,3,,,
classic,0.8666666666666667,0.8666666666666667,0.8666666666666667,0.8,0.9433333333333334,,0.0,0.0,11,6,6,17.78101921081543,0.4954338073730469,iris,4,,,
classic,1.0,1.0,1.0,1.0,1.0,,0.0,0.0,13,7,4,156.16106986999512,0.5977153778076172,wine,0,,,
classic,0.9444444444444444,0.9523809523809524,0.9440559440559441,0.9209401941068135,0.9633699633699634,,0.0,0.0,15,8,5,187.73245811462402,0.6153583526611328,wine,1,,,
classic,0.8888888888888888,0.8857142857142858,0.8897028897028897,0.8349428160107797,0.9138167388167387,,0.0,0.0,9,5,4,117.8581714630127,0.621795654296875,wine,2,,,
classic,1.0,1.0,1.0,1.0,1.0,,0.0,0.0,13,7,5,165.15493392944336,0.5831718444824219,wine,3,,,
classic,0.8888888888888888,0.9047619047619048,0.8885003885003885,0.8457943925233645,0.9256715506715506,,0.0,0.0,11,6,4,130.56468963623047,0.5645751953125,wine,4,,,
classic,0.8947368421052632,0.8974025974025974,0.8906649616368286,0.7836884907482609,0.8974025974025973,0.9022100706311232,0.0,0.0,47,24,14,4793.734788894653,2.727031707763672,breast_cancer,0,,,
classic,0.9473684210526315,0.9487012987012987,0.9449275362318841,0.8904905361044291,0.948051948051948,0.949398898315307,0.0,0.0,51,26,16,5239.60018157959,2.2416114807128906,breast_cancer,1,,,
classic,0.9298245614035088,0.9345238095238095,0.9259740259740259,0.8544784126535336,0.9477513227513227,0.9517777286353137,0.0,0.0,53,27,20,6891.101598739624,4.018068313598633,breast_cancer,2,,,
classic,0.8771929824561403,0.8630952380952381,0.8666889408620113,0.7339992004456315,0.8756613756613758,0.8839909835830991,0.0,0.0,35,18,13,3795.7394123077393,2.460479736328125,breast_cancer,3,,,
classic,0.9122807017543859,0.9206349206349206,0.9082125603864735,0.8219277191853159,0.9206349206349206,0.9321283005493531,0.0,0.0,45,23,13,4400.798320770264,2.219676971435547,breast_cancer,4,,,
classic,0.795,0.7525409373235461,0.7319473047628386,0.47086413635159574,0.8414737436476567,0.4924009444988945,0.0,0.0,277,139,21,1498.091220855713,11.842012405395508,adult,0,,,
classic,0.77,0.7363071710897797,0.7082699137493658,0.4300419130036369,0.7783738001129306,0.4566276592552585,0.0,0.0,237,119,21,1428.5054206848145,10.865926742553711,adult,1,,,
classic,0.795,0.6153303218520609,0.6324682891847071,0.3166479006827506,0.7885375494071146,0.45975840016344677,0.0,0.0,235,118,21,1406.5165519714355,10.437965393066406,adult,2,,,
classic,0.77,0.5762281197063805,0.5826528760660498,0.21386180543479086,0.7551524562394127,0.4115283006690618,0.0,0.0,245,123,21,1465.177059173584,9.646177291870117,adult,3,,,
classic,0.805,0.7285431959345003,0.7268046653357151,0.4536729900227803,0.7643280632411067,0.47769363384071994,0.0,0.0,229,115,21,1443.1018829345703,11.604547500610352,adult,4,,,
metacog,0.6666666666666666,0.6666666666666666,0.5555555555555555,0.6123724356957945,0.8333333333333334,,0.5087148216635994,0.9931689782126119,3,2,2,459.0108394622803,0.48160552978515625,iris,0,0.15,0.01,0.0
metacog,0.6666666666666666,0.6666666666666666,0.5555555555555555,0.6123724356957945,0.8333333333333334,,0.5053783704402405,0.9846235543341044,3,2,2,472.84889221191406,0.7784366607666016,iris,1,0.15,0.01,0.0
metacog,0.6666666666666666,0.6666666666666666,0.5555555555555555,0.6123724356957945,0.8333333333333334,,0.5003001606412475,0.9925327311980254,3,2,2,461.6894721984863,0.8015632629394531,iris,2,0.15,0.01,0.0
metacog,0.6666666666666666,0.6666666666666666,0.5555555555555555,0.6123724356957945,0.8333333333333334,,0.5053783704402405,0.9923855873540359,3,2,2,486.5720272064209,0.4570484161376953,iris,3,0.15,0.01,0.0
metacog,0.8666666666666667,0.8666666666666667,0.8666666666666667,0.8,0.9166666666666666,,0.28577510171176046,0.9820945677620531,9,5,5,915.6668186187744,0.5083084106445312,iris,4,0.15,0.01,0.0
metacog,1.0,1.0,1.0,1.0,1.0,,0.2877135249346605,0.9622918623199627,9,5,4,6774.591445922852,0.7309913635253906,wine,0,0.15,0.01,0.0
metacog,0.9444444444444444,0.9523809523809524,0.9440559440559441,0.9209401941068135,0.9810855810855811,,0.09676720274524803,0.992956148927088,9,5,5,7614.493370056152,1.1937618255615234,wine,1,0.15,0.01,0.0
metacog,0.6111111111111112,0.6,0.5185185185185185,0.5167423893288018,0.7494949494949495,,0.3774030947679678,0.9761711209664234,5,3,3,4321.928977966309,1.0368824005126953,wine,2,0.15,0.01,0.0
metacog,0.9444444444444444,0.9523809523809524,0.9487179487179488,0.9205607476635514,0.9731240981240982,,0.25335208604515086,0.990451244453784,11,6,5,7456.062316894531,0.6229877471923828,wine,3,0.15,0.01,0.0
metacog,0.8888888888888888,0.9047619047619048,0.8885003885003885,0.8457943925233645,0.9256715506715508,,0.24828160209775718,0.9703026118717079,9,5,4,5967.1430587768555,0.5867481231689453,wine,4,0.15,0.01,0.0
metacog,0.9473684210526315,0.9487012987012987,0.9449275362318841,0.8904905361044291,0.9512987012987013,0.9514896867838044,0.21358133163914025,0.9888872175996579,5,3,3,59161.09561920166,1.5985965728759766,breast_cancer,0,0.15,0.01,0.0
metacog,0.9649122807017544,0.9545454545454546,0.9623015873015872,0.9273353546322172,0.9318181818181818,0.9459459459459459,0.2977781401192274,0.9858737888548949,7,4,3,59035.02583503723,1.5311241149902344,breast_cancer,1,0.15,0.01,0.0
metacog,0.9298245614035088,0.9146825396825397,0.922972972972973,0.8486684247915055,0.9034391534391535,0.9130116959064327,0.2798662637828419,0.9830167275941617,5,3,3,59434.794902801514,3.109455108642578,breast_cancer,2,0.15,0.01,0.0
metacog,0.8947368421052632,0.876984126984127,0.8844594594594595,0.7715167498104596,0.8802910052910053,0.8822099765082221,0.21762724938439484,0.9801708000469725,13,7,6,102655.41982650757,1.821756362915039,breast_cancer,3,0.15,0.01,0.0
metacog,0.9298245614035088,0.9047619047619048,0.9210526315789473,0.8535639569308375,0.9047619047619048,0.9,0.3303387131174819,0.959075996239208,5,3,3,62742.682456970215,3.0150413513183594,breast_cancer,4,0.15,0.01,0.0
metacog,0.805,0.5760869565217391,0.5758795062802458,0.34845909958918564,0.8526962168266516,0.5659558744201101,0.20325470725985334,0.8251385401844719,17,9,8,22228.615760803223,7.377862930297852,adult,0,0.15,0.01,0.0
metacog,0.805,0.5913325804630153,0.6010434248887525,0.3371846188159856,0.7637634105025409,0.46100790513833995,0.44062217910693524,0.8797266491742846,7,4,4,13606.504678726196,5.506277084350586,adult,1,0.15,0.01,0.0
metacog,0.8,0.5652173913043478,0.5579133510167993,0.32177789389368455,0.7643280632411067,0.48775257298886787,0.23414150369523062,0.8540920656312319,13,7,5,14892.73977279663,5.388498306274414,adult,2,0.15,0.01,0.0
metacog,0.805,0.5760869565217391,0.5758795062802458,0.34845909958918564,0.8018068887634104,0.5049458908782878,0.2326180300127681,0.8406603383318082,19,10,8,17142.207860946655,5.645751953125,adult,3,0.15,0.01,0.0
metacog,0.79,0.5511010728402033,0.5358090185676393,0.2521289991115018,0.8025832862789386,0.5020017468283223,0.18768643195424034,0.8625809138503989,17,9,8,17551.233768463135,5.815267562866211,adult,4,0.15,0.01,0.0
metacog,0.3333333333333333,0.3333333333333333,0.16666666666666666,0.0,0.5,,1.0,0.9973710865078222,1,1,1,274.2793560028076,0.3921985626220703,iris,0,0.15,0.01,0.1
metacog,0.3333333333333333,0.3333333333333333,0.16666666666666666,0.0,0.5,,1.0,0.9970757773947009,1,1,1,289.8895740509033,0.39267539978027344,iris,1,0.15,0.01,0.1
metacog,0.3333333333333333,0.3333333333333333,0.16666666666666666,0.0,0.5,,1.0,0.9977269338811082,1,1,1,291.35823249816895,0.7481575012207031,iris,2,0.15,0.01,0.1
metacog,0.3333333333333333,0.3333333333333333,0.16666666666666666,0.0,0.5,,1.0,0.9961780853484691,1,1,1,270.09010314941406,0.6747245788574219,iris,3,0.15,0.01,0.1
metacog,0.3333333333333333,0.3333333333333333,0.16666666666666666,0.0,0.5,,0.8413882683090157,0.9971051500737994,1,1,1,282.2091579437256,0.3662109375,iris,4,0.15,0.01,0.1
metacog,1.0,1.0,1.0,1.0,1.0,,0.2850215115593363,0.9703851012969208,7,4,3,6690.041780471802,1.1453628540039062,wine,0,0.15,0.01,0.1
metacog,0.9444444444444444,0.9523809523809524,0.9440559440559441,0.9209401941068135,0.9810855810855811,,0.09676720274524803,0.992956148927088,9,5,5,7488.26789855957,0.5872249603271484,wine,1,0.15,0.01,0.1
metacog,0.6111111111111112,0.6,0.5185185185185185,0.5167423893288018,0.7494949494949495,,0.3774030947679678,0.9761711209664234,5,3,3,4400.4881381988525,1.0528564453125,wine,2,0.15,0.01,0.1
metacog,0.6666666666666666,0.6666666666666666,0.5666666666666667,0.5995445191824106,0.8387445887445887,,0.28708262043670824,0.9870125191045439,5,3,3,4387.428998947144,0.5202293395996094,wine,3,0.15,0.01,0.1
metacog,0.8888888888888888,0.9047619047619048,0.8885003885003885,0.8457943925233645,0.9235070485070486,,0.24828160209775718,0.9703026118717079,7,4,3,5808.273077011108,0.5877017974853516,wine,4,0.15,0.01,0.1
metacog,0.9473684210526315,0.9487012987012987,0.9449275362318841,0.8904905361044291,0.9512987012987013,0.9514896867838044,0.2128605955282232,0.9904241124341877,5,3,3,59029.46376800537,1.5707015991210938,breast_cancer,0,0.15,0.01,0.1
metacog,0.9649122807017544,0.9545454545454546,0.9623015873015872,0.9273353546322172,0.9318181818181818,0.9459459459459459,0.2972640601417964,0.9858737888548949,7,4,3,59366.42336845398,2.042531967163086,breast_cancer,1,0.15,0.01,0.1
metacog,0.9298245614035088,0.9146825396825397,0.922972972972973,0.8486684247915055,0.9034391534391535,0.9130116959064327,0.2784189762127132,0.9902492992693803,5,3,3,59086.80534362793,1.522064208984375,breast_cancer,2,0.15,0.01,0.1
metacog,0.8421052631578947,0.7956349206349207,0.8144665461121157,0.662595343916706,0.7982804232804233,0.8102115937789479,0.4125268785528514,0.9654808723040684,5,3,3,58406.14342689514,3.6711692810058594,breast_cancer,3,0.15,0.01,0.1
metacog,0.9298245614035088,0.9047619047619048,0.9210526315789473,0.8535639569308375,0.9047619047619048,0.9,0.32420614859132296,0.9799090550488756,5,3,3,59834.21301841736,1.718759536743164,breast_cancer,4,0.15,0.01,0.1
metacog,0.805,0.5760869565217391,0.5758795062802458,0.34845909958918564,0.8526962168266516,0.5659558744201101,0.2081333134198335,0.7837180233418739,19,10,9,24615.126848220825,7.31205940246582,adult,0,0.15,0.01,0.1
metacog,0.805,0.5913325804630153,0.6010434248887525,0.3371846188159856,0.7637634105025409,0.46100790513833995,0.4402523890379214,0.8766580354991211,7,4,4,15059.499740600586,9.286642074584961,adult,1,0.15,0.01,0.1
metacog,0.8,0.5652173913043478,0.5579133510167993,0.32177789389368455,0.7643280632411067,0.48775257298886787,0.23414150369523062,0.8540920656312319,13,7,5,19234.35616493225,10.953903198242188,adult,2,0.15,0.01,0.1
metacog,0.805,0.5760869565217391,0.5758795062802458,0.34845909958918564,0.7727978543195934,0.4844409937888199,0.2684270624371677,0.8229594286826631,7,4,4,15562.64042854309,5.352258682250977,adult,3,0.15,0.01,0.1
metacog,0.79,0.5511010728402033,0.5358090185676393,0.2521289991115018,0.8025832862789386,0.5020017468283223,0.20474645038841588,0.8460408415500065,19,10,9,20753.074169158936,6.962060928344727,adult,4,0.15,0.01,0.1
metacog,0.3333333333333333,0.3333333333333333,0.16666666666666666,0.0,0.5,,1.0,0.9973710865078222,1,1,1,257.3120594024658,0.38170814514160156,iris,0,0.15,0.01,0.15
metacog,0.3333333333333333,0.3333333333333333,0.16666666666666666,0.0,0.5,,1.0,0.9970757773947009,1,1,1,261.8086338043213,0.8695125579833984,iris,1,0.15,0.01,0.15
metacog,0.3333333333333333,0.3333333333333333,0.16666666666666666,0.0,0.5,,1.0,0.9977269338811082,1,1,1,260.9555721282959,0.38909912109375,iris,2,0.15,0.01,0.15
metacog,0.3333333333333333,0.3333333333333333,0.16666666666666666,0.0,0.5,,1.0,0.9961780853484691,1,1,1,264.74618911743164,0.7164478302001953,iris,3,0.15,0.01,0.15
metacog,0.3333333333333333,0.3333333333333333,0.16666666666666666,0.0,0.5,,0.8413882683090157,0.9971051500737994,1,1,1,281.0559272766113,0.3788471221923828,iris,4,0.15,0.01,0.15
metacog,1.0,1.0,1.0,1.0,1.0,,0.2850215115593363,0.9703851012969208,7,4,3,6476.258277893066,1.127004623413086,wine,0,0.15,0.01,0.15
metacog,0.9444444444444444,0.9523809523809524,0.9440559440559441,0.9209401941068135,0.9810855810855811,,0.09676720274524803,0.992956148927088,9,5,5,7602.561235427856,0.6077289581298828,wine,1,0.15,0.01,0.15
metacog,0.6111111111111112,0.6,0.5185185185185185,0.5167423893288018,0.7494949494949495,,0.3774030947679678,0.9761711209664234,5,3,3,4440.05274772644,0.5657672882080078,wine,2,0.15,0.01,0.15
metacog,0.6666666666666666,0.6666666666666666,0.5666666666666667,0.5995445191824106,0.8387445887445887,,0.28708262043670824,0.9870125191045439,5,3,3,4379.69446182251,0.5156993865966797,wine,3,0.15,0.01,0.15
metacog,0.8888888888888888,0.9047619047619048,0.8885003885003885,0.8457943925233645,0.9235070485070486,,0.24828160209775718,0.9703026118717079,7,4,3,5914.51358795166,0.5671977996826172,wine,4,0.15,0.01,0.15
metacog,0.9473684210526315,0.9487012987012987,0.9449275362318841,0.8904905361044291,0.9512987012987013,0.9514896867838044,0.2128605955282232,0.9904241124341877,5,3,3,58835.243463516235,2.4003982543945312,breast_cancer,0,0.15,0.01,0.15
metacog,0.9649122807017544,0.9545454545454546,0.9623015873015872,0.9273353546322172,0.9318181818181818,0.9459459459459459,0.2972640601417964,0.9858737888548949,7,4,3,59126.222133636475,2.999544143676758,breast_cancer,1,0.15,0.01,0.15
metacog,0.9298245614035088,0.9146825396825397,0.922972972972973,0.8486684247915055,0.9034391534391535,0.9130116959064327,0.2784189762127132,0.9902492992693803,5,3,3,58736.72819137573,1.5621185302734375,breast_cancer,2,0.15,0.01,0.15
metacog,0.8421052631578947,0.7956349206349207,0.8144665461121157,0.662595343916706,0.7982804232804233,0.8102115937789479,0.4125268785528514,0.9654808723040684,5,3,3,58223.51932525635,3.2172203063964844,breast_cancer,3,0.15,0.01,0.15
metacog,0.9298245614035088,0.9047619047619048,0.9210526315789473,0.8535639569308375,0.9047619047619048,0.9,0.32420614859132296,0.9799090550488756,5,3,3,59250.82087516785,1.506805419921875,breast_cancer,4,0.15,0.01,0.15
metacog,0.805,0.5760869565217391,0.5758795062802458,0.34845909958918564,0.8526962168266516,0.5659558744201101,0.2081333134198335,0.7837180233418739,19,10,9,24545.68576812744,8.439302444458008,adult,0,0.15,0.01,0.15
metacog,0.805,0.5913325804630153,0.6010434248887525,0.3371846188159856,0.7637634105025409,0.46100790513833995,0.4402523890379214,0.8766580354991211,7,4,4,15090.301990509033,6.196737289428711,adult,1,0.15,0.01,0.15
metacog,0.8,0.5652173913043478,0.5579133510167993,0.32177789389368455,0.7643280632411067,0.48775257298886787,0.23414150369523062,0.8540920656312319,13,7,5,19143.31316947937,6.389379501342773,adult,2,0.15,0.01,0.15
metacog,0.805,0.5760869565217391,0.5758795062802458,0.34845909958918564,0.7727978543195934,0.4844409937888199,0.2684270624371677,0.8229594286826631,7,4,4,15466.3827419281,5.65791130065918,adult,3,0.15,0.01,0.15
metacog,0.795,0.5543478260869565,0.5392999606719479,0.29298753307495307,0.8045595708639187,0.49675191815856773,0.29144482238658037,0.9737562562239062,5,3,3,10649.389743804932,4.812479019165039,adult,4,0.15,0.01,0.15
metacog,0.3333333333333333,0.3333333333333333,0.16666666666666666,0.0,0.5,,1.0,0.9973710865078222,1,1,1,263.80276679992676,0.4024505615234375,iris,0,0.15,0.01,0.2
metacog,0.3333333333333333,0.3333333333333333,0.16666666666666666,0.0,0.5,,1.0,0.9970757773947009,1,1,1,307.79051780700684,0.35953521728515625,iris,1,0.15,0.01,0.2
metacog,0.3333333333333333,0.3333333333333333,0.16666666666666666,0.0,0.5,,1.0,0.9977269338811082,1,1,1,279.5391082763672,0.3495216369628906,iris,2,0.15,0.01,0.2
metacog,0.3333333333333333,0.3333333333333333,0.16666666666666666,0.0,0.5,,1.0,0.9961780853484691,1,1,1,271.0280418395996,0.35119056701660156,iris,3,0.15,0.01,0.2
metacog,0.3333333333333333,0.3333333333333333,0.16666666666666666,0.0,0.5,,0.8413882683090157,0.9971051500737994,1,1,1,254.1675567626953,0.35572052001953125,iris,4,0.15,0.01,0.2
metacog,1.0,1.0,1.0,1.0,1.0,,0.2850215115593363,0.9703851012969208,7,4,3,6666.793346405029,0.5855560302734375,wine,0,0.15,0.01,0.2
metacog,0.9444444444444444,0.9523809523809524,0.9440559440559441,0.9209401941068135,0.9810855810855811,,0.09676720274524803,0.992956148927088,9,5,5,7635.733604431152,1.0197162628173828,wine,1,0.15,0.01,0.2
metacog,0.6111111111111112,0.6,0.5185185185185185,0.5167423893288018,0.7494949494949495,,0.3774030947679678,0.9761711209664234,5,3,3,4508.626937866211,0.5109310150146484,wine,2,0.15,0.01,0.2
metacog,0.6666666666666666,0.6666666666666666,0.5666666666666667,0.5995445191824106,0.8387445887445887,,0.28708262043670824,0.9870125191045439,5,3,3,4544.778823852539,0.4985332489013672,wine,3,0.15,0.01,0.2
metacog,0.8888888888888888,0.9047619047619048,0.8885003885003885,0.8457943925233645,0.9235070485070486,,0.24828160209775718,0.9703026118717079,7,4,3,5998.750686645508,1.1153221130371094,wine,4,0.15,0.01,0.2
metacog,0.9473684210526315,0.9487012987012987,0.9449275362318841,0.8904905361044291,0.9512987012987013,0.9514896867838044,0.2128605955282232,0.9904241124341877,5,3,3,60225.2562046051,1.5404224395751953,breast_cancer,0,0.15,0.01,0.2
metacog,0.9649122807017544,0.9545454545454546,0.9623015873015872,0.9273353546322172,0.9318181818181818,0.9459459459459459,0.2972640601417964,0.9858737888548949,7,4,3,60372.72572517395,3.357410430908203,breast_cancer,1,0.15,0.01,0.2
metacog,0.9298245614035088,0.9146825396825397,0.922972972972973,0.8486684247915055,0.9034391534391535,0.9130116959064327,0.2784189762127132,0.9902492992693803,5,3,3,60480.517864227295,1.4710426330566406,breast_cancer,2,0.15,0.01,0.2
metacog,0.8421052631578947,0.7956349206349207,0.8144665461121157,0.662595343916706,0.7982804232804233,0.8102115937789479,0.4125268785528514,0.9654808723040684,5,3,3,59365.556478500366,3.2303333282470703,breast_cancer,3,0.15,0.01,0.2
metacog,0.9298245614035088,0.9047619047619048,0.9210526315789473,0.8535639569308375,0.9047619047619048,0.9,0.32420614859132296,0.9799090550488756,5,3,3,60481.098651885986,1.76239013671875,breast_cancer,4,0.15,0.01,0.2
metacog,0.805,0.5760869565217391,0.5758795062802458,0.34845909958918564,0.8530491247882552,0.5659558744201101,0.27640418328551447,0.7779513614860638,11,6,5,18528.968811035156,7.539510726928711,adult,0,0.15,0.01,0.2
metacog,0.805,0.5913325804630153,0.6010434248887525,0.3371846188159856,0.7637634105025409,0.46100790513833995,0.4402523890379214,0.8766580354991211,7,4,4,15669.638872146606,6.3457489013671875,adult,1,0.15,0.01,0.2
metacog,0.8,0.5652173913043478,0.5579133510167993,0.32177789389368455,0.7644692264257482,0.47446754883427855,0.2522914703619224,0.9079405356615389,11,6,5,18280.898332595825,6.323575973510742,adult,2,0.15,0.01,0.2
metacog,0.805,0.5760869565217391,0.5758795062802458,0.34845909958918564,0.7727978543195934,0.4844409937888199,0.2684270624371677,0.8229594286826631,7,4,4,15648.204565048218,9.810209274291992,adult,3,0.15,0.01,0.2
metacog,0.795,0.5543478260869565,0.5392999606719479,0.29298753307495307,0.8045595708639187,0.49675191815856773,0.29144482238658037,0.9737562562239062,5,3,3,10580.246210098267,5.057811737060547,adult,4,0.15,0.01,0.2
metacog,0.3333333333333333,0.3333333333333333,0.16666666666666666,0.0,0.5,,1.0,0.9973710865078222,1,1,1,240.30494689941406,0.36835670471191406,iris,0,0.15,0.01,0.3
metacog,0.3333333333333333,0.3333333333333333,0.16666666666666666,0.0,0.5,,1.0,0.9970757773947009,1,1,1,255.1429271697998,0.3604888916015625,iris,1,0.15,0.01,0.3
metacog,0.3333333333333333,0.3333333333333333,0.16666666666666666,0.0,0.5,,1.0,0.9977269338811082,1,1,1,246.46472930908203,0.6895065307617188,iris,2,0.15,0.01,0.3
metacog,0.3333333333333333,0.3333333333333333,0.16666666666666666,0.0,0.5,,1.0,0.9961780853484691,1,1,1,273.2415199279785,0.5345344543457031,iris,3,0.15,0.01,0.3
metacog,0.3333333333333333,0.3333333333333333,0.16666666666666666,0.0,0.5,,0.8413882683090157,0.9971051500737994,1,1,1,260.1797580718994,0.35190582275390625,iris,4,0.15,0.01,0.3
metacog,1.0,1.0,1.0,1.0,1.0,,0.2850215115593363,0.9703851012969208,7,4,3,5877.777576446533,0.5769729614257812,wine,0,0.15,0.01,0.3
metacog,0.9444444444444444,0.9523809523809524,0.9440559440559441,0.9209401941068135,0.9810855810855811,,0.09676720274524803,0.992956148927088,9,5,5,6894.478559494019,0.5979537963867188,wine,1,0.15,0.01,0.3
metacog,0.6111111111111112,0.6,0.5185185185185185,0.5167423893288018,0.7494949494949495,,0.3774030947679678,0.9761711209664234,5,3,3,3919.6271896362305,0.5300045013427734,wine,2,0.15,0.01,0.3
metacog,0.6666666666666666,0.6666666666666666,0.5666666666666667,0.5995445191824106,0.8387445887445887,,0.28708262043670824,0.9870125191045439,5,3,3,3926.942825317383,0.5450248718261719,wine,3,0.15,0.01,0.3
metacog,0.8888888888888888,0.9047619047619048,0.8885003885003885,0.8457943925233645,0.9235070485070486,,0.24828160209775718,0.9703026118717079,7,4,3,5334.611892700195,0.5619525909423828,wine,4,0.15,0.01,0.3
metacog,0.9473684210526315,0.9487012987012987,0.9449275362318841,0.8904905361044291,0.9512987012987013,0.9514896867838044,0.2128605955282232,0.9904241124341877,5,3,3,53020.289182662964,2.58636474609375,breast_cancer,0,0.15,0.01,0.3
metacog,0.9649122807017544,0.9545454545454546,0.9623015873015872,0.9273353546322172,0.9318181818181818,0.9459459459459459,0.2972640601417964,0.9858737888548949,7,4,3,53129.3203830719,1.5904903411865234,breast_cancer,1,0.15,0.01,0.3
metacog,0.9298245614035088,0.9146825396825397,0.922972972972973,0.8486684247915055,0.9034391534391535,0.9130116959064327,0.2784189762127132,0.9902492992693803,5,3,3,52377.551555633545,1.6603469848632812,breast_cancer,2,0.15,0.01,0.3
metacog,0.8421052631578947,0.7956349206349207,0.8144665461121157,0.662595343916706,0.7982804232804233,0.8102115937789479,0.4125268785528514,0.9654808723040684,5,3,3,52030.86066246033,1.5828609466552734,breast_cancer,3,0.15,0.01,0.3
metacog,0.9298245614035088,0.9047619047619048,0.9210526315789473,0.8535639569308375,0.9047619047619048,0.9,0.32420614859132296,0.9799090550488756,5,3,3,52743.9341545105,1.508474349975586,breast_cancer,4,0.15,0.01,0.3
metacog,0.805,0.5760869565217391,0.5758795062802458,0.34845909958918564,0.8462732919254659,0.5539805097451275,0.35224414805819054,0.8131964404977765,7,4,4,12265.905618667603,5.206108093261719,adult,0,0.15,0.01,0.3
metacog,0.805,0.5913325804630153,0.6010434248887525,0.3371846188159856,0.7637634105025409,0.46100790513833995,0.4402523890379214,0.8766580354991211,7,4,4,14675.14681816101,9.325504302978516,adult,1,0.15,0.01,0.3
metacog,0.8,0.5652173913043478,0.5579133510167993,0.32177789389368455,0.7644692264257482,0.47446754883427855,0.2522914703619224,0.9079405356615389,11,6,5,16199.899911880493,10.569572448730469,adult,2,0.15,0.01,0.3
metacog,0.805,0.5760869565217391,0.5758795062802458,0.34845909958918564,0.5760869565217391,0.3471739130434783,0.5289958634037956,0.9989156713474379,3,2,2,7375.763893127441,4.8122406005859375,adult,3,0.15,0.01,0.3
metacog,0.795,0.5543478260869565,0.5392999606719479,0.29298753307495307,0.5543478260869565,0.31369565217391304,0.5123123594125598,1.0,3,2,2,6882.046699523926,5.028724670410156,adult,4,0.15,0.01,0.3
metacog,0.3333333333333333,0.3333333333333333,0.16666666666666666,0.0,0.5,,1.0,0.9973710865078222,1,1,1,247.79510498046875,0.36406517028808594,iris,0,0.15,0.01,0.4
metacog,0.3333333333333333,0.3333333333333333,0.16666666666666666,0.0,0.5,,1.0,0.9970757773947009,1,1,1,257.29990005493164,0.38242340087890625,iris,1,0.15,0.01,0.4
metacog,0.3333333333333333,0.3333333333333333,0.16666666666666666,0.0,0.5,,1.0,0.9977269338811082,1,1,1,247.1904754638672,0.37550926208496094,iris,2,0.15,0.01,0.4
metacog,0.3333333333333333,0.3333333333333333,0.16666666666666666,0.0,0.5,,1.0,0.9961780853484691,1,1,1,271.00181579589844,0.3662109375,iris,3,0.15,0.01,0.4
metacog,0.3333333333333333,0.3333333333333333,0.16666666666666666,0.0,0.5,,0.8413882683090157,0.9971051500737994,1,1,1,271.96311950683594,0.3521442413330078,iris,4,0.15,0.01,0.4
metacog,1.0,1.0,1.0,1.0,1.0,,0.2850215115593363,0.9703851012969208,7,4,3,6081.742763519287,0.5764961242675781,wine,0,0.15,0.01,0.4
metacog,0.9444444444444444,0.9523809523809524,0.9440559440559441,0.9209401941068135,0.9810855810855811,,0.09676720274524803,0.992956148927088,7,4,4,7079.267501831055,1.0042190551757812,wine,1,0.15,0.01,0.4
metacog,0.6111111111111112,0.6,0.5185185185185185,0.5167423893288018,0.7494949494949495,,0.3774030947679678,0.9761711209664234,5,3,3,3982.1057319641113,0.7371902465820312,wine,2,0.15,0.01,0.4
metacog,0.6666666666666666,0.6666666666666666,0.5666666666666667,0.5995445191824106,0.8387445887445887,,0.28708262043670824,0.9870125191045439,5,3,3,3995.553731918335,1.1816024780273438,wine,3,0.15,0.01,0.4
metacog,0.3888888888888889,0.3333333333333333,0.18666666666666668,0.0,0.5,,0.06047926749204607,0.8796421389376234,1,1,1,1925.7049560546875,0.5877017974853516,wine,4,0.15,0.01,0.4
metacog,0.9473684210526315,0.9487012987012987,0.9449275362318841,0.8904905361044291,0.9512987012987013,0.9514896867838044,0.2128605955282232,0.9904241124341877,5,3,3,54081.249475479126,1.5170574188232422,breast_cancer,0,0.15,0.01,0.4
metacog,0.9649122807017544,0.9545454545454546,0.9623015873015872,0.9273353546322172,0.9318181818181818,0.9459459459459459,0.2972640601417964,0.9858737888548949,7,4,3,54078.43852043152,1.5859603881835938,breast_cancer,1,0.15,0.01,0.4
metacog,0.9298245614035088,0.9146825396825397,0.922972972972973,0.8486684247915055,0.9034391534391535,0.9130116959064327,0.2784189762127132,0.9902492992693803,5,3,3,53628.196239471436,1.4889240264892578,breast_cancer,2,0.15,0.01,0.4
metacog,0.8421052631578947,0.7956349206349207,0.8144665461121157,0.662595343916706,0.7982804232804233,0.8102115937789479,0.4125268785528514,0.9654808723040684,5,3,3,53011.92545890808,1.543283462524414,breast_cancer,3,0.15,0.01,0.4
metacog,0.9298245614035088,0.9047619047619048,0.9210526315789473,0.8535639569308375,0.9047619047619048,0.9,0.32420614859132296,0.9799090550488756,5,3,3,54031.63504600525,1.4979839324951172,breast_cancer,4,0.15,0.01,0.4
metacog,0.805,0.5760869565217391,0.5758795062802458,0.34845909958918564,0.8462732919254659,0.5539805097451275,0.35224414805819054,0.8131964404977765,7,4,4,12386.38949394226,10.815620422363281,adult,0,0.15,0.01,0.4
metacog,0.805,0.5913325804630153,0.6010434248887525,0.3371846188159856,0.7637634105025409,0.46100790513833995,0.4402523890379214,0.8766580354991211,7,4,4,14744.457483291626,6.348133087158203,adult,1,0.15,0.01,0.4
metacog,0.8,0.5652173913043478,0.5579133510167993,0.32177789389368455,0.7644692264257482,0.47446754883427855,0.2522914703619224,0.9079405356615389,11,6,5,16998.862743377686,5.421161651611328,adult,2,0.15,0.01,0.4
metacog,0.805,0.5760869565217391,0.5758795062802458,0.34845909958918564,0.5760869565217391,0.3471739130434783,0.5289958634037956,0.9989156713474379,3,2,2,7153.144359588623,4.608154296875,adult,3,0.15,0.01,0.4
metacog,0.795,0.5543478260869565,0.5392999606719479,0.29298753307495307,0.5543478260869565,0.31369565217391304,0.5123123594125598,1.0,3,2,2,6472.576379776001,5.698204040527344,adult,4,0.15,0.01,0.4
metacog,0.3333333333333333,0.3333333333333333,0.16666666666666666,0.0,0.5,,1.0,0.9973710865078222,1,1,1,250.46443939208984,0.3771781921386719,iris,0,0.15,0.01,0.5
metacog,0.3333333333333333,0.3333333333333333,0.16666666666666666,0.0,0.5,,1.0,0.9970757773947009,1,1,1,252.29740142822266,0.36787986755371094,iris,1,0.15,0.01,0.5
metacog,0.3333333333333333,0.3333333333333333,0.16666666666666666,0.0,0.5,,1.0,0.9977269338811082,1,1,1,251.31535530090332,0.3790855407714844,iris,2,0.15,0.01,0.5
metacog,0.3333333333333333,0.3333333333333333,0.16666666666666666,0.0,0.5,,1.0,0.9961780853484691,1,1,1,258.6939334869385,0.42510032653808594,iris,3,0.15,0.01,0.5
metacog,0.3333333333333333,0.3333333333333333,0.16666666666666666,0.0,0.5,,0.8413882683090157,0.9971051500737994,1,1,1,260.5268955230713,0.36144256591796875,iris,4,0.15,0.01,0.5
metacog,0.3888888888888889,0.3333333333333333,0.18666666666666668,0.0,0.5,,0.05448551404923955,0.8356166464548431,1,1,1,1845.998764038086,0.4191398620605469,wine,0,0.15,0.01,0.5
metacog,0.9444444444444444,0.9523809523809524,0.9440559440559441,0.9209401941068135,0.9810855810855811,,0.09676720274524803,0.992956148927088,7,4,4,6795.430898666382,1.1529922485351562,wine,1,0.15,0.01,0.5
metacog,0.6111111111111112,0.6,0.5185185185185185,0.5167423893288018,0.7494949494949495,,0.3774030947679678,0.9761711209664234,5,3,3,4001.457929611206,0.5304813385009766,wine,2,0.15,0.01,0.5
metacog,0.6666666666666666,0.6666666666666666,0.5666666666666667,0.5995445191824106,0.8387445887445887,,0.28708262043670824,0.9870125191045439,5,3,3,3903.6240577697754,0.7538795471191406,wine,3,0.15,0.01,0.5
metacog,0.3888888888888889,0.3333333333333333,0.18666666666666668,0.0,0.5,,0.06047926749204607,0.8796421389376234,1,1,1,1859.65895652771,0.4246234893798828,wine,4,0.15,0.01,0.5
metacog,0.9473684210526315,0.9487012987012987,0.9449275362318841,0.8904905361044291,0.9512987012987013,0.9514896867838044,0.2128605955282232,0.9904241124341877,5,3,3,52964.407444000244,1.438140869140625,breast_cancer,0,0.15,0.01,0.5
metacog,0.9649122807017544,0.9545454545454546,0.9623015873015872,0.9273353546322172,0.9318181818181818,0.9459459459459459,0.2972640601417964,0.9858737888548949,7,4,3,53376.47557258606,1.5759468078613281,breast_cancer,1,0.15,0.01,0.5
metacog,0.9298245614035088,0.9146825396825397,0.922972972972973,0.8486684247915055,0.9034391534391535,0.9130116959064327,0.2784189762127132,0.9902492992693803,5,3,3,52766.49355888367,1.5230178833007812,breast_cancer,2,0.15,0.01,0.5
metacog,0.8421052631578947,0.7956349206349207,0.8144665461121157,0.662595343916706,0.7982804232804233,0.8102115937789479,0.4125268785528514,0.9654808723040684,5,3,3,52462.27812767029,1.550912857055664,breast_cancer,3,0.15,0.01,0.5
metacog,0.9298245614035088,0.9047619047619048,0.9210526315789473,0.8535639569308375,0.9047619047619048,0.9,0.32420614859132296,0.9799090550488756,5,3,3,53296.49209976196,3.2873153686523438,breast_cancer,4,0.15,0.01,0.5
metacog,0.805,0.5760869565217391,0.5758795062802458,0.34845909958918564,0.8462732919254659,0.5539805097451275,0.35224414805819054,0.8131964404977765,7,4,4,11879.22716140747,5.230426788330078,adult,0,0.15,0.01,0.5
metacog,0.805,0.5913325804630153,0.6010434248887525,0.3371846188159856,0.7637634105025409,0.46100790513833995,0.4402523890379214,0.8766580354991211,7,4,4,14432.647466659546,7.431507110595703,adult,1,0.15,0.01,0.5
metacog,0.8,0.5652173913043478,0.5579133510167993,0.32177789389368455,0.7644692264257482,0.47446754883427855,0.2522914703619224,0.9079405356615389,11,6,5,16602.794647216797,5.463600158691406,adult,2,0.15,0.01,0.5
metacog,0.805,0.5760869565217391,0.5758795062802458,0.34845909958918564,0.5760869565217391,0.3471739130434783,0.5289958634037956,0.9989156713474379,3,2,2,7118.017196655273,5.955696105957031,adult,3,0.15,0.01,0.5
metacog,0.795,0.5543478260869565,0.5392999606719479,0.29298753307495307,0.5543478260869565,0.31369565217391304,0.5123123594125598,1.0,3,2,2,7372.828722000122,4.75621223449707,adult,4,0.15,0.01,0.5
metacog,0.6666666666666666,0.6666666666666666,0.5555555555555555,0.6123724356957945,0.8333333333333334,,0.5087148216635994,0.9931689782126119,3,2,2,428.3947944641113,0.41961669921875,iris,0,0.15,0.03,0.0
metacog,0.6666666666666666,0.6666666666666666,0.5555555555555555,0.6123724356957945,0.8333333333333334,,0.5053783704402405,0.9846235543341044,3,2,2,443.4397220611572,0.6668567657470703,iris,1,0.15,0.03,0.0
metacog,0.6666666666666666,0.6666666666666666,0.5555555555555555,0.6123724356957945,0.8333333333333334,,0.5003001606412475,0.9925327311980254,3,2,2,476.07946395874023,0.45108795166015625,iris,2,0.15,0.03,0.0
metacog,0.6666666666666666,0.6666666666666666,0.5555555555555555,0.6123724356957945,0.8333333333333334,,0.5053783704402405,0.9923855873540359,3,2,2,446.2296962738037,0.7448196411132812,iris,3,0.15,0.03,0.0
metacog,0.8666666666666667,0.8666666666666667,0.8666666666666667,0.8,0.9166666666666666,,0.3480481874205793,0.9787975908486728,7,4,4,730.9286594390869,0.5452632904052734,iris,4,0.15,0.03,0.0
metacog,1.0,1.0,1.0,1.0,1.0,,0.2877135249346605,0.9622918623199627,9,5,4,6049.351692199707,0.5724430084228516,wine,0,0.15,0.03,0.0
metacog,0.9444444444444444,0.9523809523809524,0.9440559440559441,0.9209401941068135,0.9810855810855811,,0.09676720274524803,0.992956148927088,7,4,4,6919.821500778198,0.5831718444824219,wine,1,0.15,0.03,0.0
metacog,0.6111111111111112,0.6,0.5185185185185185,0.5167423893288018,0.7494949494949495,,0.3774030947679678,0.9761711209664234,5,3,3,3939.913034439087,0.568389892578125,wine,2,0.15,0.03,0.0
metacog,0.6666666666666666,0.6666666666666666,0.5666666666666667,0.5995445191824106,0.8387445887445887,,0.28708262043670824,0.9870125191045439,5,3,3,3916.734218597412,1.0607242584228516,wine,3,0.15,0.03,0.0
metacog,0.8888888888888888,0.9047619047619048,0.8885003885003885,0.8457943925233645,0.9235070485070486,,0.24828160209775718,0.9703026118717079,7,4,3,5446.50411605835,0.5745887756347656,wine,4,0.15,0.03,0.0
metacog,0.9473684210526315,0.9487012987012987,0.9449275362318841,0.8904905361044291,0.9512987012987013,0.9514896867838044,0.21358133163914025,0.9888872175996579,5,3,3,53872.133016586304,1.531362533569336,breast_cancer,0,0.15,0.03,0.0
metacog,0.9649122807017544,0.9545454545454546,0.9623015873015872,0.9273353546322172,0.9318181818181818,0.9459459459459459,0.2977781401192274,0.9858737888548949,7,4,3,53812.56628036499,1.5671253204345703,breast_cancer,1,0.15,0.03,0.0
metacog,0.9298245614035088,0.9146825396825397,0.922972972972973,0.8486684247915055,0.9034391534391535,0.9130116959064327,0.2798662637828419,0.9830167275941617,5,3,3,52991.8155670166,1.4743804931640625,breast_cancer,2,0.15,0.03,0.0
metacog,0.8421052631578947,0.7956349206349207,0.8144665461121157,0.662595343916706,0.7982804232804233,0.8102115937789479,0.4142019566762563,0.9709976809823655,5,3,3,52988.15608024597,1.909017562866211,breast_cancer,3,0.15,0.03,0.0
metacog,0.9298245614035088,0.9047619047619048,0.9210526315789473,0.8535639569308375,0.9047619047619048,0.9,0.3303387131174819,0.959075996239208,5,3,3,54448.86088371277,2.927064895629883,breast_cancer,4,0.15,0.03,0.0
metacog,0.805,0.5760869565217391,0.5758795062802458,0.34845909958918564,0.8526962168266516,0.5659558744201101,0.21656486078295398,0.8518420713817623,13,7,6,19178.287506103516,12.206792831420898,adult,0,0.15,0.03,0.0
metacog,0.805,0.5913325804630153,0.6010434248887525,0.3371846188159856,0.7637634105025409,0.46100790513833995,0.44062217910693524,0.8797266491742846,7,4,4,14659.806728363037,9.142160415649414,adult,1,0.15,0.03,0.0
metacog,0.8,0.5652173913043478,0.5579133510167993,0.32177789389368455,0.5652173913043478,0.33043478260869563,0.5177485492624431,1.0,3,2,2,7405.665159225464,5.782127380371094,adult,2,0.15,0.03,0.0
metacog,0.805,0.5760869565217391,0.5758795062802458,0.34845909958918564,0.8018068887634104,0.5049458908782878,0.2326180300127681,0.8406603383318082,17,9,8,18762.471437454224,5.813121795654297,adult,3,0.15,0.03,0.0
metacog,0.795,0.5543478260869565,0.5392999606719479,0.29298753307495307,0.5543478260869565,0.31369565217391304,0.5123123594125598,1.0,3,2,2,6199.887990951538,7.200717926025391,adult,4,0.15,0.03,0.0
metacog,0.3333333333333333,0.3333333333333333,0.16666666666666666,0.0,0.5,,1.0,0.9973710865078222,1,1,1,263.1981372833252,0.37384033203125,iris,0,0.15,0.03,0.1
metacog,0.3333333333333333,0.3333333333333333,0.16666666666666666,0.0,0.5,,1.0,0.9970757773947009,1,1,1,249.5129108428955,0.38933753967285156,iris,1,0.15,0.03,0.1
metacog,0.3333333333333333,0.3333333333333333,0.16666666666666666,0.0,0.5,,1.0,0.9977269338811082,1,1,1,265.13195037841797,0.3674030303955078,iris,2,0.15,0.03,0.1
metacog,0.3333333333333333,0.3333333333333333,0.16666666666666666,0.0,0.5,,1.0,0.9961780853484691,1,1,1,252.52151489257812,0.3898143768310547,iris,3,0.15,0.03,0.1
metacog,0.3333333333333333,0.3333333333333333,0.16666666666666666,0.0,0.5,,0.8413882683090157,0.9971051500737994,1,1,1,286.0243320465088,0.3719329833984375,iris,4,0.15,0.03,0.1
metacog,1.0,1.0,1.0,1.0,1.0,,0.2850215115593363,0.9703851012969208,7,4,3,6036.447286605835,0.5867481231689453,wine,0,0.15,0.03,0.1
metacog,0.9444444444444444,0.9523809523809524,0.9440559440559441,0.9209401941068135,0.9810855810855811,,0.09676720274524803,0.992956148927088,7,4,4,6778.791427612305,0.7338523864746094,wine,1,0.15,0.03,0.1
metacog,0.6111111111111112,0.6,0.5185185185185185,0.5167423893288018,0.7494949494949495,,0.3774030947679678,0.9761711209664234,5,3,3,4056.813955307007,0.7932186126708984,wine,2,0.15,0.03,0.1
metacog,0.6666666666666666,0.6666666666666666,0.5666666666666667,0.5995445191824106,0.8387445887445887,,0.28708262043670824,0.9870125191045439,5,3,3,3905.089855194092,0.5559921264648438,wine,3,0.15,0.03,0.1
metacog,0.8888888888888888,0.9047619047619048,0.8885003885003885,0.8457943925233645,0.9235070485070486,,0.24828160209775718,0.9703026118717079,7,4,3,5265.608549118042,1.0309219360351562,wine,4,0.15,0.03,0.1
metacog,0.9473684210526315,0.9487012987012987,0.9449275362318841,0.8904905361044291,0.9512987012987013,0.9514896867838044,0.2128605955282232,0.9904241124341877,5,3,3,52594.342947006226,1.8529891967773438,breast_cancer,0,0.15,0.03,0.1
metacog,0.9649122807017544,0.9545454545454546,0.9623015873015872,0.9273353546322172,0.9318181818181818,0.9459459459459459,0.2972640601417964,0.9858737888548949,7,4,3,52988.13891410828,1.5935897827148438,breast_cancer,1,0.15,0.03,0.1
metacog,0.9298245614035088,0.9146825396825397,0.922972972972973,0.8486684247915055,0.9034391534391535,0.9130116959064327,0.2784189762127132,0.9902492992693803,5,3,3,52575.86717605591,1.5392303466796875,breast_cancer,2,0.15,0.03,0.1
metacog,0.8421052631578947,0.7956349206349207,0.8144665461121157,0.662595343916706,0.7982804232804233,0.8102115937789479,0.4125268785528514,0.9654808723040684,5,3,3,51463.14525604248,1.5397071838378906,breast_cancer,3,0.15,0.03,0.1
metacog,0.9298245614035088,0.9047619047619048,0.9210526315789473,0.8535639569308375,0.9047619047619048,0.9,0.32420614859132296,0.9799090550488756,5,3,3,52024.88613128662,1.5006065368652344,breast_cancer,4,0.15,0.03,0.1
metacog,0.805,0.5760869565217391,0.5758795062802458,0.34845909958918564,0.8462732919254659,0.5539805097451275,0.35224414805819054,0.8131964404977765,7,4,4,10659.511804580688,5.739688873291016,adult,0,0.15,0.03,0.1
metacog,0.805,0.5913325804630153,0.6010434248887525,0.3371846188159856,0.7637634105025409,0.46100790513833995,0.4402523890379214,0.8766580354991211,7,4,4,12718.748092651367,6.638765335083008,adult,1,0.15,0.03,0.1
metacog,0.8,0.5652173913043478,0.5579133510167993,0.32177789389368455,0.5652173913043478,0.33043478260869563,0.5177485492624431,1.0,3,2,2,6326.272249221802,6.361722946166992,adult,2,0.15,0.03,0.1
metacog,0.805,0.5760869565217391,0.5758795062802458,0.34845909958918564,0.5760869565217391,0.3471739130434783,0.5289958634037956,0.9989156713474379,3,2,2,6308.626890182495,5.014896392822266,adult,3,0.15,0.03,0.1
metacog,0.795,0.5543478260869565,0.5392999606719479,0.29298753307495307,0.5543478260869565,0.31369565217391304,0.5123123594125598,1.0,3,2,2,6182.816743850708,4.336357116699219,adult,4,0.15,0.03,0.1
metacog,0.3333333333333333,0.3333333333333333,0.16666666666666666,0.0,0.5,,1.0,0.9973710865078222,1,1,1,254.72044944763184,0.3662109375,iris,0,0.15,0.03,0.15
metacog,0.3333333333333333,0.3333333333333333,0.16666666666666666,0.0,0.5,,1.0,0.9970757773947009,1,1,1,250.87261199951172,0.38552284240722656,iris,1,0.15,0.03,0.15
metacog,0.3333333333333333,0.3333333333333333,0.16666666666666666,0.0,0.5,,1.0,0.9977269338811082,1,1,1,274.5480537414551,0.3559589385986328,iris,2,0.15,0.03,0.15
metacog,0.3333333333333333,0.3333333333333333,0.16666666666666666,0.0,0.5,,1.0,0.9961780853484691,1,1,1,243.8793182373047,0.3719329833984375,iris,3,0.15,0.03,0.15
metacog,0.3333333333333333,0.3333333333333333,0.16666666666666666,0.0,0.5,,0.8413882683090157,0.9971051500737994,1,1,1,280.57241439819336,0.38695335388183594,iris,4,0.15,0.03,0.15
metacog,0.3888888888888889,0.3333333333333333,0.18666666666666668,0.0,0.5,,0.05448551404923955,0.8356166464548431,1,1,1,1978.5981178283691,0.431060791015625,wine,0,0.15,0.03,0.15
metacog,0.9444444444444444,0.9523809523809524,0.9440559440559441,0.9209401941068135,0.9810855810855811,,0.09676720274524803,0.992956148927088,7,4,4,6714.661598205566,0.6189346313476562,wine,1,0.15,0.03,0.15
metacog,0.6111111111111112,0.6,0.5185185185185185,0.5167423893288018,0.7494949494949495,,0.3774030947679678,0.9761711209664234,5,3,3,3911.8688106536865,0.5507469177246094,wine,2,0.15,0.03,0.15
metacog,0.6666666666666666,0.6666666666666666,0.5666666666666667,0.5995445191824106,0.8387445887445887,,0.28708262043670824,0.9870125191045439,5,3,3,4060.6436729431152,0.6844997406005859,wine,3,0.15,0.03,0.15
metacog,0.3888888888888889,0.3333333333333333,0.18666666666666668,0.0,0.5,,0.06047926749204607,0.8796421389376234,1,1,1,1859.325647354126,0.423431396484375,wine,4,0.15,0.03,0.15
metacog,0.9473684210526315,0.9487012987012987,0.9449275362318841,0.8904905361044291,0.9512987012987013,0.9514896867838044,0.2128605955282232,0.9904241124341877,5,3,3,52364.63737487793,1.500844955444336,breast_cancer,0,0.15,0.03,0.15
metacog,0.9649122807017544,0.9545454545454546,0.9623015873015872,0.9273353546322172,0.9318181818181818,0.9459459459459459,0.2972640601417964,0.9858737888548949,7,4,3,52850.28338432312,1.8379688262939453,breast_cancer,1,0.15,0.03,0.15
metacog,0.9298245614035088,0.9146825396825397,0.922972972972973,0.8486684247915055,0.9034391534391535,0.9130116959064327,0.2784189762127132,0.9902492992693803,5,3,3,52208.58025550842,1.5633106231689453,breast_cancer,2,0.15,0.03,0.15
metacog,0.8421052631578947,0.7956349206349207,0.8144665461121157,0.662595343916706,0.7982804232804233,0.8102115937789479,0.4125268785528514,0.9654808723040684,5,3,3,51200.32262802124,1.4688968658447266,breast_cancer,3,0.15,0.03,0.15
metacog,0.9298245614035088,0.9047619047619048,0.9210526315789473,0.8535639569308375,0.9047619047619048,0.9,0.32420614859132296,0.9799090550488756,5,3,3,51505.05542755127,2.61688232421875,breast_cancer,4,0.15,0.03,0.15
metacog,0.805,0.5760869565217391,0.5758795062802458,0.34845909958918564,0.8462732919254659,0.5539805097451275,0.35224414805819054,0.8131964404977765,7,4,4,10730.344772338867,6.674528121948242,adult,0,0.15,0.03,0.15
metacog,0.805,0.5913325804630153,0.6010434248887525,0.3371846188159856,0.7637634105025409,0.46100790513833995,0.4402523890379214,0.8766580354991211,7,4,4,12681.967973709106,5.3348541259765625,adult,1,0.15,0.03,0.15
metacog,0.8,0.5652173913043478,0.5579133510167993,0.32177789389368455,0.5652173913043478,0.33043478260869563,0.5177485492624431,1.0,3,2,2,6315.078258514404,4.288196563720703,adult,2,0.15,0.03,0.15
metacog,0.805,0.5760869565217391,0.5758795062802458,0.34845909958918564,0.5760869565217391,0.3471739130434783,0.5289958634037956,0.9989156713474379,3,2,2,6406.859636306763,5.366086959838867,adult,3,0.15,0.03,0.15
metacog,0.795,0.5543478260869565,0.5392999606719479,0.29298753307495307,0.5543478260869565,0.31369565217391304,0.5123123594125598,1.0,3,2,2,6277.759075164795,4.584074020385742,adult,4,0.15,0.03,0.15
metacog,0.3333333333333333,0.3333333333333333,0.16666666666666666,0.0,0.5,,1.0,0.9973710865078222,1,1,1,262.540340423584,0.3647804260253906,iris,0,0.15,0.03,0.2
metacog,0.3333333333333333,0.3333333333333333,0.16666666666666666,0.0,0.5,,1.0,0.9970757773947009,1,1,1,254.22143936157227,0.400543212890625,iris,1,0.15,0.03,0.2
metacog,0.3333333333333333,0.3333333333333333,0.16666666666666666,0.0,0.5,,1.0,0.9977269338811082,1,1,1,267.5890922546387,0.6384849548339844,iris,2,0.15,0.03,0.2
metacog,0.3333333333333333,0.3333333333333333,0.16666666666666666,0.0,0.5,,1.0,0.9961780853484691,1,1,1,245.69010734558105,0.3681182861328125,iris,3,0.15,0.03,0.2
metacog,0.3333333333333333,0.3333333333333333,0.16666666666666666,0.0,0.5,,0.8413882683090157,0.9971051500737994,1,1,1,279.61087226867676,0.385284423828125,iris,4,0.15,0.03,0.2
metacog,0.3888888888888889,0.3333333333333333,0.18666666666666668,0.0,0.5,,0.05448551404923955,0.8356166464548431,1,1,1,2012.3612880706787,0.4258155822753906,wine,0,0.15,0.03,0.2
metacog,0.9444444444444444,0.9523809523809524,0.9440559440559441,0.9209401941068135,0.9810855810855811,,0.09676720274524803,0.992956148927088,7,4,4,6934.241533279419,0.6632804870605469,wine,1,0.15,0.03,0.2
metacog,0.6111111111111112,0.6,0.5185185185185185,0.5167423893288018,0.7494949494949495,,0.3774030947679678,0.9761711209664234,5,3,3,4025.6638526916504,0.5359649658203125,wine,2,0.15,0.03,0.2
metacog,0.6666666666666666,0.6666666666666666,0.5666666666666667,0.5995445191824106,0.8387445887445887,,0.28708262043670824,0.9870125191045439,5,3,3,4112.405061721802,0.5347728729248047,wine,3,0.15,0.03,0.2
metacog,0.3888888888888889,0.3333333333333333,0.18666666666666668,0.0,0.5,,0.06047926749204607,0.8796421389376234,1,1,1,1910.0444316864014,0.4050731658935547,wine,4,0.15,0.03,0.2
metacog,0.9473684210526315,0.9487012987012987,0.9449275362318841,0.8904905361044291,0.9512987012987013,0.9514896867838044,0.2128605955282232,0.9904241124341877,5,3,3,53398.71644973755,1.669168472290039,breast_cancer,0,0.15,0.03,0.2
metacog,0.9649122807017544,0.9545454545454546,0.9623015873015872,0.9273353546322172,0.9318181818181818,0.9459459459459459,0.2972640601417964,0.9858737888548949,7,4,3,53741.60075187683,2.064228057861328,breast_cancer,1,0.15,0.03,0.2
metacog,0.9298245614035088,0.9146825396825397,0.922972972972973,0.8486684247915055,0.9034391534391535,0.9130116959064327,0.2784189762127132,0.9902492992693803,5,3,3,53433.225870132446,1.5120506286621094,breast_cancer,2,0.15,0.03,0.2
metacog,0.8421052631578947,0.7956349206349207,0.8144665461121157,0.662595343916706,0.7982804232804233,0.8102115937789479,0.4125268785528514,0.9654808723040684,5,3,3,52169.42524909973,1.6641616821289062,breast_cancer,3,0.15,0.03,0.2
metacog,0.9298245614035088,0.9047619047619048,0.9210526315789473,0.8535639569308375,0.9047619047619048,0.9,0.32420614859132296,0.9799090550488756,5,3,3,52509.92798805237,1.5935897827148438,breast_cancer,4,0.15,0.03,0.2
metacog,0.805,0.5760869565217391,0.5758795062802458,0.34845909958918564,0.8462732919254659,0.5539805097451275,0.35224414805819054,0.8131964404977765,7,4,4,10908.873796463013,6.517171859741211,adult,0,0.15,0.03,0.2
metacog,0.805,0.5913325804630153,0.6010434248887525,0.3371846188159856,0.7637634105025409,0.46100790513833995,0.4402523890379214,0.8766580354991211,7,4,4,12743.42155456543,6.613969802856445,adult,1,0.15,0.03,0.2
metacog,0.8,0.5652173913043478,0.5579133510167993,0.32177789389368455,0.5652173913043478,0.33043478260869563,0.5177485492624431,1.0,3,2,2,6534.668684005737,4.608392715454102,adult,2,0.15,0.03,0.2
metacog,0.805,0.5760869565217391,0.5758795062802458,0.34845909958918564,0.5760869565217391,0.3471739130434783,0.5289958634037956,0.9989156713474379,3,2,2,6350.048065185547,5.307197570800781,adult,3,0.15,0.03,0.2
metacog,0.795,0.5543478260869565,0.5392999606719479,0.29298753307495307,0.5543478260869565,0.31369565217391304,0.5123123594125598,1.0,3,2,2,6305.620193481445,5.491971969604492,adult,4,0.15,0.03,0.2
metacog,0.3333333333333333,0.3333333333333333,0.16666666666666666,0.0,0.5,,1.0,0.9973710865078222,1,1,1,257.02643394470215,0.35834312438964844,iris,0,0.15,0.03,0.3
metacog,0.3333333333333333,0.3333333333333333,0.16666666666666666,0.0,0.5,,1.0,0.9970757773947009,1,1,1,250.5037784576416,0.35452842712402344,iris,1,0.15,0.03,0.3
metacog,0.3333333333333333,0.3333333333333333,0.16666666666666666,0.0,0.5,,1.0,0.9977269338811082,1,1,1,252.4402141571045,0.36406517028808594,iris,2,0.15,0.03,0.3
metacog,0.3333333333333333,0.3333333333333333,0.16666666666666666,0.0,0.5,,1.0,0.9961780853484691,1,1,1,252.42352485656738,0.5581378936767578,iris,3,0.15,0.03,0.3
metacog,0.3333333333333333,0.3333333333333333,0.16666666666666666,0.0,0.5,,0.8413882683090157,0.9971051500737994,1,1,1,282.9852104187012,0.3666877746582031,iris,4,0.15,0.03,0.3
metacog,0.3888888888888889,0.3333333333333333,0.18666666666666668,0.0,0.5,,0.05448551404923955,0.8356166464548431,1,1,1,1979.0194034576416,0.43511390686035156,wine,0,0.15,0.03,0.3
metacog,0.6111111111111112,0.6190476190476191,0.5135566188197767,0.4785101489172643,0.7938561438561439,,0.1166620945266864,0.9923821235256528,5,3,3,5269.765377044678,0.5488395690917969,wine,1,0.15,0.03,0.3
metacog,0.6111111111111112,0.6,0.5185185185185185,0.5167423893288018,0.7494949494949495,,0.3774030947679678,0.9761711209664234,5,3,3,3922.8169918060303,0.5643367767333984,wine,2,0.15,0.03,0.3
metacog,0.3888888888888889,0.3333333333333333,0.18666666666666668,0.0,0.5,,0.08826130698690134,0.9716808402437557,1,1,1,1926.5496730804443,0.42724609375,wine,3,0.15,0.03,0.3
metacog,0.3888888888888889,0.3333333333333333,0.18666666666666668,0.0,0.5,,0.06047926749204607,0.8796421389376234,1,1,1,2007.308006286621,0.42629241943359375,wine,4,0.15,0.03,0.3
metacog,0.9473684210526315,0.9487012987012987,0.9449275362318841,0.8904905361044291,0.9512987012987013,0.9514896867838044,0.2128605955282232,0.9904241124341877,5,3,3,52767.53735542297,1.5044212341308594,breast_cancer,0,0.15,0.03,0.3
metacog,0.9824561403508771,0.9772727272727273,0.981329839502129,0.9633432944855655,0.9772727272727273,0.9722222222222222,0.2972640601417964,0.9858737888548949,5,3,3,53192.418336868286,1.4677047729492188,breast_cancer,1,0.15,0.03,0.3
metacog,0.631578947368421,0.5,0.3870967741935484,0.0,0.5,0.631578947368421,0.0971257789267817,0.9978297494359547,1,1,1,20017.103910446167,1.1203289031982422,breast_cancer,2,0.15,0.03,0.3
metacog,0.8421052631578947,0.7956349206349207,0.8144665461121157,0.662595343916706,0.7982804232804233,0.8102115937789479,0.4125268785528514,0.9654808723040684,5,3,3,52860.85796356201,1.8362998962402344,breast_cancer,3,0.15,0.03,0.3
metacog,0.9298245614035088,0.9047619047619048,0.9210526315789473,0.8535639569308375,0.9047619047619048,0.9,0.32420614859132296,0.9799090550488756,5,3,3,51131.63948059082,2.505779266357422,breast_cancer,4,0.15,0.03,0.3
metacog,0.805,0.5760869565217391,0.5758795062802458,0.34845909958918564,0.8462732919254659,0.5539805097451275,0.35224414805819054,0.8131964404977765,7,4,4,10687.152862548828,5.008459091186523,adult,0,0.15,0.03,0.3
metacog,0.805,0.5913325804630153,0.6010434248887525,0.3371846188159856,0.7637634105025409,0.46100790513833995,0.4402523890379214,0.8766580354991211,7,4,4,13025.514602661133,5.38945198059082,adult,1,0.15,0.03,0.3
metacog,0.8,0.5652173913043478,0.5579133510167993,0.32177789389368455,0.5652173913043478,0.33043478260869563,0.5177485492624431,1.0,3,2,2,6431.153297424316,4.5566558837890625,adult,2,0.15,0.03,0.3
metacog,0.805,0.5760869565217391,0.5758795062802458,0.34845909958918564,0.5760869565217391,0.3471739130434783,0.5289958634037956,0.9989156713474379,3,2,2,6589.747428894043,6.287574768066406,adult,3,0.15,0.03,0.3
metacog,0.795,0.5543478260869565,0.5392999606719479,0.29298753307495307,0.5543478260869565,0.31369565217391304,0.5123123594125598,1.0,3,2,2,6525.517702102661,4.557371139526367,adult,4,0.15,0.03,0.3
metacog,0.3333333333333333,0.3333333333333333,0.16666666666666666,0.0,0.5,,1.0,0.9973710865078222,1,1,1,267.1353816986084,0.3864765167236328,iris,0,0.15,0.03,0.4
metacog,0.3333333333333333,0.3333333333333333,0.16666666666666666,0.0,0.5,,1.0,0.9970757773947009,1,1,1,268.1465148925781,0.3638267517089844,iris,1,0.15,0.03,0.4
metacog,0.3333333333333333,0.3333333333333333,0.16666666666666666,0.0,0.5,,1.0,0.9977269338811082,1,1,1,268.6154842376709,0.3809928894042969,iris,2,0.15,0.03,0.4
metacog,0.3333333333333333,0.3333333333333333,0.16666666666666666,0.0,0.5,,1.0,0.9961780853484691,1,1,1,244.66228485107422,0.3921985626220703,iris,3,0.15,0.03,0.4
metacog,0.3333333333333333,0.3333333333333333,0.16666666666666666,0.0,0.5,,0.8413882683090157,0.9971051500737994,1,1,1,294.30627822875977,0.39887428283691406,iris,4,0.15,0.03,0.4
metacog,0.3888888888888889,0.3333333333333333,0.18666666666666668,0.0,0.5,,0.05448551404923955,0.8356166464548431,1,1,1,1979.193925857544,0.47087669372558594,wine,0,0.15,0.03,0.4
metacog,0.3888888888888889,0.3333333333333333,0.18666666666666668,0.0,0.5,,0.10808918016984967,0.9836413568501193,1,1,1,1868.537187576294,0.4220008850097656,wine,1,0.15,0.03,0.4
metacog,0.6111111111111112,0.6,0.5185185185185185,0.5167423893288018,0.7494949494949495,,0.3774030947679678,0.9761711209664234,5,3,3,3902.078151702881,0.5524158477783203,wine,2,0.15,0.03,0.4
metacog,0.3888888888888889,0.3333333333333333,0.18666666666666668,0.0,0.5,,0.08826130698690134,0.9716808402437557,1,1,1,1857.788324356079,0.44274330139160156,wine,3,0.15,0.03,0.4
metacog,0.3888888888888889,0.3333333333333333,0.18666666666666668,0.0,0.5,,0.06047926749204607,0.8796421389376234,1,1,1,1832.2925567626953,0.40340423583984375,wine,4,0.15,0.03,0.4
metacog,0.9473684210526315,0.9487012987012987,0.9449275362318841,0.8904905361044291,0.9512987012987013,0.9514896867838044,0.2128605955282232,0.9904241124341877,5,3,3,57434.99541282654,1.4748573303222656,breast_cancer,0,0.15,0.03,0.4
metacog,0.9824561403508771,0.9772727272727273,0.981329839502129,0.9633432944855655,0.9772727272727273,0.9722222222222222,0.2972640601417964,0.9858737888548949,5,3,3,58304.940938949585,1.4424324035644531,breast_cancer,1,0.15,0.03,0.4
metacog,0.631578947368421,0.5,0.3870967741935484,0.0,0.5,0.631578947368421,0.0971257789267817,0.9978297494359547,1,1,1,22257.69853591919,1.1889934539794922,breast_cancer,2,0.15,0.03,0.4
metacog,0.8421052631578947,0.7956349206349207,0.8144665461121157,0.662595343916706,0.7982804232804233,0.8102115937789479,0.4125268785528514,0.9654808723040684,5,3,3,57341.63022041321,1.4348030090332031,breast_cancer,3,0.15,0.03,0.4
metacog,0.9298245614035088,0.9047619047619048,0.9210526315789473,0.8535639569308375,0.9047619047619048,0.9,0.32420614859132296,0.9799090550488756,5,3,3,56738.635540008545,1.5037059783935547,breast_cancer,4,0.15,0.03,0.4
metacog,0.8,0.5652173913043478,0.5579133510167993,0.32177789389368455,0.5652173913043478,0.33043478260869563,0.5541350673001662,1.0,3,2,2,7037.167072296143,4.627704620361328,adult,0,0.15,0.03,0.4
metacog,0.805,0.5913325804630153,0.6010434248887525,0.3371846188159856,0.7637634105025409,0.46100790513833995,0.4402523890379214,0.8766580354991211,7,4,4,13308.985710144043,5.095958709716797,adult,1,0.15,0.03,0.4
metacog,0.8,0.5652173913043478,0.5579133510167993,0.32177789389368455,0.5652173913043478,0.33043478260869563,0.5177485492624431,1.0,3,2,2,6749.822616577148,4.55021858215332,adult,2,0.15,0.03,0.4
metacog,0.805,0.5760869565217391,0.5758795062802458,0.34845909958918564,0.5760869565217391,0.3471739130434783,0.5289958634037956,0.9989156713474379,3,2,2,6698.376417160034,4.557132720947266,adult,3,0.15,0.03,0.4
metacog,0.795,0.5543478260869565,0.5392999606719479,0.29298753307495307,0.5543478260869565,0.31369565217391304,0.5123123594125598,1.0,3,2,2,6896.439790725708,5.547761917114258,adult,4,0.15,0.03,0.4
metacog,0.3333333333333333,0.3333333333333333,0.16666666666666666,0.0,0.5,,1.0,0.9973710865078222,1,1,1,256.488561630249,0.36716461181640625,iris,0,0.15,0.03,0.5
metacog,0.3333333333333333,0.3333333333333333,0.16666666666666666,0.0,0.5,,1.0,0.9970757773947009,1,1,1,268.2023048400879,0.3745555877685547,iris,1,0.15,0.03,0.5
metacog,0.3333333333333333,0.3333333333333333,0.16666666666666666,0.0,0.5,,1.0,0.9977269338811082,1,1,1,270.07508277893066,0.6916522979736328,iris,2,0.15,0.03,0.5
metacog,0.3333333333333333,0.3333333333333333,0.16666666666666666,0.0,0.5,,1.0,0.9961780853484691,1,1,1,246.39391899108887,0.37598609924316406,iris,3,0.15,0.03,0.5
metacog,0.3333333333333333,0.3333333333333333,0.16666666666666666,0.0,0.5,,0.8413882683090157,0.9971051500737994,1,1,1,292.61326789855957,0.6983280181884766,iris,4,0.15,0.03,0.5
metacog,0.3888888888888889,0.3333333333333333,0.18666666666666668,0.0,0.5,,0.05448551404923955,0.8356166464548431,1,1,1,1979.6710014343262,0.4210472106933594,wine,0,0.15,0.03,0.5
metacog,0.3888888888888889,0.3333333333333333,0.18666666666666668,0.0,0.5,,0.10808918016984967,0.9836413568501193,1,1,1,1872.7760314941406,0.43129920959472656,wine,1,0.15,0.03,0.5
metacog,0.6111111111111112,0.6,0.5185185185185185,0.5167423893288018,0.7494949494949495,,0.3774030947679678,0.9761711209664234,5,3,3,3945.1143741607666,0.5419254302978516,wine,2,0.15,0.03,0.5
metacog,0.3888888888888889,0.3333333333333333,0.18666666666666668,0.0,0.5,,0.08826130698690134,0.9716808402437557,1,1,1,1845.780611038208,0.43845176696777344,wine,3,0.15,0.03,0.5
metacog,0.3888888888888889,0.3333333333333333,0.18666666666666668,0.0,0.5,,0.06047926749204607,0.8796421389376234,1,1,1,1815.1636123657227,0.6918907165527344,wine,4,0.15,0.03,0.5
metacog,0.6140350877192983,0.5,0.3804347826086957,0.0,0.5,0.6140350877192983,0.16888261642988234,0.996438889669009,1,1,1,20518.263578414917,1.169443130493164,breast_cancer,0,0.15,0.03,0.5
metacog,0.9824561403508771,0.9772727272727273,0.981329839502129,0.9633432944855655,0.9772727272727273,0.9722222222222222,0.2972640601417964,0.9858737888548949,5,3,3,58570.711851119995,1.434326171875,breast_cancer,1,0.15,0.03,0.5
metacog,0.631578947368421,0.5,0.3870967741935484,0.0,0.5,0.631578947368421,0.0971257789267817,0.9978297494359547,1,1,1,22220.006704330444,1.207590103149414,breast_cancer,2,0.15,0.03,0.5
metacog,0.8421052631578947,0.7956349206349207,0.8144665461121157,0.662595343916706,0.7982804232804233,0.8102115937789479,0.4125268785528514,0.9654808723040684,5,3,3,57280.64465522766,2.117633819580078,breast_cancer,3,0.15,0.03,0.5
metacog,0.9298245614035088,0.9047619047619048,0.9210526315789473,0.8535639569308375,0.9047619047619048,0.9,0.32420614859132296,0.9799090550488756,5,3,3,56890.751123428345,3.002643585205078,breast_cancer,4,0.15,0.03,0.5
metacog,0.8,0.5652173913043478,0.5579133510167993,0.32177789389368455,0.5652173913043478,0.33043478260869563,0.5541350673001662,1.0,3,2,2,7183.99453163147,4.4002532958984375,adult,0,0.15,0.03,0.5
metacog,0.805,0.5913325804630153,0.6010434248887525,0.3371846188159856,0.7637634105025409,0.46100790513833995,0.4402523890379214,0.8766580354991211,7,4,4,13863.11936378479,9.299278259277344,adult,1,0.15,0.03,0.5
metacog,0.8,0.5652173913043478,0.5579133510167993,0.32177789389368455,0.5652173913043478,0.33043478260869563,0.5177485492624431,1.0,3,2,2,6997.4188804626465,9.207725524902344,adult,2,0.15,0.03,0.5
metacog,0.805,0.5760869565217391,0.5758795062802458,0.34845909958918564,0.5760869565217391,0.3471739130434783,0.5289958634037956,0.9989156713474379,3,2,2,7189.07904624939,5.022764205932617,adult,3,0.15,0.03,0.5
metacog,0.795,0.5543478260869565,0.5392999606719479,0.29298753307495307,0.5543478260869565,0.31369565217391304,0.5123123594125598,1.0,3,2,2,6961.664915084839,4.485368728637695,adult,4,0.15,0.03,0.5
metacog,0.6666666666666666,0.6666666666666666,0.5555555555555555,0.6123724356957945,0.8333333333333334,,0.5087148216635994,0.9931689782126119,3,2,2,456.9742679595947,0.4642009735107422,iris,0,0.15,0.05,0.0
metacog,0.6666666666666666,0.6666666666666666,0.5555555555555555,0.6123724356957945,0.8333333333333334,,0.5053783704402405,0.9846235543341044,3,2,2,467.75269508361816,0.45800209045410156,iris,1,0.15,0.05,0.0
metacog,0.6666666666666666,0.6666666666666666,0.5555555555555555,0.6123724356957945,0.8333333333333334,,0.5003001606412475,0.9925327311980254,3,2,2,534.0967178344727,0.7374286651611328,iris,2,0.15,0.05,0.0
metacog,0.6666666666666666,0.6666666666666666,0.5555555555555555,0.6123724356957945,0.8333333333333334,,0.5053783704402405,0.9923855873540359,3,2,2,467.10968017578125,0.47135353088378906,iris,3,0.15,0.05,0.0
metacog,0.8666666666666667,0.8666666666666667,0.8666666666666667,0.8,0.9166666666666666,,0.4295544454919649,0.9728009417627567,5,3,3,682.4064254760742,0.4811286926269531,iris,4,0.15,0.05,0.0
metacog,0.3888888888888889,0.3333333333333333,0.18666666666666668,0.0,0.5,,0.05448551404923955,0.8356166464548431,1,1,1,1880.6653022766113,0.41961669921875,wine,0,0.15,0.05,0.0
metacog,0.9444444444444444,0.9523809523809524,0.9440559440559441,0.9209401941068135,0.9810855810855811,,0.09676720274524803,0.992956148927088,7,4,4,6890.05970954895,0.5981922149658203,wine,1,0.15,0.05,0.0
metacog,0.6111111111111112,0.6,0.5185185185185185,0.5167423893288018,0.7494949494949495,,0.3774030947679678,0.9761711209664234,5,3,3,3887.1665000915527,0.5564689636230469,wine,2,0.15,0.05,0.0
metacog,0.6666666666666666,0.6666666666666666,0.5666666666666667,0.5995445191824106,0.8387445887445887,,0.28708262043670824,0.9870125191045439,5,3,3,3948.162794113159,0.5333423614501953,wine,3,0.15,0.05,0.0
metacog,0.8888888888888888,0.9047619047619048,0.8885003885003885,0.8457943925233645,0.9235070485070486,,0.24828160209775718,0.9703026118717079,7,4,3,5518.709659576416,0.5564689636230469,wine,4,0.15,0.05,0.0
metacog,0.9473684210526315,0.9487012987012987,0.9449275362318841,0.8904905361044291,0.9512987012987013,0.9514896867838044,0.21358133163914025,0.9888872175996579,5,3,3,59040.51685333252,2.9897689819335938,breast_cancer,0,0.15,0.05,0.0
metacog,0.9824561403508771,0.9772727272727273,0.981329839502129,0.9633432944855655,0.9772727272727273,0.9722222222222222,0.2977781401192274,0.9858737888548949,5,3,3,58403.449296951294,1.4576911926269531,breast_cancer,1,0.15,0.05,0.0
metacog,0.9298245614035088,0.9146825396825397,0.922972972972973,0.8486684247915055,0.9034391534391535,0.9130116959064327,0.2798662637828419,0.9830167275941617,5,3,3,58594.68388557434,3.0012130737304688,breast_cancer,2,0.15,0.05,0.0
metacog,0.8421052631578947,0.7956349206349207,0.8144665461121157,0.662595343916706,0.7982804232804233,0.8102115937789479,0.4142019566762563,0.9709976809823655,5,3,3,58233.901023864746,1.5308856964111328,breast_cancer,3,0.15,0.05,0.0
metacog,0.9298245614035088,0.9047619047619048,0.9210526315789473,0.8535639569308375,0.9047619047619048,0.9,0.3303387131174819,0.959075996239208,5,3,3,55350.024461746216,2.785205841064453,breast_cancer,4,0.15,0.05,0.0
metacog,0.805,0.5760869565217391,0.5758795062802458,0.34845909958918564,0.8526962168266516,0.5659558744201101,0.21656486078295398,0.8518420713817623,13,7,6,16764.176845550537,5.828380584716797,adult,0,0.15,0.05,0.0
metacog,0.805,0.5913325804630153,0.6010434248887525,0.3371846188159856,0.7637634105025409,0.46100790513833995,0.44062217910693524,0.8797266491742846,7,4,4,13047.633171081543,8.661746978759766,adult,1,0.15,0.05,0.0
metacog,0.8,0.5652173913043478,0.5579133510167993,0.32177789389368455,0.5652173913043478,0.33043478260869563,0.5177485492624431,1.0,3,2,2,6156.0468673706055,4.096031188964844,adult,2,0.15,0.05,0.0
metacog,0.805,0.5760869565217391,0.5758795062802458,0.34845909958918564,0.5760869565217391,0.3471739130434783,0.5289958634037956,1.0,3,2,2,6086.7719650268555,4.280567169189453,adult,3,0.15,0.05,0.0
metacog,0.795,0.5543478260869565,0.5392999606719479,0.29298753307495307,0.5543478260869565,0.31369565217391304,0.5123123594125598,1.0,3,2,2,5992.983818054199,4.637002944946289,adult,4,0.15,0.05,0.0
metacog,0.3333333333333333,0.3333333333333333,0.16666666666666666,0.0,0.5,,1.0,0.9973710865078222,1,1,1,259.2310905456543,0.3597736358642578,iris,0,0.15,0.05,0.1
metacog,0.3333333333333333,0.3333333333333333,0.16666666666666666,0.0,0.5,,1.0,0.9970757773947009,1,1,1,263.62085342407227,0.7522106170654297,iris,1,0.15,0.05,0.1
metacog,0.3333333333333333,0.3333333333333333,0.16666666666666666,0.0,0.5,,1.0,0.9977269338811082,1,1,1,261.89637184143066,0.6623268127441406,iris,2,0.15,0.05,0.1
metacog,0.3333333333333333,0.3333333333333333,0.16666666666666666,0.0,0.5,,1.0,0.9961780853484691,1,1,1,257.5061321258545,0.38552284240722656,iris,3,0.15,0.05,0.1
metacog,0.3333333333333333,0.3333333333333333,0.16666666666666666,0.0,0.5,,0.8413882683090157,0.9971051500737994,1,1,1,288.1593704223633,0.7216930389404297,iris,4,0.15,0.05,0.1
metacog,0.3888888888888889,0.3333333333333333,0.18666666666666668,0.0,0.5,,0.05448551404923955,0.8356166464548431,1,1,1,1972.8574752807617,0.7200241088867188,wine,0,0.15,0.05,0.1
metacog,0.6111111111111112,0.6190476190476191,0.5135566188197767,0.4785101489172643,0.7938561438561439,,0.1166620945266864,0.9923821235256528,5,3,3,5301.861524581909,0.583648681640625,wine,1,0.15,0.05,0.1
metacog,0.6111111111111112,0.6,0.5185185185185185,0.5167423893288018,0.7494949494949495,,0.3774030947679678,0.9761711209664234,5,3,3,3822.758913040161,0.5006790161132812,wine,2,0.15,0.05,0.1
metacog,0.6666666666666666,0.6666666666666666,0.5666666666666667,0.5995445191824106,0.8387445887445887,,0.28708262043670824,0.9870125191045439,5,3,3,3811.3718032836914,0.4954338073730469,wine,3,0.15,0.05,0.1
metacog,0.3888888888888889,0.3333333333333333,0.18666666666666668,0.0,0.5,,0.06047926749204607,0.8796421389376234,1,1,1,1888.892650604248,0.4394054412841797,wine,4,0.15,0.05,0.1
metacog,0.9473684210526315,0.9487012987012987,0.9449275362318841,0.8904905361044291,0.9512987012987013,0.9514896867838044,0.2128605955282232,0.9904241124341877,5,3,3,57766.74795150757,1.5819072723388672,breast_cancer,0,0.15,0.05,0.1
metacog,0.9824561403508771,0.9772727272727273,0.981329839502129,0.9633432944855655,0.9772727272727273,0.9722222222222222,0.2972640601417964,0.9858737888548949,5,3,3,57661.18836402893,1.4350414276123047,breast_cancer,1,0.15,0.05,0.1
metacog,0.9298245614035088,0.9146825396825397,0.922972972972973,0.8486684247915055,0.9034391534391535,0.9130116959064327,0.2784189762127132,0.9902492992693803,5,3,3,57782.570123672485,3.0984878540039062,breast_cancer,2,0.15,0.05,0.1
metacog,0.8421052631578947,0.7956349206349207,0.8144665461121157,0.662595343916706,0.7982804232804233,0.8102115937789479,0.4125268785528514,0.9654808723040684,5,3,3,57003.56841087341,3.206014633178711,breast_cancer,3,0.15,0.05,0.1
metacog,0.9298245614035088,0.9047619047619048,0.9210526315789473,0.8535639569308375,0.9047619047619048,0.9,0.32420614859132296,0.9799090550488756,5,3,3,54926.33390426636,1.4452934265136719,breast_cancer,4,0.15,0.05,0.1
metacog,0.805,0.5760869565217391,0.5758795062802458,0.34845909958918564,0.8462732919254659,0.5539805097451275,0.35224414805819054,0.8131964404977765,7,4,4,10949.029445648193,4.950523376464844,adult,0,0.15,0.05,0.1
metacog,0.805,0.5913325804630153,0.6010434248887525,0.3371846188159856,0.7637634105025409,0.46100790513833995,0.4402523890379214,0.8766580354991211,7,4,4,12739.397525787354,10.871171951293945,adult,1,0.15,0.05,0.1
metacog,0.8,0.5652173913043478,0.5579133510167993,0.32177789389368455,0.5652173913043478,0.33043478260869563,0.5177485492624431,1.0,3,2,2,6341.800928115845,4.340171813964844,adult,2,0.15,0.05,0.1
metacog,0.805,0.5760869565217391,0.5758795062802458,0.34845909958918564,0.5760869565217391,0.3471739130434783,0.5289958634037956,0.9989156713474379,3,2,2,6755.172967910767,8.461475372314453,adult,3,0.15,0.05,0.1
metacog,0.795,0.5543478260869565,0.5392999606719479,0.29298753307495307,0.5543478260869565,0.31369565217391304,0.5123123594125598,1.0,3,2,2,6265.87176322937,5.757570266723633,adult,4,0.15,0.05,0.1
metacog,0.3333333333333333,0.3333333333333333,0.16666666666666666,0.0,0.5,,1.0,0.9973710865078222,1,1,1,317.8067207336426,0.48279762268066406,iris,0,0.15,0.05,0.15
metacog,0.3333333333333333,0.3333333333333333,0.16666666666666666,0.0,0.5,,1.0,0.9970757773947009,1,1,1,243.41297149658203,0.5095005035400391,iris,1,0.15,0.05,0.15
metacog,0.3333333333333333,0.3333333333333333,0.16666666666666666,0.0,0.5,,1.0,0.9977269338811082,1,1,1,258.99815559387207,0.3561973571777344,iris,2,0.15,0.05,0.15
metacog,0.3333333333333333,0.3333333333333333,0.16666666666666666,0.0,0.5,,1.0,0.9961780853484691,1,1,1,269.27661895751953,0.3466606140136719,iris,3,0.15,0.05,0.15
metacog,0.3333333333333333,0.3333333333333333,0.16666666666666666,0.0,0.5,,0.8413882683090157,0.9971051500737994,1,1,1,332.05485343933105,0.6470680236816406,iris,4,0.15,0.05,0.15
metacog,0.3888888888888889,0.3333333333333333,0.18666666666666668,0.0,0.5,,0.05448551404923955,0.8356166464548431,1,1,1,2103.525400161743,0.78582763671875,wine,0,0.15,0.05,0.15
metacog,0.6111111111111112,0.6190476190476191,0.5135566188197767,0.4785101489172643,0.7938561438561439,,0.1166620945266864,0.9923821235256528,5,3,3,5658.878803253174,0.6098747253417969,wine,1,0.15,0.05,0.15
metacog,0.6111111111111112,0.6,0.5185185185185185,0.5167423893288018,0.7494949494949495,,0.3774030947679678,0.9761711209664234,5,3,3,4230.875015258789,0.5047321319580078,wine,2,0.15,0.05,0.15
metacog,0.3888888888888889,0.3333333333333333,0.18666666666666668,0.0,0.5,,0.08826130698690134,0.9716808402437557,1,1,1,2010.521650314331,0.4279613494873047,wine,3,0.15,0.05,0.15
metacog,0.3888888888888889,0.3333333333333333,0.18666666666666668,0.0,0.5,,0.06047926749204607,0.8796421389376234,1,1,1,2008.0013275146484,0.47469139099121094,wine,4,0.15,0.05,0.15
metacog,0.9473684210526315,0.9487012987012987,0.9449275362318841,0.8904905361044291,0.9512987012987013,0.9514896867838044,0.2128605955282232,0.9904241124341877,5,3,3,57685.373067855835,2.060413360595703,breast_cancer,0,0.15,0.05,0.15
metacog,0.9824561403508771,0.9772727272727273,0.981329839502129,0.9633432944855655,0.9772727272727273,0.9722222222222222,0.2972640601417964,0.9858737888548949,5,3,3,57900.89130401611,3.039121627807617,breast_cancer,1,0.15,0.05,0.15
metacog,0.9298245614035088,0.9146825396825397,0.922972972972973,0.8486684247915055,0.9034391534391535,0.9130116959064327,0.2784189762127132,0.9902492992693803,5,3,3,58573.62389564514,2.08282470703125,breast_cancer,2,0.15,0.05,0.15
metacog,0.8421052631578947,0.7956349206349207,0.8144665461121157,0.662595343916706,0.7982804232804233,0.8102115937789479,0.4125268785528514,0.9654808723040684,5,3,3,57244.89641189575,1.5254020690917969,breast_cancer,3,0.15,0.05,0.15
metacog,0.9298245614035088,0.9047619047619048,0.9210526315789473,0.8535639569308375,0.9047619047619048,0.9,0.32420614859132296,0.9799090550488756,5,3,3,55322.365045547485,1.516103744506836,breast_cancer,4,0.15,0.05,0.15
metacog,0.805,0.5760869565217391,0.5758795062802458,0.34845909958918564,0.8462732919254659,0.5539805097451275,0.35224414805819054,0.8131964404977765,7,4,4,10858.161211013794,7.192134857177734,adult,0,0.15,0.05,0.15
metacog,0.805,0.5913325804630153,0.6010434248887525,0.3371846188159856,0.7637634105025409,0.46100790513833995,0.4402523890379214,0.8766580354991211,7,4,4,11926.436424255371,5.695343017578125,adult,1,0.15,0.05,0.15
metacog,0.8,0.5652173913043478,0.5579133510167993,0.32177789389368455,0.5652173913043478,0.33043478260869563,0.5177485492624431,1.0,3,2,2,5999.80902671814,4.598140716552734,adult,2,0.15,0.05,0.15
metacog,0.805,0.5760869565217391,0.5758795062802458,0.34845909958918564,0.5760869565217391,0.3471739130434783,0.5289958634037956,0.9989156713474379,3,2,2,6025.596857070923,4.701375961303711,adult,3,0.15,0.05,0.15
metacog,0.795,0.5543478260869565,0.5392999606719479,0.29298753307495307,0.5543478260869565,0.31369565217391304,0.5123123594125598,1.0,3,2,2,6019.868850708008,5.029916763305664,adult,4,0.15,0.05,0.15
metacog,0.3333333333333333,0.3333333333333333,0.16666666666666666,0.0,0.5,,1.0,0.9973710865078222,1,1,1,279.5217037200928,0.3695487976074219,iris,0,0.15,0.05,0.2
metacog,0.3333333333333333,0.3333333333333333,0.16666666666666666,0.0,0.5,,1.0,0.9970757773947009,1,1,1,239.4404411315918,0.36072731018066406,iris,1,0.15,0.05,0.2
metacog,0.3333333333333333,0.3333333333333333,0.16666666666666666,0.0,0.5,,1.0,0.9977269338811082,1,1,1,259.24110412597656,0.6504058837890625,iris,2,0.15,0.05,0.2
metacog,0.3333333333333333,0.3333333333333333,0.16666666666666666,0.0,0.5,,1.0,0.9961780853484691,1,1,1,288.07687759399414,0.36907196044921875,iris,3,0.15,0.05,0.2
metacog,0.3333333333333333,0.3333333333333333,0.16666666666666666,0.0,0.5,,0.8413882683090157,0.9971051500737994,1,1,1,348.3607769012451,0.6737709045410156,iris,4,0.15,0.05,0.2
metacog,0.3888888888888889,0.3333333333333333,0.18666666666666668,0.0,0.5,,0.05448551404923955,0.8356166464548431,1,1,1,2111.823558807373,0.8044242858886719,wine,0,0.15,0.05,0.2
metacog,0.3888888888888889,0.3333333333333333,0.18666666666666668,0.0,0.5,,0.10808918016984967,0.9836413568501193,1,1,1,1969.7129726409912,0.4286766052246094,wine,1,0.15,0.05,0.2
metacog,0.6111111111111112,0.6,0.5185185185185185,0.5167423893288018,0.7494949494949495,,0.3774030947679678,0.9761711209664234,5,3,3,4256.170272827148,0.5233287811279297,wine,2,0.15,0.05,0.2
metacog,0.3888888888888889,0.3333333333333333,0.18666666666666668,0.0,0.5,,0.08826130698690134,0.9716808402437557,1,1,1,2008.803129196167,0.4258155822753906,wine,3,0.15,0.05,0.2
metacog,0.3888888888888889,0.3333333333333333,0.18666666666666668,0.0,0.5,,0.06047926749204607,0.8796421389376234,1,1,1,2056.6017627716064,0.6709098815917969,wine,4,0.15,0.05,0.2
metacog,0.9473684210526315,0.9487012987012987,0.9449275362318841,0.8904905361044291,0.9512987012987013,0.9514896867838044,0.2128605955282232,0.9904241124341877,5,3,3,57966.556787490845,3.1690597534179688,breast_cancer,0,0.15,0.05,0.2
metacog,0.9824561403508771,0.9772727272727273,0.981329839502129,0.9633432944855655,0.9772727272727273,0.9722222222222222,0.2972640601417964,0.9858737888548949,5,3,3,58497.34354019165,3.0303001403808594,breast_cancer,1,0.15,0.05,0.2
metacog,0.631578947368421,0.5,0.3870967741935484,0.0,0.5,0.631578947368421,0.0971257789267817,0.9978297494359547,1,1,1,22497.64060974121,1.2238025665283203,breast_cancer,2,0.15,0.05,0.2
metacog,0.8421052631578947,0.7956349206349207,0.8144665461121157,0.662595343916706,0.7982804232804233,0.8102115937789479,0.4125268785528514,0.9654808723040684,5,3,3,58282.98354148865,1.4350414276123047,breast_cancer,3,0.15,0.05,0.2
metacog,0.9298245614035088,0.9047619047619048,0.9210526315789473,0.8535639569308375,0.9047619047619048,0.9,0.32420614859132296,0.9799090550488756,5,3,3,56819.89645957947,2.8562545776367188,breast_cancer,4,0.15,0.05,0.2
metacog,0.805,0.5760869565217391,0.5758795062802458,0.34845909958918564,0.8462732919254659,0.5539805097451275,0.35224414805819054,0.8131964404977765,7,4,4,11558.168649673462,5.938529968261719,adult,0,0.15,0.05,0.2
metacog,0.805,0.5913325804630153,0.6010434248887525,0.3371846188159856,0.7637634105025409,0.46100790513833995,0.4402523890379214,0.8766580354991211,7,4,4,13536.865711212158,5.492210388183594,adult,1,0.15,0.05,0.2
metacog,0.8,0.5652173913043478,0.5579133510167993,0.32177789389368455,0.5652173913043478,0.33043478260869563,0.5177485492624431,1.0,3,2,2,6804.720878601074,4.299402236938477,adult,2,0.15,0.05,0.2
metacog,0.805,0.5760869565217391,0.5758795062802458,0.34845909958918564,0.5760869565217391,0.3471739130434783,0.5289958634037956,0.9989156713474379,3,2,2,6866.278409957886,5.852222442626953,adult,3,0.15,0.05,0.2
metacog,0.795,0.5543478260869565,0.5392999606719479,0.29298753307495307,0.5543478260869565,0.31369565217391304,0.5123123594125598,1.0,3,2,2,6452.371835708618,4.401206970214844,adult,4,0.15,0.05,0.2
metacog,0.3333333333333333,0.3333333333333333,0.16666666666666666,0.0,0.5,,1.0,0.9973710865078222,1,1,1,280.2624702453613,0.74005126953125,iris,0,0.15,0.05,0.3
metacog,0.3333333333333333,0.3333333333333333,0.16666666666666666,0.0,0.5,,1.0,0.9970757773947009,1,1,1,266.4937973022461,0.4105567932128906,iris,1,0.15,0.05,0.3
metacog,0.3333333333333333,0.3333333333333333,0.16666666666666666,0.0,0.5,,1.0,0.9977269338811082,1,1,1,273.71811866760254,0.35381317138671875,iris,2,0.15,0.05,0.3
metacog,0.3333333333333333,0.3333333333333333,0.16666666666666666,0.0,0.5,,1.0,0.9961780853484691,1,1,1,273.9105224609375,0.3871917724609375,iris,3,0.15,0.05,0.3
metacog,0.3333333333333333,0.3333333333333333,0.16666666666666666,0.0,0.5,,0.8413882683090157,0.9971051500737994,1,1,1,341.28403663635254,0.3612041473388672,iris,4,0.15,0.05,0.3
metacog,0.3888888888888889,0.3333333333333333,0.18666666666666668,0.0,0.5,,0.05448551404923955,0.8356166464548431,1,1,1,2097.456693649292,0.5540847778320312,wine,0,0.15,0.05,0.3
metacog,0.3888888888888889,0.3333333333333333,0.18666666666666668,0.0,0.5,,0.10808918016984967,0.9836413568501193,1,1,1,2102.511405944824,0.8471012115478516,wine,1,0.15,0.05,0.3
metacog,0.6111111111111112,0.6,0.5185185185185185,0.5167423893288018,0.7494949494949495,,0.3774030947679678,0.9761711209664234,5,3,3,4309.300661087036,0.5562305450439453,wine,2,0.15,0.05,0.3
metacog,0.3888888888888889,0.3333333333333333,0.18666666666666668,0.0,0.5,,0.08826130698690134,0.9716808402437557,1,1,1,2079.216718673706,0.42819976806640625,wine,3,0.15,0.05,0.3
metacog,0.3888888888888889,0.3333333333333333,0.18666666666666668,0.0,0.5,,0.06047926749204607,0.8796421389376234,1,1,1,1982.0098876953125,0.7443428039550781,wine,4,0.15,0.05,0.3
metacog,0.9473684210526315,0.9487012987012987,0.9449275362318841,0.8904905361044291,0.9512987012987013,0.9514896867838044,0.2128605955282232,0.9904241124341877,5,3,3,57641.49475097656,1.428842544555664,breast_cancer,0,0.15,0.05,0.3
metacog,0.9824561403508771,0.9772727272727273,0.981329839502129,0.9633432944855655,0.9772727272727273,0.9722222222222222,0.2972640601417964,0.9858737888548949,5,3,3,58467.53716468811,1.4657974243164062,breast_cancer,1,0.15,0.05,0.3
metacog,0.631578947368421,0.5,0.3870967741935484,0.0,0.5,0.631578947368421,0.0971257789267817,0.9978297494359547,1,1,1,22543.282747268677,1.1572837829589844,breast_cancer,2,0.15,0.05,0.3
metacog,0.8421052631578947,0.7956349206349207,0.8144665461121157,0.662595343916706,0.7982804232804233,0.8102115937789479,0.4125268785528514,0.9654808723040684,5,3,3,58084.02347564697,1.4481544494628906,breast_cancer,3,0.15,0.05,0.3
metacog,0.9298245614035088,0.9047619047619048,0.9210526315789473,0.8535639569308375,0.9047619047619048,0.9,0.32420614859132296,0.9799090550488756,5,3,3,56669.9059009552,1.4357566833496094,breast_cancer,4,0.15,0.05,0.3
metacog,0.8,0.5652173913043478,0.5579133510167993,0.32177789389368455,0.5652173913043478,0.33043478260869563,0.5541350673001662,1.0,3,2,2,6869.162321090698,5.785465240478516,adult,0,0.15,0.05,0.3
metacog,0.805,0.5913325804630153,0.6010434248887525,0.3371846188159856,0.7637634105025409,0.46100790513833995,0.4402523890379214,0.8766580354991211,7,4,4,13445.4185962677,7.050514221191406,adult,1,0.15,0.05,0.3
metacog,0.8,0.5652173913043478,0.5579133510167993,0.32177789389368455,0.5652173913043478,0.33043478260869563,0.5177485492624431,1.0,3,2,2,6900.9153842926025,4.355669021606445,adult,2,0.15,0.05,0.3
metacog,0.805,0.5760869565217391,0.5758795062802458,0.34845909958918564,0.5760869565217391,0.3471739130434783,0.5289958634037956,0.9989156713474379,3,2,2,6828.115701675415,5.849599838256836,adult,3,0.15,0.05,0.3
metacog,0.795,0.5543478260869565,0.5392999606719479,0.29298753307495307,0.5543478260869565,0.31369565217391304,0.5123123594125598,1.0,3,2,2,6814.595699310303,6.351470947265625,adult,4,0.15,0.05,0.3
metacog,0.3333333333333333,0.3333333333333333,0.16666666666666666,0.0,0.5,,1.0,0.9973710865078222,1,1,1,301.35130882263184,0.5860328674316406,iris,0,0.15,0.05,0.4
metacog,0.3333333333333333,0.3333333333333333,0.16666666666666666,0.0,0.5,,1.0,0.9970757773947009,1,1,1,285.4642868041992,0.3674030303955078,iris,1,0.15,0.05,0.4
metacog,0.3333333333333333,0.3333333333333333,0.16666666666666666,0.0,0.5,,1.0,0.9977269338811082,1,1,1,245.95308303833008,0.5166530609130859,iris,2,0.15,0.05,0.4
metacog,0.3333333333333333,0.3333333333333333,0.16666666666666666,0.0,0.5,,1.0,0.9961780853484691,1,1,1,272.91417121887207,0.3566741943359375,iris,3,0.15,0.05,0.4
metacog,0.3333333333333333,0.3333333333333333,0.16666666666666666,0.0,0.5,,0.8413882683090157,0.9971051500737994,1,1,1,347.35703468322754,0.3826618194580078,iris,4,0.15,0.05,0.4
metacog,0.3888888888888889,0.3333333333333333,0.18666666666666668,0.0,0.5,,0.05448551404923955,0.8356166464548431,1,1,1,2141.0772800445557,0.8676052093505859,wine,0,0.15,0.05,0.4
metacog,0.3888888888888889,0.3333333333333333,0.18666666666666668,0.0,0.5,,0.10808918016984967,0.9836413568501193,1,1,1,2074.399948120117,0.41675567626953125,wine,1,0.15,0.05,0.4
metacog,0.3888888888888889,0.3333333333333333,0.18666666666666668,0.0,0.5,,0.12637829618825452,0.9628190126221114,1,1,1,2100.6388664245605,0.4012584686279297,wine,2,0.15,0.05,0.4
metacog,0.3888888888888889,0.3333333333333333,0.18666666666666668,0.0,0.5,,0.08826130698690134,0.9716808402437557,1,1,1,2054.392099380493,0.4260540008544922,wine,3,0.15,0.05,0.4
metacog,0.3888888888888889,0.3333333333333333,0.18666666666666668,0.0,0.5,,0.06047926749204607,0.8796421389376234,1,1,1,2109.9584102630615,0.9105205535888672,wine,4,0.15,0.05,0.4
metacog,0.6140350877192983,0.5,0.3804347826086957,0.0,0.5,0.6140350877192983,0.16888261642988234,0.996438889669009,1,1,1,22410.476446151733,1.1565685272216797,breast_cancer,0,0.15,0.05,0.4
metacog,0.6140350877192983,0.5,0.3804347826086957,0.0,0.5,0.6140350877192983,0.17301101243890643,0.9800388511449721,1,1,1,22401.51071548462,2.490520477294922,breast_cancer,1,0.15,0.05,0.4
metacog,0.631578947368421,0.5,0.3870967741935484,0.0,0.5,0.631578947368421,0.0971257789267817,0.9978297494359547,1,1,1,22460.124254226685,1.4944076538085938,breast_cancer,2,0.15,0.05,0.4
metacog,0.8421052631578947,0.7956349206349207,0.8144665461121157,0.662595343916706,0.7982804232804233,0.8102115937789479,0.4125268785528514,0.9654808723040684,5,3,3,58924.03864860535,3.1719207763671875,breast_cancer,3,0.15,0.05,0.4
metacog,0.9298245614035088,0.9047619047619048,0.9210526315789473,0.8535639569308375,0.9047619047619048,0.9,0.32420614859132296,0.9799090550488756,5,3,3,59153.34606170654,2.7892589569091797,breast_cancer,4,0.15,0.05,0.4
metacog,0.8,0.5652173913043478,0.5579133510167993,0.32177789389368455,0.5652173913043478,0.33043478260869563,0.5541350673001662,1.0,3,2,2,7274.859189987183,6.633281707763672,adult,0,0.15,0.05,0.4
metacog,0.805,0.5913325804630153,0.6010434248887525,0.3371846188159856,0.7637634105025409,0.46100790513833995,0.4402523890379214,0.8766580354991211,7,4,4,14468.704462051392,5.253314971923828,adult,1,0.15,0.05,0.4
metacog,0.8,0.5652173913043478,0.5579133510167993,0.32177789389368455,0.5652173913043478,0.33043478260869563,0.5177485492624431,1.0,3,2,2,7285.482406616211,4.537105560302734,adult,2,0.15,0.05,0.4
metacog,0.805,0.5760869565217391,0.5758795062802458,0.34845909958918564,0.5760869565217391,0.3471739130434783,0.5289958634037956,0.9989156713474379,3,2,2,7289.244174957275,7.09080696105957,adult,3,0.15,0.05,0.4
metacog,0.795,0.5543478260869565,0.5392999606719479,0.29298753307495307,0.5543478260869565,0.31369565217391304,0.5123123594125598,1.0,3,2,2,7333.683252334595,7.798671722412109,adult,4,0.15,0.05,0.4
metacog,0.3333333333333333,0.3333333333333333,0.16666666666666666,0.0,0.5,,1.0,0.9973710865078222,1,1,1,266.7984962463379,0.3628730773925781,iris,0,0.15,0.05,0.5
metacog,0.3333333333333333,0.3333333333333333,0.16666666666666666,0.0,0.5,,1.0,0.9970757773947009,1,1,1,270.13397216796875,0.3457069396972656,iris,1,0.15,0.05,0.5
metacog,0.3333333333333333,0.3333333333333333,0.16666666666666666,0.0,0.5,,1.0,0.9977269338811082,1,1,1,263.9179229736328,0.7562637329101562,iris,2,0.15,0.05,0.5
metacog,0.3333333333333333,0.3333333333333333,0.16666666666666666,0.0,0.5,,1.0,0.9961780853484691,1,1,1,253.432035446167,0.4792213439941406,iris,3,0.15,0.05,0.5
metacog,0.3333333333333333,0.3333333333333333,0.16666666666666666,0.0,0.5,,0.8413882683090157,0.9971051500737994,1,1,1,347.7647304534912,0.3781318664550781,iris,4,0.15,0.05,0.5
metacog,0.3888888888888889,0.3333333333333333,0.18666666666666668,0.0,0.5,,0.05448551404923955,0.8356166464548431,1,1,1,2027.158498764038,0.4315376281738281,wine,0,0.15,0.05,0.5
metacog,0.3888888888888889,0.3333333333333333,0.18666666666666668,0.0,0.5,,0.10808918016984967,0.9836413568501193,1,1,1,2095.421314239502,0.4329681396484375,wine,1,0.15,0.05,0.5
metacog,0.3888888888888889,0.3333333333333333,0.18666666666666668,0.0,0.5,,0.12637829618825452,0.9628190126221114,1,1,1,2147.670030593872,0.8454322814941406,wine,2,0.15,0.05,0.5
metacog,0.3888888888888889,0.3333333333333333,0.18666666666666668,0.0,0.5,,0.08826130698690134,0.9716808402437557,1,1,1,2137.8228664398193,0.42057037353515625,wine,3,0.15,0.05,0.5
metacog,0.3888888888888889,0.3333333333333333,0.18666666666666668,0.0,0.5,,0.06047926749204607,0.8796421389376234,1,1,1,2080.5983543395996,0.4074573516845703,wine,4,0.15,0.05,0.5
metacog,0.6140350877192983,0.5,0.3804347826086957,0.0,0.5,0.6140350877192983,0.16888261642988234,0.996438889669009,1,1,1,22615.978240966797,1.1873245239257812,breast_cancer,0,0.15,0.05,0.5
metacog,0.6140350877192983,0.5,0.3804347826086957,0.0,0.5,0.6140350877192983,0.17301101243890643,0.9800388511449721,1,1,1,22468.766689300537,2.3801326751708984,breast_cancer,1,0.15,0.05,0.5
metacog,0.631578947368421,0.5,0.3870967741935484,0.0,0.5,0.631578947368421,0.0971257789267817,0.9978297494359547,1,1,1,22384.96232032776,1.3132095336914062,breast_cancer,2,0.15,0.05,0.5
metacog,0.8421052631578947,0.7956349206349207,0.8144665461121157,0.662595343916706,0.7982804232804233,0.8102115937789479,0.4125268785528514,0.9654808723040684,5,3,3,58306.169509887695,1.462697982788086,breast_cancer,3,0.15,0.05,0.5
metacog,0.9298245614035088,0.9047619047619048,0.9210526315789473,0.8535639569308375,0.9047619047619048,0.9,0.32420614859132296,0.9799090550488756,5,3,3,58657.61852264404,1.7018318176269531,breast_cancer,4,0.15,0.05,0.5
metacog,0.8,0.5652173913043478,0.5579133510167993,0.32177789389368455,0.5652173913043478,0.33043478260869563,0.5541350673001662,1.0,3,2,2,7264.2457485198975,5.098819732666016,adult,0,0.15,0.05,0.5
metacog,0.805,0.5913325804630153,0.6010434248887525,0.3371846188159856,0.7637634105025409,0.46100790513833995,0.4402523890379214,0.8766580354991211,7,4,4,14194.262027740479,5.369901657104492,adult,1,0.15,0.05,0.5
metacog,0.8,0.5652173913043478,0.5579133510167993,0.32177789389368455,0.5652173913043478,0.33043478260869563,0.5177485492624431,1.0,3,2,2,7220.046520233154,4.703283309936523,adult,2,0.15,0.05,0.5
metacog,0.805,0.5760869565217391,0.5758795062802458,0.34845909958918564,0.5760869565217391,0.3471739130434783,0.5289958634037956,0.9989156713474379,3,2,2,7172.788619995117,4.552125930786133,adult,3,0.15,0.05,0.5
metacog,0.795,0.5543478260869565,0.5392999606719479,0.29298753307495307,0.5543478260869565,0.31369565217391304,0.5123123594125598,1.0,3,2,2,7445.6212520599365,5.3501129150390625,adult,4,0.15,0.05,0.5
metacog,0.6666666666666666,0.6666666666666666,0.5555555555555555,0.6123724356957945,0.8333333333333334,,0.5087148216635994,0.9931689782126119,3,2,2,499.73440170288086,0.46324729919433594,iris,0,0.15,0.07,0.0
metacog,0.6666666666666666,0.6666666666666666,0.5555555555555555,0.6123724356957945,0.8333333333333334,,0.5053783704402405,0.9846235543341044,3,2,2,445.89805603027344,0.43392181396484375,iris,1,0.15,0.07,0.0
metacog,0.6666666666666666,0.6666666666666666,0.5555555555555555,0.6123724356957945,0.8333333333333334,,0.5003001606412475,0.9925327311980254,3,2,2,582.0307731628418,0.4858970642089844,iris,2,0.15,0.07,0.0
metacog,0.6666666666666666,0.6666666666666666,0.5555555555555555,0.6123724356957945,0.8333333333333334,,0.5053783704402405,0.9923855873540359,3,2,2,534.618616104126,0.7762908935546875,iris,3,0.15,0.07,0.0
metacog,0.8666666666666667,0.8666666666666667,0.8666666666666667,0.8,0.9166666666666666,,0.4295544454919649,0.9728009417627567,5,3,3,654.4482707977295,0.7722377777099609,iris,4,0.15,0.07,0.0
metacog,0.3888888888888889,0.3333333333333333,0.18666666666666668,0.0,0.5,,0.05448551404923955,0.8356166464548431,1,1,1,2032.8593254089355,0.8633136749267578,wine,0,0.15,0.07,0.0
metacog,0.6111111111111112,0.6190476190476191,0.5135566188197767,0.4785101489172643,0.7938561438561439,,0.1166620945266864,0.9923821235256528,5,3,3,5752.659559249878,1.1205673217773438,wine,1,0.15,0.07,0.0
metacog,0.6111111111111112,0.6,0.5185185185185185,0.5167423893288018,0.7494949494949495,,0.3774030947679678,0.9761711209664234,5,3,3,4285.6714725494385,0.5059242248535156,wine,2,0.15,0.07,0.0
metacog,0.6666666666666666,0.6666666666666666,0.5666666666666667,0.5995445191824106,0.8387445887445887,,0.28708262043670824,0.9870125191045439,5,3,3,4450.363397598267,0.5435943603515625,wine,3,0.15,0.07,0.0
metacog,0.3888888888888889,0.3333333333333333,0.18666666666666668,0.0,0.5,,0.06047926749204607,0.8796421389376234,1,1,1,2139.0652656555176,0.4286766052246094,wine,4,0.15,0.07,0.0
metacog,0.9473684210526315,0.9487012987012987,0.9449275362318841,0.8904905361044291,0.9512987012987013,0.9514896867838044,0.21358133163914025,0.9888872175996579,5,3,3,57660.290241241455,3.124237060546875,breast_cancer,0,0.15,0.07,0.0
metacog,0.9824561403508771,0.9772727272727273,0.981329839502129,0.9633432944855655,0.9772727272727273,0.9722222222222222,0.2977781401192274,0.9858737888548949,5,3,3,58197.97611236572,1.4562606811523438,breast_cancer,1,0.15,0.07,0.0
metacog,0.9298245614035088,0.9146825396825397,0.922972972972973,0.8486684247915055,0.9034391534391535,0.9130116959064327,0.2798662637828419,0.9830167275941617,5,3,3,58036.24749183655,1.4696121215820312,breast_cancer,2,0.15,0.07,0.0
metacog,0.8421052631578947,0.7956349206349207,0.8144665461121157,0.662595343916706,0.7982804232804233,0.8102115937789479,0.4142019566762563,0.9709976809823655,5,3,3,57360.536098480225,1.5666484832763672,breast_cancer,3,0.15,0.07,0.0
metacog,0.9298245614035088,0.9047619047619048,0.9210526315789473,0.8535639569308375,0.9047619047619048,0.9,0.3303387131174819,0.959075996239208,5,3,3,54401.036977767944,1.44195556640625,breast_cancer,4,0.15,0.07,0.0
metacog,0.805,0.5760869565217391,0.5758795062802458,0.34845909958918564,0.8462732919254659,0.5539805097451275,0.3610877650183528,0.8101232785846226,7,4,4,10347.152471542358,4.847288131713867,adult,0,0.15,0.07,0.0
metacog,0.805,0.5913325804630153,0.6010434248887525,0.3371846188159856,0.7637634105025409,0.46100790513833995,0.44062217910693524,0.8797266491742846,7,4,4,12038.298845291138,5.831003189086914,adult,1,0.15,0.07,0.0
metacog,0.8,0.5652173913043478,0.5579133510167993,0.32177789389368455,0.5652173913043478,0.33043478260869563,0.5177485492624431,1.0,3,2,2,6092.017650604248,4.31370735168457,adult,2,0.15,0.07,0.0
metacog,0.805,0.5760869565217391,0.5758795062802458,0.34845909958918564,0.5760869565217391,0.3471739130434783,0.5289958634037956,1.0,3,2,2,6073.724985122681,6.7901611328125,adult,3,0.15,0.07,0.0
metacog,0.795,0.5543478260869565,0.5392999606719479,0.29298753307495307,0.5543478260869565,0.31369565217391304,0.5123123594125598,1.0,3,2,2,6077.630996704102,4.29987907409668,adult,4,0.15,0.07,0.0
metacog,0.3333333333333333,0.3333333333333333,0.16666666666666666,0.0,0.5,,1.0,0.9973710865078222,1,1,1,305.556058883667,0.7188320159912109,iris,0,0.15,0.07,0.1
metacog,0.3333333333333333,0.3333333333333333,0.16666666666666666,0.0,0.5,,1.0,0.9970757773947009,1,1,1,269.06418800354004,0.3628730773925781,iris,1,0.15,0.07,0.1
metacog,0.3333333333333333,0.3333333333333333,0.16666666666666666,0.0,0.5,,1.0,0.9977269338811082,1,1,1,264.96028900146484,0.4119873046875,iris,2,0.15,0.07,0.1
metacog,0.3333333333333333,0.3333333333333333,0.16666666666666666,0.0,0.5,,1.0,0.9961780853484691,1,1,1,274.0480899810791,0.7636547088623047,iris,3,0.15,0.07,0.1
metacog,0.3333333333333333,0.3333333333333333,0.16666666666666666,0.0,0.5,,0.8413882683090157,0.9971051500737994,1,1,1,324.4504928588867,0.3619194030761719,iris,4,0.15,0.07,0.1
metacog,0.3888888888888889,0.3333333333333333,0.18666666666666668,0.0,0.5,,0.05448551404923955,0.8356166464548431,1,1,1,2050.490140914917,0.6887912750244141,wine,0,0.15,0.07,0.1
metacog,0.6111111111111112,0.6190476190476191,0.5135566188197767,0.4785101489172643,0.7938561438561439,,0.1166620945266864,0.9923821235256528,5,3,3,5846.217632293701,0.6556510925292969,wine,1,0.15,0.07,0.1
metacog,0.6111111111111112,0.6,0.5185185185185185,0.5167423893288018,0.7494949494949495,,0.3774030947679678,0.9761711209664234,5,3,3,4290.311574935913,1.0340213775634766,wine,2,0.15,0.07,0.1
metacog,0.3888888888888889,0.3333333333333333,0.18666666666666668,0.0,0.5,,0.08826130698690134,0.9716808402437557,1,1,1,2055.164575576782,0.43773651123046875,wine,3,0.15,0.07,0.1
metacog,0.3888888888888889,0.3333333333333333,0.18666666666666668,0.0,0.5,,0.06047926749204607,0.8796421389376234,1,1,1,2207.0674896240234,0.4076957702636719,wine,4,0.15,0.07,0.1
metacog,0.9473684210526315,0.9487012987012987,0.9449275362318841,0.8904905361044291,0.9512987012987013,0.9514896867838044,0.2128605955282232,0.9904241124341877,5,3,3,58075.94418525696,1.5268325805664062,breast_cancer,0,0.15,0.07,0.1
metacog,0.9824561403508771,0.9772727272727273,0.981329839502129,0.9633432944855655,0.9772727272727273,0.9722222222222222,0.2972640601417964,0.9858737888548949,5,3,3,58107.27763175964,1.4314651489257812,breast_cancer,1,0.15,0.07,0.1
metacog,0.631578947368421,0.5,0.3870967741935484,0.0,0.5,0.631578947368421,0.0971257789267817,0.9978297494359547,1,1,1,22332.250118255615,2.2614002227783203,breast_cancer,2,0.15,0.07,0.1
metacog,0.8421052631578947,0.7956349206349207,0.8144665461121157,0.662595343916706,0.7982804232804233,0.8102115937789479,0.4125268785528514,0.9654808723040684,5,3,3,57874.037981033325,1.5749931335449219,breast_cancer,3,0.15,0.07,0.1
metacog,0.9298245614035088,0.9047619047619048,0.9210526315789473,0.8535639569308375,0.9047619047619048,0.9,0.32420614859132296,0.9799090550488756,5,3,3,55917.37914085388,2.9501914978027344,breast_cancer,4,0.15,0.07,0.1
metacog,0.8,0.5652173913043478,0.5579133510167993,0.32177789389368455,0.5652173913043478,0.33043478260869563,0.5541350673001662,1.0,3,2,2,6845.727205276489,4.372119903564453,adult,0,0.15,0.07,0.1
metacog,0.805,0.5913325804630153,0.6010434248887525,0.3371846188159856,0.7637634105025409,0.46100790513833995,0.4402523890379214,0.8766580354991211,7,4,4,13467.951536178589,6.0405731201171875,adult,1,0.15,0.07,0.1
metacog,0.8,0.5652173913043478,0.5579133510167993,0.32177789389368455,0.5652173913043478,0.33043478260869563,0.5177485492624431,1.0,3,2,2,6832.08703994751,6.002902984619141,adult,2,0.15,0.07,0.1
metacog,0.805,0.5760869565217391,0.5758795062802458,0.34845909958918564,0.5760869565217391,0.3471739130434783,0.5289958634037956,0.9989156713474379,3,2,2,6742.039680480957,4.399538040161133,adult,3,0.15,0.07,0.1
metacog,0.795,0.5543478260869565,0.5392999606719479,0.29298753307495307,0.5543478260869565,0.31369565217391304,0.5123123594125598,1.0,3,2,2,6423.563718795776,7.512092590332031,adult,4,0.15,0.07,0.1
metacog,0.3333333333333333,0.3333333333333333,0.16666666666666666,0.0,0.5,,1.0,0.9973710865078222,1,1,1,284.02042388916016,0.39458274841308594,iris,0,0.15,0.07,0.15
metacog,0.3333333333333333,0.3333333333333333,0.16666666666666666,0.0,0.5,,1.0,0.9970757773947009,1,1,1,253.0837059020996,0.3457069396972656,iris,1,0.15,0.07,0.15
metacog,0.3333333333333333,0.3333333333333333,0.16666666666666666,0.0,0.5,,1.0,0.9977269338811082,1,1,1,273.87285232543945,0.3688335418701172,iris,2,0.15,0.07,0.15
metacog,0.3333333333333333,0.3333333333333333,0.16666666666666666,0.0,0.5,,1.0,0.9961780853484691,1,1,1,293.8978672027588,0.40793418884277344,iris,3,0.15,0.07,0.15
metacog,0.3333333333333333,0.3333333333333333,0.16666666666666666,0.0,0.5,,0.8413882683090157,0.9971051500737994,1,1,1,328.55820655822754,0.7166862487792969,iris,4,0.15,0.07,0.15
metacog,0.3888888888888889,0.3333333333333333,0.18666666666666668,0.0,0.5,,0.05448551404923955,0.8356166464548431,1,1,1,2039.5352840423584,0.8170604705810547,wine,0,0.15,0.07,0.15
metacog,0.3888888888888889,0.3333333333333333,0.18666666666666668,0.0,0.5,,0.10808918016984967,0.9836413568501193,1,1,1,2043.121099472046,0.43010711669921875,wine,1,0.15,0.07,0.15
metacog,0.6111111111111112,0.6,0.5185185185185185,0.5167423893288018,0.7494949494949495,,0.3774030947679678,0.9761711209664234,5,3,3,4300.671100616455,0.5373954772949219,wine,2,0.15,0.07,0.15
metacog,0.3888888888888889,0.3333333333333333,0.18666666666666668,0.0,0.5,,0.08826130698690134,0.9716808402437557,1,1,1,2087.0251655578613,0.4057884216308594,wine,3,0.15,0.07,0.15
metacog,0.3888888888888889,0.3333333333333333,0.18666666666666668,0.0,0.5,,0.06047926749204607,0.8796421389376234,1,1,1,2009.1884136199951,0.40602684020996094,wine,4,0.15,0.07,0.15
metacog,0.9473684210526315,0.9487012987012987,0.9449275362318841,0.8904905361044291,0.9512987012987013,0.9514896867838044,0.2128605955282232,0.9904241124341877,5,3,3,57358.98280143738,1.4901161193847656,breast_cancer,0,0.15,0.07,0.15
metacog,0.9824561403508771,0.9772727272727273,0.981329839502129,0.9633432944855655,0.9772727272727273,0.9722222222222222,0.2972640601417964,0.9858737888548949,5,3,3,57954.394817352295,1.4586448669433594,breast_cancer,1,0.15,0.07,0.15
metacog,0.631578947368421,0.5,0.3870967741935484,0.0,0.5,0.631578947368421,0.0971257789267817,0.9978297494359547,1,1,1,22120.7332611084,1.5430450439453125,breast_cancer,2,0.15,0.07,0.15
metacog,0.8421052631578947,0.7956349206349207,0.8144665461121157,0.662595343916706,0.7982804232804233,0.8102115937789479,0.4125268785528514,0.9654808723040684,5,3,3,57063.20667266846,1.565694808959961,breast_cancer,3,0.15,0.07,0.15
metacog,0.9298245614035088,0.9047619047619048,0.9210526315789473,0.8535639569308375,0.9047619047619048,0.9,0.32420614859132296,0.9799090550488756,5,3,3,55673.22754859924,1.4178752899169922,breast_cancer,4,0.15,0.07,0.15
metacog,0.8,0.5652173913043478,0.5579133510167993,0.32177789389368455,0.5652173913043478,0.33043478260869563,0.5541350673001662,1.0,3,2,2,6643.605947494507,4.331350326538086,adult,0,0.15,0.07,0.15
metacog,0.805,0.5913325804630153,0.6010434248887525,0.3371846188159856,0.7637634105025409,0.46100790513833995,0.4402523890379214,0.8766580354991211,7,4,4,13398.604393005371,8.206605911254883,adult,1,0.15,0.07,0.15
metacog,0.8,0.5652173913043478,0.5579133510167993,0.32177789389368455,0.5652173913043478,0.33043478260869563,0.5177485492624431,1.0,3,2,2,6727.948427200317,8.36324691772461,adult,2,0.15,0.07,0.15
metacog,0.805,0.5760869565217391,0.5758795062802458,0.34845909958918564,0.5760869565217391,0.3471739130434783,0.5289958634037956,0.9989156713474379,3,2,2,6761.222839355469,4.317998886108398,adult,3,0.15,0.07,0.15
metacog,0.795,0.5543478260869565,0.5392999606719479,0.29298753307495307,0.5543478260869565,0.31369565217391304,0.5123123594125598,1.0,3,2,2,6801.966190338135,4.300117492675781,adult,4,0.15,0.07,0.15
metacog,0.3333333333333333,0.3333333333333333,0.16666666666666666,0.0,0.5,,1.0,0.9973710865078222,1,1,1,290.6756401062012,0.35953521728515625,iris,0,0.15,0.07,0.2
metacog,0.3333333333333333,0.3333333333333333,0.16666666666666666,0.0,0.5,,1.0,0.9970757773947009,1,1,1,265.07115364074707,0.7121562957763672,iris,1,0.15,0.07,0.2
metacog,0.3333333333333333,0.3333333333333333,0.16666666666666666,0.0,0.5,,1.0,0.9977269338811082,1,1,1,288.06066513061523,0.7069110870361328,iris,2,0.15,0.07,0.2
metacog,0.3333333333333333,0.3333333333333333,0.16666666666666666,0.0,0.5,,1.0,0.9961780853484691,1,1,1,285.3848934173584,0.9753704071044922,iris,3,0.15,0.07,0.2
metacog,0.3333333333333333,0.3333333333333333,0.16666666666666666,0.0,0.5,,0.8413882683090157,0.9971051500737994,1,1,1,348.92773628234863,0.36907196044921875,iris,4,0.15,0.07,0.2
metacog,0.3888888888888889,0.3333333333333333,0.18666666666666668,0.0,0.5,,0.05448551404923955,0.8356166464548431,1,1,1,2014.7168636322021,0.4069805145263672,wine,0,0.15,0.07,0.2
metacog,0.3888888888888889,0.3333333333333333,0.18666666666666668,0.0,0.5,,0.10808918016984967,0.9836413568501193,1,1,1,2047.4247932434082,0.4773139953613281,wine,1,0.15,0.07,0.2
metacog,0.6111111111111112,0.6,0.5185185185185185,0.5167423893288018,0.7494949494949495,,0.3774030947679678,0.9761711209664234,5,3,3,4312.18147277832,0.5300045013427734,wine,2,0.15,0.07,0.2
metacog,0.3888888888888889,0.3333333333333333,0.18666666666666668,0.0,0.5,,0.08826130698690134,0.9716808402437557,1,1,1,2090.5280113220215,0.4444122314453125,wine,3,0.15,0.07,0.2
metacog,0.3888888888888889,0.3333333333333333,0.18666666666666668,0.0,0.5,,0.06047926749204607,0.8796421389376234,1,1,1,2091.212272644043,0.4291534423828125,wine,4,0.15,0.07,0.2
metacog,0.9473684210526315,0.9487012987012987,0.9449275362318841,0.8904905361044291,0.9512987012987013,0.9514896867838044,0.2128605955282232,0.9904241124341877,5,3,3,58585.61015129089,1.4927387237548828,breast_cancer,0,0.15,0.07,0.2
metacog,0.9824561403508771,0.9772727272727273,0.981329839502129,0.9633432944855655,0.9772727272727273,0.9722222222222222,0.2972640601417964,0.9858737888548949,5,3,3,59359.7297668457,1.5153884887695312,breast_cancer,1,0.15,0.07,0.2
metacog,0.631578947368421,0.5,0.3870967741935484,0.0,0.5,0.631578947368421,0.0971257789267817,0.9978297494359547,1,1,1,22410.864114761353,1.2004375457763672,breast_cancer,2,0.15,0.07,0.2
metacog,0.8421052631578947,0.7956349206349207,0.8144665461121157,0.662595343916706,0.7982804232804233,0.8102115937789479,0.4125268785528514,0.9654808723040684,5,3,3,58153.488874435425,1.4655590057373047,breast_cancer,3,0.15,0.07,0.2
metacog,0.9298245614035088,0.9047619047619048,0.9210526315789473,0.8535639569308375,0.9047619047619048,0.9,0.32420614859132296,0.9799090550488756,5,3,3,51636.44552230835,1.4193058013916016,breast_cancer,4,0.15,0.07,0.2
metacog,0.8,0.5652173913043478,0.5579133510167993,0.32177789389368455,0.5652173913043478,0.33043478260869563,0.5541350673001662,1.0,3,2,2,6054.612874984741,5.452632904052734,adult,0,0.15,0.07,0.2
metacog,0.805,0.5913325804630153,0.6010434248887525,0.3371846188159856,0.7637634105025409,0.46100790513833995,0.4402523890379214,0.8766580354991211,7,4,4,11954.236030578613,5.365848541259766,adult,1,0.15,0.07,0.2
metacog,0.8,0.5652173913043478,0.5579133510167993,0.32177789389368455,0.5652173913043478,0.33043478260869563,0.5177485492624431,1.0,3,2,2,6061.96928024292,4.560232162475586,adult,2,0.15,0.07,0.2
metacog,0.805,0.5760869565217391,0.5758795062802458,0.34845909958918564,0.5760869565217391,0.3471739130434783,0.5289958634037956,0.9989156713474379,3,2,2,6041.4135456085205,4.904270172119141,adult,3,0.15,0.07,0.2
metacog,0.795,0.5543478260869565,0.5392999606719479,0.29298753307495307,0.5543478260869565,0.31369565217391304,0.5123123594125598,1.0,3,2,2,6121.599435806274,4.301548004150391,adult,4,0.15,0.07,0.2
metacog,0.3333333333333333,0.3333333333333333,0.16666666666666666,0.0,0.5,,1.0,0.9973710865078222,1,1,1,286.06319427490234,0.3769397735595703,iris,0,0.15,0.07,0.3
metacog,0.3333333333333333,0.3333333333333333,0.16666666666666666,0.0,0.5,,1.0,0.9970757773947009,1,1,1,249.65739250183105,0.3616809844970703,iris,1,0.15,0.07,0.3
metacog,0.3333333333333333,0.3333333333333333,0.16666666666666666,0.0,0.5,,1.0,0.9977269338811082,1,1,1,316.59650802612305,0.35381317138671875,iris,2,0.15,0.07,0.3
metacog,0.3333333333333333,0.3333333333333333,0.16666666666666666,0.0,0.5,,1.0,0.9961780853484691,1,1,1,283.13279151916504,0.5223751068115234,iris,3,0.15,0.07,0.3
metacog,0.3333333333333333,0.3333333333333333,0.16666666666666666,0.0,0.5,,0.8413882683090157,0.9971051500737994,1,1,1,329.26368713378906,0.3643035888671875,iris,4,0.15,0.07,0.3
metacog,0.3888888888888889,0.3333333333333333,0.18666666666666668,0.0,0.5,,0.05448551404923955,0.8356166464548431,1,1,1,2063.725471496582,0.42366981506347656,wine,0,0.15,0.07,0.3
metacog,0.3888888888888889,0.3333333333333333,0.18666666666666668,0.0,0.5,,0.10808918016984967,0.9836413568501193,1,1,1,1996.0577487945557,0.4324913024902344,wine,1,0.15,0.07,0.3
metacog,0.3888888888888889,0.3333333333333333,0.18666666666666668,0.0,0.5,,0.12637829618825452,0.9628190126221114,1,1,1,2020.1399326324463,0.4477500915527344,wine,2,0.15,0.07,0.3
metacog,0.3888888888888889,0.3333333333333333,0.18666666666666668,0.0,0.5,,0.08826130698690134,0.9716808402437557,1,1,1,2082.904577255249,0.4355907440185547,wine,3,0.15,0.07,0.3
metacog,0.3888888888888889,0.3333333333333333,0.18666666666666668,0.0,0.5,,0.06047926749204607,0.8796421389376234,1,1,1,2100.048780441284,0.44465065002441406,wine,4,0.15,0.07,0.3
metacog,0.6140350877192983,0.5,0.3804347826086957,0.0,0.5,0.6140350877192983,0.16888261642988234,0.996438889669009,1,1,1,21957.355737686157,1.1577606201171875,breast_cancer,0,0.15,0.07,0.3
metacog,0.6140350877192983,0.5,0.3804347826086957,0.0,0.5,0.6140350877192983,0.17301101243890643,0.9800388511449721,1,1,1,21932.96194076538,1.3816356658935547,breast_cancer,1,0.15,0.07,0.3
metacog,0.631578947368421,0.5,0.3870967741935484,0.0,0.5,0.631578947368421,0.0971257789267817,0.9978297494359547,1,1,1,21971.3933467865,1.1506080627441406,breast_cancer,2,0.15,0.07,0.3
metacog,0.8421052631578947,0.7956349206349207,0.8144665461121157,0.662595343916706,0.7982804232804233,0.8102115937789479,0.4125268785528514,0.9654808723040684,5,3,3,57721.77982330322,1.5239715576171875,breast_cancer,3,0.15,0.07,0.3
metacog,0.9298245614035088,0.9047619047619048,0.9210526315789473,0.8535639569308375,0.9047619047619048,0.9,0.32420614859132296,0.9799090550488756,5,3,3,57997.96414375305,1.4417171478271484,breast_cancer,4,0.15,0.07,0.3
metacog,0.8,0.5652173913043478,0.5579133510167993,0.32177789389368455,0.5652173913043478,0.33043478260869563,0.5541350673001662,1.0,3,2,2,6865.688800811768,5.3195953369140625,adult,0,0.15,0.07,0.3
metacog,0.805,0.5913325804630153,0.6010434248887525,0.3371846188159856,0.7637634105025409,0.46100790513833995,0.4402523890379214,0.8766580354991211,7,4,4,13430.811405181885,5.257129669189453,adult,1,0.15,0.07,0.3
metacog,0.8,0.5652173913043478,0.5579133510167993,0.32177789389368455,0.5652173913043478,0.33043478260869563,0.5177485492624431,1.0,3,2,2,6941.093921661377,6.943464279174805,adult,2,0.15,0.07,0.3
metacog,0.805,0.5760869565217391,0.5758795062802458,0.34845909958918564,0.5760869565217391,0.3471739130434783,0.5289958634037956,0.9989156713474379,3,2,2,6794.410943984985,4.327535629272461,adult,3,0.15,0.07,0.3
metacog,0.795,0.5543478260869565,0.5392999606719479,0.29298753307495307,0.5543478260869565,0.31369565217391304,0.5123123594125598,1.0,3,2,2,6784.135818481445,8.772611618041992,adult,4,0.15,0.07,0.3
metacog,0.3333333333333333,0.3333333333333333,0.16666666666666666,0.0,0.5,,1.0,0.9973710865078222,1,1,1,277.4674892425537,0.682830810546875,iris,0,0.15,0.07,0.4
metacog,0.3333333333333333,0.3333333333333333,0.16666666666666666,0.0,0.5,,1.0,0.9970757773947009,1,1,1,272.2902297973633,0.37026405334472656,iris,1,0.15,0.07,0.4
metacog,0.3333333333333333,0.3333333333333333,0.16666666666666666,0.0,0.5,,1.0,0.9977269338811082,1,1,1,262.54892349243164,0.3826618194580078,iris,2,0.15,0.07,0.4
metacog,0.3333333333333333,0.3333333333333333,0.16666666666666666,0.0,0.5,,1.0,0.9961780853484691,1,1,1,277.8458595275879,0.3566741943359375,iris,3,0.15,0.07,0.4
metacog,0.3333333333333333,0.3333333333333333,0.16666666666666666,0.0,0.5,,0.8413882683090157,0.9971051500737994,1,1,1,341.89438819885254,0.37026405334472656,iris,4,0.15,0.07,0.4
metacog,0.3888888888888889,0.3333333333333333,0.18666666666666668,0.0,0.5,,0.05448551404923955,0.8356166464548431,1,1,1,2011.383056640625,0.7812976837158203,wine,0,0.15,0.07,0.4
metacog,0.3888888888888889,0.3333333333333333,0.18666666666666668,0.0,0.5,,0.10808918016984967,0.9836413568501193,1,1,1,2047.8930473327637,0.423431396484375,wine,1,0.15,0.07,0.4
metacog,0.3888888888888889,0.3333333333333333,0.18666666666666668,0.0,0.5,,0.12637829618825452,0.9628190126221114,1,1,1,1932.4147701263428,0.4215240478515625,wine,2,0.15,0.07,0.4
metacog,0.3888888888888889,0.3333333333333333,0.18666666666666668,0.0,0.5,,0.08826130698690134,0.9716808402437557,1,1,1,2042.341709136963,0.49042701721191406,wine,3,0.15,0.07,0.4
metacog,0.3888888888888889,0.3333333333333333,0.18666666666666668,0.0,0.5,,0.06047926749204607,0.8796421389376234,1,1,1,2159.0402126312256,0.4444122314453125,wine,4,0.15,0.07,0.4
metacog,0.6140350877192983,0.5,0.3804347826086957,0.0,0.5,0.6140350877192983,0.16888261642988234,0.996438889669009,1,1,1,22237.661123275757,2.3708343505859375,breast_cancer,0,0.15,0.07,0.4
metacog,0.6140350877192983,0.5,0.3804347826086957,0.0,0.5,0.6140350877192983,0.17301101243890643,0.9800388511449721,1,1,1,22238.261222839355,2.290964126586914,breast_cancer,1,0.15,0.07,0.4
metacog,0.631578947368421,0.5,0.3870967741935484,0.0,0.5,0.631578947368421,0.0971257789267817,0.9978297494359547,1,1,1,22504.065990447998,2.4776458740234375,breast_cancer,2,0.15,0.07,0.4
metacog,0.8421052631578947,0.7956349206349207,0.8144665461121157,0.662595343916706,0.7982804232804233,0.8102115937789479,0.4125268785528514,0.9654808723040684,5,3,3,57725.99196434021,2.691030502319336,breast_cancer,3,0.15,0.07,0.4
metacog,0.9298245614035088,0.9047619047619048,0.9210526315789473,0.8535639569308375,0.9047619047619048,0.9,0.32420614859132296,0.9799090550488756,5,3,3,58269.19984817505,1.493215560913086,breast_cancer,4,0.15,0.07,0.4
metacog,0.8,0.5652173913043478,0.5579133510167993,0.32177789389368455,0.5652173913043478,0.33043478260869563,0.5541350673001662,1.0,3,2,2,6895.161390304565,5.237579345703125,adult,0,0.15,0.07,0.4
metacog,0.805,0.5913325804630153,0.6010434248887525,0.3371846188159856,0.7637634105025409,0.46100790513833995,0.4402523890379214,0.8766580354991211,7,4,4,13544.02470588684,5.667686462402344,adult,1,0.15,0.07,0.4
metacog,0.8,0.5652173913043478,0.5579133510167993,0.32177789389368455,0.5652173913043478,0.33043478260869563,0.5177485492624431,1.0,3,2,2,6857.929229736328,9.43899154663086,adult,2,0.15,0.07,0.4
metacog,0.805,0.5760869565217391,0.5758795062802458,0.34845909958918564,0.5760869565217391,0.3471739130434783,0.5289958634037956,0.9989156713474379,3,2,2,6809.013366699219,4.3849945068359375,adult,3,0.15,0.07,0.4
metacog,0.795,0.5543478260869565,0.5392999606719479,0.29298753307495307,0.5543478260869565,0.31369565217391304,0.5123123594125598,1.0,3,2,2,6623.873233795166,4.719972610473633,adult,4,0.15,0.07,0.4
metacog,0.3333333333333333,0.3333333333333333,0.16666666666666666,0.0,0.5,,1.0,0.9973710865078222,1,1,1,283.48827362060547,0.7584095001220703,iris,0,0.15,0.07,0.5
metacog,0.3333333333333333,0.3333333333333333,0.16666666666666666,0.0,0.5,,1.0,0.9970757773947009,1,1,1,248.81720542907715,0.5919933319091797,iris,1,0.15,0.07,0.5
metacog,0.3333333333333333,0.3333333333333333,0.16666666666666666,0.0,0.5,,1.0,0.9977269338811082,1,1,1,255.16176223754883,0.35881996154785156,iris,2,0.15,0.07,0.5
metacog,0.3333333333333333,0.3333333333333333,0.16666666666666666,0.0,0.5,,1.0,0.9961780853484691,1,1,1,289.50953483581543,0.36835670471191406,iris,3,0.15,0.07,0.5
metacog,0.3333333333333333,0.3333333333333333,0.16666666666666666,0.0,0.5,,0.8413882683090157,0.9971051500737994,1,1,1,330.16395568847656,0.3819465637207031,iris,4,0.15,0.07,0.5
metacog,0.3888888888888889,0.3333333333333333,0.18666666666666668,0.0,0.5,,0.05448551404923955,0.8356166464548431,1,1,1,2077.6331424713135,0.789642333984375,wine,0,0.15,0.07,0.5
metacog,0.3888888888888889,0.3333333333333333,0.18666666666666668,0.0,0.5,,0.10808918016984967,0.9836413568501193,1,1,1,2079.643964767456,0.5323886871337891,wine,1,0.15,0.07,0.5
metacog,0.3888888888888889,0.3333333333333333,0.18666666666666668,0.0,0.5,,0.12637829618825452,0.9628190126221114,1,1,1,2077.6267051696777,0.41794776916503906,wine,2,0.15,0.07,0.5
metacog,0.3888888888888889,0.3333333333333333,0.18666666666666668,0.0,0.5,,0.08826130698690134,0.9716808402437557,1,1,1,2141.8707370758057,0.4749298095703125,wine,3,0.15,0.07,0.5
metacog,0.3888888888888889,0.3333333333333333,0.18666666666666668,0.0,0.5,,0.06047926749204607,0.8796421389376234,1,1,1,2093.0023193359375,0.41747093200683594,wine,4,0.15,0.07,0.5
metacog,0.6140350877192983,0.5,0.3804347826086957,0.0,0.5,0.6140350877192983,0.16888261642988234,0.996438889669009,1,1,1,21987.14280128479,1.9185543060302734,breast_cancer,0,0.15,0.07,0.5
metacog,0.6140350877192983,0.5,0.3804347826086957,0.0,0.5,0.6140350877192983,0.17301101243890643,0.9800388511449721,1,1,1,21964.035034179688,1.1563301086425781,breast_cancer,1,0.15,0.07,0.5
metacog,0.631578947368421,0.5,0.3870967741935484,0.0,0.5,0.631578947368421,0.0971257789267817,0.9978297494359547,1,1,1,22230.366230010986,1.8057823181152344,breast_cancer,2,0.15,0.07,0.5
metacog,0.8421052631578947,0.7956349206349207,0.8144665461121157,0.662595343916706,0.7982804232804233,0.8102115937789479,0.4125268785528514,0.9654808723040684,5,3,3,58107.62119293213,1.4586448669433594,breast_cancer,3,0.15,0.07,0.5
metacog,0.631578947368421,0.5,0.3870967741935484,0.0,0.5,0.631578947368421,0.26773643154259474,0.9718729874477393,1,1,1,21999.52721595764,1.2183189392089844,breast_cancer,4,0.15,0.07,0.5
metacog,0.8,0.5652173913043478,0.5579133510167993,0.32177789389368455,0.5652173913043478,0.33043478260869563,0.5541350673001662,1.0,3,2,2,7434.935569763184,5.087614059448242,adult,0,0.15,0.07,0.5
metacog,0.805,0.5913325804630153,0.6010434248887525,0.3371846188159856,0.5913325804630153,0.3450790513833992,0.6867096625830987,0.99993115173406,5,3,3,10882.297039031982,5.036354064941406,adult,1,0.15,0.07,0.5
metacog,0.8,0.5652173913043478,0.5579133510167993,0.32177789389368455,0.5652173913043478,0.33043478260869563,0.5177485492624431,1.0,3,2,2,7087.44478225708,5.834341049194336,adult,2,0.15,0.07,0.5
metacog,0.805,0.5760869565217391,0.5758795062802458,0.34845909958918564,0.5760869565217391,0.3471739130434783,0.5289958634037956,0.9989156713474379,3,2,2,7314.64958190918,4.492282867431641,adult,3,0.15,0.07,0.5
metacog,0.795,0.5543478260869565,0.5392999606719479,0.29298753307495307,0.5543478260869565,0.31369565217391304,0.5123123594125598,1.0,3,2,2,7161.957740783691,8.647441864013672,adult,4,0.15,0.07,0.5
metacog,0.6666666666666666,0.6666666666666666,0.5555555555555555,0.6123724356957945,0.8333333333333334,,0.5087148216635994,0.9931689782126119,3,2,2,444.61989402770996,0.9260177612304688,iris,0,0.15,0.1,0.0
metacog,0.6666666666666666,0.6666666666666666,0.5555555555555555,0.6123724356957945,0.8333333333333334,,0.5053783704402405,0.9846235543341044,3,2,2,473.45685958862305,0.7760524749755859,iris,1,0.15,0.1,0.0
metacog,0.6666666666666666,0.6666666666666666,0.5555555555555555,0.6123724356957945,0.8333333333333334,,0.5003001606412475,0.9925327311980254,3,2,2,535.0894927978516,0.48065185546875,iris,2,0.15,0.1,0.0
metacog,0.6666666666666666,0.6666666666666666,0.5555555555555555,0.6123724356957945,0.8333333333333334,,0.5053783704402405,0.9923855873540359,3,2,2,473.80900382995605,0.4696846008300781,iris,3,0.15,0.1,0.0
metacog,0.8666666666666667,0.8666666666666667,0.8666666666666667,0.8,0.9166666666666666,,0.4295544454919649,0.9728009417627567,5,3,3,606.1210632324219,0.5156993865966797,iris,4,0.15,0.1,0.0
metacog,0.3888888888888889,0.3333333333333333,0.18666666666666668,0.0,0.5,,0.05448551404923955,0.8356166464548431,1,1,1,2055.15456199646,0.43511390686035156,wine,0,0.15,0.1,0.0
metacog,0.5555555555555556,0.5523809523809523,0.4666666666666666,0.38370849227674275,0.7267538017538017,,0.10820492580432357,0.991473694230434,3,2,2,4287.936210632324,0.5075931549072266,wine,1,0.15,0.1,0.0
metacog,0.6111111111111112,0.6,0.5185185185185185,0.5167423893288018,0.7494949494949495,,0.3774030947679678,0.9761711209664234,5,3,3,4112.097978591919,0.5304813385009766,wine,2,0.15,0.1,0.0
metacog,0.3888888888888889,0.3333333333333333,0.18666666666666668,0.0,0.5,,0.08826130698690134,0.9716808402437557,1,1,1,2077.5880813598633,0.81634521484375,wine,3,0.15,0.1,0.0
metacog,0.3888888888888889,0.3333333333333333,0.18666666666666668,0.0,0.5,,0.06047926749204607,0.8796421389376234,1,1,1,1997.8251457214355,0.8101463317871094,wine,4,0.15,0.1,0.0
metacog,0.9473684210526315,0.9487012987012987,0.9449275362318841,0.8904905361044291,0.9512987012987013,0.9514896867838044,0.21358133163914025,0.9888872175996579,5,3,3,57717.82898902893,1.4917850494384766,breast_cancer,0,0.15,0.1,0.0
metacog,0.9824561403508771,0.9772727272727273,0.981329839502129,0.9633432944855655,0.9772727272727273,0.9722222222222222,0.2977781401192274,0.9858737888548949,5,3,3,58726.03487968445,3.039121627807617,breast_cancer,1,0.15,0.1,0.0
metacog,0.631578947368421,0.5,0.3870967741935484,0.0,0.5,0.631578947368421,0.0971257789267817,0.9978297494359547,1,1,1,22226.395845413208,1.1708736419677734,breast_cancer,2,0.15,0.1,0.0
metacog,0.8421052631578947,0.7956349206349207,0.8144665461121157,0.662595343916706,0.7982804232804233,0.8102115937789479,0.4142019566762563,0.9709976809823655,5,3,3,57438.23051452637,1.5273094177246094,breast_cancer,3,0.15,0.1,0.0
metacog,0.9298245614035088,0.9047619047619048,0.9210526315789473,0.8535639569308375,0.9047619047619048,0.9,0.3303387131174819,0.959075996239208,5,3,3,56182.13152885437,2.340078353881836,breast_cancer,4,0.15,0.1,0.0
metacog,0.8,0.5652173913043478,0.5579133510167993,0.32177789389368455,0.5652173913043478,0.33043478260869563,0.5541350673001662,1.0,3,2,2,6707.285642623901,4.401922225952148,adult,0,0.15,0.1,0.0
metacog,0.805,0.5913325804630153,0.6010434248887525,0.3371846188159856,0.7637634105025409,0.46100790513833995,0.44062217910693524,0.8797266491742846,7,4,4,12734.760522842407,6.944894790649414,adult,1,0.15,0.1,0.0
metacog,0.8,0.5652173913043478,0.5579133510167993,0.32177789389368455,0.5652173913043478,0.33043478260869563,0.5177485492624431,1.0,3,2,2,6550.813913345337,4.587411880493164,adult,2,0.15,0.1,0.0
metacog,0.805,0.5760869565217391,0.5758795062802458,0.34845909958918564,0.5760869565217391,0.3471739130434783,0.5289958634037956,1.0,3,2,2,6414.092063903809,4.90260124206543,adult,3,0.15,0.1,0.0
metacog,0.795,0.5543478260869565,0.5392999606719479,0.29298753307495307,0.5543478260869565,0.31369565217391304,0.5123123594125598,1.0,3,2,2,6018.242597579956,5.147218704223633,adult,4,0.15,0.1,0.0
metacog,0.3333333333333333,0.3333333333333333,0.16666666666666666,0.0,0.5,,1.0,0.9973710865078222,1,1,1,268.63622665405273,0.3762245178222656,iris,0,0.15,0.1,0.1
metacog,0.3333333333333333,0.3333333333333333,0.16666666666666666,0.0,0.5,,1.0,0.9970757773947009,1,1,1,268.21327209472656,0.6952285766601562,iris,1,0.15,0.1,0.1
metacog,0.3333333333333333,0.3333333333333333,0.16666666666666666,0.0,0.5,,1.0,0.9977269338811082,1,1,1,302.3977279663086,0.7066726684570312,iris,2,0.15,0.1,0.1
metacog,0.3333333333333333,0.3333333333333333,0.16666666666666666,0.0,0.5,,1.0,0.9961780853484691,1,1,1,298.68197441101074,0.5021095275878906,iris,3,0.15,0.1,0.1
metacog,0.3333333333333333,0.3333333333333333,0.16666666666666666,0.0,0.5,,0.8413882683090157,0.9971051500737994,1,1,1,347.4621772766113,0.3752708435058594,iris,4,0.15,0.1,0.1
metacog,0.3888888888888889,0.3333333333333333,0.18666666666666668,0.0,0.5,,0.05448551404923955,0.8356166464548431,1,1,1,2095.470905303955,0.42510032653808594,wine,0,0.15,0.1,0.1
metacog,0.3888888888888889,0.3333333333333333,0.18666666666666668,0.0,0.5,,0.10808918016984967,0.9836413568501193,1,1,1,1993.8185214996338,0.42247772216796875,wine,1,0.15,0.1,0.1
metacog,0.3888888888888889,0.3333333333333333,0.18666666666666668,0.0,0.5,,0.12637829618825452,0.9628190126221114,1,1,1,2028.637170791626,0.4143714904785156,wine,2,0.15,0.1,0.1
metacog,0.3888888888888889,0.3333333333333333,0.18666666666666668,0.0,0.5,,0.08826130698690134,0.9716808402437557,1,1,1,1982.1603298187256,0.6592273712158203,wine,3,0.15,0.1,0.1
metacog,0.3888888888888889,0.3333333333333333,0.18666666666666668,0.0,0.5,,0.06047926749204607,0.8796421389376234,1,1,1,2044.9938774108887,0.4563331604003906,wine,4,0.15,0.1,0.1
metacog,0.9473684210526315,0.9487012987012987,0.9449275362318841,0.8904905361044291,0.9512987012987013,0.9514896867838044,0.2128605955282232,0.9904241124341877,5,3,3,57830.00421524048,1.5311241149902344,breast_cancer,0,0.15,0.1,0.1
metacog,0.9824561403508771,0.9772727272727273,0.981329839502129,0.9633432944855655,0.9772727272727273,0.9722222222222222,0.2972640601417964,0.9858737888548949,5,3,3,58086.724042892456,1.775979995727539,breast_cancer,1,0.15,0.1,0.1
metacog,0.631578947368421,0.5,0.3870967741935484,0.0,0.5,0.631578947368421,0.0971257789267817,0.9978297494359547,1,1,1,22036.176681518555,1.4107227325439453,breast_cancer,2,0.15,0.1,0.1
metacog,0.8421052631578947,0.7956349206349207,0.8144665461121157,0.662595343916706,0.7982804232804233,0.8102115937789479,0.4125268785528514,0.9654808723040684,5,3,3,57299.428939819336,2.0995140075683594,breast_cancer,3,0.15,0.1,0.1
metacog,0.9298245614035088,0.9047619047619048,0.9210526315789473,0.8535639569308375,0.9047619047619048,0.9,0.32420614859132296,0.9799090550488756,5,3,3,56120.99266052246,1.5578269958496094,breast_cancer,4,0.15,0.1,0.1
metacog,0.8,0.5652173913043478,0.5579133510167993,0.32177789389368455,0.5652173913043478,0.33043478260869563,0.5541350673001662,1.0,3,2,2,6774.421453475952,7.004499435424805,adult,0,0.15,0.1,0.1
metacog,0.805,0.5913325804630153,0.6010434248887525,0.3371846188159856,0.7637634105025409,0.46100790513833995,0.4402523890379214,0.8766580354991211,7,4,4,12909.460544586182,8.749723434448242,adult,1,0.15,0.1,0.1
metacog,0.8,0.5652173913043478,0.5579133510167993,0.32177789389368455,0.5652173913043478,0.33043478260869563,0.5177485492624431,1.0,3,2,2,6426.432847976685,7.258415222167969,adult,2,0.15,0.1,0.1
metacog,0.805,0.5760869565217391,0.5758795062802458,0.34845909958918564,0.5760869565217391,0.3471739130434783,0.5289958634037956,0.9989156713474379,3,2,2,6546.387195587158,6.448507308959961,adult,3,0.15,0.1,0.1
metacog,0.795,0.5543478260869565,0.5392999606719479,0.29298753307495307,0.5543478260869565,0.31369565217391304,0.5123123594125598,1.0,3,2,2,6308.527708053589,4.424333572387695,adult,4,0.15,0.1,0.1
metacog,0.3333333333333333,0.3333333333333333,0.16666666666666666,0.0,0.5,,1.0,0.9973710865078222,1,1,1,277.0862579345703,0.34546852111816406,iris,0,0.15,0.1,0.15
metacog,0.3333333333333333,0.3333333333333333,0.16666666666666666,0.0,0.5,,1.0,0.9970757773947009,1,1,1,286.1518859863281,0.6723403930664062,iris,1,0.15,0.1,0.15
metacog,0.3333333333333333,0.3333333333333333,0.16666666666666666,0.0,0.5,,1.0,0.9977269338811082,1,1,1,276.18861198425293,0.3647804260253906,iris,2,0.15,0.1,0.15
metacog,0.3333333333333333,0.3333333333333333,0.16666666666666666,0.0,0.5,,1.0,0.9961780853484691,1,1,1,296.73123359680176,0.7164478302001953,iris,3,0.15,0.1,0.15
metacog,0.3333333333333333,0.3333333333333333,0.16666666666666666,0.0,0.5,,0.8413882683090157,0.9971051500737994,1,1,1,323.3928680419922,0.7033348083496094,iris,4,0.15,0.1,0.15
metacog,0.3888888888888889,0.3333333333333333,0.18666666666666668,0.0,0.5,,0.05448551404923955,0.8356166464548431,1,1,1,2073.3377933502197,0.3974437713623047,wine,0,0.15,0.1,0.15
metacog,0.3888888888888889,0.3333333333333333,0.18666666666666668,0.0,0.5,,0.10808918016984967,0.9836413568501193,1,1,1,2069.7648525238037,0.7393360137939453,wine,1,0.15,0.1,0.15
metacog,0.3888888888888889,0.3333333333333333,0.18666666666666668,0.0,0.5,,0.12637829618825452,0.9628190126221114,1,1,1,2059.624433517456,0.4303455352783203,wine,2,0.15,0.1,0.15
metacog,0.3888888888888889,0.3333333333333333,0.18666666666666668,0.0,0.5,,0.08826130698690134,0.9716808402437557,1,1,1,2109.563112258911,0.4067420959472656,wine,3,0.15,0.1,0.15
metacog,0.3888888888888889,0.3333333333333333,0.18666666666666668,0.0,0.5,,0.06047926749204607,0.8796421389376234,1,1,1,2104.0167808532715,0.8404254913330078,wine,4,0.15,0.1,0.15
metacog,0.6140350877192983,0.5,0.3804347826086957,0.0,0.5,0.6140350877192983,0.16888261642988234,0.996438889669009,1,1,1,22088.34981918335,1.2145042419433594,breast_cancer,0,0.15,0.1,0.15
metacog,0.9824561403508771,0.9772727272727273,0.981329839502129,0.9633432944855655,0.9772727272727273,0.9722222222222222,0.2972640601417964,0.9858737888548949,5,3,3,58344.36511993408,3.1921863555908203,breast_cancer,1,0.15,0.1,0.15
metacog,0.631578947368421,0.5,0.3870967741935484,0.0,0.5,0.631578947368421,0.0971257789267817,0.9978297494359547,1,1,1,22262.41183280945,1.344442367553711,breast_cancer,2,0.15,0.1,0.15
metacog,0.8421052631578947,0.7956349206349207,0.8144665461121157,0.662595343916706,0.7982804232804233,0.8102115937789479,0.4125268785528514,0.9654808723040684,5,3,3,58215.566873550415,1.767873764038086,breast_cancer,3,0.15,0.1,0.15
metacog,0.9298245614035088,0.9047619047619048,0.9210526315789473,0.8535639569308375,0.9047619047619048,0.9,0.32420614859132296,0.9799090550488756,5,3,3,57869.61483955383,1.409769058227539,breast_cancer,4,0.15,0.1,0.15
metacog,0.8,0.5652173913043478,0.5579133510167993,0.32177789389368455,0.5652173913043478,0.33043478260869563,0.5541350673001662,1.0,3,2,2,7228.028059005737,4.3811798095703125,adult,0,0.15,0.1,0.15
metacog,0.805,0.5913325804630153,0.6010434248887525,0.3371846188159856,0.7637634105025409,0.46100790513833995,0.4402523890379214,0.8766580354991211,7,4,4,13599.39455986023,6.174325942993164,adult,1,0.15,0.1,0.15
metacog,0.8,0.5652173913043478,0.5579133510167993,0.32177789389368455,0.5652173913043478,0.33043478260869563,0.5177485492624431,1.0,3,2,2,6826.268434524536,4.346370697021484,adult,2,0.15,0.1,0.15
metacog,0.805,0.5760869565217391,0.5758795062802458,0.34845909958918564,0.5760869565217391,0.3471739130434783,0.5289958634037956,0.9989156713474379,3,2,2,6839.375734329224,9.398937225341797,adult,3,0.15,0.1,0.15
metacog,0.795,0.5543478260869565,0.5392999606719479,0.29298753307495307,0.5543478260869565,0.31369565217391304,0.5123123594125598,1.0,3,2,2,6943.78924369812,4.29844856262207,adult,4,0.15,0.1,0.15
metacog,0.3333333333333333,0.3333333333333333,0.16666666666666666,0.0,0.5,,1.0,0.9973710865078222,1,1,1,279.88338470458984,0.7326602935791016,iris,0,0.15,0.1,0.2
metacog,0.3333333333333333,0.3333333333333333,0.16666666666666666,0.0,0.5,,1.0,0.9970757773947009,1,1,1,249.24230575561523,0.3609657287597656,iris,1,0.15,0.1,0.2
metacog,0.3333333333333333,0.3333333333333333,0.16666666666666666,0.0,0.5,,1.0,0.9977269338811082,1,1,1,293.2600975036621,0.6635189056396484,iris,2,0.15,0.1,0.2
metacog,0.3333333333333333,0.3333333333333333,0.16666666666666666,0.0,0.5,,1.0,0.9961780853484691,1,1,1,294.3098545074463,0.6997585296630859,iris,3,0.15,0.1,0.2
metacog,0.3333333333333333,0.3333333333333333,0.16666666666666666,0.0,0.5,,0.8413882683090157,0.9971051500737994,1,1,1,355.7131290435791,0.6914138793945312,iris,4,0.15,0.1,0.2
metacog,0.3888888888888889,0.3333333333333333,0.18666666666666668,0.0,0.5,,0.05448551404923955,0.8356166464548431,1,1,1,2076.603889465332,0.5304813385009766,wine,0,0.15,0.1,0.2
metacog,0.3888888888888889,0.3333333333333333,0.18666666666666668,0.0,0.5,,0.10808918016984967,0.9836413568501193,1,1,1,2101.82523727417,0.4222393035888672,wine,1,0.15,0.1,0.2
metacog,0.3888888888888889,0.3333333333333333,0.18666666666666668,0.0,0.5,,0.12637829618825452,0.9628190126221114,1,1,1,2071.153402328491,0.42057037353515625,wine,2,0.15,0.1,0.2
metacog,0.3888888888888889,0.3333333333333333,0.18666666666666668,0.0,0.5,,0.08826130698690134,0.9716808402437557,1,1,1,2095.076322555542,0.45108795166015625,wine,3,0.15,0.1,0.2
metacog,0.3888888888888889,0.3333333333333333,0.18666666666666668,0.0,0.5,,0.06047926749204607,0.8796421389376234,1,1,1,2027.082920074463,0.42319297790527344,wine,4,0.15,0.1,0.2
metacog,0.6140350877192983,0.5,0.3804347826086957,0.0,0.5,0.6140350877192983,0.16888261642988234,0.996438889669009,1,1,1,22267.351865768433,1.6448497772216797,breast_cancer,0,0.15,0.1,0.2
metacog,0.6140350877192983,0.5,0.3804347826086957,0.0,0.5,0.6140350877192983,0.17301101243890643,0.9800388511449721,1,1,1,22441.189289093018,1.1858940124511719,breast_cancer,1,0.15,0.1,0.2
metacog,0.631578947368421,0.5,0.3870967741935484,0.0,0.5,0.631578947368421,0.0971257789267817,0.9978297494359547,1,1,1,22498.250722885132,1.1496543884277344,breast_cancer,2,0.15,0.1,0.2
metacog,0.8421052631578947,0.7956349206349207,0.8144665461121157,0.662595343916706,0.7982804232804233,0.8102115937789479,0.4125268785528514,0.9654808723040684,5,3,3,58183.2709312439,1.5153884887695312,breast_cancer,3,0.15,0.1,0.2
metacog,0.9298245614035088,0.9047619047619048,0.9210526315789473,0.8535639569308375,0.9047619047619048,0.9,0.32420614859132296,0.9799090550488756,5,3,3,58839.709520339966,1.5358924865722656,breast_cancer,4,0.15,0.1,0.2
metacog,0.8,0.5652173913043478,0.5579133510167993,0.32177789389368455,0.5652173913043478,0.33043478260869563,0.5541350673001662,1.0,3,2,2,7261.513471603394,4.519939422607422,adult,0,0.15,0.1,0.2
metacog,0.805,0.5913325804630153,0.6010434248887525,0.3371846188159856,0.7637634105025409,0.46100790513833995,0.4402523890379214,0.8766580354991211,7,4,4,14404.834508895874,6.727457046508789,adult,1,0.15,0.1,0.2
metacog,0.8,0.5652173913043478,0.5579133510167993,0.32177789389368455,0.5652173913043478,0.33043478260869563,0.5177485492624431,1.0,3,2,2,7005.8488845825195,8.446455001831055,adult,2,0.15,0.1,0.2
metacog,0.805,0.5760869565217391,0.5758795062802458,0.34845909958918564,0.5760869565217391,0.3471739130434783,0.5289958634037956,0.9989156713474379,3,2,2,7185.977220535278,4.503726959228516,adult,3,0.15,0.1,0.2
metacog,0.795,0.5543478260869565,0.5392999606719479,0.29298753307495307,0.5543478260869565,0.31369565217391304,0.5123123594125598,1.0,3,2,2,7351.419687271118,4.511117935180664,adult,4,0.15,0.1,0.2
metacog,0.3333333333333333,0.3333333333333333,0.16666666666666666,0.0,0.5,,1.0,0.9973710865078222,1,1,1,281.38184547424316,0.3650188446044922,iris,0,0.15,0.1,0.3
metacog,0.3333333333333333,0.3333333333333333,0.16666666666666666,0.0,0.5,,1.0,0.9970757773947009,1,1,1,277.24766731262207,0.3619194030761719,iris,1,0.15,0.1,0.3
metacog,0.3333333333333333,0.3333333333333333,0.16666666666666666,0.0,0.5,,1.0,0.9977269338811082,1,1,1,281.0506820678711,0.4661083221435547,iris,2,0.15,0.1,0.3
metacog,0.3333333333333333,0.3333333333333333,0.16666666666666666,0.0,0.5,,1.0,0.9961780853484691,1,1,1,275.06351470947266,0.3933906555175781,iris,3,0.15,0.1,0.3
metacog,0.3333333333333333,0.3333333333333333,0.16666666666666666,0.0,0.5,,0.8413882683090157,0.9971051500737994,1,1,1,343.85156631469727,0.36406517028808594,iris,4,0.15,0.1,0.3
metacog,0.3888888888888889,0.3333333333333333,0.18666666666666668,0.0,0.5,,0.05448551404923955,0.8356166464548431,1,1,1,2118.0989742279053,0.44465065002441406,wine,0,0.15,0.1,0.3
metacog,0.3888888888888889,0.3333333333333333,0.18666666666666668,0.0,0.5,,0.10808918016984967,0.9836413568501193,1,1,1,2066.587448120117,0.9660720825195312,wine,1,0.15,0.1,0.3
metacog,0.3888888888888889,0.3333333333333333,0.18666666666666668,0.0,0.5,,0.12637829618825452,0.9628190126221114,1,1,1,2082.479238510132,0.8137226104736328,wine,2,0.15,0.1,0.3
metacog,0.3888888888888889,0.3333333333333333,0.18666666666666668,0.0,0.5,,0.08826130698690134,0.9716808402437557,1,1,1,2098.4435081481934,0.8053779602050781,wine,3,0.15,0.1,0.3
metacog,0.3888888888888889,0.3333333333333333,0.18666666666666668,0.0,0.5,,0.06047926749204607,0.8796421389376234,1,1,1,1947.9196071624756,0.45490264892578125,wine,4,0.15,0.1,0.3
metacog,0.6140350877192983,0.5,0.3804347826086957,0.0,0.5,0.6140350877192983,0.16888261642988234,0.996438889669009,1,1,1,22737.942934036255,1.1649131774902344,breast_cancer,0,0.15,0.1,0.3
metacog,0.6140350877192983,0.5,0.3804347826086957,0.0,0.5,0.6140350877192983,0.17301101243890643,0.9800388511449721,1,1,1,22349.934577941895,1.1432170867919922,breast_cancer,1,0.15,0.1,0.3
metacog,0.631578947368421,0.5,0.3870967741935484,0.0,0.5,0.631578947368421,0.0971257789267817,0.9978297494359547,1,1,1,22834.665060043335,2.329587936401367,breast_cancer,2,0.15,0.1,0.3
metacog,0.8421052631578947,0.7956349206349207,0.8144665461121157,0.662595343916706,0.7982804232804233,0.8102115937789479,0.4125268785528514,0.9654808723040684,5,3,3,58638.93270492554,1.5017986297607422,breast_cancer,3,0.15,0.1,0.3
metacog,0.9298245614035088,0.9047619047619048,0.9210526315789473,0.8535639569308375,0.9047619047619048,0.9,0.32420614859132296,0.9799090550488756,5,3,3,58767.70877838135,2.98309326171875,breast_cancer,4,0.15,0.1,0.3
metacog,0.8,0.5652173913043478,0.5579133510167993,0.32177789389368455,0.5652173913043478,0.33043478260869563,0.5541350673001662,1.0,3,2,2,6476.871728897095,4.312753677368164,adult,0,0.15,0.1,0.3
metacog,0.805,0.5913325804630153,0.6010434248887525,0.3371846188159856,0.5913325804630153,0.3450790513833992,0.6867096625830987,0.99993115173406,5,3,3,9580.357074737549,9.607553482055664,adult,1,0.15,0.1,0.3
metacog,0.8,0.5652173913043478,0.5579133510167993,0.32177789389368455,0.5652173913043478,0.33043478260869563,0.5177485492624431,1.0,3,2,2,6398.796796798706,4.421710968017578,adult,2,0.15,0.1,0.3
metacog,0.805,0.5760869565217391,0.5758795062802458,0.34845909958918564,0.5760869565217391,0.3471739130434783,0.5289958634037956,0.9989156713474379,3,2,2,6482.484579086304,4.5166015625,adult,3,0.15,0.1,0.3
metacog,0.795,0.5543478260869565,0.5392999606719479,0.29298753307495307,0.5543478260869565,0.31369565217391304,0.5123123594125598,1.0,3,2,2,6533.2489013671875,4.287481307983398,adult,4,0.15,0.1,0.3
metacog,0.3333333333333333,0.3333333333333333,0.16666666666666666,0.0,0.5,,1.0,0.9973710865078222,1,1,1,254.89282608032227,0.339508056640625,iris,0,0.15,0.1,0.4
metacog,0.3333333333333333,0.3333333333333333,0.16666666666666666,0.0,0.5,,1.0,0.9970757773947009,1,1,1,279.39605712890625,0.6563663482666016,iris,1,0.15,0.1,0.4
metacog,0.3333333333333333,0.3333333333333333,0.16666666666666666,0.0,0.5,,1.0,0.9977269338811082,1,1,1,280.90357780456543,0.3612041473388672,iris,2,0.15,0.1,0.4
metacog,0.3333333333333333,0.3333333333333333,0.16666666666666666,0.0,0.5,,1.0,0.9961780853484691,1,1,1,293.1652069091797,0.7033348083496094,iris,3,0.15,0.1,0.4
metacog,0.3333333333333333,0.3333333333333333,0.16666666666666666,0.0,0.5,,0.8413882683090157,0.9971051500737994,1,1,1,350.4619598388672,0.7233619689941406,iris,4,0.15,0.1,0.4
metacog,0.3888888888888889,0.3333333333333333,0.18666666666666668,0.0,0.5,,0.05448551404923955,0.8356166464548431,1,1,1,2072.9198455810547,0.4184246063232422,wine,0,0.15,0.1,0.4
metacog,0.3888888888888889,0.3333333333333333,0.18666666666666668,0.0,0.5,,0.10808918016984967,0.9836413568501193,1,1,1,1980.0331592559814,0.492095947265625,wine,1,0.15,0.1,0.4
metacog,0.3888888888888889,0.3333333333333333,0.18666666666666668,0.0,0.5,,0.12637829618825452,0.9628190126221114,1,1,1,2086.887836456299,0.4189014434814453,wine,2,0.15,0.1,0.4
metacog,0.3888888888888889,0.3333333333333333,0.18666666666666668,0.0,0.5,,0.08826130698690134,0.9716808402437557,1,1,1,2071.000099182129,0.4010200500488281,wine,3,0.15,0.1,0.4
metacog,0.3888888888888889,0.3333333333333333,0.18666666666666668,0.0,0.5,,0.06047926749204607,0.8796421389376234,1,1,1,2054.363965988159,0.4360675811767578,wine,4,0.15,0.1,0.4
metacog,0.6140350877192983,0.5,0.3804347826086957,0.0,0.5,0.6140350877192983,0.16888261642988234,0.996438889669009,1,1,1,22257.779121398926,1.2025833129882812,breast_cancer,0,0.15,0.1,0.4
metacog,0.6140350877192983,0.5,0.3804347826086957,0.0,0.5,0.6140350877192983,0.17301101243890643,0.9800388511449721,1,1,1,22095.380306243896,2.501964569091797,breast_cancer,1,0.15,0.1,0.4
metacog,0.631578947368421,0.5,0.3870967741935484,0.0,0.5,0.631578947368421,0.0971257789267817,0.9978297494359547,1,1,1,22352.079153060913,1.2965202331542969,breast_cancer,2,0.15,0.1,0.4
metacog,0.8421052631578947,0.7956349206349207,0.8144665461121157,0.662595343916706,0.7982804232804233,0.8102115937789479,0.4125268785528514,0.9654808723040684,5,3,3,57837.7571105957,1.5010833740234375,breast_cancer,3,0.15,0.1,0.4
metacog,0.631578947368421,0.5,0.3870967741935484,0.0,0.5,0.631578947368421,0.26773643154259474,0.9718729874477393,1,1,1,22136.50608062744,1.1987686157226562,breast_cancer,4,0.15,0.1,0.4
metacog,0.8,0.5652173913043478,0.5579133510167993,0.32177789389368455,0.5652173913043478,0.33043478260869563,0.5541350673001662,1.0,3,2,2,7118.0291175842285,5.0945281982421875,adult,0,0.15,0.1,0.4
metacog,0.805,0.5913325804630153,0.6010434248887525,0.3371846188159856,0.5913325804630153,0.3450790513833992,0.6867096625830987,0.99993115173406,5,3,3,10563.434600830078,4.89044189453125,adult,1,0.15,0.1,0.4
metacog,0.8,0.5652173913043478,0.5579133510167993,0.32177789389368455,0.5652173913043478,0.33043478260869563,0.5177485492624431,1.0,3,2,2,7191.69282913208,5.385398864746094,adult,2,0.15,0.1,0.4
metacog,0.805,0.5760869565217391,0.5758795062802458,0.34845909958918564,0.5760869565217391,0.3471739130434783,0.5289958634037956,0.9989156713474379,3,2,2,7153.446435928345,5.390167236328125,adult,3,0.15,0.1,0.4
metacog,0.795,0.5543478260869565,0.5392999606719479,0.29298753307495307,0.5543478260869565,0.31369565217391304,0.5123123594125598,1.0,3,2,2,7156.189918518066,4.349946975708008,adult,4,0.15,0.1,0.4
metacog,0.3333333333333333,0.3333333333333333,0.16666666666666666,0.0,0.5,,1.0,0.9973710865078222,1,1,1,260.70284843444824,0.34356117248535156,iris,0,0.15,0.1,0.5
metacog,0.3333333333333333,0.3333333333333333,0.16666666666666666,0.0,0.5,,1.0,0.9970757773947009,1,1,1,282.2408676147461,0.7174015045166016,iris,1,0.15,0.1,0.5
metacog,0.3333333333333333,0.3333333333333333,0.16666666666666666,0.0,0.5,,1.0,0.9977269338811082,1,1,1,261.24095916748047,0.3590583801269531,iris,2,0.15,0.1,0.5
metacog,0.3333333333333333,0.3333333333333333,0.16666666666666666,0.0,0.5,,1.0,0.9961780853484691,1,1,1,280.81560134887695,0.35452842712402344,iris,3,0.15,0.1,0.5
metacog,0.3333333333333333,0.3333333333333333,0.16666666666666666,0.0,0.5,,0.8413882683090157,0.9971051500737994,1,1,1,345.7450866699219,0.43463706970214844,iris,4,0.15,0.1,0.5
metacog,0.3888888888888889,0.3333333333333333,0.18666666666666668,0.0,0.5,,0.05448551404923955,0.8356166464548431,1,1,1,2033.1332683563232,0.47278404235839844,wine,0,0.15,0.1,0.5
metacog,0.3888888888888889,0.3333333333333333,0.18666666666666668,0.0,0.5,,0.10808918016984967,0.9836413568501193,1,1,1,2039.6645069122314,0.7736682891845703,wine,1,0.15,0.1,0.5
metacog,0.3888888888888889,0.3333333333333333,0.18666666666666668,0.0,0.5,,0.12637829618825452,0.9628190126221114,1,1,1,2052.4346828460693,0.40841102600097656,wine,2,0.15,0.1,0.5
metacog,0.3888888888888889,0.3333333333333333,0.18666666666666668,0.0,0.5,,0.08826130698690134,0.9716808402437557,1,1,1,2041.11909866333,0.41294097900390625,wine,3,0.15,0.1,0.5
metacog,0.3888888888888889,0.3333333333333333,0.18666666666666668,0.0,0.5,,0.06047926749204607,0.8796421389376234,1,1,1,2006.742000579834,0.7774829864501953,wine,4,0.15,0.1,0.5
metacog,0.6140350877192983,0.5,0.3804347826086957,0.0,0.5,0.6140350877192983,0.16888261642988234,0.996438889669009,1,1,1,22113.59667778015,1.1928081512451172,breast_cancer,0,0.15,0.1,0.5
metacog,0.6140350877192983,0.5,0.3804347826086957,0.0,0.5,0.6140350877192983,0.17301101243890643,0.9800388511449721,1,1,1,22088.25993537903,2.422809600830078,breast_cancer,1,0.15,0.1,0.5
metacog,0.631578947368421,0.5,0.3870967741935484,0.0,0.5,0.631578947368421,0.0971257789267817,0.9978297494359547,1,1,1,22190.9282207489,1.392364501953125,breast_cancer,2,0.15,0.1,0.5
metacog,0.8421052631578947,0.7956349206349207,0.8144665461121157,0.662595343916706,0.7982804232804233,0.8102115937789479,0.4125268785528514,0.9654808723040684,5,3,3,57447.83043861389,2.8171539306640625,breast_cancer,3,0.15,0.1,0.5
metacog,0.631578947368421,0.5,0.3870967741935484,0.0,0.5,0.631578947368421,0.26773643154259474,0.9718729874477393,1,1,1,22098.329782485962,1.3692378997802734,breast_cancer,4,0.15,0.1,0.5
metacog,0.8,0.5652173913043478,0.5579133510167993,0.32177789389368455,0.5652173913043478,0.33043478260869563,0.5541350673001662,1.0,3,2,2,7178.001642227173,8.502721786499023,adult,0,0.15,0.1,0.5
metacog,0.805,0.5913325804630153,0.6010434248887525,0.3371846188159856,0.5913325804630153,0.3450790513833992,0.6867096625830987,0.99993115173406,5,3,3,10693.225622177124,5.559682846069336,adult,1,0.15,0.1,0.5
metacog,0.8,0.5652173913043478,0.5579133510167993,0.32177789389368455,0.5652173913043478,0.33043478260869563,0.5177485492624431,1.0,3,2,2,7002.373456954956,4.37617301940918,adult,2,0.15,0.1,0.5
metacog,0.805,0.5760869565217391,0.5758795062802458,0.34845909958918564,0.5760869565217391,0.3471739130434783,0.5289958634037956,0.9989156713474379,3,2,2,7147.935628890991,8.037090301513672,adult,3,0.15,0.1,0.5
metacog,0.795,0.5543478260869565,0.5392999606719479,0.29298753307495307,0.5543478260869565,0.31369565217391304,0.5123123594125598,1.0,3,2,2,7057.698488235474,7.29680061340332,adult,4,0.15,0.1,0.5
metacog,0.6666666666666666,0.6666666666666666,0.5555555555555555,0.6123724356957945,0.8333333333333334,,0.5087148216635994,0.9931689782126119,3,2,2,486.73558235168457,0.7874965667724609,iris,0,0.15,0.12,0.0
metacog,0.6666666666666666,0.6666666666666666,0.5555555555555555,0.6123724356957945,0.8333333333333334,,0.5053783704402405,0.9846235543341044,3,2,2,502.6111602783203,0.4448890686035156,iris,1,0.15,0.12,0.0
metacog,0.6666666666666666,0.6666666666666666,0.5555555555555555,0.6123724356957945,0.8333333333333334,,0.5003001606412475,0.9925327311980254,3,2,2,535.1250171661377,0.44989585876464844,iris,2,0.15,0.12,0.0
metacog,0.6666666666666666,0.6666666666666666,0.5555555555555555,0.6123724356957945,0.8333333333333334,,0.5053783704402405,0.9923855873540359,3,2,2,463.21868896484375,0.4534721374511719,iris,3,0.15,0.12,0.0
metacog,0.8666666666666667,0.8666666666666667,0.8666666666666667,0.8,0.9166666666666666,,0.4295544454919649,0.9728009417627567,5,3,3,647.5605964660645,0.9307861328125,iris,4,0.15,0.12,0.0
metacog,0.3888888888888889,0.3333333333333333,0.18666666666666668,0.0,0.5,,0.05448551404923955,0.8356166464548431,1,1,1,2077.1689414978027,0.44536590576171875,wine,0,0.15,0.12,0.0
metacog,0.3888888888888889,0.3333333333333333,0.18666666666666668,0.0,0.5,,0.10808918016984967,0.9836413568501193,1,1,1,2039.700984954834,0.4775524139404297,wine,1,0.15,0.12,0.0
metacog,0.6111111111111112,0.6,0.5185185185185185,0.5167423893288018,0.7494949494949495,,0.3774030947679678,0.9761711209664234,5,3,3,4186.627388000488,0.5335807800292969,wine,2,0.15,0.12,0.0
metacog,0.3888888888888889,0.3333333333333333,0.18666666666666668,0.0,0.5,,0.08826130698690134,0.9716808402437557,1,1,1,2013.5278701782227,0.4444122314453125,wine,3,0.15,0.12,0.0
metacog,0.3888888888888889,0.3333333333333333,0.18666666666666668,0.0,0.5,,0.06047926749204607,0.8796421389376234,1,1,1,2043.2336330413818,0.44155120849609375,wine,4,0.15,0.12,0.0
metacog,0.9473684210526315,0.9487012987012987,0.9449275362318841,0.8904905361044291,0.9512987012987013,0.9514896867838044,0.21358133163914025,0.9888872175996579,5,3,3,57986.30881309509,3.1282901763916016,breast_cancer,0,0.15,0.12,0.0
metacog,0.9824561403508771,0.9772727272727273,0.981329839502129,0.9633432944855655,0.9772727272727273,0.9722222222222222,0.2977781401192274,0.9858737888548949,5,3,3,58447.043895721436,1.4891624450683594,breast_cancer,1,0.15,0.12,0.0
metacog,0.631578947368421,0.5,0.3870967741935484,0.0,0.5,0.631578947368421,0.0971257789267817,0.9978297494359547,1,1,1,22421.377897262573,1.6019344329833984,breast_cancer,2,0.15,0.12,0.0
metacog,0.8421052631578947,0.7956349206349207,0.8144665461121157,0.662595343916706,0.7982804232804233,0.8102115937789479,0.4142019566762563,0.9709976809823655,5,3,3,56012.126445770264,2.980470657348633,breast_cancer,3,0.15,0.12,0.0
metacog,0.9298245614035088,0.9047619047619048,0.9210526315789473,0.8535639569308375,0.9047619047619048,0.9,0.3303387131174819,0.959075996239208,5,3,3,49835.00599861145,1.463174819946289,breast_cancer,4,0.15,0.12,0.0
metacog,0.8,0.5652173913043478,0.5579133510167993,0.32177789389368455,0.5652173913043478,0.33043478260869563,0.5541350673001662,1.0,3,2,2,6023.669958114624,4.144430160522461,adult,0,0.15,0.12,0.0
metacog,0.805,0.5913325804630153,0.6010434248887525,0.3371846188159856,0.7637634105025409,0.46100790513833995,0.44062217910693524,0.8797266491742846,7,4,4,11904.34718132019,9.06062126159668,adult,1,0.15,0.12,0.0
metacog,0.8,0.5652173913043478,0.5579133510167993,0.32177789389368455,0.5652173913043478,0.33043478260869563,0.5177485492624431,1.0,3,2,2,5992.528915405273,4.631280899047852,adult,2,0.15,0.12,0.0
metacog,0.805,0.5760869565217391,0.5758795062802458,0.34845909958918564,0.5760869565217391,0.3471739130434783,0.5289958634037956,1.0,3,2,2,5971.671104431152,4.336833953857422,adult,3,0.15,0.12,0.0
metacog,0.795,0.5543478260869565,0.5392999606719479,0.29298753307495307,0.5543478260869565,0.31369565217391304,0.5123123594125598,1.0,3,2,2,5995.561361312866,6.7386627197265625,adult,4,0.15,0.12,0.0
metacog,0.3333333333333333,0.3333333333333333,0.16666666666666666,0.0,0.5,,1.0,0.9973710865078222,1,1,1,286.0846519470215,0.6730556488037109,iris,0,0.15,0.12,0.1
metacog,0.3333333333333333,0.3333333333333333,0.16666666666666666,0.0,0.5,,1.0,0.9970757773947009,1,1,1,277.010440826416,0.6885528564453125,iris,1,0.15,0.12,0.1
metacog,0.3333333333333333,0.3333333333333333,0.16666666666666666,0.0,0.5,,1.0,0.9977269338811082,1,1,1,264.4956111907959,1.0099411010742188,iris,2,0.15,0.12,0.1
metacog,0.3333333333333333,0.3333333333333333,0.16666666666666666,0.0,0.5,,1.0,0.9961780853484691,1,1,1,312.1976852416992,0.7104873657226562,iris,3,0.15,0.12,0.1
metacog,0.3333333333333333,0.3333333333333333,0.16666666666666666,0.0,0.5,,0.8413882683090157,0.9971051500737994,1,1,1,265.60020446777344,0.3650188446044922,iris,4,0.15,0.12,0.1
metacog,0.3888888888888889,0.3333333333333333,0.18666666666666668,0.0,0.5,,0.05448551404923955,0.8356166464548431,1,1,1,2040.4527187347412,0.4260540008544922,wine,0,0.15,0.12,0.1
metacog,0.3888888888888889,0.3333333333333333,0.18666666666666668,0.0,0.5,,0.10808918016984967,0.9836413568501193,1,1,1,2054.251194000244,0.4837512969970703,wine,1,0.15,0.12,0.1
metacog,0.3888888888888889,0.3333333333333333,0.18666666666666668,0.0,0.5,,0.12637829618825452,0.9628190126221114,1,1,1,2049.8318672180176,0.44846534729003906,wine,2,0.15,0.12,0.1
metacog,0.3888888888888889,0.3333333333333333,0.18666666666666668,0.0,0.5,,0.08826130698690134,0.9716808402437557,1,1,1,2060.927391052246,0.8032321929931641,wine,3,0.15,0.12,0.1
metacog,0.3888888888888889,0.3333333333333333,0.18666666666666668,0.0,0.5,,0.06047926749204607,0.8796421389376234,1,1,1,2059.1235160827637,0.42366981506347656,wine,4,0.15,0.12,0.1
metacog,0.6140350877192983,0.5,0.3804347826086957,0.0,0.5,0.6140350877192983,0.16888261642988234,0.996438889669009,1,1,1,21962.478637695312,2.016782760620117,breast_cancer,0,0.15,0.12,0.1
metacog,0.9824561403508771,0.9772727272727273,0.981329839502129,0.9633432944855655,0.9772727272727273,0.9722222222222222,0.2972640601417964,0.9858737888548949,5,3,3,58145.76840400696,1.5246868133544922,breast_cancer,1,0.15,0.12,0.1
metacog,0.631578947368421,0.5,0.3870967741935484,0.0,0.5,0.631578947368421,0.0971257789267817,0.9978297494359547,1,1,1,22287.649154663086,2.4302005767822266,breast_cancer,2,0.15,0.12,0.1
metacog,0.8421052631578947,0.7956349206349207,0.8144665461121157,0.662595343916706,0.7982804232804233,0.8102115937789479,0.4125268785528514,0.9654808723040684,5,3,3,57442.74044036865,3.050088882446289,breast_cancer,3,0.15,0.12,0.1
metacog,0.9298245614035088,0.9047619047619048,0.9210526315789473,0.8535639569308375,0.9047619047619048,0.9,0.32420614859132296,0.9799090550488756,5,3,3,56693.67480278015,1.8010139465332031,breast_cancer,4,0.15,0.12,0.1
metacog,0.8,0.5652173913043478,0.5579133510167993,0.32177789389368455,0.5652173913043478,0.33043478260869563,0.5541350673001662,1.0,3,2,2,6787.675619125366,4.664421081542969,adult,0,0.15,0.12,0.1
metacog,0.805,0.5913325804630153,0.6010434248887525,0.3371846188159856,0.7637634105025409,0.46100790513833995,0.4402523890379214,0.8766580354991211,7,4,4,11979.709148406982,6.254434585571289,adult,1,0.15,0.12,0.1
metacog,0.8,0.5652173913043478,0.5579133510167993,0.32177789389368455,0.5652173913043478,0.33043478260869563,0.5177485492624431,1.0,3,2,2,6025.607109069824,6.408452987670898,adult,2,0.15,0.12,0.1
metacog,0.805,0.5760869565217391,0.5758795062802458,0.34845909958918564,0.5760869565217391,0.3471739130434783,0.5289958634037956,0.9989156713474379,3,2,2,5958.743095397949,4.350900650024414,adult,3,0.15,0.12,0.1
metacog,0.795,0.5543478260869565,0.5392999606719479,0.29298753307495307,0.5543478260869565,0.31369565217391304,0.5123123594125598,1.0,3,2,2,6041.584014892578,4.1656494140625,adult,4,0.15,0.12,0.1
metacog,0.3333333333333333,0.3333333333333333,0.16666666666666666,0.0,0.5,,1.0,0.9973710865078222,1,1,1,315.10376930236816,0.7445812225341797,iris,0,0.15,0.12,0.15
metacog,0.3333333333333333,0.3333333333333333,0.16666666666666666,0.0,0.5,,1.0,0.9970757773947009,1,1,1,271.1200714111328,0.6976127624511719,iris,1,0.15,0.12,0.15
metacog,0.3333333333333333,0.3333333333333333,0.16666666666666666,0.0,0.5,,1.0,0.9977269338811082,1,1,1,251.37567520141602,0.36072731018066406,iris,2,0.15,0.12,0.15
metacog,0.3333333333333333,0.3333333333333333,0.16666666666666666,0.0,0.5,,1.0,0.9961780853484691,1,1,1,306.6885471343994,0.3898143768310547,iris,3,0.15,0.12,0.15
metacog,0.3333333333333333,0.3333333333333333,0.16666666666666666,0.0,0.5,,0.8413882683090157,0.9971051500737994,1,1,1,289.23535346984863,0.34165382385253906,iris,4,0.15,0.12,0.15
metacog,0.3888888888888889,0.3333333333333333,0.18666666666666668,0.0,0.5,,0.05448551404923955,0.8356166464548431,1,1,1,2086.4059925079346,0.4341602325439453,wine,0,0.15,0.12,0.15
metacog,0.3888888888888889,0.3333333333333333,0.18666666666666668,0.0,0.5,,0.10808918016984967,0.9836413568501193,1,1,1,2042.3152446746826,0.39649009704589844,wine,1,0.15,0.12,0.15
metacog,0.3888888888888889,0.3333333333333333,0.18666666666666668,0.0,0.5,,0.12637829618825452,0.9628190126221114,1,1,1,2039.093017578125,0.4067420959472656,wine,2,0.15,0.12,0.15
metacog,0.3888888888888889,0.3333333333333333,0.18666666666666668,0.0,0.5,,0.08826130698690134,0.9716808402437557,1,1,1,2049.4003295898438,0.41747093200683594,wine,3,0.15,0.12,0.15
metacog,0.3888888888888889,0.3333333333333333,0.18666666666666668,0.0,0.5,,0.06047926749204607,0.8796421389376234,1,1,1,2003.2737255096436,0.40030479431152344,wine,4,0.15,0.12,0.15
metacog,0.6140350877192983,0.5,0.3804347826086957,0.0,0.5,0.6140350877192983,0.16888261642988234,0.996438889669009,1,1,1,22077.380657196045,2.0737648010253906,breast_cancer,0,0.15,0.12,0.15
metacog,0.6140350877192983,0.5,0.3804347826086957,0.0,0.5,0.6140350877192983,0.17301101243890643,0.9800388511449721,1,1,1,22383.285999298096,2.4232864379882812,breast_cancer,1,0.15,0.12,0.15
metacog,0.631578947368421,0.5,0.3870967741935484,0.0,0.5,0.631578947368421,0.0971257789267817,0.9978297494359547,1,1,1,22152.920961380005,2.262115478515625,breast_cancer,2,0.15,0.12,0.15
metacog,0.8421052631578947,0.7956349206349207,0.8144665461121157,0.662595343916706,0.7982804232804233,0.8102115937789479,0.4125268785528514,0.9654808723040684,5,3,3,57410.74252128601,1.522064208984375,breast_cancer,3,0.15,0.12,0.15
metacog,0.9298245614035088,0.9047619047619048,0.9210526315789473,0.8535639569308375,0.9047619047619048,0.9,0.32420614859132296,0.9799090550488756,5,3,3,58546.770334243774,1.5132427215576172,breast_cancer,4,0.15,0.12,0.15
metacog,0.8,0.5652173913043478,0.5579133510167993,0.32177789389368455,0.5652173913043478,0.33043478260869563,0.5541350673001662,1.0,3,2,2,7085.204362869263,5.509614944458008,adult,0,0.15,0.12,0.15
metacog,0.805,0.5913325804630153,0.6010434248887525,0.3371846188159856,0.7637634105025409,0.46100790513833995,0.4402523890379214,0.8766580354991211,7,4,4,13458.404302597046,5.840539932250977,adult,1,0.15,0.12,0.15
metacog,0.8,0.5652173913043478,0.5579133510167993,0.32177789389368455,0.5652173913043478,0.33043478260869563,0.5177485492624431,1.0,3,2,2,6878.353595733643,5.343437194824219,adult,2,0.15,0.12,0.15
metacog,0.805,0.5760869565217391,0.5758795062802458,0.34845909958918564,0.5760869565217391,0.3471739130434783,0.5289958634037956,0.9989156713474379,3,2,2,7029.648303985596,5.19108772277832,adult,3,0.15,0.12,0.15
metacog,0.795,0.5543478260869565,0.5392999606719479,0.29298753307495307,0.5543478260869565,0.31369565217391304,0.5123123594125598,1.0,3,2,2,6767.837047576904,7.354736328125,adult,4,0.15,0.12,0.15
metacog,0.3333333333333333,0.3333333333333333,0.16666666666666666,0.0,0.5,,1.0,0.9973710865078222,1,1,1,309.83519554138184,0.3566741943359375,iris,0,0.15,0.12,0.2
metacog,0.3333333333333333,0.3333333333333333,0.16666666666666666,0.0,0.5,,1.0,0.9970757773947009,1,1,1,278.72157096862793,0.7290840148925781,iris,1,0.15,0.12,0.2
metacog,0.3333333333333333,0.3333333333333333,0.16666666666666666,0.0,0.5,,1.0,0.9977269338811082,1,1,1,278.03754806518555,0.6961822509765625,iris,2,0.15,0.12,0.2
metacog,0.3333333333333333,0.3333333333333333,0.16666666666666666,0.0,0.5,,1.0,0.9961780853484691,1,1,1,287.0066165924072,0.36215782165527344,iris,3,0.15,0.12,0.2
metacog,0.3333333333333333,0.3333333333333333,0.16666666666666666,0.0,0.5,,0.8413882683090157,0.9971051500737994,1,1,1,280.102014541626,0.3616809844970703,iris,4,0.15,0.12,0.2
metacog,0.3888888888888889,0.3333333333333333,0.18666666666666668,0.0,0.5,,0.05448551404923955,0.8356166464548431,1,1,1,2124.4170665740967,0.8080005645751953,wine,0,0.15,0.12,0.2
metacog,0.3888888888888889,0.3333333333333333,0.18666666666666668,0.0,0.5,,0.10808918016984967,0.9836413568501193,1,1,1,2081.1023712158203,0.7226467132568359,wine,1,0.15,0.12,0.2
metacog,0.3888888888888889,0.3333333333333333,0.18666666666666668,0.0,0.5,,0.12637829618825452,0.9628190126221114,1,1,1,2144.444704055786,0.4076957702636719,wine,2,0.15,0.12,0.2
metacog,0.3888888888888889,0.3333333333333333,0.18666666666666668,0.0,0.5,,0.08826130698690134,0.9716808402437557,1,1,1,2085.965871810913,0.4229545593261719,wine,3,0.15,0.12,0.2
metacog,0.3888888888888889,0.3333333333333333,0.18666666666666668,0.0,0.5,,0.06047926749204607,0.8796421389376234,1,1,1,2078.2175064086914,0.4189014434814453,wine,4,0.15,0.12,0.2
metacog,0.6140350877192983,0.5,0.3804347826086957,0.0,0.5,0.6140350877192983,0.16888261642988234,0.996438889669009,1,1,1,22378.861665725708,1.220703125,breast_cancer,0,0.15,0.12,0.2
metacog,0.6140350877192983,0.5,0.3804347826086957,0.0,0.5,0.6140350877192983,0.17301101243890643,0.9800388511449721,1,1,1,22514.51539993286,1.329660415649414,breast_cancer,1,0.15,0.12,0.2
metacog,0.631578947368421,0.5,0.3870967741935484,0.0,0.5,0.631578947368421,0.0971257789267817,0.9978297494359547,1,1,1,22330.255031585693,1.1882781982421875,breast_cancer,2,0.15,0.12,0.2
metacog,0.8421052631578947,0.7956349206349207,0.8144665461121157,0.662595343916706,0.7982804232804233,0.8102115937789479,0.4125268785528514,0.9654808723040684,5,3,3,59190.253496170044,3.201723098754883,breast_cancer,3,0.15,0.12,0.2
metacog,0.9298245614035088,0.9047619047619048,0.9210526315789473,0.8535639569308375,0.9047619047619048,0.9,0.32420614859132296,0.9799090550488756,5,3,3,59279.29329872131,1.5506744384765625,breast_cancer,4,0.15,0.12,0.2
metacog,0.8,0.5652173913043478,0.5579133510167993,0.32177789389368455,0.5652173913043478,0.33043478260869563,0.5541350673001662,1.0,3,2,2,6970.530033111572,4.613399505615234,adult,0,0.15,0.12,0.2
metacog,0.805,0.5913325804630153,0.6010434248887525,0.3371846188159856,0.5913325804630153,0.3450790513833992,0.6867096625830987,0.99993115173406,5,3,3,10178.475141525269,7.365226745605469,adult,1,0.15,0.12,0.2
metacog,0.8,0.5652173913043478,0.5579133510167993,0.32177789389368455,0.5652173913043478,0.33043478260869563,0.5177485492624431,1.0,3,2,2,6929.913520812988,4.773616790771484,adult,2,0.15,0.12,0.2
metacog,0.805,0.5760869565217391,0.5758795062802458,0.34845909958918564,0.5760869565217391,0.3471739130434783,0.5289958634037956,0.9989156713474379,3,2,2,7072.424411773682,4.928827285766602,adult,3,0.15,0.12,0.2
metacog,0.795,0.5543478260869565,0.5392999606719479,0.29298753307495307,0.5543478260869565,0.31369565217391304,0.5123123594125598,1.0,3,2,2,6894.888401031494,4.15802001953125,adult,4,0.15,0.12,0.2
metacog,0.3333333333333333,0.3333333333333333,0.16666666666666666,0.0,0.5,,1.0,0.9973710865078222,1,1,1,303.70616912841797,0.36597251892089844,iris,0,0.15,0.12,0.3
metacog,0.3333333333333333,0.3333333333333333,0.16666666666666666,0.0,0.5,,1.0,0.9970757773947009,1,1,1,273.9226818084717,0.3619194030761719,iris,1,0.15,0.12,0.3
metacog,0.3333333333333333,0.3333333333333333,0.16666666666666666,0.0,0.5,,1.0,0.9977269338811082,1,1,1,259.6733570098877,0.6058216094970703,iris,2,0.15,0.12,0.3
metacog,0.3333333333333333,0.3333333333333333,0.16666666666666666,0.0,0.5,,1.0,0.9961780853484691,1,1,1,286.47923469543457,0.37288665771484375,iris,3,0.15,0.12,0.3
metacog,0.3333333333333333,0.3333333333333333,0.16666666666666666,0.0,0.5,,0.8413882683090157,0.9971051500737994,1,1,1,273.4510898590088,0.6604194641113281,iris,4,0.15,0.12,0.3
metacog,0.3888888888888889,0.3333333333333333,0.18666666666666668,0.0,0.5,,0.05448551404923955,0.8356166464548431,1,1,1,2112.9374504089355,0.9632110595703125,wine,0,0.15,0.12,0.3
metacog,0.3888888888888889,0.3333333333333333,0.18666666666666668,0.0,0.5,,0.10808918016984967,0.9836413568501193,1,1,1,2071.9361305236816,0.4000663757324219,wine,1,0.15,0.12,0.3
metacog,0.3888888888888889,0.3333333333333333,0.18666666666666668,0.0,0.5,,0.12637829618825452,0.9628190126221114,1,1,1,2098.3312129974365,0.44918060302734375,wine,2,0.15,0.12,0.3
metacog,0.3888888888888889,0.3333333333333333,0.18666666666666668,0.0,0.5,,0.08826130698690134,0.9716808402437557,1,1,1,2003.1585693359375,0.44536590576171875,wine,3,0.15,0.12,0.3
metacog,0.3888888888888889,0.3333333333333333,0.18666666666666668,0.0,0.5,,0.06047926749204607,0.8796421389376234,1,1,1,2023.4324932098389,0.4267692565917969,wine,4,0.15,0.12,0.3
metacog,0.6140350877192983,0.5,0.3804347826086957,0.0,0.5,0.6140350877192983,0.16888261642988234,0.996438889669009,1,1,1,22441.100358963013,2.269744873046875,breast_cancer,0,0.15,0.12,0.3
metacog,0.6140350877192983,0.5,0.3804347826086957,0.0,0.5,0.6140350877192983,0.17301101243890643,0.9800388511449721,1,1,1,22022.887229919434,1.2962818145751953,breast_cancer,1,0.15,0.12,0.3
metacog,0.631578947368421,0.5,0.3870967741935484,0.0,0.5,0.631578947368421,0.0971257789267817,0.9978297494359547,1,1,1,22306.233406066895,1.2176036834716797,breast_cancer,2,0.15,0.12,0.3
metacog,0.8421052631578947,0.7956349206349207,0.8144665461121157,0.662595343916706,0.7982804232804233,0.8102115937789479,0.4125268785528514,0.9654808723040684,5,3,3,57919.73924636841,2.240419387817383,breast_cancer,3,0.15,0.12,0.3
metacog,0.631578947368421,0.5,0.3870967741935484,0.0,0.5,0.631578947368421,0.26773643154259474,0.9718729874477393,1,1,1,22098.51360321045,1.2309551239013672,breast_cancer,4,0.15,0.12,0.3
metacog,0.8,0.5652173913043478,0.5579133510167993,0.32177789389368455,0.5652173913043478,0.33043478260869563,0.5541350673001662,1.0,3,2,2,7163.516283035278,4.531621932983398,adult,0,0.15,0.12,0.3
metacog,0.805,0.5913325804630153,0.6010434248887525,0.3371846188159856,0.5913325804630153,0.3450790513833992,0.6867096625830987,0.99993115173406,5,3,3,10875.595808029175,10.584354400634766,adult,1,0.15,0.12,0.3
metacog,0.8,0.5652173913043478,0.5579133510167993,0.32177789389368455,0.5652173913043478,0.33043478260869563,0.5177485492624431,1.0,3,2,2,7288.853645324707,4.318714141845703,adult,2,0.15,0.12,0.3
metacog,0.805,0.5760869565217391,0.5758795062802458,0.34845909958918564,0.5760869565217391,0.3471739130434783,0.5289958634037956,0.9989156713474379,3,2,2,7407.510042190552,4.665613174438477,adult,3,0.15,0.12,0.3
metacog,0.795,0.5543478260869565,0.5392999606719479,0.29298753307495307,0.5543478260869565,0.31369565217391304,0.5123123594125598,1.0,3,2,2,7120.284795761108,4.548072814941406,adult,4,0.15,0.12,0.3
metacog,0.3333333333333333,0.3333333333333333,0.16666666666666666,0.0,0.5,,1.0,0.9973710865078222,1,1,1,265.89465141296387,0.37288665771484375,iris,0,0.15,0.12,0.4
metacog,0.3333333333333333,0.3333333333333333,0.16666666666666666,0.0,0.5,,1.0,0.9970757773947009,1,1,1,256.7870616912842,0.6291866302490234,iris,1,0.15,0.12,0.4
metacog,0.3333333333333333,0.3333333333333333,0.16666666666666666,0.0,0.5,,1.0,0.9977269338811082,1,1,1,286.65733337402344,0.6706714630126953,iris,2,0.15,0.12,0.4
metacog,0.3333333333333333,0.3333333333333333,0.16666666666666666,0.0,0.5,,1.0,0.9961780853484691,1,1,1,277.12368965148926,0.3933906555175781,iris,3,0.15,0.12,0.4
metacog,0.3333333333333333,0.3333333333333333,0.16666666666666666,0.0,0.5,,0.8413882683090157,0.9971051500737994,1,1,1,297.21713066101074,0.6468296051025391,iris,4,0.15,0.12,0.4
metacog,0.3888888888888889,0.3333333333333333,0.18666666666666668,0.0,0.5,,0.05448551404923955,0.8356166464548431,1,1,1,2094.8283672332764,0.8287429809570312,wine,0,0.15,0.12,0.4
metacog,0.3888888888888889,0.3333333333333333,0.18666666666666668,0.0,0.5,,0.10808918016984967,0.9836413568501193,1,1,1,2098.719596862793,0.4227161407470703,wine,1,0.15,0.12,0.4
metacog,0.3888888888888889,0.3333333333333333,0.18666666666666668,0.0,0.5,,0.12637829618825452,0.9628190126221114,1,1,1,2249.4521141052246,0.4036426544189453,wine,2,0.15,0.12,0.4
metacog,0.3888888888888889,0.3333333333333333,0.18666666666666668,0.0,0.5,,0.08826130698690134,0.9716808402437557,1,1,1,2123.725652694702,0.40411949157714844,wine,3,0.15,0.12,0.4
metacog,0.3888888888888889,0.3333333333333333,0.18666666666666668,0.0,0.5,,0.06047926749204607,0.8796421389376234,1,1,1,2089.3425941467285,0.4010200500488281,wine,4,0.15,0.12,0.4
metacog,0.6140350877192983,0.5,0.3804347826086957,0.0,0.5,0.6140350877192983,0.16888261642988234,0.996438889669009,1,1,1,22398.656368255615,1.207113265991211,breast_cancer,0,0.15,0.12,0.4
metacog,0.6140350877192983,0.5,0.3804347826086957,0.0,0.5,0.6140350877192983,0.17301101243890643,0.9800388511449721,1,1,1,22835.61396598816,2.027750015258789,breast_cancer,1,0.15,0.12,0.4
metacog,0.631578947368421,0.5,0.3870967741935484,0.0,0.5,0.631578947368421,0.0971257789267817,0.9978297494359547,1,1,1,22466.272830963135,2.366304397583008,breast_cancer,2,0.15,0.12,0.4
metacog,0.8421052631578947,0.7956349206349207,0.8144665461121157,0.662595343916706,0.7982804232804233,0.8102115937789479,0.4125268785528514,0.9654808723040684,5,3,3,58688.313245773315,1.4462471008300781,breast_cancer,3,0.15,0.12,0.4
metacog,0.631578947368421,0.5,0.3870967741935484,0.0,0.5,0.631578947368421,0.26773643154259474,0.9718729874477393,1,1,1,22245.121002197266,1.22833251953125,breast_cancer,4,0.15,0.12,0.4
metacog,0.8,0.5652173913043478,0.5579133510167993,0.32177789389368455,0.5652173913043478,0.33043478260869563,0.5541350673001662,1.0,3,2,2,7140.706539154053,7.516622543334961,adult,0,0.15,0.12,0.4
metacog,0.805,0.5913325804630153,0.6010434248887525,0.3371846188159856,0.5913325804630153,0.3450790513833992,0.6867096625830987,0.99993115173406,5,3,3,10811.517715454102,7.828950881958008,adult,1,0.15,0.12,0.4
metacog,0.8,0.5652173913043478,0.5579133510167993,0.32177789389368455,0.5652173913043478,0.33043478260869563,0.5177485492624431,1.0,3,2,2,7335.739374160767,8.899211883544922,adult,2,0.15,0.12,0.4
metacog,0.805,0.5760869565217391,0.5758795062802458,0.34845909958918564,0.5760869565217391,0.3471739130434783,0.5289958634037956,0.9989156713474379,3,2,2,7212.028503417969,4.823923110961914,adult,3,0.15,0.12,0.4
metacog,0.795,0.5543478260869565,0.5392999606719479,0.29298753307495307,0.5543478260869565,0.31369565217391304,0.5123123594125598,1.0,3,2,2,7307.199954986572,4.609584808349609,adult,4,0.15,0.12,0.4
metacog,0.3333333333333333,0.3333333333333333,0.16666666666666666,0.0,0.5,,1.0,0.9973710865078222,1,1,1,269.0999507904053,0.74005126953125,iris,0,0.15,0.12,0.5
metacog,0.3333333333333333,0.3333333333333333,0.16666666666666666,0.0,0.5,,1.0,0.9970757773947009,1,1,1,270.91121673583984,0.7736682891845703,iris,1,0.15,0.12,0.5
metacog,0.3333333333333333,0.3333333333333333,0.16666666666666666,0.0,0.5,,1.0,0.9977269338811082,1,1,1,295.70460319519043,0.34880638122558594,iris,2,0.15,0.12,0.5
metacog,0.3333333333333333,0.3333333333333333,0.16666666666666666,0.0,0.5,,1.0,0.9961780853484691,1,1,1,270.0181007385254,0.701904296875,iris,3,0.15,0.12,0.5
metacog,0.3333333333333333,0.3333333333333333,0.16666666666666666,0.0,0.5,,0.8413882683090157,0.9971051500737994,1,1,1,284.9609851837158,0.36978721618652344,iris,4,0.15,0.12,0.5
metacog,0.3888888888888889,0.3333333333333333,0.18666666666666668,0.0,0.5,,0.05448551404923955,0.8356166464548431,1,1,1,2099.5309352874756,0.8347034454345703,wine,0,0.15,0.12,0.5
metacog,0.3888888888888889,0.3333333333333333,0.18666666666666668,0.0,0.5,,0.10808918016984967,0.9836413568501193,1,1,1,2143.2478427886963,0.8127689361572266,wine,1,0.15,0.12,0.5
metacog,0.3888888888888889,0.3333333333333333,0.18666666666666668,0.0,0.5,,0.12637829618825452,0.9628190126221114,1,1,1,2169.903039932251,0.8766651153564453,wine,2,0.15,0.12,0.5
metacog,0.3888888888888889,0.3333333333333333,0.18666666666666668,0.0,0.5,,0.08826130698690134,0.9716808402437557,1,1,1,2172.8515625,0.4172325134277344,wine,3,0.15,0.12,0.5
metacog,0.3888888888888889,0.3333333333333333,0.18666666666666668,0.0,0.5,,0.06047926749204607,0.8796421389376234,1,1,1,2138.292074203491,0.4096031188964844,wine,4,0.15,0.12,0.5
metacog,0.6140350877192983,0.5,0.3804347826086957,0.0,0.5,0.6140350877192983,0.16888261642988234,0.996438889669009,1,1,1,22395.479202270508,2.683877944946289,breast_cancer,0,0.15,0.12,0.5
metacog,0.6140350877192983,0.5,0.3804347826086957,0.0,0.5,0.6140350877192983,0.17301101243890643,0.9800388511449721,1,1,1,22606.245040893555,2.2830963134765625,breast_cancer,1,0.15,0.12,0.5
metacog,0.631578947368421,0.5,0.3870967741935484,0.0,0.5,0.631578947368421,0.0971257789267817,0.9978297494359547,1,1,1,22339.895963668823,1.7724037170410156,breast_cancer,2,0.15,0.12,0.5
metacog,0.8421052631578947,0.7956349206349207,0.8144665461121157,0.662595343916706,0.7982804232804233,0.8102115937789479,0.4125268785528514,0.9654808723040684,5,3,3,59130.84006309509,1.4324188232421875,breast_cancer,3,0.15,0.12,0.5
metacog,0.631578947368421,0.5,0.3870967741935484,0.0,0.5,0.631578947368421,0.26773643154259474,0.9718729874477393,1,1,1,22588.681936264038,1.2598037719726562,breast_cancer,4,0.15,0.12,0.5
metacog,0.8,0.5652173913043478,0.5579133510167993,0.32177789389368455,0.5652173913043478,0.33043478260869563,0.5541350673001662,1.0,3,2,2,7204.417705535889,8.506059646606445,adult,0,0.15,0.12,0.5
metacog,0.805,0.5913325804630153,0.6010434248887525,0.3371846188159856,0.5913325804630153,0.3450790513833992,0.6867096625830987,0.99993115173406,5,3,3,10716.13097190857,7.591485977172852,adult,1,0.15,0.12,0.5
metacog,0.8,0.5652173913043478,0.5579133510167993,0.32177789389368455,0.5652173913043478,0.33043478260869563,0.5177485492624431,1.0,3,2,2,7320.873975753784,4.287481307983398,adult,2,0.15,0.12,0.5
metacog,0.805,0.5760869565217391,0.5758795062802458,0.34845909958918564,0.5760869565217391,0.3471739130434783,0.5289958634037956,0.9989156713474379,3,2,2,7311.0315799713135,8.874893188476562,adult,3,0.15,0.12,0.5
metacog,0.795,0.5543478260869565,0.5392999606719479,0.29298753307495307,0.5543478260869565,0.31369565217391304,0.5123123594125598,1.0,3,2,2,7230.918884277344,4.342794418334961,adult,4,0.15,0.12,0.5
metacog,0.6666666666666666,0.6666666666666666,0.5555555555555555,0.6123724356957945,0.8333333333333334,,0.5087148216635994,0.9931689782126119,3,2,2,496.86717987060547,0.4572868347167969,iris,0,0.2,0.01,0.0
metacog,0.6666666666666666,0.6666666666666666,0.5555555555555555,0.6123724356957945,0.8333333333333334,,0.5053783704402405,0.9846235543341044,3,2,2,489.8674488067627,0.4775524139404297,iris,1,0.2,0.01,0.0
metacog,0.6666666666666666,0.6666666666666666,0.5555555555555555,0.6123724356957945,0.8333333333333334,,0.5003001606412475,0.9925327311980254,3,2,2,519.5724964141846,0.42939186096191406,iris,2,0.2,0.01,0.0
metacog,0.6666666666666666,0.6666666666666666,0.5555555555555555,0.6123724356957945,0.8333333333333334,,0.5053783704402405,0.9923855873540359,3,2,2,510.8051300048828,0.42748451232910156,iris,3,0.2,0.01,0.0
metacog,0.8666666666666667,0.8666666666666667,0.8666666666666667,0.8,0.9166666666666666,,0.28577510171176046,0.9820945677620531,9,5,5,954.9553394317627,0.5178451538085938,iris,4,0.2,0.01,0.0
metacog,1.0,1.0,1.0,1.0,1.0,,0.2877135249346605,0.9622918623199627,9,5,4,6797.437429428101,0.5543231964111328,wine,0,0.2,0.01,0.0
metacog,0.9444444444444444,0.9523809523809524,0.9440559440559441,0.9209401941068135,0.9810855810855811,,0.09676720274524803,0.992956148927088,9,5,5,7650.470733642578,0.6358623504638672,wine,1,0.2,0.01,0.0
metacog,0.6111111111111112,0.6,0.5185185185185185,0.5167423893288018,0.7494949494949495,,0.3774030947679678,0.9761711209664234,5,3,3,4433.233261108398,0.5419254302978516,wine,2,0.2,0.01,0.0
metacog,0.9444444444444444,0.9523809523809524,0.9487179487179488,0.9205607476635514,0.9731240981240982,,0.25335208604515086,0.990451244453784,11,6,5,7765.437841415405,0.7185935974121094,wine,3,0.2,0.01,0.0
metacog,0.8888888888888888,0.9047619047619048,0.8885003885003885,0.8457943925233645,0.9256715506715508,,0.24828160209775718,0.9703026118717079,9,5,4,5974.838018417358,0.6222724914550781,wine,4,0.2,0.01,0.0
metacog,0.9473684210526315,0.9487012987012987,0.9449275362318841,0.8904905361044291,0.9512987012987013,0.9514896867838044,0.21358133163914025,0.9888872175996579,5,3,3,59620.77188491821,2.9726028442382812,breast_cancer,0,0.2,0.01,0.0
metacog,0.9649122807017544,0.9545454545454546,0.9623015873015872,0.9273353546322172,0.9318181818181818,0.9459459459459459,0.2977781401192274,0.9858737888548949,7,4,3,60008.60571861267,3.2415390014648438,breast_cancer,1,0.2,0.01,0.0
metacog,0.9298245614035088,0.9146825396825397,0.922972972972973,0.8486684247915055,0.9034391534391535,0.9130116959064327,0.2798662637828419,0.9830167275941617,5,3,3,57575.78730583191,1.4317035675048828,breast_cancer,2,0.2,0.01,0.0
metacog,0.8947368421052632,0.876984126984127,0.8844594594594595,0.7715167498104596,0.8802910052910053,0.8822099765082221,0.21762724938439484,0.9801708000469725,13,7,6,90116.70660972595,1.7502307891845703,breast_cancer,3,0.2,0.01,0.0
metacog,0.9298245614035088,0.9047619047619048,0.9210526315789473,0.8535639569308375,0.9047619047619048,0.9,0.3303387131174819,0.959075996239208,5,3,3,52106.30750656128,1.4293193817138672,breast_cancer,4,0.2,0.01,0.0
metacog,0.805,0.5760869565217391,0.5758795062802458,0.34845909958918564,0.8526962168266516,0.5659558744201101,0.20325470725985334,0.8251385401844719,17,9,8,18798.964262008667,7.105350494384766,adult,0,0.2,0.01,0.0
metacog,0.805,0.5913325804630153,0.6010434248887525,0.3371846188159856,0.7637634105025409,0.46100790513833995,0.44062217910693524,0.8797266491742846,7,4,4,12705.748796463013,5.091428756713867,adult,1,0.2,0.01,0.0
metacog,0.8,0.5652173913043478,0.5579133510167993,0.32177789389368455,0.7643280632411067,0.48775257298886787,0.23414150369523062,0.8540920656312319,13,7,5,15085.110664367676,7.640838623046875,adult,2,0.2,0.01,0.0
metacog,0.805,0.5760869565217391,0.5758795062802458,0.34845909958918564,0.8018068887634104,0.5049458908782878,0.2326180300127681,0.8406603383318082,19,10,8,17573.368310928345,5.841732025146484,adult,3,0.2,0.01,0.0
metacog,0.79,0.5511010728402033,0.5358090185676393,0.2521289991115018,0.8025832862789386,0.5020017468283223,0.18768643195424034,0.8625809138503989,17,9,8,18040.857076644897,5.569219589233398,adult,4,0.2,0.01,0.0
metacog,0.3333333333333333,0.3333333333333333,0.16666666666666666,0.0,0.5,,1.0,0.9973710865078222,1,1,1,261.17467880249023,0.3750324249267578,iris,0,0.2,0.01,0.1
metacog,0.3333333333333333,0.3333333333333333,0.16666666666666666,0.0,0.5,,1.0,0.9970757773947009,1,1,1,302.7205467224121,0.36597251892089844,iris,1,0.2,0.01,0.1
metacog,0.3333333333333333,0.3333333333333333,0.16666666666666666,0.0,0.5,,1.0,0.9977269338811082,1,1,1,291.7623519897461,0.3650188446044922,iris,2,0.2,0.01,0.1
metacog,0.3333333333333333,0.3333333333333333,0.16666666666666666,0.0,0.5,,1.0,0.9961780853484691,1,1,1,283.4334373474121,0.38743019104003906,iris,3,0.2,0.01,0.1
metacog,0.3333333333333333,0.3333333333333333,0.16666666666666666,0.0,0.5,,0.8413882683090157,0.9971051500737994,1,1,1,279.2661190032959,0.5514621734619141,iris,4,0.2,0.01,0.1
metacog,1.0,1.0,1.0,1.0,1.0,,0.2850215115593363,0.9703851012969208,7,4,3,6637.045621871948,1.3086795806884766,wine,0,0.2,0.01,0.1
metacog,0.9444444444444444,0.9523809523809524,0.9440559440559441,0.9209401941068135,0.9810855810855811,,0.09676720274524803,0.992956148927088,9,5,5,7564.080715179443,0.5650520324707031,wine,1,0.2,0.01,0.1
metacog,0.6111111111111112,0.6,0.5185185185185185,0.5167423893288018,0.7494949494949495,,0.3774030947679678,0.9761711209664234,5,3,3,4321.762323379517,0.5445480346679688,wine,2,0.2,0.01,0.1
metacog,0.6666666666666666,0.6666666666666666,0.5666666666666667,0.5995445191824106,0.8387445887445887,,0.28708262043670824,0.9870125191045439,5,3,3,4308.779716491699,0.5271434783935547,wine,3,0.2,0.01,0.1
metacog,0.8888888888888888,0.9047619047619048,0.8885003885003885,0.8457943925233645,0.9235070485070486,,0.24828160209775718,0.9703026118717079,7,4,3,5955.879688262939,0.5414485931396484,wine,4,0.2,0.01,0.1
metacog,0.9473684210526315,0.9487012987012987,0.9449275362318841,0.8904905361044291,0.9512987012987013,0.9514896867838044,0.2128605955282232,0.9904241124341877,5,3,3,58167.96517372131,1.6951560974121094,breast_cancer,0,0.2,0.01,0.1
metacog,0.9649122807017544,0.9545454545454546,0.9623015873015872,0.9273353546322172,0.9318181818181818,0.9459459459459459,0.2972640601417964,0.9858737888548949,7,4,3,58969.78831291199,3.695964813232422,breast_cancer,1,0.2,0.01,0.1
metacog,0.9298245614035088,0.9146825396825397,0.922972972972973,0.8486684247915055,0.9034391534391535,0.9130116959064327,0.2784189762127132,0.9902492992693803,5,3,3,57645.97392082214,1.4531612396240234,breast_cancer,2,0.2,0.01,0.1
metacog,0.8421052631578947,0.7956349206349207,0.8144665461121157,0.662595343916706,0.7982804232804233,0.8102115937789479,0.4125268785528514,0.9654808723040684,5,3,3,51272.57013320923,1.6281604766845703,breast_cancer,3,0.2,0.01,0.1
metacog,0.9298245614035088,0.9047619047619048,0.9210526315789473,0.8535639569308375,0.9047619047619048,0.9,0.32420614859132296,0.9799090550488756,5,3,3,51376.50513648987,1.4638900756835938,breast_cancer,4,0.2,0.01,0.1
metacog,0.805,0.5760869565217391,0.5758795062802458,0.34845909958918564,0.8526962168266516,0.5659558744201101,0.2081333134198335,0.7837180233418739,19,10,9,19664.868593215942,6.532430648803711,adult,0,0.2,0.01,0.1
metacog,0.805,0.5913325804630153,0.6010434248887525,0.3371846188159856,0.7637634105025409,0.46100790513833995,0.4402523890379214,0.8766580354991211,7,4,4,12525.218725204468,5.771398544311523,adult,1,0.2,0.01,0.1
metacog,0.8,0.5652173913043478,0.5579133510167993,0.32177789389368455,0.7643280632411067,0.48775257298886787,0.23414150369523062,0.8540920656312319,13,7,5,15500.128746032715,6.180286407470703,adult,2,0.2,0.01,0.1
metacog,0.805,0.5760869565217391,0.5758795062802458,0.34845909958918564,0.7727978543195934,0.4844409937888199,0.2684270624371677,0.8229594286826631,7,4,4,12656.977415084839,5.469322204589844,adult,3,0.2,0.01,0.1
metacog,0.79,0.5511010728402033,0.5358090185676393,0.2521289991115018,0.8025832862789386,0.5020017468283223,0.20474645038841588,0.8460408415500065,19,10,9,20287.63461112976,6.410837173461914,adult,4,0.2,0.01,0.1
metacog,0.3333333333333333,0.3333333333333333,0.16666666666666666,0.0,0.5,,1.0,0.9973710865078222,1,1,1,281.2936305999756,0.6990432739257812,iris,0,0.2,0.01,0.15
metacog,0.3333333333333333,0.3333333333333333,0.16666666666666666,0.0,0.5,,1.0,0.9970757773947009,1,1,1,259.0458393096924,0.4642009735107422,iris,1,0.2,0.01,0.15
metacog,0.3333333333333333,0.3333333333333333,0.16666666666666666,0.0,0.5,,1.0,0.9977269338811082,1,1,1,272.9353904724121,0.3688335418701172,iris,2,0.2,0.01,0.15
metacog,0.3333333333333333,0.3333333333333333,0.16666666666666666,0.0,0.5,,1.0,0.9961780853484691,1,1,1,279.02722358703613,0.385284423828125,iris,3,0.2,0.01,0.15
metacog,0.3333333333333333,0.3333333333333333,0.16666666666666666,0.0,0.5,,0.8413882683090157,0.9971051500737994,1,1,1,296.99254035949707,0.5478858947753906,iris,4,0.2,0.01,0.15
metacog,1.0,1.0,1.0,1.0,1.0,,0.2850215115593363,0.9703851012969208,7,4,3,6634.610414505005,0.5331039428710938,wine,0,0.2,0.01,0.15
metacog,0.9444444444444444,0.9523809523809524,0.9440559440559441,0.9209401941068135,0.9810855810855811,,0.09676720274524803,0.992956148927088,9,5,5,7649.556875228882,1.2149810791015625,wine,1,0.2,0.01,0.15
metacog,0.6111111111111112,0.6,0.5185185185185185,0.5167423893288018,0.7494949494949495,,0.3774030947679678,0.9761711209664234,5,3,3,4382.953405380249,0.5300045013427734,wine,2,0.2,0.01,0.15
metacog,0.6666666666666666,0.6666666666666666,0.5666666666666667,0.5995445191824106,0.8387445887445887,,0.28708262043670824,0.9870125191045439,5,3,3,4325.711727142334,1.0721683502197266,wine,3,0.2,0.01,0.15
metacog,0.8888888888888888,0.9047619047619048,0.8885003885003885,0.8457943925233645,0.9235070485070486,,0.24828160209775718,0.9703026118717079,7,4,3,5814.173221588135,0.9968280792236328,wine,4,0.2,0.01,0.15
metacog,0.9473684210526315,0.9487012987012987,0.9449275362318841,0.8904905361044291,0.9512987012987013,0.9514896867838044,0.2128605955282232,0.9904241124341877,5,3,3,58938.26365470886,1.4159679412841797,breast_cancer,0,0.2,0.01,0.15
metacog,0.9649122807017544,0.9545454545454546,0.9623015873015872,0.9273353546322172,0.9318181818181818,0.9459459459459459,0.2972640601417964,0.9858737888548949,7,4,3,58692.023515701294,3.1626224517822266,breast_cancer,1,0.2,0.01,0.15
metacog,0.9298245614035088,0.9146825396825397,0.922972972972973,0.8486684247915055,0.9034391534391535,0.9130116959064327,0.2784189762127132,0.9902492992693803,5,3,3,58653.623819351196,1.6338825225830078,breast_cancer,2,0.2,0.01,0.15
metacog,0.8421052631578947,0.7956349206349207,0.8144665461121157,0.662595343916706,0.7982804232804233,0.8102115937789479,0.4125268785528514,0.9654808723040684,5,3,3,58559.79323387146,1.901388168334961,breast_cancer,3,0.2,0.01,0.15
metacog,0.9298245614035088,0.9047619047619048,0.9210526315789473,0.8535639569308375,0.9047619047619048,0.9,0.32420614859132296,0.9799090550488756,5,3,3,58541.94211959839,1.6224384307861328,breast_cancer,4,0.2,0.01,0.15
metacog,0.805,0.5760869565217391,0.5758795062802458,0.34845909958918564,0.8526962168266516,0.5659558744201101,0.2081333134198335,0.7837180233418739,19,10,9,22445.51706314087,12.648820877075195,adult,0,0.2,0.01,0.15
metacog,0.805,0.5913325804630153,0.6010434248887525,0.3371846188159856,0.7637634105025409,0.46100790513833995,0.4402523890379214,0.8766580354991211,7,4,4,14471.78840637207,9.502887725830078,adult,1,0.2,0.01,0.15
metacog,0.8,0.5652173913043478,0.5579133510167993,0.32177789389368455,0.7643280632411067,0.48775257298886787,0.23414150369523062,0.8540920656312319,13,7,5,17340.456008911133,5.778074264526367,adult,2,0.2,0.01,0.15
metacog,0.805,0.5760869565217391,0.5758795062802458,0.34845909958918564,0.7727978543195934,0.4844409937888199,0.2684270624371677,0.8229594286826631,7,4,4,12793.90025138855,5.280494689941406,adult,3,0.2,0.01,0.15
metacog,0.795,0.5543478260869565,0.5392999606719479,0.29298753307495307,0.8045595708639187,0.49675191815856773,0.29144482238658037,0.9737562562239062,5,3,3,8968.196868896484,5.019664764404297,adult,4,0.2,0.01,0.15
metacog,0.3333333333333333,0.3333333333333333,0.16666666666666666,0.0,0.5,,1.0,0.9973710865078222,1,1,1,280.61676025390625,0.6685256958007812,iris,0,0.2,0.01,0.2
metacog,0.3333333333333333,0.3333333333333333,0.16666666666666666,0.0,0.5,,1.0,0.9970757773947009,1,1,1,256.41655921936035,0.36025047302246094,iris,1,0.2,0.01,0.2
metacog,0.3333333333333333,0.3333333333333333,0.16666666666666666,0.0,0.5,,1.0,0.9977269338811082,1,1,1,285.45451164245605,0.3561973571777344,iris,2,0.2,0.01,0.2
metacog,0.3333333333333333,0.3333333333333333,0.16666666666666666,0.0,0.5,,1.0,0.9961780853484691,1,1,1,289.66617584228516,0.3826618194580078,iris,3,0.2,0.01,0.2
metacog,0.3333333333333333,0.3333333333333333,0.16666666666666666,0.0,0.5,,0.8413882683090157,0.9971051500737994,1,1,1,303.13992500305176,0.4477500915527344,iris,4,0.2,0.01,0.2
metacog,1.0,1.0,1.0,1.0,1.0,,0.2850215115593363,0.9703851012969208,7,4,3,6667.2022342681885,1.1298656463623047,wine,0,0.2,0.01,0.2
metacog,0.9444444444444444,0.9523809523809524,0.9440559440559441,0.9209401941068135,0.9810855810855811,,0.09676720274524803,0.992956148927088,9,5,5,7616.588830947876,1.2264251708984375,wine,1,0.2,0.01,0.2
metacog,0.6111111111111112,0.6,0.5185185185185185,0.5167423893288018,0.7494949494949495,,0.3774030947679678,0.9761711209664234,5,3,3,4286.939382553101,0.5526542663574219,wine,2,0.2,0.01,0.2
metacog,0.6666666666666666,0.6666666666666666,0.5666666666666667,0.5995445191824106,0.8387445887445887,,0.28708262043670824,0.9870125191045439,5,3,3,4267.572402954102,0.5452632904052734,wine,3,0.2,0.01,0.2
metacog,0.8888888888888888,0.9047619047619048,0.8885003885003885,0.8457943925233645,0.9235070485070486,,0.24828160209775718,0.9703026118717079,7,4,3,5980.991840362549,1.1250972747802734,wine,4,0.2,0.01,0.2
metacog,0.9473684210526315,0.9487012987012987,0.9449275362318841,0.8904905361044291,0.9512987012987013,0.9514896867838044,0.2128605955282232,0.9904241124341877,5,3,3,59059.725522994995,3.332376480102539,breast_cancer,0,0.2,0.01,0.2
metacog,0.9649122807017544,0.9545454545454546,0.9623015873015872,0.9273353546322172,0.9318181818181818,0.9459459459459459,0.2972640601417964,0.9858737888548949,7,4,3,58920.28784751892,2.7408599853515625,breast_cancer,1,0.2,0.01,0.2
metacog,0.9298245614035088,0.9146825396825397,0.922972972972973,0.8486684247915055,0.9034391534391535,0.9130116959064327,0.2784189762127132,0.9902492992693803,5,3,3,58706.15291595459,3.0355453491210938,breast_cancer,2,0.2,0.01,0.2
metacog,0.8421052631578947,0.7956349206349207,0.8144665461121157,0.662595343916706,0.7982804232804233,0.8102115937789479,0.4125268785528514,0.9654808723040684,5,3,3,58362.65778541565,3.1385421752929688,breast_cancer,3,0.2,0.01,0.2
metacog,0.9298245614035088,0.9047619047619048,0.9210526315789473,0.8535639569308375,0.9047619047619048,0.9,0.32420614859132296,0.9799090550488756,5,3,3,58497.77817726135,1.5912055969238281,breast_cancer,4,0.2,0.01,0.2
metacog,0.805,0.5760869565217391,0.5758795062802458,0.34845909958918564,0.8530491247882552,0.5659558744201101,0.27640418328551447,0.7779513614860638,11,6,5,16519.52314376831,6.882905960083008,adult,0,0.2,0.01,0.2
metacog,0.805,0.5913325804630153,0.6010434248887525,0.3371846188159856,0.7637634105025409,0.46100790513833995,0.4402523890379214,0.8766580354991211,7,4,4,14370.919466018677,5.628108978271484,adult,1,0.2,0.01,0.2
metacog,0.8,0.5652173913043478,0.5579133510167993,0.32177789389368455,0.7644692264257482,0.47446754883427855,0.2522914703619224,0.9079405356615389,11,6,5,16279.747247695923,8.871316909790039,adult,2,0.2,0.01,0.2
metacog,0.805,0.5760869565217391,0.5758795062802458,0.34845909958918564,0.7727978543195934,0.4844409937888199,0.2684270624371677,0.8229594286826631,7,4,4,13644.883871078491,5.322694778442383,adult,3,0.2,0.01,0.2
metacog,0.795,0.5543478260869565,0.5392999606719479,0.29298753307495307,0.8045595708639187,0.49675191815856773,0.29144482238658037,0.9737562562239062,5,3,3,9326.078414916992,4.99415397644043,adult,4,0.2,0.01,0.2
metacog,0.3333333333333333,0.3333333333333333,0.16666666666666666,0.0,0.5,,1.0,0.9973710865078222,1,1,1,256.6640377044678,0.7328987121582031,iris,0,0.2,0.01,0.3
metacog,0.3333333333333333,0.3333333333333333,0.16666666666666666,0.0,0.5,,1.0,0.9970757773947009,1,1,1,269.8860168457031,0.37288665771484375,iris,1,0.2,0.01,0.3
metacog,0.3333333333333333,0.3333333333333333,0.16666666666666666,0.0,0.5,,1.0,0.9977269338811082,1,1,1,292.68956184387207,0.37217140197753906,iris,2,0.2,0.01,0.3
metacog,0.3333333333333333,0.3333333333333333,0.16666666666666666,0.0,0.5,,1.0,0.9961780853484691,1,1,1,308.7589740753174,0.36978721618652344,iris,3,0.2,0.01,0.3
metacog,0.3333333333333333,0.3333333333333333,0.16666666666666666,0.0,0.5,,0.8413882683090157,0.9971051500737994,1,1,1,313.4903907775879,0.6823539733886719,iris,4,0.2,0.01,0.3
metacog,1.0,1.0,1.0,1.0,1.0,,0.2850215115593363,0.9703851012969208,7,4,3,6540.022134780884,1.1239051818847656,wine,0,0.2,0.01,0.3
metacog,0.9444444444444444,0.9523809523809524,0.9440559440559441,0.9209401941068135,0.9810855810855811,,0.09676720274524803,0.992956148927088,9,5,5,7559.630870819092,0.6108283996582031,wine,1,0.2,0.01,0.3
metacog,0.6111111111111112,0.6,0.5185185185185185,0.5167423893288018,0.7494949494949495,,0.3774030947679678,0.9761711209664234,5,3,3,4299.64280128479,1.234292984008789,wine,2,0.2,0.01,0.3
metacog,0.6666666666666666,0.6666666666666666,0.5666666666666667,0.5995445191824106,0.8387445887445887,,0.28708262043670824,0.9870125191045439,5,3,3,4314.304828643799,0.5180835723876953,wine,3,0.2,0.01,0.3
metacog,0.8888888888888888,0.9047619047619048,0.8885003885003885,0.8457943925233645,0.9235070485070486,,0.24828160209775718,0.9703026118717079,7,4,3,5836.136817932129,0.5664825439453125,wine,4,0.2,0.01,0.3
metacog,0.9473684210526315,0.9487012987012987,0.9449275362318841,0.8904905361044291,0.9512987012987013,0.9514896867838044,0.2128605955282232,0.9904241124341877,5,3,3,58527.729749679565,1.4486312866210938,breast_cancer,0,0.2,0.01,0.3
metacog,0.9649122807017544,0.9545454545454546,0.9623015873015872,0.9273353546322172,0.9318181818181818,0.9459459459459459,0.2972640601417964,0.9858737888548949,7,4,3,59037.91642189026,1.4681816101074219,breast_cancer,1,0.2,0.01,0.3
metacog,0.9298245614035088,0.9146825396825397,0.922972972972973,0.8486684247915055,0.9034391534391535,0.9130116959064327,0.2784189762127132,0.9902492992693803,5,3,3,58421.26178741455,1.4908313751220703,breast_cancer,2,0.2,0.01,0.3
metacog,0.8421052631578947,0.7956349206349207,0.8144665461121157,0.662595343916706,0.7982804232804233,0.8102115937789479,0.4125268785528514,0.9654808723040684,5,3,3,58624.178886413574,1.5003681182861328,breast_cancer,3,0.2,0.01,0.3
metacog,0.9298245614035088,0.9047619047619048,0.9210526315789473,0.8535639569308375,0.9047619047619048,0.9,0.32420614859132296,0.9799090550488756,5,3,3,58198.59528541565,2.4175643920898438,breast_cancer,4,0.2,0.01,0.3
metacog,0.805,0.5760869565217391,0.5758795062802458,0.34845909958918564,0.8462732919254659,0.5539805097451275,0.35224414805819054,0.8131964404977765,7,4,4,11990.690231323242,5.676507949829102,adult,0,0.2,0.01,0.3
metacog,0.805,0.5913325804630153,0.6010434248887525,0.3371846188159856,0.7637634105025409,0.46100790513833995,0.4402523890379214,0.8766580354991211,7,4,4,14328.177213668823,6.279468536376953,adult,1,0.2,0.01,0.3
metacog,0.8,0.5652173913043478,0.5579133510167993,0.32177789389368455,0.7644692264257482,0.47446754883427855,0.2522914703619224,0.9079405356615389,11,6,5,16296.565055847168,6.600856781005859,adult,2,0.2,0.01,0.3
metacog,0.805,0.5760869565217391,0.5758795062802458,0.34845909958918564,0.5760869565217391,0.3471739130434783,0.5289958634037956,0.9989156713474379,3,2,2,7189.949750900269,8.75544548034668,adult,3,0.2,0.01,0.3
metacog,0.795,0.5543478260869565,0.5392999606719479,0.29298753307495307,0.5543478260869565,0.31369565217391304,0.5123123594125598,1.0,3,2,2,6992.880821228027,4.666805267333984,adult,4,0.2,0.01,0.3
metacog,0.3333333333333333,0.3333333333333333,0.16666666666666666,0.0,0.5,,1.0,0.9973710865078222,1,1,1,277.8348922729492,0.6809234619140625,iris,0,0.2,0.01,0.4
metacog,0.3333333333333333,0.3333333333333333,0.16666666666666666,0.0,0.5,,1.0,0.9970757773947009,1,1,1,263.7782096862793,0.7188320159912109,iris,1,0.2,0.01,0.4
metacog,0.3333333333333333,0.3333333333333333,0.16666666666666666,0.0,0.5,,1.0,0.9977269338811082,1,1,1,283.3549976348877,0.6396770477294922,iris,2,0.2,0.01,0.4
metacog,0.3333333333333333,0.3333333333333333,0.16666666666666666,0.0,0.5,,1.0,0.9961780853484691,1,1,1,298.7699508666992,0.6492137908935547,iris,3,0.2,0.01,0.4
metacog,0.3333333333333333,0.3333333333333333,0.16666666666666666,0.0,0.5,,0.8413882683090157,0.9971051500737994,1,1,1,304.5544624328613,0.70953369140625,iris,4,0.2,0.01,0.4
metacog,1.0,1.0,1.0,1.0,1.0,,0.2850215115593363,0.9703851012969208,7,4,3,6579.991817474365,0.5424022674560547,wine,0,0.2,0.01,0.4
metacog,0.9444444444444444,0.9523809523809524,0.9440559440559441,0.9209401941068135,0.9810855810855811,,0.09676720274524803,0.992956148927088,7,4,4,7544.058561325073,0.57220458984375,wine,1,0.2,0.01,0.4
metacog,0.6111111111111112,0.6,0.5185185185185185,0.5167423893288018,0.7494949494949495,,0.3774030947679678,0.9761711209664234,5,3,3,4446.790456771851,0.5276203155517578,wine,2,0.2,0.01,0.4
metacog,0.6666666666666666,0.6666666666666666,0.5666666666666667,0.5995445191824106,0.8387445887445887,,0.28708262043670824,0.9870125191045439,5,3,3,4291.305780410767,1.041412353515625,wine,3,0.2,0.01,0.4
metacog,0.3888888888888889,0.3333333333333333,0.18666666666666668,0.0,0.5,,0.06047926749204607,0.8796421389376234,1,1,1,2047.248125076294,0.8037090301513672,wine,4,0.2,0.01,0.4
metacog,0.9473684210526315,0.9487012987012987,0.9449275362318841,0.8904905361044291,0.9512987012987013,0.9514896867838044,0.2128605955282232,0.9904241124341877,5,3,3,60121.56438827515,1.4963150024414062,breast_cancer,0,0.2,0.01,0.4
metacog,0.9649122807017544,0.9545454545454546,0.9623015873015872,0.9273353546322172,0.9318181818181818,0.9459459459459459,0.2972640601417964,0.9858737888548949,7,4,3,59819.67496871948,3.198862075805664,breast_cancer,1,0.2,0.01,0.4
metacog,0.9298245614035088,0.9146825396825397,0.922972972972973,0.8486684247915055,0.9034391534391535,0.9130116959064327,0.2784189762127132,0.9902492992693803,5,3,3,59487.31350898743,2.382040023803711,breast_cancer,2,0.2,0.01,0.4
metacog,0.8421052631578947,0.7956349206349207,0.8144665461121157,0.662595343916706,0.7982804232804233,0.8102115937789479,0.4125268785528514,0.9654808723040684,5,3,3,59223.997592926025,1.4538764953613281,breast_cancer,3,0.2,0.01,0.4
metacog,0.9298245614035088,0.9047619047619048,0.9210526315789473,0.8535639569308375,0.9047619047619048,0.9,0.32420614859132296,0.9799090550488756,5,3,3,59245.95546722412,1.5227794647216797,breast_cancer,4,0.2,0.01,0.4
metacog,0.805,0.5760869565217391,0.5758795062802458,0.34845909958918564,0.8462732919254659,0.5539805097451275,0.35224414805819054,0.8131964404977765,7,4,4,12221.02403640747,7.547140121459961,adult,0,0.2,0.01,0.4
metacog,0.805,0.5913325804630153,0.6010434248887525,0.3371846188159856,0.7637634105025409,0.46100790513833995,0.4402523890379214,0.8766580354991211,7,4,4,14305.588483810425,11.822223663330078,adult,1,0.2,0.01,0.4
metacog,0.8,0.5652173913043478,0.5579133510167993,0.32177789389368455,0.7644692264257482,0.47446754883427855,0.2522914703619224,0.9079405356615389,11,6,5,16493.755340576172,5.714178085327148,adult,2,0.2,0.01,0.4
metacog,0.805,0.5760869565217391,0.5758795062802458,0.34845909958918564,0.5760869565217391,0.3471739130434783,0.5289958634037956,0.9989156713474379,3,2,2,7221.39835357666,4.650115966796875,adult,3,0.2,0.01,0.4
metacog,0.795,0.5543478260869565,0.5392999606719479,0.29298753307495307,0.5543478260869565,0.31369565217391304,0.5123123594125598,1.0,3,2,2,7148.393154144287,6.725311279296875,adult,4,0.2,0.01,0.4
metacog,0.3333333333333333,0.3333333333333333,0.16666666666666666,0.0,0.5,,1.0,0.9973710865078222,1,1,1,262.29095458984375,0.34356117248535156,iris,0,0.2,0.01,0.5
metacog,0.3333333333333333,0.3333333333333333,0.16666666666666666,0.0,0.5,,1.0,0.9970757773947009,1,1,1,259.7494125366211,0.6983280181884766,iris,1,0.2,0.01,0.5
metacog,0.3333333333333333,0.3333333333333333,0.16666666666666666,0.0,0.5,,1.0,0.9977269338811082,1,1,1,292.6020622253418,0.3757476806640625,iris,2,0.2,0.01,0.5
metacog,0.3333333333333333,0.3333333333333333,0.16666666666666666,0.0,0.5,,1.0,0.9961780853484691,1,1,1,265.2311325073242,0.3819465637207031,iris,3,0.2,0.01,0.5
metacog,0.3333333333333333,0.3333333333333333,0.16666666666666666,0.0,0.5,,0.8413882683090157,0.9971051500737994,1,1,1,295.2005863189697,0.3643035888671875,iris,4,0.2,0.01,0.5
metacog,0.3888888888888889,0.3333333333333333,0.18666666666666668,0.0,0.5,,0.05448551404923955,0.8356166464548431,1,1,1,1953.723430633545,0.4088878631591797,wine,0,0.2,0.01,0.5
metacog,0.9444444444444444,0.9523809523809524,0.9440559440559441,0.9209401941068135,0.9810855810855811,,0.09676720274524803,0.992956148927088,7,4,4,7186.2993240356445,0.5605220794677734,wine,1,0.2,0.01,0.5
metacog,0.6111111111111112,0.6,0.5185185185185185,0.5167423893288018,0.7494949494949495,,0.3774030947679678,0.9761711209664234,5,3,3,4112.711191177368,0.5214214324951172,wine,2,0.2,0.01,0.5
metacog,0.6666666666666666,0.6666666666666666,0.5666666666666667,0.5995445191824106,0.8387445887445887,,0.28708262043670824,0.9870125191045439,5,3,3,4129.533290863037,0.49233436584472656,wine,3,0.2,0.01,0.5
metacog,0.3888888888888889,0.3333333333333333,0.18666666666666668,0.0,0.5,,0.06047926749204607,0.8796421389376234,1,1,1,1930.3197860717773,0.4220008850097656,wine,4,0.2,0.01,0.5
metacog,0.9473684210526315,0.9487012987012987,0.9449275362318841,0.8904905361044291,0.9512987012987013,0.9514896867838044,0.2128605955282232,0.9904241124341877,5,3,3,56079.51283454895,1.5778541564941406,breast_cancer,0,0.2,0.01,0.5
metacog,0.9649122807017544,0.9545454545454546,0.9623015873015872,0.9273353546322172,0.9318181818181818,0.9459459459459459,0.2972640601417964,0.9858737888548949,7,4,3,56764.45937156677,1.6450881958007812,breast_cancer,1,0.2,0.01,0.5
metacog,0.9298245614035088,0.9146825396825397,0.922972972972973,0.8486684247915055,0.9034391534391535,0.9130116959064327,0.2784189762127132,0.9902492992693803,5,3,3,56256.78086280823,3.05938720703125,breast_cancer,2,0.2,0.01,0.5
metacog,0.8421052631578947,0.7956349206349207,0.8144665461121157,0.662595343916706,0.7982804232804233,0.8102115937789479,0.4125268785528514,0.9654808723040684,5,3,3,56585.216999053955,1.5716552734375,breast_cancer,3,0.2,0.01,0.5
metacog,0.9298245614035088,0.9047619047619048,0.9210526315789473,0.8535639569308375,0.9047619047619048,0.9,0.32420614859132296,0.9799090550488756,5,3,3,55965.43836593628,2.223968505859375,breast_cancer,4,0.2,0.01,0.5
metacog,0.805,0.5760869565217391,0.5758795062802458,0.34845909958918564,0.8462732919254659,0.5539805097451275,0.35224414805819054,0.8131964404977765,7,4,4,11721.145629882812,4.925251007080078,adult,0,0.2,0.01,0.5
metacog,0.805,0.5913325804630153,0.6010434248887525,0.3371846188159856,0.7637634105025409,0.46100790513833995,0.4402523890379214,0.8766580354991211,7,4,4,13726.833581924438,5.143642425537109,adult,1,0.2,0.01,0.5
metacog,0.8,0.5652173913043478,0.5579133510167993,0.32177789389368455,0.7644692264257482,0.47446754883427855,0.2522914703619224,0.9079405356615389,11,6,5,15717.774391174316,5.568265914916992,adult,2,0.2,0.01,0.5
metacog,0.805,0.5760869565217391,0.5758795062802458,0.34845909958918564,0.5760869565217391,0.3471739130434783,0.5289958634037956,0.9989156713474379,3,2,2,6875.097990036011,8.686542510986328,adult,3,0.2,0.01,0.5
metacog,0.795,0.5543478260869565,0.5392999606719479,0.29298753307495307,0.5543478260869565,0.31369565217391304,0.5123123594125598,1.0,3,2,2,6692.190170288086,5.061626434326172,adult,4,0.2,0.01,0.5
metacog,0.6666666666666666,0.6666666666666666,0.5555555555555555,0.6123724356957945,0.8333333333333334,,0.5087148216635994,0.9931689782126119,3,2,2,476.89270973205566,0.8432865142822266,iris,0,0.2,0.03,0.0
metacog,0.6666666666666666,0.6666666666666666,0.5555555555555555,0.6123724356957945,0.8333333333333334,,0.5053783704402405,0.9846235543341044,3,2,2,499.6678829193115,0.43702125549316406,iris,1,0.2,0.03,0.0
metacog,0.6666666666666666,0.6666666666666666,0.5555555555555555,0.6123724356957945,0.8333333333333334,,0.5003001606412475,0.9925327311980254,3,2,2,497.2352981567383,0.44274330139160156,iris,2,0.2,0.03,0.0
metacog,0.6666666666666666,0.6666666666666666,0.5555555555555555,0.6123724356957945,0.8333333333333334,,0.5053783704402405,0.9923855873540359,3,2,2,464.9176597595215,0.8881092071533203,iris,3,0.2,0.03,0.0
metacog,0.8666666666666667,0.8666666666666667,0.8666666666666667,0.8,0.9166666666666666,,0.3480481874205793,0.9787975908486728,7,4,4,762.2392177581787,0.49614906311035156,iris,4,0.2,0.03,0.0
metacog,1.0,1.0,1.0,1.0,1.0,,0.2877135249346605,0.9622918623199627,9,5,4,6313.324213027954,1.1570453643798828,wine,0,0.2,0.03,0.0
metacog,0.9444444444444444,0.9523809523809524,0.9440559440559441,0.9209401941068135,0.9810855810855811,,0.09676720274524803,0.992956148927088,7,4,4,7261.728048324585,0.5538463592529297,wine,1,0.2,0.03,0.0
metacog,0.6111111111111112,0.6,0.5185185185185185,0.5167423893288018,0.7494949494949495,,0.3774030947679678,0.9761711209664234,5,3,3,4276.230096817017,0.5786418914794922,wine,2,0.2,0.03,0.0
metacog,0.6666666666666666,0.6666666666666666,0.5666666666666667,0.5995445191824106,0.8387445887445887,,0.28708262043670824,0.9870125191045439,5,3,3,4299.298286437988,0.5283355712890625,wine,3,0.2,0.03,0.0
metacog,0.8888888888888888,0.9047619047619048,0.8885003885003885,0.8457943925233645,0.9235070485070486,,0.24828160209775718,0.9703026118717079,7,4,3,5751.530408859253,1.041412353515625,wine,4,0.2,0.03,0.0
metacog,0.9473684210526315,0.9487012987012987,0.9449275362318841,0.8904905361044291,0.9512987012987013,0.9514896867838044,0.21358133163914025,0.9888872175996579,5,3,3,57762.24660873413,1.5034675598144531,breast_cancer,0,0.2,0.03,0.0
metacog,0.9649122807017544,0.9545454545454546,0.9623015873015872,0.9273353546322172,0.9318181818181818,0.9459459459459459,0.2977781401192274,0.9858737888548949,7,4,3,57776.29089355469,1.5022754669189453,breast_cancer,1,0.2,0.03,0.0
metacog,0.9298245614035088,0.9146825396825397,0.922972972972973,0.8486684247915055,0.9034391534391535,0.9130116959064327,0.2798662637828419,0.9830167275941617,5,3,3,57942.67916679382,1.4605522155761719,breast_cancer,2,0.2,0.03,0.0
metacog,0.8421052631578947,0.7956349206349207,0.8144665461121157,0.662595343916706,0.7982804232804233,0.8102115937789479,0.4142019566762563,0.9709976809823655,5,3,3,57345.81971168518,2.016782760620117,breast_cancer,3,0.2,0.03,0.0
metacog,0.9298245614035088,0.9047619047619048,0.9210526315789473,0.8535639569308375,0.9047619047619048,0.9,0.3303387131174819,0.959075996239208,5,3,3,57293.32876205444,1.5268325805664062,breast_cancer,4,0.2,0.03,0.0
metacog,0.805,0.5760869565217391,0.5758795062802458,0.34845909958918564,0.8526962168266516,0.5659558744201101,0.21656486078295398,0.8518420713817623,13,7,6,18299.80206489563,7.138490676879883,adult,0,0.2,0.03,0.0
metacog,0.805,0.5913325804630153,0.6010434248887525,0.3371846188159856,0.7637634105025409,0.46100790513833995,0.44062217910693524,0.8797266491742846,7,4,4,14021.67272567749,5.668878555297852,adult,1,0.2,0.03,0.0
metacog,0.8,0.5652173913043478,0.5579133510167993,0.32177789389368455,0.5652173913043478,0.33043478260869563,0.5177485492624431,1.0,3,2,2,6602.564096450806,4.326343536376953,adult,2,0.2,0.03,0.0
metacog,0.805,0.5760869565217391,0.5758795062802458,0.34845909958918564,0.8018068887634104,0.5049458908782878,0.2326180300127681,0.8406603383318082,17,9,8,17177.435398101807,6.14166259765625,adult,3,0.2,0.03,0.0
metacog,0.795,0.5543478260869565,0.5392999606719479,0.29298753307495307,0.5543478260869565,0.31369565217391304,0.5123123594125598,1.0,3,2,2,5942.199468612671,4.404544830322266,adult,4,0.2,0.03,0.0
metacog,0.3333333333333333,0.3333333333333333,0.16666666666666666,0.0,0.5,,1.0,0.9973710865078222,1,1,1,270.2758312225342,0.3991127014160156,iris,0,0.2,0.03,0.1
metacog,0.3333333333333333,0.3333333333333333,0.16666666666666666,0.0,0.5,,1.0,0.9970757773947009,1,1,1,246.98305130004883,0.6737709045410156,iris,1,0.2,0.03,0.1
metacog,0.3333333333333333,0.3333333333333333,0.16666666666666666,0.0,0.5,,1.0,0.9977269338811082,1,1,1,269.89150047302246,0.36144256591796875,iris,2,0.2,0.03,0.1
metacog,0.3333333333333333,0.3333333333333333,0.16666666666666666,0.0,0.5,,1.0,0.9961780853484691,1,1,1,270.84970474243164,0.5784034729003906,iris,3,0.2,0.03,0.1
metacog,0.3333333333333333,0.3333333333333333,0.16666666666666666,0.0,0.5,,0.8413882683090157,0.9971051500737994,1,1,1,299.0267276763916,0.3600120544433594,iris,4,0.2,0.03,0.1
metacog,1.0,1.0,1.0,1.0,1.0,,0.2850215115593363,0.9703851012969208,7,4,3,6164.306640625,0.5636215209960938,wine,0,0.2,0.03,0.1
metacog,0.9444444444444444,0.9523809523809524,0.9440559440559441,0.9209401941068135,0.9810855810855811,,0.09676720274524803,0.992956148927088,7,4,4,7225.91495513916,0.5457401275634766,wine,1,0.2,0.03,0.1
metacog,0.6111111111111112,0.6,0.5185185185185185,0.5167423893288018,0.7494949494949495,,0.3774030947679678,0.9761711209664234,5,3,3,4191.026449203491,0.7469654083251953,wine,2,0.2,0.03,0.1
metacog,0.6666666666666666,0.6666666666666666,0.5666666666666667,0.5995445191824106,0.8387445887445887,,0.28708262043670824,0.9870125191045439,5,3,3,4279.77180480957,0.5214214324951172,wine,3,0.2,0.03,0.1
metacog,0.8888888888888888,0.9047619047619048,0.8885003885003885,0.8457943925233645,0.9235070485070486,,0.24828160209775718,0.9703026118717079,7,4,3,5720.721483230591,0.5848407745361328,wine,4,0.2,0.03,0.1
metacog,0.9473684210526315,0.9487012987012987,0.9449275362318841,0.8904905361044291,0.9512987012987013,0.9514896867838044,0.2128605955282232,0.9904241124341877,5,3,3,56829.575538635254,1.5316009521484375,breast_cancer,0,0.2,0.03,0.1
metacog,0.9649122807017544,0.9545454545454546,0.9623015873015872,0.9273353546322172,0.9318181818181818,0.9459459459459459,0.2972640601417964,0.9858737888548949,7,4,3,56962.42380142212,1.6887187957763672,breast_cancer,1,0.2,0.03,0.1
metacog,0.9298245614035088,0.9146825396825397,0.922972972972973,0.8486684247915055,0.9034391534391535,0.9130116959064327,0.2784189762127132,0.9902492992693803,5,3,3,56570.810079574585,1.425027847290039,breast_cancer,2,0.2,0.03,0.1
metacog,0.8421052631578947,0.7956349206349207,0.8144665461121157,0.662595343916706,0.7982804232804233,0.8102115937789479,0.4125268785528514,0.9654808723040684,5,3,3,56424.33762550354,1.5339851379394531,breast_cancer,3,0.2,0.03,0.1
metacog,0.9298245614035088,0.9047619047619048,0.9210526315789473,0.8535639569308375,0.9047619047619048,0.9,0.32420614859132296,0.9799090550488756,5,3,3,56965.749979019165,1.481771469116211,breast_cancer,4,0.2,0.03,0.1
metacog,0.805,0.5760869565217391,0.5758795062802458,0.34845909958918564,0.8462732919254659,0.5539805097451275,0.35224414805819054,0.8131964404977765,7,4,4,11890.402793884277,6.003856658935547,adult,0,0.2,0.03,0.1
metacog,0.805,0.5913325804630153,0.6010434248887525,0.3371846188159856,0.7637634105025409,0.46100790513833995,0.4402523890379214,0.8766580354991211,7,4,4,13772.706508636475,5.320549011230469,adult,1,0.2,0.03,0.1
metacog,0.8,0.5652173913043478,0.5579133510167993,0.32177789389368455,0.5652173913043478,0.33043478260869563,0.5177485492624431,1.0,3,2,2,6940.323829650879,9.157657623291016,adult,2,0.2,0.03,0.1
metacog,0.805,0.5760869565217391,0.5758795062802458,0.34845909958918564,0.5760869565217391,0.3471739130434783,0.5289958634037956,0.9989156713474379,3,2,2,6868.930816650391,4.725217819213867,adult,3,0.2,0.03,0.1
metacog,0.795,0.5543478260869565,0.5392999606719479,0.29298753307495307,0.5543478260869565,0.31369565217391304,0.5123123594125598,1.0,3,2,2,6445.87779045105,4.3430328369140625,adult,4,0.2,0.03,0.1
metacog,0.3333333333333333,0.3333333333333333,0.16666666666666666,0.0,0.5,,1.0,0.9973710865078222,1,1,1,255.36203384399414,0.3745555877685547,iris,0,0.2,0.03,0.15
metacog,0.3333333333333333,0.3333333333333333,0.16666666666666666,0.0,0.5,,1.0,0.9970757773947009,1,1,1,267.9421901702881,0.3578662872314453,iris,1,0.2,0.03,0.15
metacog,0.3333333333333333,0.3333333333333333,0.16666666666666666,0.0,0.5,,1.0,0.9977269338811082,1,1,1,283.5111618041992,0.3662109375,iris,2,0.2,0.03,0.15
metacog,0.3333333333333333,0.3333333333333333,0.16666666666666666,0.0,0.5,,1.0,0.9961780853484691,1,1,1,276.1688232421875,0.3612041473388672,iris,3,0.2,0.03,0.15
metacog,0.3333333333333333,0.3333333333333333,0.16666666666666666,0.0,0.5,,0.8413882683090157,0.9971051500737994,1,1,1,298.5382080078125,0.3409385681152344,iris,4,0.2,0.03,0.15
metacog,0.3888888888888889,0.3333333333333333,0.18666666666666668,0.0,0.5,,0.05448551404923955,0.8356166464548431,1,1,1,1961.561679840088,0.41556358337402344,wine,0,0.2,0.03,0.15
metacog,0.9444444444444444,0.9523809523809524,0.9440559440559441,0.9209401941068135,0.9810855810855811,,0.09676720274524803,0.992956148927088,7,4,4,7207.439661026001,0.6587505340576172,wine,1,0.2,0.03,0.15
metacog,0.6111111111111112,0.6,0.5185185185185185,0.5167423893288018,0.7494949494949495,,0.3774030947679678,0.9761711209664234,5,3,3,4160.61806678772,1.092672348022461,wine,2,0.2,0.03,0.15
metacog,0.6666666666666666,0.6666666666666666,0.5666666666666667,0.5995445191824106,0.8387445887445887,,0.28708262043670824,0.9870125191045439,5,3,3,4042.628526687622,0.5328655242919922,wine,3,0.2,0.03,0.15
metacog,0.3888888888888889,0.3333333333333333,0.18666666666666668,0.0,0.5,,0.06047926749204607,0.8796421389376234,1,1,1,2011.9938850402832,0.4248619079589844,wine,4,0.2,0.03,0.15
metacog,0.9473684210526315,0.9487012987012987,0.9449275362318841,0.8904905361044291,0.9512987012987013,0.9514896867838044,0.2128605955282232,0.9904241124341877,5,3,3,56702.038049697876,2.0706653594970703,breast_cancer,0,0.2,0.03,0.15
metacog,0.9649122807017544,0.9545454545454546,0.9623015873015872,0.9273353546322172,0.9318181818181818,0.9459459459459459,0.2972640601417964,0.9858737888548949,7,4,3,57015.88463783264,2.594470977783203,breast_cancer,1,0.2,0.03,0.15
metacog,0.9298245614035088,0.9146825396825397,0.922972972972973,0.8486684247915055,0.9034391534391535,0.9130116959064327,0.2784189762127132,0.9902492992693803,5,3,3,56858.67190361023,1.4102458953857422,breast_cancer,2,0.2,0.03,0.15
metacog,0.8421052631578947,0.7956349206349207,0.8144665461121157,0.662595343916706,0.7982804232804233,0.8102115937789479,0.4125268785528514,0.9654808723040684,5,3,3,56506.407022476196,1.531362533569336,breast_cancer,3,0.2,0.03,0.15
metacog,0.9298245614035088,0.9047619047619048,0.9210526315789473,0.8535639569308375,0.9047619047619048,0.9,0.32420614859132296,0.9799090550488756,5,3,3,56664.34335708618,1.7364025115966797,breast_cancer,4,0.2,0.03,0.15
metacog,0.805,0.5760869565217391,0.5758795062802458,0.34845909958918564,0.8462732919254659,0.5539805097451275,0.35224414805819054,0.8131964404977765,7,4,4,11629.842758178711,8.817195892333984,adult,0,0.2,0.03,0.15
metacog,0.805,0.5913325804630153,0.6010434248887525,0.3371846188159856,0.7637634105025409,0.46100790513833995,0.4402523890379214,0.8766580354991211,7,4,4,13920.752048492432,5.395174026489258,adult,1,0.2,0.03,0.15
metacog,0.8,0.5652173913043478,0.5579133510167993,0.32177789389368455,0.5652173913043478,0.33043478260869563,0.5177485492624431,1.0,3,2,2,7044.272422790527,4.579067230224609,adult,2,0.2,0.03,0.15
metacog,0.805,0.5760869565217391,0.5758795062802458,0.34845909958918564,0.5760869565217391,0.3471739130434783,0.5289958634037956,0.9989156713474379,3,2,2,7074.134349822998,4.596948623657227,adult,3,0.2,0.03,0.15
metacog,0.795,0.5543478260869565,0.5392999606719479,0.29298753307495307,0.5543478260869565,0.31369565217391304,0.5123123594125598,1.0,3,2,2,6940.79852104187,8.63194465637207,adult,4,0.2,0.03,0.15
metacog,0.3333333333333333,0.3333333333333333,0.16666666666666666,0.0,0.5,,1.0,0.9973710865078222,1,1,1,270.0812816619873,0.35500526428222656,iris,0,0.2,0.03,0.2
metacog,0.3333333333333333,0.3333333333333333,0.16666666666666666,0.0,0.5,,1.0,0.9970757773947009,1,1,1,275.82836151123047,0.3681182861328125,iris,1,0.2,0.03,0.2
metacog,0.3333333333333333,0.3333333333333333,0.16666666666666666,0.0,0.5,,1.0,0.9977269338811082,1,1,1,254.55331802368164,0.37860870361328125,iris,2,0.2,0.03,0.2
metacog,0.3333333333333333,0.3333333333333333,0.16666666666666666,0.0,0.5,,1.0,0.9961780853484691,1,1,1,262.9990577697754,0.37026405334472656,iris,3,0.2,0.03,0.2
metacog,0.3333333333333333,0.3333333333333333,0.16666666666666666,0.0,0.5,,0.8413882683090157,0.9971051500737994,1,1,1,293.61724853515625,0.36072731018066406,iris,4,0.2,0.03,0.2
metacog,0.3888888888888889,0.3333333333333333,0.18666666666666668,0.0,0.5,,0.05448551404923955,0.8356166464548431,1,1,1,1994.5120811462402,0.4761219024658203,wine,0,0.2,0.03,0.2
metacog,0.9444444444444444,0.9523809523809524,0.9440559440559441,0.9209401941068135,0.9810855810855811,,0.09676720274524803,0.992956148927088,7,4,4,7293.691158294678,0.6489753723144531,wine,1,0.2,0.03,0.2
metacog,0.6111111111111112,0.6,0.5185185185185185,0.5167423893288018,0.7494949494949495,,0.3774030947679678,0.9761711209664234,5,3,3,4093.994140625,0.5273818969726562,wine,2,0.2,0.03,0.2
metacog,0.6666666666666666,0.6666666666666666,0.5666666666666667,0.5995445191824106,0.8387445887445887,,0.28708262043670824,0.9870125191045439,5,3,3,4115.709066390991,0.5474090576171875,wine,3,0.2,0.03,0.2
metacog,0.3888888888888889,0.3333333333333333,0.18666666666666668,0.0,0.5,,0.06047926749204607,0.8796421389376234,1,1,1,2051.7261028289795,0.9264945983886719,wine,4,0.2,0.03,0.2
metacog,0.9473684210526315,0.9487012987012987,0.9449275362318841,0.8904905361044291,0.9512987012987013,0.9514896867838044,0.2128605955282232,0.9904241124341877,5,3,3,56407.156229019165,2.930164337158203,breast_cancer,0,0.2,0.03,0.2
metacog,0.9649122807017544,0.9545454545454546,0.9623015873015872,0.9273353546322172,0.9318181818181818,0.9459459459459459,0.2972640601417964,0.9858737888548949,7,4,3,57061.91802024841,1.566171646118164,breast_cancer,1,0.2,0.03,0.2
metacog,0.9298245614035088,0.9146825396825397,0.922972972972973,0.8486684247915055,0.9034391534391535,0.9130116959064327,0.2784189762127132,0.9902492992693803,5,3,3,56478.21021080017,1.5075206756591797,breast_cancer,2,0.2,0.03,0.2
metacog,0.8421052631578947,0.7956349206349207,0.8144665461121157,0.662595343916706,0.7982804232804233,0.8102115937789479,0.4125268785528514,0.9654808723040684,5,3,3,56171.68688774109,1.8334388732910156,breast_cancer,3,0.2,0.03,0.2
metacog,0.9298245614035088,0.9047619047619048,0.9210526315789473,0.8535639569308375,0.9047619047619048,0.9,0.32420614859132296,0.9799090550488756,5,3,3,54453.74059677124,1.6684532165527344,breast_cancer,4,0.2,0.03,0.2
metacog,0.805,0.5760869565217391,0.5758795062802458,0.34845909958918564,0.8462732919254659,0.5539805097451275,0.35224414805819054,0.8131964404977765,7,4,4,10167.182445526123,6.160974502563477,adult,0,0.2,0.03,0.2
metacog,0.805,0.5913325804630153,0.6010434248887525,0.3371846188159856,0.7637634105025409,0.46100790513833995,0.4402523890379214,0.8766580354991211,7,4,4,11597.52345085144,5.904912948608398,adult,1,0.2,0.03,0.2
metacog,0.8,0.5652173913043478,0.5579133510167993,0.32177789389368455,0.5652173913043478,0.33043478260869563,0.5177485492624431,1.0,3,2,2,5878.422498703003,4.999876022338867,adult,2,0.2,0.03,0.2
metacog,0.805,0.5760869565217391,0.5758795062802458,0.34845909958918564,0.5760869565217391,0.3471739130434783,0.5289958634037956,0.9989156713474379,3,2,2,5841.357707977295,4.888057708740234,adult,3,0.2,0.03,0.2
metacog,0.795,0.5543478260869565,0.5392999606719479,0.29298753307495307,0.5543478260869565,0.31369565217391304,0.5123123594125598,1.0,3,2,2,5910.076141357422,7.645845413208008,adult,4,0.2,0.03,0.2
metacog,0.3333333333333333,0.3333333333333333,0.16666666666666666,0.0,0.5,,1.0,0.9973710865078222,1,1,1,253.73196601867676,0.3440380096435547,iris,0,0.2,0.03,0.3
metacog,0.3333333333333333,0.3333333333333333,0.16666666666666666,0.0,0.5,,1.0,0.9970757773947009,1,1,1,260.43176651000977,0.3464221954345703,iris,1,0.2,0.03,0.3
metacog,0.3333333333333333,0.3333333333333333,0.16666666666666666,0.0,0.5,,1.0,0.9977269338811082,1,1,1,259.51552391052246,0.35834312438964844,iris,2,0.2,0.03,0.3
metacog,0.3333333333333333,0.3333333333333333,0.16666666666666666,0.0,0.5,,1.0,0.9961780853484691,1,1,1,250.34689903259277,0.36263465881347656,iris,3,0.2,0.03,0.3
metacog,0.3333333333333333,0.3333333333333333,0.16666666666666666,0.0,0.5,,0.8413882683090157,0.9971051500737994,1,1,1,273.345947265625,0.3705024719238281,iris,4,0.2,0.03,0.3
metacog,0.3888888888888889,0.3333333333333333,0.18666666666666668,0.0,0.5,,0.05448551404923955,0.8356166464548431,1,1,1,2011.7604732513428,0.4134178161621094,wine,0,0.2,0.03,0.3
metacog,0.6111111111111112,0.6190476190476191,0.5135566188197767,0.4785101489172643,0.7938561438561439,,0.1166620945266864,0.9923821235256528,5,3,3,5566.634178161621,0.5309581756591797,wine,1,0.2,0.03,0.3
metacog,0.6111111111111112,0.6,0.5185185185185185,0.5167423893288018,0.7494949494949495,,0.3774030947679678,0.9761711209664234,5,3,3,4160.9625816345215,0.5965232849121094,wine,2,0.2,0.03,0.3
metacog,0.3888888888888889,0.3333333333333333,0.18666666666666668,0.0,0.5,,0.08826130698690134,0.9716808402437557,1,1,1,2043.9634323120117,0.42128562927246094,wine,3,0.2,0.03,0.3
metacog,0.3888888888888889,0.3333333333333333,0.18666666666666668,0.0,0.5,,0.06047926749204607,0.8796421389376234,1,1,1,1992.0120239257812,0.4062652587890625,wine,4,0.2,0.03,0.3
metacog,0.9473684210526315,0.9487012987012987,0.9449275362318841,0.8904905361044291,0.9512987012987013,0.9514896867838044,0.2128605955282232,0.9904241124341877,5,3,3,56073.71425628662,2.9861927032470703,breast_cancer,0,0.2,0.03,0.3
metacog,0.9824561403508771,0.9772727272727273,0.981329839502129,0.9633432944855655,0.9772727272727273,0.9722222222222222,0.2972640601417964,0.9858737888548949,5,3,3,56272.28832244873,2.431631088256836,breast_cancer,1,0.2,0.03,0.3
metacog,0.631578947368421,0.5,0.3870967741935484,0.0,0.5,0.631578947368421,0.0971257789267817,0.9978297494359547,1,1,1,21894.15693283081,2.382993698120117,breast_cancer,2,0.2,0.03,0.3
metacog,0.8421052631578947,0.7956349206349207,0.8144665461121157,0.662595343916706,0.7982804232804233,0.8102115937789479,0.4125268785528514,0.9654808723040684,5,3,3,56447.71409034729,3.292560577392578,breast_cancer,3,0.2,0.03,0.3
metacog,0.9298245614035088,0.9047619047619048,0.9210526315789473,0.8535639569308375,0.9047619047619048,0.9,0.32420614859132296,0.9799090550488756,5,3,3,56117.05732345581,1.5017986297607422,breast_cancer,4,0.2,0.03,0.3
metacog,0.805,0.5760869565217391,0.5758795062802458,0.34845909958918564,0.8462732919254659,0.5539805097451275,0.35224414805819054,0.8131964404977765,7,4,4,11488.359212875366,4.887104034423828,adult,0,0.2,0.03,0.3
metacog,0.805,0.5913325804630153,0.6010434248887525,0.3371846188159856,0.7637634105025409,0.46100790513833995,0.4402523890379214,0.8766580354991211,7,4,4,13004.342794418335,7.4310302734375,adult,1,0.2,0.03,0.3
metacog,0.8,0.5652173913043478,0.5579133510167993,0.32177789389368455,0.5652173913043478,0.33043478260869563,0.5177485492624431,1.0,3,2,2,6629.445552825928,4.279375076293945,adult,2,0.2,0.03,0.3
metacog,0.805,0.5760869565217391,0.5758795062802458,0.34845909958918564,0.5760869565217391,0.3471739130434783,0.5289958634037956,0.9989156713474379,3,2,2,6569.418668746948,4.826784133911133,adult,3,0.2,0.03,0.3
metacog,0.795,0.5543478260869565,0.5392999606719479,0.29298753307495307,0.5543478260869565,0.31369565217391304,0.5123123594125598,1.0,3,2,2,6247.596025466919,4.429817199707031,adult,4,0.2,0.03,0.3
metacog,0.3333333333333333,0.3333333333333333,0.16666666666666666,0.0,0.5,,1.0,0.9973710865078222,1,1,1,305.48691749572754,0.6971359252929688,iris,0,0.2,0.03,0.4
metacog,0.3333333333333333,0.3333333333333333,0.16666666666666666,0.0,0.5,,1.0,0.9970757773947009,1,1,1,272.1714973449707,0.4425048828125,iris,1,0.2,0.03,0.4
metacog,0.3333333333333333,0.3333333333333333,0.16666666666666666,0.0,0.5,,1.0,0.9977269338811082,1,1,1,272.5486755371094,0.5903244018554688,iris,2,0.2,0.03,0.4
metacog,0.3333333333333333,0.3333333333333333,0.16666666666666666,0.0,0.5,,1.0,0.9961780853484691,1,1,1,261.0208988189697,0.3993511199951172,iris,3,0.2,0.03,0.4
metacog,0.3333333333333333,0.3333333333333333,0.16666666666666666,0.0,0.5,,0.8413882683090157,0.9971051500737994,1,1,1,265.93708992004395,0.3635883331298828,iris,4,0.2,0.03,0.4
metacog,0.3888888888888889,0.3333333333333333,0.18666666666666668,0.0,0.5,,0.05448551404923955,0.8356166464548431,1,1,1,2029.843807220459,0.47469139099121094,wine,0,0.2,0.03,0.4
metacog,0.3888888888888889,0.3333333333333333,0.18666666666666668,0.0,0.5,,0.10808918016984967,0.9836413568501193,1,1,1,1963.3159637451172,0.4703998565673828,wine,1,0.2,0.03,0.4
metacog,0.6111111111111112,0.6,0.5185185185185185,0.5167423893288018,0.7494949494949495,,0.3774030947679678,0.9761711209664234,5,3,3,4128.780364990234,0.9410381317138672,wine,2,0.2,0.03,0.4
metacog,0.3888888888888889,0.3333333333333333,0.18666666666666668,0.0,0.5,,0.08826130698690134,0.9716808402437557,1,1,1,2006.79349899292,0.41675567626953125,wine,3,0.2,0.03,0.4
metacog,0.3888888888888889,0.3333333333333333,0.18666666666666668,0.0,0.5,,0.06047926749204607,0.8796421389376234,1,1,1,1991.7681217193604,0.7944107055664062,wine,4,0.2,0.03,0.4
metacog,0.9473684210526315,0.9487012987012987,0.9449275362318841,0.8904905361044291,0.9512987012987013,0.9514896867838044,0.2128605955282232,0.9904241124341877,5,3,3,56142.37833023071,1.6396045684814453,breast_cancer,0,0.2,0.03,0.4
metacog,0.9824561403508771,0.9772727272727273,0.981329839502129,0.9633432944855655,0.9772727272727273,0.9722222222222222,0.2972640601417964,0.9858737888548949,5,3,3,56295.111656188965,2.8204917907714844,breast_cancer,1,0.2,0.03,0.4
metacog,0.631578947368421,0.5,0.3870967741935484,0.0,0.5,0.631578947368421,0.0971257789267817,0.9978297494359547,1,1,1,21843.87493133545,1.1649131774902344,breast_cancer,2,0.2,0.03,0.4
metacog,0.8421052631578947,0.7956349206349207,0.8144665461121157,0.662595343916706,0.7982804232804233,0.8102115937789479,0.4125268785528514,0.9654808723040684,5,3,3,56368.37100982666,1.605987548828125,breast_cancer,3,0.2,0.03,0.4
metacog,0.9298245614035088,0.9047619047619048,0.9210526315789473,0.8535639569308375,0.9047619047619048,0.9,0.32420614859132296,0.9799090550488756,5,3,3,56484.827518463135,1.4801025390625,breast_cancer,4,0.2,0.03,0.4
metacog,0.8,0.5652173913043478,0.5579133510167993,0.32177789389368455,0.5652173913043478,0.33043478260869563,0.5541350673001662,1.0,3,2,2,7009.815692901611,4.512548446655273,adult,0,0.2,0.03,0.4
metacog,0.805,0.5913325804630153,0.6010434248887525,0.3371846188159856,0.7637634105025409,0.46100790513833995,0.4402523890379214,0.8766580354991211,7,4,4,13441.31064414978,5.674839019775391,adult,1,0.2,0.03,0.4
metacog,0.8,0.5652173913043478,0.5579133510167993,0.32177789389368455,0.5652173913043478,0.33043478260869563,0.5177485492624431,1.0,3,2,2,6668.140172958374,4.513263702392578,adult,2,0.2,0.03,0.4
metacog,0.805,0.5760869565217391,0.5758795062802458,0.34845909958918564,0.5760869565217391,0.3471739130434783,0.5289958634037956,0.9989156713474379,3,2,2,6737.198829650879,7.641792297363281,adult,3,0.2,0.03,0.4
metacog,0.795,0.5543478260869565,0.5392999606719479,0.29298753307495307,0.5543478260869565,0.31369565217391304,0.5123123594125598,1.0,3,2,2,6664.205312728882,4.263401031494141,adult,4,0.2,0.03,0.4
metacog,0.3333333333333333,0.3333333333333333,0.16666666666666666,0.0,0.5,,1.0,0.9973710865078222,1,1,1,292.6356792449951,0.6952285766601562,iris,0,0.2,0.03,0.5
metacog,0.3333333333333333,0.3333333333333333,0.16666666666666666,0.0,0.5,,1.0,0.9970757773947009,1,1,1,247.3011016845703,0.3743171691894531,iris,1,0.2,0.03,0.5
metacog,0.3333333333333333,0.3333333333333333,0.16666666666666666,0.0,0.5,,1.0,0.9977269338811082,1,1,1,266.6656970977783,0.3905296325683594,iris,2,0.2,0.03,0.5
metacog,0.3333333333333333,0.3333333333333333,0.16666666666666666,0.0,0.5,,1.0,0.9961780853484691,1,1,1,278.5954475402832,0.3578662872314453,iris,3,0.2,0.03,0.5
metacog,0.3333333333333333,0.3333333333333333,0.16666666666666666,0.0,0.5,,0.8413882683090157,0.9971051500737994,1,1,1,284.7309112548828,0.37288665771484375,iris,4,0.2,0.03,0.5
metacog,0.3888888888888889,0.3333333333333333,0.18666666666666668,0.0,0.5,,0.05448551404923955,0.8356166464548431,1,1,1,2014.6379470825195,0.408172607421875,wine,0,0.2,0.03,0.5
metacog,0.3888888888888889,0.3333333333333333,0.18666666666666668,0.0,0.5,,0.10808918016984967,0.9836413568501193,1,1,1,2037.6980304718018,0.4394054412841797,wine,1,0.2,0.03,0.5
metacog,0.6111111111111112,0.6,0.5185185185185185,0.5167423893288018,0.7494949494949495,,0.3774030947679678,0.9761711209664234,5,3,3,4100.909948348999,0.5283355712890625,wine,2,0.2,0.03,0.5
metacog,0.3888888888888889,0.3333333333333333,0.18666666666666668,0.0,0.5,,0.08826130698690134,0.9716808402437557,1,1,1,2039.5829677581787,0.8599758148193359,wine,3,0.2,0.03,0.5
metacog,0.3888888888888889,0.3333333333333333,0.18666666666666668,0.0,0.5,,0.06047926749204607,0.8796421389376234,1,1,1,1974.339485168457,0.5588531494140625,wine,4,0.2,0.03,0.5
metacog,0.6140350877192983,0.5,0.3804347826086957,0.0,0.5,0.6140350877192983,0.16888261642988234,0.996438889669009,1,1,1,21699.965715408325,2.3047924041748047,breast_cancer,0,0.2,0.03,0.5
metacog,0.9824561403508771,0.9772727272727273,0.981329839502129,0.9633432944855655,0.9772727272727273,0.9722222222222222,0.2972640601417964,0.9858737888548949,5,3,3,57750.744342803955,2.976655960083008,breast_cancer,1,0.2,0.03,0.5
metacog,0.631578947368421,0.5,0.3870967741935484,0.0,0.5,0.631578947368421,0.0971257789267817,0.9978297494359547,1,1,1,21857.192039489746,1.2204647064208984,breast_cancer,2,0.2,0.03,0.5
metacog,0.8421052631578947,0.7956349206349207,0.8144665461121157,0.662595343916706,0.7982804232804233,0.8102115937789479,0.4125268785528514,0.9654808723040684,5,3,3,57104.59876060486,1.531362533569336,breast_cancer,3,0.2,0.03,0.5
metacog,0.9298245614035088,0.9047619047619048,0.9210526315789473,0.8535639569308375,0.9047619047619048,0.9,0.32420614859132296,0.9799090550488756,5,3,3,57318.83525848389,1.4226436614990234,breast_cancer,4,0.2,0.03,0.5
metacog,0.8,0.5652173913043478,0.5579133510167993,0.32177789389368455,0.5652173913043478,0.33043478260869563,0.5541350673001662,1.0,3,2,2,7147.237062454224,4.534006118774414,adult,0,0.2,0.03,0.5
metacog,0.805,0.5913325804630153,0.6010434248887525,0.3371846188159856,0.7637634105025409,0.46100790513833995,0.4402523890379214,0.8766580354991211,7,4,4,14046.311140060425,10.621309280395508,adult,1,0.2,0.03,0.5
metacog,0.8,0.5652173913043478,0.5579133510167993,0.32177789389368455,0.5652173913043478,0.33043478260869563,0.5177485492624431,1.0,3,2,2,6985.9654903411865,5.338191986083984,adult,2,0.2,0.03,0.5
metacog,0.805,0.5760869565217391,0.5758795062802458,0.34845909958918564,0.5760869565217391,0.3471739130434783,0.5289958634037956,0.9989156713474379,3,2,2,7014.9085521698,6.4945220947265625,adult,3,0.2,0.03,0.5
metacog,0.795,0.5543478260869565,0.5392999606719479,0.29298753307495307,0.5543478260869565,0.31369565217391304,0.5123123594125598,1.0,3,2,2,7267.148733139038,4.6138763427734375,adult,4,0.2,0.03,0.5
metacog,0.6666666666666666,0.6666666666666666,0.5555555555555555,0.6123724356957945,0.8333333333333334,,0.5087148216635994,0.9931689782126119,3,2,2,476.52530670166016,0.46443939208984375,iris,0,0.2,0.05,0.0
metacog,0.6666666666666666,0.6666666666666666,0.5555555555555555,0.6123724356957945,0.8333333333333334,,0.5053783704402405,0.9846235543341044,3,2,2,504.61483001708984,0.4782676696777344,iris,1,0.2,0.05,0.0
metacog,0.6666666666666666,0.6666666666666666,0.5555555555555555,0.6123724356957945,0.8333333333333334,,0.5003001606412475,0.9925327311980254,3,2,2,517.3764228820801,0.9517669677734375,iris,2,0.2,0.05,0.0
metacog,0.6666666666666666,0.6666666666666666,0.5555555555555555,0.6123724356957945,0.8333333333333334,,0.5053783704402405,0.9923855873540359,3,2,2,464.86902236938477,0.8907318115234375,iris,3,0.2,0.05,0.0
metacog,0.8666666666666667,0.8666666666666667,0.8666666666666667,0.8,0.9166666666666666,,0.4295544454919649,0.9728009417627567,5,3,3,618.7925338745117,0.499725341796875,iris,4,0.2,0.05,0.0
metacog,0.3888888888888889,0.3333333333333333,0.18666666666666668,0.0,0.5,,0.05448551404923955,0.8356166464548431,1,1,1,2059.636354446411,0.42510032653808594,wine,0,0.2,0.05,0.0
metacog,0.9444444444444444,0.9523809523809524,0.9440559440559441,0.9209401941068135,0.9810855810855811,,0.09676720274524803,0.992956148927088,7,4,4,7515.235662460327,1.2328624725341797,wine,1,0.2,0.05,0.0
metacog,0.6111111111111112,0.6,0.5185185185185185,0.5167423893288018,0.7494949494949495,,0.3774030947679678,0.9761711209664234,5,3,3,4230.129241943359,0.8769035339355469,wine,2,0.2,0.05,0.0
metacog,0.6666666666666666,0.6666666666666666,0.5666666666666667,0.5995445191824106,0.8387445887445887,,0.28708262043670824,0.9870125191045439,5,3,3,4250.641345977783,0.5533695220947266,wine,3,0.2,0.05,0.0
metacog,0.8888888888888888,0.9047619047619048,0.8885003885003885,0.8457943925233645,0.9235070485070486,,0.24828160209775718,0.9703026118717079,7,4,3,5806.510448455811,0.6339550018310547,wine,4,0.2,0.05,0.0
metacog,0.9473684210526315,0.9487012987012987,0.9449275362318841,0.8904905361044291,0.9512987012987013,0.9514896867838044,0.21358133163914025,0.9888872175996579,5,3,3,56975.2893447876,2.489805221557617,breast_cancer,0,0.2,0.05,0.0
metacog,0.9824561403508771,0.9772727272727273,0.981329839502129,0.9633432944855655,0.9772727272727273,0.9722222222222222,0.2977781401192274,0.9858737888548949,5,3,3,57675.24027824402,1.4815330505371094,breast_cancer,1,0.2,0.05,0.0
metacog,0.9298245614035088,0.9146825396825397,0.922972972972973,0.8486684247915055,0.9034391534391535,0.9130116959064327,0.2798662637828419,0.9830167275941617,5,3,3,56897.13430404663,3.143787384033203,breast_cancer,2,0.2,0.05,0.0
metacog,0.8421052631578947,0.7956349206349207,0.8144665461121157,0.662595343916706,0.7982804232804233,0.8102115937789479,0.4142019566762563,0.9709976809823655,5,3,3,56415.603160858154,1.5108585357666016,breast_cancer,3,0.2,0.05,0.0
metacog,0.9298245614035088,0.9047619047619048,0.9210526315789473,0.8535639569308375,0.9047619047619048,0.9,0.3303387131174819,0.959075996239208,5,3,3,56163.26308250427,1.7292499542236328,breast_cancer,4,0.2,0.05,0.0
metacog,0.805,0.5760869565217391,0.5758795062802458,0.34845909958918564,0.8526962168266516,0.5659558744201101,0.21656486078295398,0.8518420713817623,13,7,6,17199.86319541931,5.96165657043457,adult,0,0.2,0.05,0.0
metacog,0.805,0.5913325804630153,0.6010434248887525,0.3371846188159856,0.7637634105025409,0.46100790513833995,0.44062217910693524,0.8797266491742846,7,4,4,12786.650657653809,5.344390869140625,adult,1,0.2,0.05,0.0
metacog,0.8,0.5652173913043478,0.5579133510167993,0.32177789389368455,0.5652173913043478,0.33043478260869563,0.5177485492624431,1.0,3,2,2,6101.971864700317,4.314184188842773,adult,2,0.2,0.05,0.0
metacog,0.805,0.5760869565217391,0.5758795062802458,0.34845909958918564,0.5760869565217391,0.3471739130434783,0.5289958634037956,1.0,3,2,2,5796.654462814331,4.1294097900390625,adult,3,0.2,0.05,0.0
metacog,0.795,0.5543478260869565,0.5392999606719479,0.29298753307495307,0.5543478260869565,0.31369565217391304,0.5123123594125598,1.0,3,2,2,5895.621299743652,4.251241683959961,adult,4,0.2,0.05,0.0
metacog,0.3333333333333333,0.3333333333333333,0.16666666666666666,0.0,0.5,,1.0,0.9973710865078222,1,1,1,284.71922874450684,0.3638267517089844,iris,0,0.2,0.05,0.1
metacog,0.3333333333333333,0.3333333333333333,0.16666666666666666,0.0,0.5,,1.0,0.9970757773947009,1,1,1,236.28854751586914,0.34332275390625,iris,1,0.2,0.05,0.1
metacog,0.3333333333333333,0.3333333333333333,0.16666666666666666,0.0,0.5,,1.0,0.9977269338811082,1,1,1,291.6395664215088,0.3514289855957031,iris,2,0.2,0.05,0.1
metacog,0.3333333333333333,0.3333333333333333,0.16666666666666666,0.0,0.5,,1.0,0.9961780853484691,1,1,1,284.75213050842285,0.3654956817626953,iris,3,0.2,0.05,0.1
metacog,0.3333333333333333,0.3333333333333333,0.16666666666666666,0.0,0.5,,0.8413882683090157,0.9971051500737994,1,1,1,268.5668468475342,0.35834312438964844,iris,4,0.2,0.05,0.1
metacog,0.3888888888888889,0.3333333333333333,0.18666666666666668,0.0,0.5,,0.05448551404923955,0.8356166464548431,1,1,1,1989.2933368682861,0.8158683776855469,wine,0,0.2,0.05,0.1
metacog,0.6111111111111112,0.6190476190476191,0.5135566188197767,0.4785101489172643,0.7938561438561439,,0.1166620945266864,0.9923821235256528,5,3,3,5882.305860519409,0.5190372467041016,wine,1,0.2,0.05,0.1
metacog,0.6111111111111112,0.6,0.5185185185185185,0.5167423893288018,0.7494949494949495,,0.3774030947679678,0.9761711209664234,5,3,3,4157.316207885742,0.5152225494384766,wine,2,0.2,0.05,0.1
metacog,0.6666666666666666,0.6666666666666666,0.5666666666666667,0.5995445191824106,0.8387445887445887,,0.28708262043670824,0.9870125191045439,5,3,3,4092.042922973633,1.0495185852050781,wine,3,0.2,0.05,0.1
metacog,0.3888888888888889,0.3333333333333333,0.18666666666666668,0.0,0.5,,0.06047926749204607,0.8796421389376234,1,1,1,2042.2277450561523,0.6442070007324219,wine,4,0.2,0.05,0.1
metacog,0.9473684210526315,0.9487012987012987,0.9449275362318841,0.8904905361044291,0.9512987012987013,0.9514896867838044,0.2128605955282232,0.9904241124341877,5,3,3,56460.66427230835,1.470327377319336,breast_cancer,0,0.2,0.05,0.1
metacog,0.9824561403508771,0.9772727272727273,0.981329839502129,0.9633432944855655,0.9772727272727273,0.9722222222222222,0.2972640601417964,0.9858737888548949,5,3,3,57168.38479042053,2.7227401733398438,breast_cancer,1,0.2,0.05,0.1
metacog,0.9298245614035088,0.9146825396825397,0.922972972972973,0.8486684247915055,0.9034391534391535,0.9130116959064327,0.2784189762127132,0.9902492992693803,5,3,3,56034.34085845947,1.4162063598632812,breast_cancer,2,0.2,0.05,0.1
metacog,0.8421052631578947,0.7956349206349207,0.8144665461121157,0.662595343916706,0.7982804232804233,0.8102115937789479,0.4125268785528514,0.9654808723040684,5,3,3,56017.63987541199,1.5609264373779297,breast_cancer,3,0.2,0.05,0.1
metacog,0.9298245614035088,0.9047619047619048,0.9210526315789473,0.8535639569308375,0.9047619047619048,0.9,0.32420614859132296,0.9799090550488756,5,3,3,55702.192544937134,1.4531612396240234,breast_cancer,4,0.2,0.05,0.1
metacog,0.805,0.5760869565217391,0.5758795062802458,0.34845909958918564,0.8462732919254659,0.5539805097451275,0.35224414805819054,0.8131964404977765,7,4,4,11198.471784591675,5.1860809326171875,adult,0,0.2,0.05,0.1
metacog,0.805,0.5913325804630153,0.6010434248887525,0.3371846188159856,0.7637634105025409,0.46100790513833995,0.4402523890379214,0.8766580354991211,7,4,4,13095.001220703125,5.066156387329102,adult,1,0.2,0.05,0.1
metacog,0.8,0.5652173913043478,0.5579133510167993,0.32177789389368455,0.5652173913043478,0.33043478260869563,0.5177485492624431,1.0,3,2,2,6479.784727096558,4.2743682861328125,adult,2,0.2,0.05,0.1
metacog,0.805,0.5760869565217391,0.5758795062802458,0.34845909958918564,0.5760869565217391,0.3471739130434783,0.5289958634037956,0.9989156713474379,3,2,2,6413.306713104248,4.333019256591797,adult,3,0.2,0.05,0.1
metacog,0.795,0.5543478260869565,0.5392999606719479,0.29298753307495307,0.5543478260869565,0.31369565217391304,0.5123123594125598,1.0,3,2,2,6252.954006195068,4.320383071899414,adult,4,0.2,0.05,0.1
metacog,0.3333333333333333,0.3333333333333333,0.16666666666666666,0.0,0.5,,1.0,0.9973710865078222,1,1,1,280.0424098968506,0.36263465881347656,iris,0,0.2,0.05,0.15
metacog,0.3333333333333333,0.3333333333333333,0.16666666666666666,0.0,0.5,,1.0,0.9970757773947009,1,1,1,254.3964385986328,0.39076805114746094,iris,1,0.2,0.05,0.15
metacog,0.3333333333333333,0.3333333333333333,0.16666666666666666,0.0,0.5,,1.0,0.9977269338811082,1,1,1,286.3898277282715,0.36525726318359375,iris,2,0.2,0.05,0.15
metacog,0.3333333333333333,0.3333333333333333,0.16666666666666666,0.0,0.5,,1.0,0.9961780853484691,1,1,1,282.8998565673828,0.3910064697265625,iris,3,0.2,0.05,0.15
metacog,0.3333333333333333,0.3333333333333333,0.16666666666666666,0.0,0.5,,0.8413882683090157,0.9971051500737994,1,1,1,285.94231605529785,0.3752708435058594,iris,4,0.2,0.05,0.15
metacog,0.3888888888888889,0.3333333333333333,0.18666666666666668,0.0,0.5,,0.05448551404923955,0.8356166464548431,1,1,1,1981.4765453338623,0.4258155822753906,wine,0,0.2,0.05,0.15
metacog,0.6111111111111112,0.6190476190476191,0.5135566188197767,0.4785101489172643,0.7938561438561439,,0.1166620945266864,0.9923821235256528,5,3,3,5726.078748703003,0.8950233459472656,wine,1,0.2,0.05,0.15
metacog,0.6111111111111112,0.6,0.5185185185185185,0.5167423893288018,0.7494949494949495,,0.3774030947679678,0.9761711209664234,5,3,3,4164.5567417144775,0.5567073822021484,wine,2,0.2,0.05,0.15
metacog,0.3888888888888889,0.3333333333333333,0.18666666666666668,0.0,0.5,,0.08826130698690134,0.9716808402437557,1,1,1,1925.034999847412,0.5030632019042969,wine,3,0.2,0.05,0.15
metacog,0.3888888888888889,0.3333333333333333,0.18666666666666668,0.0,0.5,,0.06047926749204607,0.8796421389376234,1,1,1,2010.185956954956,0.4031658172607422,wine,4,0.2,0.05,0.15
metacog,0.9473684210526315,0.9487012987012987,0.9449275362318841,0.8904905361044291,0.9512987012987013,0.9514896867838044,0.2128605955282232,0.9904241124341877,5,3,3,56063.1685256958,1.5597343444824219,breast_cancer,0,0.2,0.05,0.15
metacog,0.9824561403508771,0.9772727272727273,0.981329839502129,0.9633432944855655,0.9772727272727273,0.9722222222222222,0.2972640601417964,0.9858737888548949,5,3,3,56291.12648963928,1.4553070068359375,breast_cancer,1,0.2,0.05,0.15
metacog,0.9298245614035088,0.9146825396825397,0.922972972972973,0.8486684247915055,0.9034391534391535,0.9130116959064327,0.2784189762127132,0.9902492992693803,5,3,3,55731.66489601135,3.0117034912109375,breast_cancer,2,0.2,0.05,0.15
metacog,0.8421052631578947,0.7956349206349207,0.8144665461121157,0.662595343916706,0.7982804232804233,0.8102115937789479,0.4125268785528514,0.9654808723040684,5,3,3,55218.38140487671,1.4383792877197266,breast_cancer,3,0.2,0.05,0.15
metacog,0.9298245614035088,0.9047619047619048,0.9210526315789473,0.8535639569308375,0.9047619047619048,0.9,0.32420614859132296,0.9799090550488756,5,3,3,55376.50203704834,2.4237632751464844,breast_cancer,4,0.2,0.05,0.15
metacog,0.805,0.5760869565217391,0.5758795062802458,0.34845909958918564,0.8462732919254659,0.5539805097451275,0.35224414805819054,0.8131964404977765,7,4,4,11442.217350006104,5.154132843017578,adult,0,0.2,0.05,0.15
metacog,0.805,0.5913325804630153,0.6010434248887525,0.3371846188159856,0.7637634105025409,0.46100790513833995,0.4402523890379214,0.8766580354991211,7,4,4,12830.981969833374,8.320808410644531,adult,1,0.2,0.05,0.15
metacog,0.8,0.5652173913043478,0.5579133510167993,0.32177789389368455,0.5652173913043478,0.33043478260869563,0.5177485492624431,1.0,3,2,2,6555.035591125488,8.464813232421875,adult,2,0.2,0.05,0.15
metacog,0.805,0.5760869565217391,0.5758795062802458,0.34845909958918564,0.5760869565217391,0.3471739130434783,0.5289958634037956,0.9989156713474379,3,2,2,6447.764158248901,5.973339080810547,adult,3,0.2,0.05,0.15
metacog,0.795,0.5543478260869565,0.5392999606719479,0.29298753307495307,0.5543478260869565,0.31369565217391304,0.5123123594125598,1.0,3,2,2,6414.554834365845,5.470514297485352,adult,4,0.2,0.05,0.15
metacog,0.3333333333333333,0.3333333333333333,0.16666666666666666,0.0,0.5,,1.0,0.9973710865078222,1,1,1,241.80293083190918,0.7097721099853516,iris,0,0.2,0.05,0.2
metacog,0.3333333333333333,0.3333333333333333,0.16666666666666666,0.0,0.5,,1.0,0.9970757773947009,1,1,1,237.41674423217773,0.6198883056640625,iris,1,0.2,0.05,0.2
metacog,0.3333333333333333,0.3333333333333333,0.16666666666666666,0.0,0.5,,1.0,0.9977269338811082,1,1,1,277.59528160095215,0.35381317138671875,iris,2,0.2,0.05,0.2
metacog,0.3333333333333333,0.3333333333333333,0.16666666666666666,0.0,0.5,,1.0,0.9961780853484691,1,1,1,264.32228088378906,0.3590583801269531,iris,3,0.2,0.05,0.2
metacog,0.3333333333333333,0.3333333333333333,0.16666666666666666,0.0,0.5,,0.8413882683090157,0.9971051500737994,1,1,1,286.3459587097168,0.6353855133056641,iris,4,0.2,0.05,0.2
metacog,0.3888888888888889,0.3333333333333333,0.18666666666666668,0.0,0.5,,0.05448551404923955,0.8356166464548431,1,1,1,1983.4001064300537,0.8137226104736328,wine,0,0.2,0.05,0.2
metacog,0.3888888888888889,0.3333333333333333,0.18666666666666668,0.0,0.5,,0.10808918016984967,0.9836413568501193,1,1,1,2007.3485374450684,0.6861686706542969,wine,1,0.2,0.05,0.2
metacog,0.6111111111111112,0.6,0.5185185185185185,0.5167423893288018,0.7494949494949495,,0.3774030947679678,0.9761711209664234,5,3,3,4329.728126525879,1.207113265991211,wine,2,0.2,0.05,0.2
metacog,0.3888888888888889,0.3333333333333333,0.18666666666666668,0.0,0.5,,0.08826130698690134,0.9716808402437557,1,1,1,1928.3020496368408,0.7011890411376953,wine,3,0.2,0.05,0.2
metacog,0.3888888888888889,0.3333333333333333,0.18666666666666668,0.0,0.5,,0.06047926749204607,0.8796421389376234,1,1,1,1968.8987731933594,0.43654441833496094,wine,4,0.2,0.05,0.2
metacog,0.9473684210526315,0.9487012987012987,0.9449275362318841,0.8904905361044291,0.9512987012987013,0.9514896867838044,0.2128605955282232,0.9904241124341877,5,3,3,56379.674196243286,2.9921531677246094,breast_cancer,0,0.2,0.05,0.2
metacog,0.9824561403508771,0.9772727272727273,0.981329839502129,0.9633432944855655,0.9772727272727273,0.9722222222222222,0.2972640601417964,0.9858737888548949,5,3,3,57082.68165588379,1.3921260833740234,breast_cancer,1,0.2,0.05,0.2
metacog,0.631578947368421,0.5,0.3870967741935484,0.0,0.5,0.631578947368421,0.0971257789267817,0.9978297494359547,1,1,1,21718.16635131836,1.9311904907226562,breast_cancer,2,0.2,0.05,0.2
metacog,0.8421052631578947,0.7956349206349207,0.8144665461121157,0.662595343916706,0.7982804232804233,0.8102115937789479,0.4125268785528514,0.9654808723040684,5,3,3,56024.25456047058,1.5680789947509766,breast_cancer,3,0.2,0.05,0.2
metacog,0.9298245614035088,0.9047619047619048,0.9210526315789473,0.8535639569308375,0.9047619047619048,0.9,0.32420614859132296,0.9799090550488756,5,3,3,55728.18851470947,2.620220184326172,breast_cancer,4,0.2,0.05,0.2
metacog,0.805,0.5760869565217391,0.5758795062802458,0.34845909958918564,0.8462732919254659,0.5539805097451275,0.35224414805819054,0.8131964404977765,7,4,4,11327.468633651733,5.338907241821289,adult,0,0.2,0.05,0.2
metacog,0.805,0.5913325804630153,0.6010434248887525,0.3371846188159856,0.7637634105025409,0.46100790513833995,0.4402523890379214,0.8766580354991211,7,4,4,13974.930047988892,6.145000457763672,adult,1,0.2,0.05,0.2
metacog,0.8,0.5652173913043478,0.5579133510167993,0.32177789389368455,0.5652173913043478,0.33043478260869563,0.5177485492624431,1.0,3,2,2,7017.259120941162,4.554033279418945,adult,2,0.2,0.05,0.2
metacog,0.805,0.5760869565217391,0.5758795062802458,0.34845909958918564,0.5760869565217391,0.3471739130434783,0.5289958634037956,0.9989156713474379,3,2,2,6979.822158813477,4.291772842407227,adult,3,0.2,0.05,0.2
metacog,0.795,0.5543478260869565,0.5392999606719479,0.29298753307495307,0.5543478260869565,0.31369565217391304,0.5123123594125598,1.0,3,2,2,6882.7574253082275,4.340410232543945,adult,4,0.2,0.05,0.2
metacog,0.3333333333333333,0.3333333333333333,0.16666666666666666,0.0,0.5,,1.0,0.9973710865078222,1,1,1,261.6276741027832,0.3592967987060547,iris,0,0.2,0.05,0.3
metacog,0.3333333333333333,0.3333333333333333,0.16666666666666666,0.0,0.5,,1.0,0.9970757773947009,1,1,1,241.49417877197266,0.3590583801269531,iris,1,0.2,0.05,0.3
metacog,0.3333333333333333,0.3333333333333333,0.16666666666666666,0.0,0.5,,1.0,0.9977269338811082,1,1,1,260.9884738922119,0.34427642822265625,iris,2,0.2,0.05,0.3
metacog,0.3333333333333333,0.3333333333333333,0.16666666666666666,0.0,0.5,,1.0,0.9961780853484691,1,1,1,243.88790130615234,0.36263465881347656,iris,3,0.2,0.05,0.3
metacog,0.3333333333333333,0.3333333333333333,0.16666666666666666,0.0,0.5,,0.8413882683090157,0.9971051500737994,1,1,1,285.34793853759766,0.35071372985839844,iris,4,0.2,0.05,0.3
metacog,0.3888888888888889,0.3333333333333333,0.18666666666666668,0.0,0.5,,0.05448551404923955,0.8356166464548431,1,1,1,1941.1497116088867,0.4241466522216797,wine,0,0.2,0.05,0.3
metacog,0.3888888888888889,0.3333333333333333,0.18666666666666668,0.0,0.5,,0.10808918016984967,0.9836413568501193,1,1,1,1904.1378498077393,0.40531158447265625,wine,1,0.2,0.05,0.3
metacog,0.6111111111111112,0.6,0.5185185185185185,0.5167423893288018,0.7494949494949495,,0.3774030947679678,0.9761711209664234,5,3,3,4084.0232372283936,0.5495548248291016,wine,2,0.2,0.05,0.3
metacog,0.3888888888888889,0.3333333333333333,0.18666666666666668,0.0,0.5,,0.08826130698690134,0.9716808402437557,1,1,1,1988.9342784881592,0.762939453125,wine,3,0.2,0.05,0.3
metacog,0.3888888888888889,0.3333333333333333,0.18666666666666668,0.0,0.5,,0.06047926749204607,0.8796421389376234,1,1,1,1912.6677513122559,0.8242130279541016,wine,4,0.2,0.05,0.3
metacog,0.9473684210526315,0.9487012987012987,0.9449275362318841,0.8904905361044291,0.9512987012987013,0.9514896867838044,0.2128605955282232,0.9904241124341877,5,3,3,55566.89929962158,1.4133453369140625,breast_cancer,0,0.2,0.05,0.3
metacog,0.9824561403508771,0.9772727272727273,0.981329839502129,0.9633432944855655,0.9772727272727273,0.9722222222222222,0.2972640601417964,0.9858737888548949,5,3,3,56282.19223022461,1.4574527740478516,breast_cancer,1,0.2,0.05,0.3
metacog,0.631578947368421,0.5,0.3870967741935484,0.0,0.5,0.631578947368421,0.0971257789267817,0.9978297494359547,1,1,1,21355.756759643555,1.4078617095947266,breast_cancer,2,0.2,0.05,0.3
metacog,0.8421052631578947,0.7956349206349207,0.8144665461121157,0.662595343916706,0.7982804232804233,0.8102115937789479,0.4125268785528514,0.9654808723040684,5,3,3,55475.83484649658,2.5131702423095703,breast_cancer,3,0.2,0.05,0.3
metacog,0.9298245614035088,0.9047619047619048,0.9210526315789473,0.8535639569308375,0.9047619047619048,0.9,0.32420614859132296,0.9799090550488756,5,3,3,51810.455322265625,1.4278888702392578,breast_cancer,4,0.2,0.05,0.3
metacog,0.8,0.5652173913043478,0.5579133510167993,0.32177789389368455,0.5652173913043478,0.33043478260869563,0.5541350673001662,1.0,3,2,2,6187.02244758606,4.413127899169922,adult,0,0.2,0.05,0.3
metacog,0.805,0.5913325804630153,0.6010434248887525,0.3371846188159856,0.7637634105025409,0.46100790513833995,0.4402523890379214,0.8766580354991211,7,4,4,12199.63526725769,7.804155349731445,adult,1,0.2,0.05,0.3
metacog,0.8,0.5652173913043478,0.5579133510167993,0.32177789389368455,0.5652173913043478,0.33043478260869563,0.5177485492624431,1.0,3,2,2,6292.9956912994385,4.305839538574219,adult,2,0.2,0.05,0.3
metacog,0.805,0.5760869565217391,0.5758795062802458,0.34845909958918564,0.5760869565217391,0.3471739130434783,0.5289958634037956,0.9989156713474379,3,2,2,6168.5590744018555,4.892826080322266,adult,3,0.2,0.05,0.3
metacog,0.795,0.5543478260869565,0.5392999606719479,0.29298753307495307,0.5543478260869565,0.31369565217391304,0.5123123594125598,1.0,3,2,2,6195.670604705811,5.689859390258789,adult,4,0.2,0.05,0.3
metacog,0.3333333333333333,0.3333333333333333,0.16666666666666666,0.0,0.5,,1.0,0.9973710865078222,1,1,1,283.0159664154053,0.6761550903320312,iris,0,0.2,0.05,0.4
metacog,0.3333333333333333,0.3333333333333333,0.16666666666666666,0.0,0.5,,1.0,0.9970757773947009,1,1,1,239.2115592956543,0.3445148468017578,iris,1,0.2,0.05,0.4
metacog,0.3333333333333333,0.3333333333333333,0.16666666666666666,0.0,0.5,,1.0,0.9977269338811082,1,1,1,256.85739517211914,0.5824565887451172,iris,2,0.2,0.05,0.4
metacog,0.3333333333333333,0.3333333333333333,0.16666666666666666,0.0,0.5,,1.0,0.9961780853484691,1,1,1,275.78067779541016,0.7166862487792969,iris,3,0.2,0.05,0.4
metacog,0.3333333333333333,0.3333333333333333,0.16666666666666666,0.0,0.5,,0.8413882683090157,0.9971051500737994,1,1,1,280.44962882995605,0.36263465881347656,iris,4,0.2,0.05,0.4
metacog,0.3888888888888889,0.3333333333333333,0.18666666666666668,0.0,0.5,,0.05448551404923955,0.8356166464548431,1,1,1,2041.7730808258057,0.7882118225097656,wine,0,0.2,0.05,0.4
metacog,0.3888888888888889,0.3333333333333333,0.18666666666666668,0.0,0.5,,0.10808918016984967,0.9836413568501193,1,1,1,1949.7709274291992,0.4298686981201172,wine,1,0.2,0.05,0.4
metacog,0.3888888888888889,0.3333333333333333,0.18666666666666668,0.0,0.5,,0.12637829618825452,0.9628190126221114,1,1,1,2001.1742115020752,0.4439353942871094,wine,2,0.2,0.05,0.4
metacog,0.3888888888888889,0.3333333333333333,0.18666666666666668,0.0,0.5,,0.08826130698690134,0.9716808402437557,1,1,1,1986.619472503662,0.4398822784423828,wine,3,0.2,0.05,0.4
metacog,0.3888888888888889,0.3333333333333333,0.18666666666666668,0.0,0.5,,0.06047926749204607,0.8796421389376234,1,1,1,1889.1806602478027,0.42819976806640625,wine,4,0.2,0.05,0.4
metacog,0.6140350877192983,0.5,0.3804347826086957,0.0,0.5,0.6140350877192983,0.16888261642988234,0.996438889669009,1,1,1,21371.106147766113,1.2192726135253906,breast_cancer,0,0.2,0.05,0.4
metacog,0.6140350877192983,0.5,0.3804347826086957,0.0,0.5,0.6140350877192983,0.17301101243890643,0.9800388511449721,1,1,1,21130.37371635437,1.2302398681640625,breast_cancer,1,0.2,0.05,0.4
metacog,0.631578947368421,0.5,0.3870967741935484,0.0,0.5,0.631578947368421,0.0971257789267817,0.9978297494359547,1,1,1,21259.76014137268,2.050638198852539,breast_cancer,2,0.2,0.05,0.4
metacog,0.8421052631578947,0.7956349206349207,0.8144665461121157,0.662595343916706,0.7982804232804233,0.8102115937789479,0.4125268785528514,0.9654808723040684,5,3,3,54916.168451309204,1.6627311706542969,breast_cancer,3,0.2,0.05,0.4
metacog,0.9298245614035088,0.9047619047619048,0.9210526315789473,0.8535639569308375,0.9047619047619048,0.9,0.32420614859132296,0.9799090550488756,5,3,3,54900.12168884277,1.5461444854736328,breast_cancer,4,0.2,0.05,0.4
metacog,0.8,0.5652173913043478,0.5579133510167993,0.32177789389368455,0.5652173913043478,0.33043478260869563,0.5541350673001662,1.0,3,2,2,6742.642641067505,8.918523788452148,adult,0,0.2,0.05,0.4
metacog,0.805,0.5913325804630153,0.6010434248887525,0.3371846188159856,0.7637634105025409,0.46100790513833995,0.4402523890379214,0.8766580354991211,7,4,4,13554.797410964966,8.553266525268555,adult,1,0.2,0.05,0.4
metacog,0.8,0.5652173913043478,0.5579133510167993,0.32177789389368455,0.5652173913043478,0.33043478260869563,0.5177485492624431,1.0,3,2,2,6876.62672996521,4.53639030456543,adult,2,0.2,0.05,0.4
metacog,0.805,0.5760869565217391,0.5758795062802458,0.34845909958918564,0.5760869565217391,0.3471739130434783,0.5289958634037956,0.9989156713474379,3,2,2,6753.278732299805,5.762815475463867,adult,3,0.2,0.05,0.4
metacog,0.795,0.5543478260869565,0.5392999606719479,0.29298753307495307,0.5543478260869565,0.31369565217391304,0.5123123594125598,1.0,3,2,2,6917.384147644043,6.815433502197266,adult,4,0.2,0.05,0.4
metacog,0.3333333333333333,0.3333333333333333,0.16666666666666666,0.0,0.5,,1.0,0.9973710865078222,1,1,1,251.4629364013672,0.6954669952392578,iris,0,0.2,0.05,0.5
metacog,0.3333333333333333,0.3333333333333333,0.16666666666666666,0.0,0.5,,1.0,0.9970757773947009,1,1,1,255.08928298950195,0.7224082946777344,iris,1,0.2,0.05,0.5
metacog,0.3333333333333333,0.3333333333333333,0.16666666666666666,0.0,0.5,,1.0,0.9977269338811082,1,1,1,232.92255401611328,0.6816387176513672,iris,2,0.2,0.05,0.5
metacog,0.3333333333333333,0.3333333333333333,0.16666666666666666,0.0,0.5,,1.0,0.9961780853484691,1,1,1,256.12926483154297,0.35500526428222656,iris,3,0.2,0.05,0.5
metacog,0.3333333333333333,0.3333333333333333,0.16666666666666666,0.0,0.5,,0.8413882683090157,0.9971051500737994,1,1,1,273.73743057250977,0.3464221954345703,iris,4,0.2,0.05,0.5
metacog,0.3888888888888889,0.3333333333333333,0.18666666666666668,0.0,0.5,,0.05448551404923955,0.8356166464548431,1,1,1,1973.1101989746094,0.8301734924316406,wine,0,0.2,0.05,0.5
metacog,0.3888888888888889,0.3333333333333333,0.18666666666666668,0.0,0.5,,0.10808918016984967,0.9836413568501193,1,1,1,2021.5020179748535,0.4425048828125,wine,1,0.2,0.05,0.5
metacog,0.3888888888888889,0.3333333333333333,0.18666666666666668,0.0,0.5,,0.12637829618825452,0.9628190126221114,1,1,1,1995.9559440612793,0.4258155822753906,wine,2,0.2,0.05,0.5
metacog,0.3888888888888889,0.3333333333333333,0.18666666666666668,0.0,0.5,,0.08826130698690134,0.9716808402437557,1,1,1,1855.3125858306885,0.42128562927246094,wine,3,0.2,0.05,0.5
metacog,0.3888888888888889,0.3333333333333333,0.18666666666666668,0.0,0.5,,0.06047926749204607,0.8796421389376234,1,1,1,1993.7219619750977,0.41866302490234375,wine,4,0.2,0.05,0.5
metacog,0.6140350877192983,0.5,0.3804347826086957,0.0,0.5,0.6140350877192983,0.16888261642988234,0.996438889669009,1,1,1,21204.63728904724,1.230478286743164,breast_cancer,0,0.2,0.05,0.5
metacog,0.6140350877192983,0.5,0.3804347826086957,0.0,0.5,0.6140350877192983,0.17301101243890643,0.9800388511449721,1,1,1,21381.33716583252,1.2104511260986328,breast_cancer,1,0.2,0.05,0.5
metacog,0.631578947368421,0.5,0.3870967741935484,0.0,0.5,0.631578947368421,0.0971257789267817,0.9978297494359547,1,1,1,21310.594081878662,1.1551380157470703,breast_cancer,2,0.2,0.05,0.5
metacog,0.8421052631578947,0.7956349206349207,0.8144665461121157,0.662595343916706,0.7982804232804233,0.8102115937789479,0.4125268785528514,0.9654808723040684,5,3,3,55690.73724746704,1.453399658203125,breast_cancer,3,0.2,0.05,0.5
metacog,0.9298245614035088,0.9047619047619048,0.9210526315789473,0.8535639569308375,0.9047619047619048,0.9,0.32420614859132296,0.9799090550488756,5,3,3,55750.76627731323,1.447916030883789,breast_cancer,4,0.2,0.05,0.5
metacog,0.8,0.5652173913043478,0.5579133510167993,0.32177789389368455,0.5652173913043478,0.33043478260869563,0.5541350673001662,1.0,3,2,2,6749.861001968384,4.511117935180664,adult,0,0.2,0.05,0.5
metacog,0.805,0.5913325804630153,0.6010434248887525,0.3371846188159856,0.7637634105025409,0.46100790513833995,0.4402523890379214,0.8766580354991211,7,4,4,13635.831117630005,8.206367492675781,adult,1,0.2,0.05,0.5
metacog,0.8,0.5652173913043478,0.5579133510167993,0.32177789389368455,0.5652173913043478,0.33043478260869563,0.5177485492624431,1.0,3,2,2,6949.175119400024,4.319190979003906,adult,2,0.2,0.05,0.5
metacog,0.805,0.5760869565217391,0.5758795062802458,0.34845909958918564,0.5760869565217391,0.3471739130434783,0.5289958634037956,0.9989156713474379,3,2,2,7017.819166183472,4.260540008544922,adult,3,0.2,0.05,0.5
metacog,0.795,0.5543478260869565,0.5392999606719479,0.29298753307495307,0.5543478260869565,0.31369565217391304,0.5123123594125598,1.0,3,2,2,6861.2120151519775,5.362510681152344,adult,4,0.2,0.05,0.5
metacog,0.6666666666666666,0.6666666666666666,0.5555555555555555,0.6123724356957945,0.8333333333333334,,0.5087148216635994,0.9931689782126119,3,2,2,454.50663566589355,0.48160552978515625,iris,0,0.2,0.07,0.0
metacog,0.6666666666666666,0.6666666666666666,0.5555555555555555,0.6123724356957945,0.8333333333333334,,0.5053783704402405,0.9846235543341044,3,2,2,469.3150520324707,0.8459091186523438,iris,1,0.2,0.07,0.0
metacog,0.6666666666666666,0.6666666666666666,0.5555555555555555,0.6123724356957945,0.8333333333333334,,0.5003001606412475,0.9925327311980254,3,2,2,458.9202404022217,0.4477500915527344,iris,2,0.2,0.07,0.0
metacog,0.6666666666666666,0.6666666666666666,0.5555555555555555,0.6123724356957945,0.8333333333333334,,0.5053783704402405,0.9923855873540359,3,2,2,482.85412788391113,0.42319297790527344,iris,3,0.2,0.07,0.0
metacog,0.8666666666666667,0.8666666666666667,0.8666666666666667,0.8,0.9166666666666666,,0.4295544454919649,0.9728009417627567,5,3,3,585.8781337738037,0.4801750183105469,iris,4,0.2,0.07,0.0
metacog,0.3888888888888889,0.3333333333333333,0.18666666666666668,0.0,0.5,,0.05448551404923955,0.8356166464548431,1,1,1,1953.366756439209,0.43773651123046875,wine,0,0.2,0.07,0.0
metacog,0.6111111111111112,0.6190476190476191,0.5135566188197767,0.4785101489172643,0.7938561438561439,,0.1166620945266864,0.9923821235256528,5,3,3,5647.305250167847,1.0275840759277344,wine,1,0.2,0.07,0.0
metacog,0.6111111111111112,0.6,0.5185185185185185,0.5167423893288018,0.7494949494949495,,0.3774030947679678,0.9761711209664234,5,3,3,4080.016613006592,0.5071163177490234,wine,2,0.2,0.07,0.0
metacog,0.6666666666666666,0.6666666666666666,0.5666666666666667,0.5995445191824106,0.8387445887445887,,0.28708262043670824,0.9870125191045439,5,3,3,4126.5130043029785,0.5044937133789062,wine,3,0.2,0.07,0.0
metacog,0.3888888888888889,0.3333333333333333,0.18666666666666668,0.0,0.5,,0.06047926749204607,0.8796421389376234,1,1,1,2082.3237895965576,1.03759765625,wine,4,0.2,0.07,0.0
metacog,0.9473684210526315,0.9487012987012987,0.9449275362318841,0.8904905361044291,0.9512987012987013,0.9514896867838044,0.21358133163914025,0.9888872175996579,5,3,3,56241.70231819153,1.4166831970214844,breast_cancer,0,0.2,0.07,0.0
metacog,0.9824561403508771,0.9772727272727273,0.981329839502129,0.9633432944855655,0.9772727272727273,0.9722222222222222,0.2977781401192274,0.9858737888548949,5,3,3,56283.018589019775,1.4166831970214844,breast_cancer,1,0.2,0.07,0.0
metacog,0.9298245614035088,0.9146825396825397,0.922972972972973,0.8486684247915055,0.9034391534391535,0.9130116959064327,0.2798662637828419,0.9830167275941617,5,3,3,56286.06033325195,1.516103744506836,breast_cancer,2,0.2,0.07,0.0
metacog,0.8421052631578947,0.7956349206349207,0.8144665461121157,0.662595343916706,0.7982804232804233,0.8102115937789479,0.4142019566762563,0.9709976809823655,5,3,3,54386.03639602661,1.4612674713134766,breast_cancer,3,0.2,0.07,0.0
metacog,0.9298245614035088,0.9047619047619048,0.9210526315789473,0.8535639569308375,0.9047619047619048,0.9,0.3303387131174819,0.959075996239208,5,3,3,50206.83026313782,1.4071464538574219,breast_cancer,4,0.2,0.07,0.0
metacog,0.805,0.5760869565217391,0.5758795062802458,0.34845909958918564,0.8462732919254659,0.5539805097451275,0.3610877650183528,0.8101232785846226,7,4,4,9740.530967712402,4.698753356933594,adult,0,0.2,0.07,0.0
metacog,0.805,0.5913325804630153,0.6010434248887525,0.3371846188159856,0.7637634105025409,0.46100790513833995,0.44062217910693524,0.8797266491742846,7,4,4,11585.060358047485,5.324363708496094,adult,1,0.2,0.07,0.0
metacog,0.8,0.5652173913043478,0.5579133510167993,0.32177789389368455,0.5652173913043478,0.33043478260869563,0.5177485492624431,1.0,3,2,2,5824.899911880493,4.180669784545898,adult,2,0.2,0.07,0.0
metacog,0.805,0.5760869565217391,0.5758795062802458,0.34845909958918564,0.5760869565217391,0.3471739130434783,0.5289958634037956,1.0,3,2,2,5822.48067855835,4.669427871704102,adult,3,0.2,0.07,0.0
metacog,0.795,0.5543478260869565,0.5392999606719479,0.29298753307495307,0.5543478260869565,0.31369565217391304,0.5123123594125598,1.0,3,2,2,5841.271162033081,4.749536514282227,adult,4,0.2,0.07,0.0
metacog,0.3333333333333333,0.3333333333333333,0.16666666666666666,0.0,0.5,,1.0,0.9973710865078222,1,1,1,297.90520668029785,0.7121562957763672,iris,0,0.2,0.07,0.1
metacog,0.3333333333333333,0.3333333333333333,0.16666666666666666,0.0,0.5,,1.0,0.9970757773947009,1,1,1,263.1692886352539,0.3933906555175781,iris,1,0.2,0.07,0.1
metacog,0.3333333333333333,0.3333333333333333,0.16666666666666666,0.0,0.5,,1.0,0.9977269338811082,1,1,1,285.01081466674805,0.7119178771972656,iris,2,0.2,0.07,0.1
metacog,0.3333333333333333,0.3333333333333333,0.16666666666666666,0.0,0.5,,1.0,0.9961780853484691,1,1,1,256.27756118774414,0.3483295440673828,iris,3,0.2,0.07,0.1
metacog,0.3333333333333333,0.3333333333333333,0.16666666666666666,0.0,0.5,,0.8413882683090157,0.9971051500737994,1,1,1,305.1304817199707,0.40078163146972656,iris,4,0.2,0.07,0.1
metacog,0.3888888888888889,0.3333333333333333,0.18666666666666668,0.0,0.5,,0.05448551404923955,0.8356166464548431,1,1,1,2009.2341899871826,0.4382133483886719,wine,0,0.2,0.07,0.1
metacog,0.6111111111111112,0.6190476190476191,0.5135566188197767,0.4785101489172643,0.7938561438561439,,0.1166620945266864,0.9923821235256528,5,3,3,5364.349842071533,0.5538463592529297,wine,1,0.2,0.07,0.1
metacog,0.6111111111111112,0.6,0.5185185185185185,0.5167423893288018,0.7494949494949495,,0.3774030947679678,0.9761711209664234,5,3,3,4115.872383117676,0.5404949188232422,wine,2,0.2,0.07,0.1
metacog,0.3888888888888889,0.3333333333333333,0.18666666666666668,0.0,0.5,,0.08826130698690134,0.9716808402437557,1,1,1,1948.753833770752,0.43129920959472656,wine,3,0.2,0.07,0.1
metacog,0.3888888888888889,0.3333333333333333,0.18666666666666668,0.0,0.5,,0.06047926749204607,0.8796421389376234,1,1,1,1952.4116516113281,0.423431396484375,wine,4,0.2,0.07,0.1
metacog,0.9473684210526315,0.9487012987012987,0.9449275362318841,0.8904905361044291,0.9512987012987013,0.9514896867838044,0.2128605955282232,0.9904241124341877,5,3,3,55265.41996002197,1.6937255859375,breast_cancer,0,0.2,0.07,0.1
metacog,0.9824561403508771,0.9772727272727273,0.981329839502129,0.9633432944855655,0.9772727272727273,0.9722222222222222,0.2972640601417964,0.9858737888548949,5,3,3,55866.37830734253,1.8610954284667969,breast_cancer,1,0.2,0.07,0.1
metacog,0.631578947368421,0.5,0.3870967741935484,0.0,0.5,0.631578947368421,0.0971257789267817,0.9978297494359547,1,1,1,21415.60387611389,2.2797584533691406,breast_cancer,2,0.2,0.07,0.1
metacog,0.8421052631578947,0.7956349206349207,0.8144665461121157,0.662595343916706,0.7982804232804233,0.8102115937789479,0.4125268785528514,0.9654808723040684,5,3,3,54876.527070999146,1.4638900756835938,breast_cancer,3,0.2,0.07,0.1
metacog,0.9298245614035088,0.9047619047619048,0.9210526315789473,0.8535639569308375,0.9047619047619048,0.9,0.32420614859132296,0.9799090550488756,5,3,3,53778.34439277649,2.3908615112304688,breast_cancer,4,0.2,0.07,0.1
metacog,0.8,0.5652173913043478,0.5579133510167993,0.32177789389368455,0.5652173913043478,0.33043478260869563,0.5541350673001662,1.0,3,2,2,6445.544004440308,4.621982574462891,adult,0,0.2,0.07,0.1
metacog,0.805,0.5913325804630153,0.6010434248887525,0.3371846188159856,0.7637634105025409,0.46100790513833995,0.4402523890379214,0.8766580354991211,7,4,4,12748.432159423828,8.113384246826172,adult,1,0.2,0.07,0.1
metacog,0.8,0.5652173913043478,0.5579133510167993,0.32177789389368455,0.5652173913043478,0.33043478260869563,0.5177485492624431,1.0,3,2,2,6439.286470413208,4.900217056274414,adult,2,0.2,0.07,0.1
metacog,0.805,0.5760869565217391,0.5758795062802458,0.34845909958918564,0.5760869565217391,0.3471739130434783,0.5289958634037956,0.9989156713474379,3,2,2,6476.216077804565,4.583835601806641,adult,3,0.2,0.07,0.1
metacog,0.795,0.5543478260869565,0.5392999606719479,0.29298753307495307,0.5543478260869565,0.31369565217391304,0.5123123594125598,1.0,3,2,2,6676.810741424561,4.312038421630859,adult,4,0.2,0.07,0.1
metacog,0.3333333333333333,0.3333333333333333,0.16666666666666666,0.0,0.5,,1.0,0.9973710865078222,1,1,1,286.73434257507324,0.3523826599121094,iris,0,0.2,0.07,0.15
metacog,0.3333333333333333,0.3333333333333333,0.16666666666666666,0.0,0.5,,1.0,0.9970757773947009,1,1,1,264.7531032562256,0.3800392150878906,iris,1,0.2,0.07,0.15
metacog,0.3333333333333333,0.3333333333333333,0.16666666666666666,0.0,0.5,,1.0,0.9977269338811082,1,1,1,251.75762176513672,0.3814697265625,iris,2,0.2,0.07,0.15
metacog,0.3333333333333333,0.3333333333333333,0.16666666666666666,0.0,0.5,,1.0,0.9961780853484691,1,1,1,267.5461769104004,0.3733634948730469,iris,3,0.2,0.07,0.15
metacog,0.3333333333333333,0.3333333333333333,0.16666666666666666,0.0,0.5,,0.8413882683090157,0.9971051500737994,1,1,1,305.1440715789795,0.3647804260253906,iris,4,0.2,0.07,0.15
metacog,0.3888888888888889,0.3333333333333333,0.18666666666666668,0.0,0.5,,0.05448551404923955,0.8356166464548431,1,1,1,1992.9609298706055,0.40650367736816406,wine,0,0.2,0.07,0.15
metacog,0.3888888888888889,0.3333333333333333,0.18666666666666668,0.0,0.5,,0.10808918016984967,0.9836413568501193,1,1,1,1937.6044273376465,0.8218288421630859,wine,1,0.2,0.07,0.15
metacog,0.6111111111111112,0.6,0.5185185185185185,0.5167423893288018,0.7494949494949495,,0.3774030947679678,0.9761711209664234,5,3,3,4060.008764266968,0.5278587341308594,wine,2,0.2,0.07,0.15
metacog,0.3888888888888889,0.3333333333333333,0.18666666666666668,0.0,0.5,,0.08826130698690134,0.9716808402437557,1,1,1,2030.6591987609863,0.4317760467529297,wine,3,0.2,0.07,0.15
metacog,0.3888888888888889,0.3333333333333333,0.18666666666666668,0.0,0.5,,0.06047926749204607,0.8796421389376234,1,1,1,2004.5228004455566,0.4086494445800781,wine,4,0.2,0.07,0.15
metacog,0.9473684210526315,0.9487012987012987,0.9449275362318841,0.8904905361044291,0.9512987012987013,0.9514896867838044,0.2128605955282232,0.9904241124341877,5,3,3,56101.46474838257,1.466512680053711,breast_cancer,0,0.2,0.07,0.15
metacog,0.9824561403508771,0.9772727272727273,0.981329839502129,0.9633432944855655,0.9772727272727273,0.9722222222222222,0.2972640601417964,0.9858737888548949,5,3,3,56679.68225479126,1.401662826538086,breast_cancer,1,0.2,0.07,0.15
metacog,0.631578947368421,0.5,0.3870967741935484,0.0,0.5,0.631578947368421,0.0971257789267817,0.9978297494359547,1,1,1,21718.008518218994,1.1489391326904297,breast_cancer,2,0.2,0.07,0.15
metacog,0.8421052631578947,0.7956349206349207,0.8144665461121157,0.662595343916706,0.7982804232804233,0.8102115937789479,0.4125268785528514,0.9654808723040684,5,3,3,55938.472270965576,1.4445781707763672,breast_cancer,3,0.2,0.07,0.15
metacog,0.9298245614035088,0.9047619047619048,0.9210526315789473,0.8535639569308375,0.9047619047619048,0.9,0.32420614859132296,0.9799090550488756,5,3,3,54319.08416748047,1.5130043029785156,breast_cancer,4,0.2,0.07,0.15
metacog,0.8,0.5652173913043478,0.5579133510167993,0.32177789389368455,0.5652173913043478,0.33043478260869563,0.5541350673001662,1.0,3,2,2,6525.506258010864,4.279375076293945,adult,0,0.2,0.07,0.15
metacog,0.805,0.5913325804630153,0.6010434248887525,0.3371846188159856,0.7637634105025409,0.46100790513833995,0.4402523890379214,0.8766580354991211,7,4,4,12687.363862991333,5.529880523681641,adult,1,0.2,0.07,0.15
metacog,0.8,0.5652173913043478,0.5579133510167993,0.32177789389368455,0.5652173913043478,0.33043478260869563,0.5177485492624431,1.0,3,2,2,6436.016082763672,5.367755889892578,adult,2,0.2,0.07,0.15
metacog,0.805,0.5760869565217391,0.5758795062802458,0.34845909958918564,0.5760869565217391,0.3471739130434783,0.5289958634037956,0.9989156713474379,3,2,2,6508.708477020264,4.570484161376953,adult,3,0.2,0.07,0.15
metacog,0.795,0.5543478260869565,0.5392999606719479,0.29298753307495307,0.5543478260869565,0.31369565217391304,0.5123123594125598,1.0,3,2,2,6683.2170486450195,4.145145416259766,adult,4,0.2,0.07,0.15
metacog,0.3333333333333333,0.3333333333333333,0.16666666666666666,0.0,0.5,,1.0,0.9973710865078222,1,1,1,293.9610481262207,0.34308433532714844,iris,0,0.2,0.07,0.2
metacog,0.3333333333333333,0.3333333333333333,0.16666666666666666,0.0,0.5,,1.0,0.9970757773947009,1,1,1,266.6294574737549,0.7121562957763672,iris,1,0.2,0.07,0.2
metacog,0.3333333333333333,0.3333333333333333,0.16666666666666666,0.0,0.5,,1.0,0.9977269338811082,1,1,1,262.3915672302246,0.6992816925048828,iris,2,0.2,0.07,0.2
metacog,0.3333333333333333,0.3333333333333333,0.16666666666666666,0.0,0.5,,1.0,0.9961780853484691,1,1,1,261.23809814453125,0.67138671875,iris,3,0.2,0.07,0.2
metacog,0.3333333333333333,0.3333333333333333,0.16666666666666666,0.0,0.5,,0.8413882683090157,0.9971051500737994,1,1,1,310.05406379699707,0.38123130798339844,iris,4,0.2,0.07,0.2
metacog,0.3888888888888889,0.3333333333333333,0.18666666666666668,0.0,0.5,,0.05448551404923955,0.8356166464548431,1,1,1,1971.5332984924316,0.4029273986816406,wine,0,0.2,0.07,0.2
metacog,0.3888888888888889,0.3333333333333333,0.18666666666666668,0.0,0.5,,0.10808918016984967,0.9836413568501193,1,1,1,1889.4104957580566,0.4162788391113281,wine,1,0.2,0.07,0.2
metacog,0.6111111111111112,0.6,0.5185185185185185,0.5167423893288018,0.7494949494949495,,0.3774030947679678,0.9761711209664234,5,3,3,4120.306015014648,0.5123615264892578,wine,2,0.2,0.07,0.2
metacog,0.3888888888888889,0.3333333333333333,0.18666666666666668,0.0,0.5,,0.08826130698690134,0.9716808402437557,1,1,1,1967.580795288086,0.4425048828125,wine,3,0.2,0.07,0.2
metacog,0.3888888888888889,0.3333333333333333,0.18666666666666668,0.0,0.5,,0.06047926749204607,0.8796421389376234,1,1,1,1930.659532546997,0.4189014434814453,wine,4,0.2,0.07,0.2
metacog,0.9473684210526315,0.9487012987012987,0.9449275362318841,0.8904905361044291,0.9512987012987013,0.9514896867838044,0.2128605955282232,0.9904241124341877,5,3,3,56261.48247718811,1.4929771423339844,breast_cancer,0,0.2,0.07,0.2
metacog,0.9824561403508771,0.9772727272727273,0.981329839502129,0.9633432944855655,0.9772727272727273,0.9722222222222222,0.2972640601417964,0.9858737888548949,5,3,3,56147.45736122131,1.8393993377685547,breast_cancer,1,0.2,0.07,0.2
metacog,0.631578947368421,0.5,0.3870967741935484,0.0,0.5,0.631578947368421,0.0971257789267817,0.9978297494359547,1,1,1,21411.043882369995,1.1484622955322266,breast_cancer,2,0.2,0.07,0.2
metacog,0.8421052631578947,0.7956349206349207,0.8144665461121157,0.662595343916706,0.7982804232804233,0.8102115937789479,0.4125268785528514,0.9654808723040684,5,3,3,55424.49426651001,1.5184879302978516,breast_cancer,3,0.2,0.07,0.2
metacog,0.9298245614035088,0.9047619047619048,0.9210526315789473,0.8535639569308375,0.9047619047619048,0.9,0.32420614859132296,0.9799090550488756,5,3,3,54293.397665023804,1.4312267303466797,breast_cancer,4,0.2,0.07,0.2
metacog,0.8,0.5652173913043478,0.5579133510167993,0.32177789389368455,0.5652173913043478,0.33043478260869563,0.5541350673001662,1.0,3,2,2,6516.797065734863,4.289865493774414,adult,0,0.2,0.07,0.2
metacog,0.805,0.5913325804630153,0.6010434248887525,0.3371846188159856,0.7637634105025409,0.46100790513833995,0.4402523890379214,0.8766580354991211,7,4,4,12795.30382156372,5.091428756713867,adult,1,0.2,0.07,0.2
metacog,0.8,0.5652173913043478,0.5579133510167993,0.32177789389368455,0.5652173913043478,0.33043478260869563,0.5177485492624431,1.0,3,2,2,6414.705991744995,4.502773284912109,adult,2,0.2,0.07,0.2
metacog,0.805,0.5760869565217391,0.5758795062802458,0.34845909958918564,0.5760869565217391,0.3471739130434783,0.5289958634037956,0.9989156713474379,3,2,2,6453.23371887207,4.481077194213867,adult,3,0.2,0.07,0.2
metacog,0.795,0.5543478260869565,0.5392999606719479,0.29298753307495307,0.5543478260869565,0.31369565217391304,0.5123123594125598,1.0,3,2,2,6636.242389678955,4.445314407348633,adult,4,0.2,0.07,0.2
metacog,0.3333333333333333,0.3333333333333333,0.16666666666666666,0.0,0.5,,1.0,0.9973710865078222,1,1,1,299.84259605407715,0.3745555877685547,iris,0,0.2,0.07,0.3
metacog,0.3333333333333333,0.3333333333333333,0.16666666666666666,0.0,0.5,,1.0,0.9970757773947009,1,1,1,271.6493606567383,0.3917217254638672,iris,1,0.2,0.07,0.3
metacog,0.3333333333333333,0.3333333333333333,0.16666666666666666,0.0,0.5,,1.0,0.9977269338811082,1,1,1,288.79284858703613,0.675201416015625,iris,2,0.2,0.07,0.3
metacog,0.3333333333333333,0.3333333333333333,0.16666666666666666,0.0,0.5,,1.0,0.9961780853484691,1,1,1,278.855562210083,0.3879070281982422,iris,3,0.2,0.07,0.3
metacog,0.3333333333333333,0.3333333333333333,0.16666666666666666,0.0,0.5,,0.8413882683090157,0.9971051500737994,1,1,1,302.107572555542,0.36215782165527344,iris,4,0.2,0.07,0.3
metacog,0.3888888888888889,0.3333333333333333,0.18666666666666668,0.0,0.5,,0.05448551404923955,0.8356166464548431,1,1,1,2006.2010288238525,0.4286766052246094,wine,0,0.2,0.07,0.3
metacog,0.3888888888888889,0.3333333333333333,0.18666666666666668,0.0,0.5,,0.10808918016984967,0.9836413568501193,1,1,1,2002.169132232666,0.3991127014160156,wine,1,0.2,0.07,0.3
metacog,0.3888888888888889,0.3333333333333333,0.18666666666666668,0.0,0.5,,0.12637829618825452,0.9628190126221114,1,1,1,2004.4257640838623,0.7491111755371094,wine,2,0.2,0.07,0.3
metacog,0.3888888888888889,0.3333333333333333,0.18666666666666668,0.0,0.5,,0.08826130698690134,0.9716808402437557,1,1,1,2031.8150520324707,0.4277229309082031,wine,3,0.2,0.07,0.3
metacog,0.3888888888888889,0.3333333333333333,0.18666666666666668,0.0,0.5,,0.06047926749204607,0.8796421389376234,1,1,1,2044.1787242889404,0.7600784301757812,wine,4,0.2,0.07,0.3
metacog,0.6140350877192983,0.5,0.3804347826086957,0.0,0.5,0.6140350877192983,0.16888261642988234,0.996438889669009,1,1,1,21704.100370407104,1.1661052703857422,breast_cancer,0,0.2,0.07,0.3
metacog,0.6140350877192983,0.5,0.3804347826086957,0.0,0.5,0.6140350877192983,0.17301101243890643,0.9800388511449721,1,1,1,21443.76254081726,2.2995471954345703,breast_cancer,1,0.2,0.07,0.3
metacog,0.631578947368421,0.5,0.3870967741935484,0.0,0.5,0.631578947368421,0.0971257789267817,0.9978297494359547,1,1,1,21688.3487701416,2.378702163696289,breast_cancer,2,0.2,0.07,0.3
metacog,0.8421052631578947,0.7956349206349207,0.8144665461121157,0.662595343916706,0.7982804232804233,0.8102115937789479,0.4125268785528514,0.9654808723040684,5,3,3,55871.40941619873,1.535654067993164,breast_cancer,3,0.2,0.07,0.3
metacog,0.9298245614035088,0.9047619047619048,0.9210526315789473,0.8535639569308375,0.9047619047619048,0.9,0.32420614859132296,0.9799090550488756,5,3,3,56136.356353759766,1.4376640319824219,breast_cancer,4,0.2,0.07,0.3
metacog,0.8,0.5652173913043478,0.5579133510167993,0.32177789389368455,0.5652173913043478,0.33043478260869563,0.5541350673001662,1.0,3,2,2,7007.794380187988,5.09953498840332,adult,0,0.2,0.07,0.3
metacog,0.805,0.5913325804630153,0.6010434248887525,0.3371846188159856,0.7637634105025409,0.46100790513833995,0.4402523890379214,0.8766580354991211,7,4,4,13868.653535842896,5.409955978393555,adult,1,0.2,0.07,0.3
metacog,0.8,0.5652173913043478,0.5579133510167993,0.32177789389368455,0.5652173913043478,0.33043478260869563,0.5177485492624431,1.0,3,2,2,6921.307802200317,4.745244979858398,adult,2,0.2,0.07,0.3
metacog,0.805,0.5760869565217391,0.5758795062802458,0.34845909958918564,0.5760869565217391,0.3471739130434783,0.5289958634037956,0.9989156713474379,3,2,2,7019.498586654663,5.133390426635742,adult,3,0.2,0.07,0.3
metacog,0.795,0.5543478260869565,0.5392999606719479,0.29298753307495307,0.5543478260869565,0.31369565217391304,0.5123123594125598,1.0,3,2,2,6979.785203933716,4.5261383056640625,adult,4,0.2,0.07,0.3
metacog,0.3333333333333333,0.3333333333333333,0.16666666666666666,0.0,0.5,,1.0,0.9973710865078222,1,1,1,249.68719482421875,0.3418922424316406,iris,0,0.2,0.07,0.4
metacog,0.3333333333333333,0.3333333333333333,0.16666666666666666,0.0,0.5,,1.0,0.9970757773947009,1,1,1,241.3043975830078,0.4291534423828125,iris,1,0.2,0.07,0.4
metacog,0.3333333333333333,0.3333333333333333,0.16666666666666666,0.0,0.5,,1.0,0.9977269338811082,1,1,1,260.2057456970215,0.3566741943359375,iris,2,0.2,0.07,0.4
metacog,0.3333333333333333,0.3333333333333333,0.16666666666666666,0.0,0.5,,1.0,0.9961780853484691,1,1,1,281.4161777496338,0.34308433532714844,iris,3,0.2,0.07,0.4
metacog,0.3333333333333333,0.3333333333333333,0.16666666666666666,0.0,0.5,,0.8413882683090157,0.9971051500737994,1,1,1,323.06861877441406,0.33974647521972656,iris,4,0.2,0.07,0.4
metacog,0.3888888888888889,0.3333333333333333,0.18666666666666668,0.0,0.5,,0.05448551404923955,0.8356166464548431,1,1,1,2054.194688796997,0.4055500030517578,wine,0,0.2,0.07,0.4
metacog,0.3888888888888889,0.3333333333333333,0.18666666666666668,0.0,0.5,,0.10808918016984967,0.9836413568501193,1,1,1,2027.125358581543,0.42438507080078125,wine,1,0.2,0.07,0.4
metacog,0.3888888888888889,0.3333333333333333,0.18666666666666668,0.0,0.5,,0.12637829618825452,0.9628190126221114,1,1,1,2188.9970302581787,0.43320655822753906,wine,2,0.2,0.07,0.4
metacog,0.3888888888888889,0.3333333333333333,0.18666666666666668,0.0,0.5,,0.08826130698690134,0.9716808402437557,1,1,1,2389.1468048095703,0.4355907440185547,wine,3,0.2,0.07,0.4
metacog,0.3888888888888889,0.3333333333333333,0.18666666666666668,0.0,0.5,,0.06047926749204607,0.8796421389376234,1,1,1,2228.9865016937256,0.42510032653808594,wine,4,0.2,0.07,0.4
metacog,0.6140350877192983,0.5,0.3804347826086957,0.0,0.5,0.6140350877192983,0.16888261642988234,0.996438889669009,1,1,1,22300.253868103027,1.2035369873046875,breast_cancer,0,0.2,0.07,0.4
metacog,0.6140350877192983,0.5,0.3804347826086957,0.0,0.5,0.6140350877192983,0.17301101243890643,0.9800388511449721,1,1,1,21743.056058883667,1.3866424560546875,breast_cancer,1,0.2,0.07,0.4
metacog,0.631578947368421,0.5,0.3870967741935484,0.0,0.5,0.631578947368421,0.0971257789267817,0.9978297494359547,1,1,1,21709.609746932983,1.211404800415039,breast_cancer,2,0.2,0.07,0.4
metacog,0.8421052631578947,0.7956349206349207,0.8144665461121157,0.662595343916706,0.7982804232804233,0.8102115937789479,0.4125268785528514,0.9654808723040684,5,3,3,57000.33664703369,3.0269622802734375,breast_cancer,3,0.2,0.07,0.4
metacog,0.9298245614035088,0.9047619047619048,0.9210526315789473,0.8535639569308375,0.9047619047619048,0.9,0.32420614859132296,0.9799090550488756,5,3,3,57247.86567687988,1.6436576843261719,breast_cancer,4,0.2,0.07,0.4
metacog,0.8,0.5652173913043478,0.5579133510167993,0.32177789389368455,0.5652173913043478,0.33043478260869563,0.5541350673001662,1.0,3,2,2,6931.074619293213,6.016016006469727,adult,0,0.2,0.07,0.4
metacog,0.805,0.5913325804630153,0.6010434248887525,0.3371846188159856,0.7637634105025409,0.46100790513833995,0.4402523890379214,0.8766580354991211,7,4,4,13395.371198654175,7.149934768676758,adult,1,0.2,0.07,0.4
metacog,0.8,0.5652173913043478,0.5579133510167993,0.32177789389368455,0.5652173913043478,0.33043478260869563,0.5177485492624431,1.0,3,2,2,6785.616159439087,4.649639129638672,adult,2,0.2,0.07,0.4
metacog,0.805,0.5760869565217391,0.5758795062802458,0.34845909958918564,0.5760869565217391,0.3471739130434783,0.5289958634037956,0.9989156713474379,3,2,2,6807.117700576782,4.762887954711914,adult,3,0.2,0.07,0.4
metacog,0.795,0.5543478260869565,0.5392999606719479,0.29298753307495307,0.5543478260869565,0.31369565217391304,0.5123123594125598,1.0,3,2,2,6875.301837921143,4.298210144042969,adult,4,0.2,0.07,0.4
metacog,0.3333333333333333,0.3333333333333333,0.16666666666666666,0.0,0.5,,1.0,0.9973710865078222,1,1,1,256.5732002258301,0.5586147308349609,iris,0,0.2,0.07,0.5
metacog,0.3333333333333333,0.3333333333333333,0.16666666666666666,0.0,0.5,,1.0,0.9970757773947009,1,1,1,251.13534927368164,0.3643035888671875,iris,1,0.2,0.07,0.5
metacog,0.3333333333333333,0.3333333333333333,0.16666666666666666,0.0,0.5,,1.0,0.9977269338811082,1,1,1,247.77936935424805,0.36025047302246094,iris,2,0.2,0.07,0.5
metacog,0.3333333333333333,0.3333333333333333,0.16666666666666666,0.0,0.5,,1.0,0.9961780853484691,1,1,1,287.40596771240234,0.4172325134277344,iris,3,0.2,0.07,0.5
metacog,0.3333333333333333,0.3333333333333333,0.16666666666666666,0.0,0.5,,0.8413882683090157,0.9971051500737994,1,1,1,311.1402988433838,0.3502368927001953,iris,4,0.2,0.07,0.5
metacog,0.3888888888888889,0.3333333333333333,0.18666666666666668,0.0,0.5,,0.05448551404923955,0.8356166464548431,1,1,1,1986.621618270874,0.3972053527832031,wine,0,0.2,0.07,0.5
metacog,0.3888888888888889,0.3333333333333333,0.18666666666666668,0.0,0.5,,0.10808918016984967,0.9836413568501193,1,1,1,1947.7195739746094,0.4971027374267578,wine,1,0.2,0.07,0.5
metacog,0.3888888888888889,0.3333333333333333,0.18666666666666668,0.0,0.5,,0.12637829618825452,0.9628190126221114,1,1,1,1997.1561431884766,0.41675567626953125,wine,2,0.2,0.07,0.5
metacog,0.3888888888888889,0.3333333333333333,0.18666666666666668,0.0,0.5,,0.08826130698690134,0.9716808402437557,1,1,1,2444.5693492889404,1.310110092163086,wine,3,0.2,0.07,0.5
metacog,0.3888888888888889,0.3333333333333333,0.18666666666666668,0.0,0.5,,0.06047926749204607,0.8796421389376234,1,1,1,2174.7119426727295,0.4494190216064453,wine,4,0.2,0.07,0.5
metacog,0.6140350877192983,0.5,0.3804347826086957,0.0,0.5,0.6140350877192983,0.16888261642988234,0.996438889669009,1,1,1,21853.816986083984,1.2810230255126953,breast_cancer,0,0.2,0.07,0.5
metacog,0.6140350877192983,0.5,0.3804347826086957,0.0,0.5,0.6140350877192983,0.17301101243890643,0.9800388511449721,1,1,1,21516.99447631836,1.1699199676513672,breast_cancer,1,0.2,0.07,0.5
metacog,0.631578947368421,0.5,0.3870967741935484,0.0,0.5,0.631578947368421,0.0971257789267817,0.9978297494359547,1,1,1,21627.824783325195,2.259969711303711,breast_cancer,2,0.2,0.07,0.5
metacog,0.8421052631578947,0.7956349206349207,0.8144665461121157,0.662595343916706,0.7982804232804233,0.8102115937789479,0.4125268785528514,0.9654808723040684,5,3,3,56341.190576553345,1.4564990997314453,breast_cancer,3,0.2,0.07,0.5
metacog,0.631578947368421,0.5,0.3870967741935484,0.0,0.5,0.631578947368421,0.26773643154259474,0.9718729874477393,1,1,1,21700.80590248108,2.009868621826172,breast_cancer,4,0.2,0.07,0.5
metacog,0.8,0.5652173913043478,0.5579133510167993,0.32177789389368455,0.5652173913043478,0.33043478260869563,0.5541350673001662,1.0,3,2,2,7167.433738708496,4.291772842407227,adult,0,0.2,0.07,0.5
metacog,0.805,0.5913325804630153,0.6010434248887525,0.3371846188159856,0.5913325804630153,0.3450790513833992,0.6867096625830987,0.99993115173406,5,3,3,10532.282590866089,6.027936935424805,adult,1,0.2,0.07,0.5
metacog,0.8,0.5652173913043478,0.5579133510167993,0.32177789389368455,0.5652173913043478,0.33043478260869563,0.5177485492624431,1.0,3,2,2,7023.24366569519,4.321813583374023,adult,2,0.2,0.07,0.5
metacog,0.805,0.5760869565217391,0.5758795062802458,0.34845909958918564,0.5760869565217391,0.3471739130434783,0.5289958634037956,0.9989156713474379,3,2,2,7011.634111404419,6.4487457275390625,adult,3,0.2,0.07,0.5
metacog,0.795,0.5543478260869565,0.5392999606719479,0.29298753307495307,0.5543478260869565,0.31369565217391304,0.5123123594125598,1.0,3,2,2,7139.091491699219,4.560232162475586,adult,4,0.2,0.07,0.5
metacog,0.6666666666666666,0.6666666666666666,0.5555555555555555,0.6123724356957945,0.8333333333333334,,0.5087148216635994,0.9931689782126119,3,2,2,446.46692276000977,0.4470348358154297,iris,0,0.2,0.1,0.0
metacog,0.6666666666666666,0.6666666666666666,0.5555555555555555,0.6123724356957945,0.8333333333333334,,0.5053783704402405,0.9846235543341044,3,2,2,478.6112308502197,0.9219646453857422,iris,1,0.2,0.1,0.0
metacog,0.6666666666666666,0.6666666666666666,0.5555555555555555,0.6123724356957945,0.8333333333333334,,0.5003001606412475,0.9925327311980254,3,2,2,524.341344833374,0.7638931274414062,iris,2,0.2,0.1,0.0
metacog,0.6666666666666666,0.6666666666666666,0.5555555555555555,0.6123724356957945,0.8333333333333334,,0.5053783704402405,0.9923855873540359,3,2,2,478.6558151245117,0.44727325439453125,iris,3,0.2,0.1,0.0
metacog,0.8666666666666667,0.8666666666666667,0.8666666666666667,0.8,0.9166666666666666,,0.4295544454919649,0.9728009417627567,5,3,3,570.1661109924316,0.4489421844482422,iris,4,0.2,0.1,0.0
metacog,0.3888888888888889,0.3333333333333333,0.18666666666666668,0.0,0.5,,0.05448551404923955,0.8356166464548431,1,1,1,1968.9972400665283,0.8249282836914062,wine,0,0.2,0.1,0.0
metacog,0.5555555555555556,0.5523809523809523,0.4666666666666666,0.38370849227674275,0.7267538017538017,,0.10820492580432357,0.991473694230434,3,2,2,4392.437934875488,0.9920597076416016,wine,1,0.2,0.1,0.0
metacog,0.6111111111111112,0.6,0.5185185185185185,0.5167423893288018,0.7494949494949495,,0.3774030947679678,0.9761711209664234,5,3,3,4802.978038787842,1.3184547424316406,wine,2,0.2,0.1,0.0
metacog,0.3888888888888889,0.3333333333333333,0.18666666666666668,0.0,0.5,,0.08826130698690134,0.9716808402437557,1,1,1,1921.4973449707031,0.4050731658935547,wine,3,0.2,0.1,0.0
metacog,0.3888888888888889,0.3333333333333333,0.18666666666666668,0.0,0.5,,0.06047926749204607,0.8796421389376234,1,1,1,1985.4986667633057,1.0685920715332031,wine,4,0.2,0.1,0.0
metacog,0.9473684210526315,0.9487012987012987,0.9449275362318841,0.8904905361044291,0.9512987012987013,0.9514896867838044,0.21358133163914025,0.9888872175996579,5,3,3,56035.62521934509,1.4431476593017578,breast_cancer,0,0.2,0.1,0.0
metacog,0.9824561403508771,0.9772727272727273,0.981329839502129,0.9633432944855655,0.9772727272727273,0.9722222222222222,0.2977781401192274,0.9858737888548949,5,3,3,56413.86389732361,2.9964447021484375,breast_cancer,1,0.2,0.1,0.0
metacog,0.631578947368421,0.5,0.3870967741935484,0.0,0.5,0.631578947368421,0.0971257789267817,0.9978297494359547,1,1,1,21327.15606689453,4.075527191162109,breast_cancer,2,0.2,0.1,0.0
metacog,0.8421052631578947,0.7956349206349207,0.8144665461121157,0.662595343916706,0.7982804232804233,0.8102115937789479,0.4142019566762563,0.9709976809823655,5,3,3,54733.97207260132,1.5358924865722656,breast_cancer,3,0.2,0.1,0.0
metacog,0.9298245614035088,0.9047619047619048,0.9210526315789473,0.8535639569308375,0.9047619047619048,0.9,0.3303387131174819,0.959075996239208,5,3,3,51440.82045555115,2.526998519897461,breast_cancer,4,0.2,0.1,0.0
metacog,0.8,0.5652173913043478,0.5579133510167993,0.32177789389368455,0.5652173913043478,0.33043478260869563,0.5541350673001662,1.0,3,2,2,6156.333208084106,4.292726516723633,adult,0,0.2,0.1,0.0
metacog,0.805,0.5913325804630153,0.6010434248887525,0.3371846188159856,0.7637634105025409,0.46100790513833995,0.44062217910693524,0.8797266491742846,7,4,4,12043.401718139648,5.276918411254883,adult,1,0.2,0.1,0.0
metacog,0.8,0.5652173913043478,0.5579133510167993,0.32177789389368455,0.5652173913043478,0.33043478260869563,0.5177485492624431,1.0,3,2,2,6116.448402404785,4.832267761230469,adult,2,0.2,0.1,0.0
metacog,0.805,0.5760869565217391,0.5758795062802458,0.34845909958918564,0.5760869565217391,0.3471739130434783,0.5289958634037956,1.0,3,2,2,6132.069110870361,4.555702209472656,adult,3,0.2,0.1,0.0
metacog,0.795,0.5543478260869565,0.5392999606719479,0.29298753307495307,0.5543478260869565,0.31369565217391304,0.5123123594125598,1.0,3,2,2,5968.010902404785,4.50444221496582,adult,4,0.2,0.1,0.0
metacog,0.3333333333333333,0.3333333333333333,0.16666666666666666,0.0,0.5,,1.0,0.9973710865078222,1,1,1,265.01989364624023,0.3554821014404297,iris,0,0.2,0.1,0.1
metacog,0.3333333333333333,0.3333333333333333,0.16666666666666666,0.0,0.5,,1.0,0.9970757773947009,1,1,1,253.50594520568848,0.36525726318359375,iris,1,0.2,0.1,0.1
metacog,0.3333333333333333,0.3333333333333333,0.16666666666666666,0.0,0.5,,1.0,0.9977269338811082,1,1,1,261.1830234527588,0.6682872772216797,iris,2,0.2,0.1,0.1
metacog,0.3333333333333333,0.3333333333333333,0.16666666666666666,0.0,0.5,,1.0,0.9961780853484691,1,1,1,286.2417697906494,0.3540515899658203,iris,3,0.2,0.1,0.1
metacog,0.3333333333333333,0.3333333333333333,0.16666666666666666,0.0,0.5,,0.8413882683090157,0.9971051500737994,1,1,1,291.84460639953613,0.3631114959716797,iris,4,0.2,0.1,0.1
metacog,0.3888888888888889,0.3333333333333333,0.18666666666666668,0.0,0.5,,0.05448551404923955,0.8356166464548431,1,1,1,2026.0682106018066,0.4162788391113281,wine,0,0.2,0.1,0.1
metacog,0.3888888888888889,0.3333333333333333,0.18666666666666668,0.0,0.5,,0.10808918016984967,0.9836413568501193,1,1,1,1951.5211582183838,0.4138946533203125,wine,1,0.2,0.1,0.1
metacog,0.3888888888888889,0.3333333333333333,0.18666666666666668,0.0,0.5,,0.12637829618825452,0.9628190126221114,1,1,1,1985.9497547149658,0.41103363037109375,wine,2,0.2,0.1,0.1
metacog,0.3888888888888889,0.3333333333333333,0.18666666666666668,0.0,0.5,,0.08826130698690134,0.9716808402437557,1,1,1,2464.7929668426514,0.4849433898925781,wine,3,0.2,0.1,0.1
metacog,0.3888888888888889,0.3333333333333333,0.18666666666666668,0.0,0.5,,0.06047926749204607,0.8796421389376234,1,1,1,2240.9470081329346,0.42700767517089844,wine,4,0.2,0.1,0.1
metacog,0.9473684210526315,0.9487012987012987,0.9449275362318841,0.8904905361044291,0.9512987012987013,0.9514896867838044,0.2128605955282232,0.9904241124341877,5,3,3,56733.14666748047,1.4383792877197266,breast_cancer,0,0.2,0.1,0.1
metacog,0.9824561403508771,0.9772727272727273,0.981329839502129,0.9633432944855655,0.9772727272727273,0.9722222222222222,0.2972640601417964,0.9858737888548949,5,3,3,56708.269119262695,1.4789104461669922,breast_cancer,1,0.2,0.1,0.1
metacog,0.631578947368421,0.5,0.3870967741935484,0.0,0.5,0.631578947368421,0.0971257789267817,0.9978297494359547,1,1,1,21507.124423980713,1.131296157836914,breast_cancer,2,0.2,0.1,0.1
metacog,0.8421052631578947,0.7956349206349207,0.8144665461121157,0.662595343916706,0.7982804232804233,0.8102115937789479,0.4125268785528514,0.9654808723040684,5,3,3,55669.63505744934,2.9146671295166016,breast_cancer,3,0.2,0.1,0.1
metacog,0.9298245614035088,0.9047619047619048,0.9210526315789473,0.8535639569308375,0.9047619047619048,0.9,0.32420614859132296,0.9799090550488756,5,3,3,51897.10545539856,1.5399456024169922,breast_cancer,4,0.2,0.1,0.1
metacog,0.8,0.5652173913043478,0.5579133510167993,0.32177789389368455,0.5652173913043478,0.33043478260869563,0.5541350673001662,1.0,3,2,2,6135.807514190674,4.3125152587890625,adult,0,0.2,0.1,0.1
metacog,0.805,0.5913325804630153,0.6010434248887525,0.3371846188159856,0.7637634105025409,0.46100790513833995,0.4402523890379214,0.8766580354991211,7,4,4,12121.936798095703,5.540609359741211,adult,1,0.2,0.1,0.1
metacog,0.8,0.5652173913043478,0.5579133510167993,0.32177789389368455,0.5652173913043478,0.33043478260869563,0.5177485492624431,1.0,3,2,2,6122.535228729248,4.531383514404297,adult,2,0.2,0.1,0.1
metacog,0.805,0.5760869565217391,0.5758795062802458,0.34845909958918564,0.5760869565217391,0.3471739130434783,0.5289958634037956,0.9989156713474379,3,2,2,6170.478105545044,7.687807083129883,adult,3,0.2,0.1,0.1
metacog,0.795,0.5543478260869565,0.5392999606719479,0.29298753307495307,0.5543478260869565,0.31369565217391304,0.5123123594125598,1.0,3,2,2,6092.074871063232,4.29534912109375,adult,4,0.2,0.1,0.1
metacog,0.3333333333333333,0.3333333333333333,0.16666666666666666,0.0,0.5,,1.0,0.9973710865078222,1,1,1,269.76561546325684,0.34427642822265625,iris,0,0.2,0.1,0.15
metacog,0.3333333333333333,0.3333333333333333,0.16666666666666666,0.0,0.5,,1.0,0.9970757773947009,1,1,1,244.96221542358398,0.3597736358642578,iris,1,0.2,0.1,0.15
metacog,0.3333333333333333,0.3333333333333333,0.16666666666666666,0.0,0.5,,1.0,0.9977269338811082,1,1,1,254.6842098236084,0.7009506225585938,iris,2,0.2,0.1,0.15
metacog,0.3333333333333333,0.3333333333333333,0.16666666666666666,0.0,0.5,,1.0,0.9961780853484691,1,1,1,289.85071182250977,0.3600120544433594,iris,3,0.2,0.1,0.15
metacog,0.3333333333333333,0.3333333333333333,0.16666666666666666,0.0,0.5,,0.8413882683090157,0.9971051500737994,1,1,1,283.1754684448242,0.35762786865234375,iris,4,0.2,0.1,0.15
metacog,0.3888888888888889,0.3333333333333333,0.18666666666666668,0.0,0.5,,0.05448551404923955,0.8356166464548431,1,1,1,1867.9723739624023,0.42176246643066406,wine,0,0.2,0.1,0.15
metacog,0.3888888888888889,0.3333333333333333,0.18666666666666668,0.0,0.5,,0.10808918016984967,0.9836413568501193,1,1,1,1878.1955242156982,0.7467269897460938,wine,1,0.2,0.1,0.15
metacog,0.3888888888888889,0.3333333333333333,0.18666666666666668,0.0,0.5,,0.12637829618825452,0.9628190126221114,1,1,1,2034.7723960876465,0.4241466522216797,wine,2,0.2,0.1,0.15
metacog,0.3888888888888889,0.3333333333333333,0.18666666666666668,0.0,0.5,,0.08826130698690134,0.9716808402437557,1,1,1,1921.499490737915,0.42438507080078125,wine,3,0.2,0.1,0.15
metacog,0.3888888888888889,0.3333333333333333,0.18666666666666668,0.0,0.5,,0.06047926749204607,0.8796421389376234,1,1,1,1913.5839939117432,0.4413127899169922,wine,4,0.2,0.1,0.15
metacog,0.6140350877192983,0.5,0.3804347826086957,0.0,0.5,0.6140350877192983,0.16888261642988234,0.996438889669009,1,1,1,20834.285497665405,1.8620491027832031,breast_cancer,0,0.2,0.1,0.15
metacog,0.9824561403508771,0.9772727272727273,0.981329839502129,0.9633432944855655,0.9772727272727273,0.9722222222222222,0.2972640601417964,0.9858737888548949,5,3,3,55136.71350479126,1.8634796142578125,breast_cancer,1,0.2,0.1,0.15
metacog,0.631578947368421,0.5,0.3870967741935484,0.0,0.5,0.631578947368421,0.0971257789267817,0.9978297494359547,1,1,1,20978.00636291504,1.27410888671875,breast_cancer,2,0.2,0.1,0.15
metacog,0.8421052631578947,0.7956349206349207,0.8144665461121157,0.662595343916706,0.7982804232804233,0.8102115937789479,0.4125268785528514,0.9654808723040684,5,3,3,54317.49629974365,1.417398452758789,breast_cancer,3,0.2,0.1,0.15
metacog,0.9298245614035088,0.9047619047619048,0.9210526315789473,0.8535639569308375,0.9047619047619048,0.9,0.32420614859132296,0.9799090550488756,5,3,3,53162.6238822937,2.547740936279297,breast_cancer,4,0.2,0.1,0.15
metacog,0.8,0.5652173913043478,0.5579133510167993,0.32177789389368455,0.5652173913043478,0.33043478260869563,0.5541350673001662,1.0,3,2,2,6388.018608093262,5.217313766479492,adult,0,0.2,0.1,0.15
metacog,0.805,0.5913325804630153,0.6010434248887525,0.3371846188159856,0.7637634105025409,0.46100790513833995,0.4402523890379214,0.8766580354991211,7,4,4,11620.66912651062,5.547046661376953,adult,1,0.2,0.1,0.15
metacog,0.8,0.5652173913043478,0.5579133510167993,0.32177789389368455,0.5652173913043478,0.33043478260869563,0.5177485492624431,1.0,3,2,2,5862.050771713257,4.453897476196289,adult,2,0.2,0.1,0.15
metacog,0.805,0.5760869565217391,0.5758795062802458,0.34845909958918564,0.5760869565217391,0.3471739130434783,0.5289958634037956,0.9989156713474379,3,2,2,5865.362882614136,4.360437393188477,adult,3,0.2,0.1,0.15
metacog,0.795,0.5543478260869565,0.5392999606719479,0.29298753307495307,0.5543478260869565,0.31369565217391304,0.5123123594125598,1.0,3,2,2,5822.644948959351,5.5255889892578125,adult,4,0.2,0.1,0.15
metacog,0.3333333333333333,0.3333333333333333,0.16666666666666666,0.0,0.5,,1.0,0.9973710865078222,1,1,1,290.03095626831055,0.3581047058105469,iris,0,0.2,0.1,0.2
metacog,0.3333333333333333,0.3333333333333333,0.16666666666666666,0.0,0.5,,1.0,0.9970757773947009,1,1,1,251.10650062561035,0.7321834564208984,iris,1,0.2,0.1,0.2
metacog,0.3333333333333333,0.3333333333333333,0.16666666666666666,0.0,0.5,,1.0,0.9977269338811082,1,1,1,272.4027633666992,0.34999847412109375,iris,2,0.2,0.1,0.2
metacog,0.3333333333333333,0.3333333333333333,0.16666666666666666,0.0,0.5,,1.0,0.9961780853484691,1,1,1,290.00353813171387,0.35643577575683594,iris,3,0.2,0.1,0.2
metacog,0.3333333333333333,0.3333333333333333,0.16666666666666666,0.0,0.5,,0.8413882683090157,0.9971051500737994,1,1,1,288.19751739501953,0.3528594970703125,iris,4,0.2,0.1,0.2
metacog,0.3888888888888889,0.3333333333333333,0.18666666666666668,0.0,0.5,,0.05448551404923955,0.8356166464548431,1,1,1,1937.875747680664,0.42510032653808594,wine,0,0.2,0.1,0.2
metacog,0.3888888888888889,0.3333333333333333,0.18666666666666668,0.0,0.5,,0.10808918016984967,0.9836413568501193,1,1,1,1950.657844543457,0.40459632873535156,wine,1,0.2,0.1,0.2
metacog,0.3888888888888889,0.3333333333333333,0.18666666666666668,0.0,0.5,,0.12637829618825452,0.9628190126221114,1,1,1,1996.8852996826172,0.4208087921142578,wine,2,0.2,0.1,0.2
metacog,0.3888888888888889,0.3333333333333333,0.18666666666666668,0.0,0.5,,0.08826130698690134,0.9716808402437557,1,1,1,1927.260398864746,0.9877681732177734,wine,3,0.2,0.1,0.2
metacog,0.3888888888888889,0.3333333333333333,0.18666666666666668,0.0,0.5,,0.06047926749204607,0.8796421389376234,1,1,1,1901.867389678955,0.41985511779785156,wine,4,0.2,0.1,0.2
metacog,0.6140350877192983,0.5,0.3804347826086957,0.0,0.5,0.6140350877192983,0.16888261642988234,0.996438889669009,1,1,1,21085.418701171875,1.3346672058105469,breast_cancer,0,0.2,0.1,0.2
metacog,0.6140350877192983,0.5,0.3804347826086957,0.0,0.5,0.6140350877192983,0.17301101243890643,0.9800388511449721,1,1,1,21202.444791793823,1.1594295501708984,breast_cancer,1,0.2,0.1,0.2
metacog,0.631578947368421,0.5,0.3870967741935484,0.0,0.5,0.631578947368421,0.0971257789267817,0.9978297494359547,1,1,1,20992.868661880493,1.2106895446777344,breast_cancer,2,0.2,0.1,0.2
metacog,0.8421052631578947,0.7956349206349207,0.8144665461121157,0.662595343916706,0.7982804232804233,0.8102115937789479,0.4125268785528514,0.9654808723040684,5,3,3,54922.65343666077,1.7192363739013672,breast_cancer,3,0.2,0.1,0.2
metacog,0.9298245614035088,0.9047619047619048,0.9210526315789473,0.8535639569308375,0.9047619047619048,0.9,0.32420614859132296,0.9799090550488756,5,3,3,55084.184408187866,1.6536712646484375,breast_cancer,4,0.2,0.1,0.2
metacog,0.8,0.5652173913043478,0.5579133510167993,0.32177789389368455,0.5652173913043478,0.33043478260869563,0.5541350673001662,1.0,3,2,2,6874.267578125,4.774332046508789,adult,0,0.2,0.1,0.2
metacog,0.805,0.5913325804630153,0.6010434248887525,0.3371846188159856,0.7637634105025409,0.46100790513833995,0.4402523890379214,0.8766580354991211,7,4,4,12885.661363601685,5.504131317138672,adult,1,0.2,0.1,0.2
metacog,0.8,0.5652173913043478,0.5579133510167993,0.32177789389368455,0.5652173913043478,0.33043478260869563,0.5177485492624431,1.0,3,2,2,6464.227199554443,4.881381988525391,adult,2,0.2,0.1,0.2
metacog,0.805,0.5760869565217391,0.5758795062802458,0.34845909958918564,0.5760869565217391,0.3471739130434783,0.5289958634037956,0.9989156713474379,3,2,2,6549.499273300171,4.654884338378906,adult,3,0.2,0.1,0.2
metacog,0.795,0.5543478260869565,0.5392999606719479,0.29298753307495307,0.5543478260869565,0.31369565217391304,0.5123123594125598,1.0,3,2,2,6411.931037902832,4.3392181396484375,adult,4,0.2,0.1,0.2
metacog,0.3333333333333333,0.3333333333333333,0.16666666666666666,0.0,0.5,,1.0,0.9973710865078222,1,1,1,281.5239429473877,0.38242340087890625,iris,0,0.2,0.1,0.3
metacog,0.3333333333333333,0.3333333333333333,0.16666666666666666,0.0,0.5,,1.0,0.9970757773947009,1,1,1,239.6843433380127,0.3676414489746094,iris,1,0.2,0.1,0.3
metacog,0.3333333333333333,0.3333333333333333,0.16666666666666666,0.0,0.5,,1.0,0.9977269338811082,1,1,1,273.65732192993164,0.9019374847412109,iris,2,0.2,0.1,0.3
metacog,0.3333333333333333,0.3333333333333333,0.16666666666666666,0.0,0.5,,1.0,0.9961780853484691,1,1,1,264.74976539611816,0.3650188446044922,iris,3,0.2,0.1,0.3
metacog,0.3333333333333333,0.3333333333333333,0.16666666666666666,0.0,0.5,,0.8413882683090157,0.9971051500737994,1,1,1,266.9808864593506,0.3695487976074219,iris,4,0.2,0.1,0.3
metacog,0.3888888888888889,0.3333333333333333,0.18666666666666668,0.0,0.5,,0.05448551404923955,0.8356166464548431,1,1,1,1924.9353408813477,0.8282661437988281,wine,0,0.2,0.1,0.3
metacog,0.3888888888888889,0.3333333333333333,0.18666666666666668,0.0,0.5,,0.10808918016984967,0.9836413568501193,1,1,1,1980.7312488555908,0.44274330139160156,wine,1,0.2,0.1,0.3
metacog,0.3888888888888889,0.3333333333333333,0.18666666666666668,0.0,0.5,,0.12637829618825452,0.9628190126221114,1,1,1,1987.5028133392334,0.4298686981201172,wine,2,0.2,0.1,0.3
metacog,0.3888888888888889,0.3333333333333333,0.18666666666666668,0.0,0.5,,0.08826130698690134,0.9716808402437557,1,1,1,1872.7903366088867,0.3979206085205078,wine,3,0.2,0.1,0.3
metacog,0.3888888888888889,0.3333333333333333,0.18666666666666668,0.0,0.5,,0.06047926749204607,0.8796421389376234,1,1,1,1950.303554534912,0.9136199951171875,wine,4,0.2,0.1,0.3
metacog,0.6140350877192983,0.5,0.3804347826086957,0.0,0.5,0.6140350877192983,0.16888261642988234,0.996438889669009,1,1,1,20910.786390304565,1.216888427734375,breast_cancer,0,0.2,0.1,0.3
metacog,0.6140350877192983,0.5,0.3804347826086957,0.0,0.5,0.6140350877192983,0.17301101243890643,0.9800388511449721,1,1,1,21093.308448791504,2.240419387817383,breast_cancer,1,0.2,0.1,0.3
metacog,0.631578947368421,0.5,0.3870967741935484,0.0,0.5,0.631578947368421,0.0971257789267817,0.9978297494359547,1,1,1,21103.19948196411,1.1594295501708984,breast_cancer,2,0.2,0.1,0.3
metacog,0.8421052631578947,0.7956349206349207,0.8144665461121157,0.662595343916706,0.7982804232804233,0.8102115937789479,0.4125268785528514,0.9654808723040684,5,3,3,54808.11023712158,1.48773193359375,breast_cancer,3,0.2,0.1,0.3
metacog,0.9298245614035088,0.9047619047619048,0.9210526315789473,0.8535639569308375,0.9047619047619048,0.9,0.32420614859132296,0.9799090550488756,5,3,3,54844.24304962158,1.4371871948242188,breast_cancer,4,0.2,0.1,0.3
metacog,0.8,0.5652173913043478,0.5579133510167993,0.32177789389368455,0.5652173913043478,0.33043478260869563,0.5541350673001662,1.0,3,2,2,6662.633180618286,6.827354431152344,adult,0,0.2,0.1,0.3
metacog,0.805,0.5913325804630153,0.6010434248887525,0.3371846188159856,0.5913325804630153,0.3450790513833992,0.6867096625830987,0.99993115173406,5,3,3,9710.813283920288,5.178213119506836,adult,1,0.2,0.1,0.3
metacog,0.8,0.5652173913043478,0.5579133510167993,0.32177789389368455,0.5652173913043478,0.33043478260869563,0.5177485492624431,1.0,3,2,2,6462.259531021118,6.947040557861328,adult,2,0.2,0.1,0.3
metacog,0.805,0.5760869565217391,0.5758795062802458,0.34845909958918564,0.5760869565217391,0.3471739130434783,0.5289958634037956,0.9989156713474379,3,2,2,6389.858245849609,8.434772491455078,adult,3,0.2,0.1,0.3
metacog,0.795,0.5543478260869565,0.5392999606719479,0.29298753307495307,0.5543478260869565,0.31369565217391304,0.5123123594125598,1.0,3,2,2,6494.137525558472,4.267454147338867,adult,4,0.2,0.1,0.3
metacog,0.3333333333333333,0.3333333333333333,0.16666666666666666,0.0,0.5,,1.0,0.9973710865078222,1,1,1,271.58355712890625,0.3495216369628906,iris,0,0.2,0.1,0.4
metacog,0.3333333333333333,0.3333333333333333,0.16666666666666666,0.0,0.5,,1.0,0.9970757773947009,1,1,1,244.4932460784912,0.3609657287597656,iris,1,0.2,0.1,0.4
metacog,0.3333333333333333,0.3333333333333333,0.16666666666666666,0.0,0.5,,1.0,0.9977269338811082,1,1,1,263.9923095703125,0.34737586975097656,iris,2,0.2,0.1,0.4
metacog,0.3333333333333333,0.3333333333333333,0.16666666666666666,0.0,0.5,,1.0,0.9961780853484691,1,1,1,264.6334171295166,0.7338523864746094,iris,3,0.2,0.1,0.4
metacog,0.3333333333333333,0.3333333333333333,0.16666666666666666,0.0,0.5,,0.8413882683090157,0.9971051500737994,1,1,1,282.3963165283203,0.3509521484375,iris,4,0.2,0.1,0.4
metacog,0.3888888888888889,0.3333333333333333,0.18666666666666668,0.0,0.5,,0.05448551404923955,0.8356166464548431,1,1,1,1864.1669750213623,0.42748451232910156,wine,0,0.2,0.1,0.4
metacog,0.3888888888888889,0.3333333333333333,0.18666666666666668,0.0,0.5,,0.10808918016984967,0.9836413568501193,1,1,1,1892.7350044250488,0.42438507080078125,wine,1,0.2,0.1,0.4
metacog,0.3888888888888889,0.3333333333333333,0.18666666666666668,0.0,0.5,,0.12637829618825452,0.9628190126221114,1,1,1,1934.9710941314697,0.43487548828125,wine,2,0.2,0.1,0.4
metacog,0.3888888888888889,0.3333333333333333,0.18666666666666668,0.0,0.5,,0.08826130698690134,0.9716808402437557,1,1,1,1957.2830200195312,0.8866786956787109,wine,3,0.2,0.1,0.4
metacog,0.3888888888888889,0.3333333333333333,0.18666666666666668,0.0,0.5,,0.06047926749204607,0.8796421389376234,1,1,1,1916.290521621704,0.4458427429199219,wine,4,0.2,0.1,0.4
metacog,0.6140350877192983,0.5,0.3804347826086957,0.0,0.5,0.6140350877192983,0.16888261642988234,0.996438889669009,1,1,1,20798.60782623291,2.371072769165039,breast_cancer,0,0.2,0.1,0.4
metacog,0.6140350877192983,0.5,0.3804347826086957,0.0,0.5,0.6140350877192983,0.17301101243890643,0.9800388511449721,1,1,1,20983.16979408264,2.3658275604248047,breast_cancer,1,0.2,0.1,0.4
metacog,0.631578947368421,0.5,0.3870967741935484,0.0,0.5,0.631578947368421,0.0971257789267817,0.9978297494359547,1,1,1,21112.022161483765,1.1429786682128906,breast_cancer,2,0.2,0.1,0.4
metacog,0.8421052631578947,0.7956349206349207,0.8144665461121157,0.662595343916706,0.7982804232804233,0.8102115937789479,0.4125268785528514,0.9654808723040684,5,3,3,54264.84298706055,2.8879642486572266,breast_cancer,3,0.2,0.1,0.4
metacog,0.631578947368421,0.5,0.3870967741935484,0.0,0.5,0.631578947368421,0.26773643154259474,0.9718729874477393,1,1,1,20767.073154449463,1.1606216430664062,breast_cancer,4,0.2,0.1,0.4
metacog,0.8,0.5652173913043478,0.5579133510167993,0.32177789389368455,0.5652173913043478,0.33043478260869563,0.5541350673001662,1.0,3,2,2,6688.0199909210205,8.544921875,adult,0,0.2,0.1,0.4
metacog,0.805,0.5913325804630153,0.6010434248887525,0.3371846188159856,0.5913325804630153,0.3450790513833992,0.6867096625830987,0.99993115173406,5,3,3,10002.079963684082,6.073713302612305,adult,1,0.2,0.1,0.4
metacog,0.8,0.5652173913043478,0.5579133510167993,0.32177789389368455,0.5652173913043478,0.33043478260869563,0.5177485492624431,1.0,3,2,2,6675.929069519043,4.712343215942383,adult,2,0.2,0.1,0.4
metacog,0.805,0.5760869565217391,0.5758795062802458,0.34845909958918564,0.5760869565217391,0.3471739130434783,0.5289958634037956,0.9989156713474379,3,2,2,6727.544546127319,4.431486129760742,adult,3,0.2,0.1,0.4
metacog,0.795,0.5543478260869565,0.5392999606719479,0.29298753307495307,0.5543478260869565,0.31369565217391304,0.5123123594125598,1.0,3,2,2,6645.170450210571,4.687070846557617,adult,4,0.2,0.1,0.4
metacog,0.3333333333333333,0.3333333333333333,0.16666666666666666,0.0,0.5,,1.0,0.9973710865078222,1,1,1,268.7845230102539,0.34928321838378906,iris,0,0.2,0.1,0.5
metacog,0.3333333333333333,0.3333333333333333,0.16666666666666666,0.0,0.5,,1.0,0.9970757773947009,1,1,1,248.70634078979492,0.3762245178222656,iris,1,0.2,0.1,0.5
metacog,0.3333333333333333,0.3333333333333333,0.16666666666666666,0.0,0.5,,1.0,0.9977269338811082,1,1,1,270.24388313293457,0.7138252258300781,iris,2,0.2,0.1,0.5
metacog,0.3333333333333333,0.3333333333333333,0.16666666666666666,0.0,0.5,,1.0,0.9961780853484691,1,1,1,254.15372848510742,0.34356117248535156,iris,3,0.2,0.1,0.5
metacog,0.3333333333333333,0.3333333333333333,0.16666666666666666,0.0,0.5,,0.8413882683090157,0.9971051500737994,1,1,1,285.7248783111572,0.7276535034179688,iris,4,0.2,0.1,0.5
metacog,0.3888888888888889,0.3333333333333333,0.18666666666666668,0.0,0.5,,0.05448551404923955,0.8356166464548431,1,1,1,1924.0593910217285,0.4591941833496094,wine,0,0.2,0.1,0.5
metacog,0.3888888888888889,0.3333333333333333,0.18666666666666668,0.0,0.5,,0.10808918016984967,0.9836413568501193,1,1,1,1901.4379978179932,0.4863739013671875,wine,1,0.2,0.1,0.5
metacog,0.3888888888888889,0.3333333333333333,0.18666666666666668,0.0,0.5,,0.12637829618825452,0.9628190126221114,1,1,1,1890.5398845672607,0.4210472106933594,wine,2,0.2,0.1,0.5
metacog,0.3888888888888889,0.3333333333333333,0.18666666666666668,0.0,0.5,,0.08826130698690134,0.9716808402437557,1,1,1,1999.7777938842773,0.4227161407470703,wine,3,0.2,0.1,0.5
metacog,0.3888888888888889,0.3333333333333333,0.18666666666666668,0.0,0.5,,0.06047926749204607,0.8796421389376234,1,1,1,1894.191026687622,0.42510032653808594,wine,4,0.2,0.1,0.5
metacog,0.6140350877192983,0.5,0.3804347826086957,0.0,0.5,0.6140350877192983,0.16888261642988234,0.996438889669009,1,1,1,20766.595602035522,1.1951923370361328,breast_cancer,0,0.2,0.1,0.5
metacog,0.6140350877192983,0.5,0.3804347826086957,0.0,0.5,0.6140350877192983,0.17301101243890643,0.9800388511449721,1,1,1,20731.042623519897,1.1875629425048828,breast_cancer,1,0.2,0.1,0.5
metacog,0.631578947368421,0.5,0.3870967741935484,0.0,0.5,0.631578947368421,0.0971257789267817,0.9978297494359547,1,1,1,20865.464448928833,1.1970996856689453,breast_cancer,2,0.2,0.1,0.5
metacog,0.8421052631578947,0.7956349206349207,0.8144665461121157,0.662595343916706,0.7982804232804233,0.8102115937789479,0.4125268785528514,0.9654808723040684,5,3,3,54107.184410095215,1.6944408416748047,breast_cancer,3,0.2,0.1,0.5
metacog,0.631578947368421,0.5,0.3870967741935484,0.0,0.5,0.631578947368421,0.26773643154259474,0.9718729874477393,1,1,1,20669.126987457275,1.1646747589111328,breast_cancer,4,0.2,0.1,0.5
metacog,0.8,0.5652173913043478,0.5579133510167993,0.32177789389368455,0.5652173913043478,0.33043478260869563,0.5541350673001662,1.0,3,2,2,6719.452857971191,4.323005676269531,adult,0,0.2,0.1,0.5
metacog,0.805,0.5913325804630153,0.6010434248887525,0.3371846188159856,0.5913325804630153,0.3450790513833992,0.6867096625830987,0.99993115173406,5,3,3,9880.921840667725,5.956888198852539,adult,1,0.2,0.1,0.5
metacog,0.8,0.5652173913043478,0.5579133510167993,0.32177789389368455,0.5652173913043478,0.33043478260869563,0.5177485492624431,1.0,3,2,2,6790.311336517334,4.315376281738281,adult,2,0.2,0.1,0.5
metacog,0.805,0.5760869565217391,0.5758795062802458,0.34845909958918564,0.5760869565217391,0.3471739130434783,0.5289958634037956,0.9989156713474379,3,2,2,6701.929807662964,4.918575286865234,adult,3,0.2,0.1,0.5
metacog,0.795,0.5543478260869565,0.5392999606719479,0.29298753307495307,0.5543478260869565,0.31369565217391304,0.5123123594125598,1.0,3,2,2,6783.066272735596,4.487276077270508,adult,4,0.2,0.1,0.5
metacog,0.6666666666666666,0.6666666666666666,0.5555555555555555,0.6123724356957945,0.8333333333333334,,0.5087148216635994,0.9931689782126119,3,2,2,474.38716888427734,0.42700767517089844,iris,0,0.2,0.12,0.0
metacog,0.6666666666666666,0.6666666666666666,0.5555555555555555,0.6123724356957945,0.8333333333333334,,0.5053783704402405,0.9846235543341044,3,2,2,469.98023986816406,0.9098052978515625,iris,1,0.2,0.12,0.0
metacog,0.6666666666666666,0.6666666666666666,0.5555555555555555,0.6123724356957945,0.8333333333333334,,0.5003001606412475,0.9925327311980254,3,2,2,489.4559383392334,0.5099773406982422,iris,2,0.2,0.12,0.0
metacog,0.6666666666666666,0.6666666666666666,0.5555555555555555,0.6123724356957945,0.8333333333333334,,0.5053783704402405,0.9923855873540359,3,2,2,433.6435794830322,0.6668567657470703,iris,3,0.2,0.12,0.0
metacog,0.8666666666666667,0.8666666666666667,0.8666666666666667,0.8,0.9166666666666666,,0.4295544454919649,0.9728009417627567,5,3,3,609.9972724914551,0.5056858062744141,iris,4,0.2,0.12,0.0
metacog,0.3888888888888889,0.3333333333333333,0.18666666666666668,0.0,0.5,,0.05448551404923955,0.8356166464548431,1,1,1,1999.5498657226562,0.41556358337402344,wine,0,0.2,0.12,0.0
metacog,0.3888888888888889,0.3333333333333333,0.18666666666666668,0.0,0.5,,0.10808918016984967,0.9836413568501193,1,1,1,1895.3967094421387,0.43320655822753906,wine,1,0.2,0.12,0.0
metacog,0.6111111111111112,0.6,0.5185185185185185,0.5167423893288018,0.7494949494949495,,0.3774030947679678,0.9761711209664234,5,3,3,4058.1467151641846,0.5204677581787109,wine,2,0.2,0.12,0.0
metacog,0.3888888888888889,0.3333333333333333,0.18666666666666668,0.0,0.5,,0.08826130698690134,0.9716808402437557,1,1,1,1923.797369003296,0.42748451232910156,wine,3,0.2,0.12,0.0
metacog,0.3888888888888889,0.3333333333333333,0.18666666666666668,0.0,0.5,,0.06047926749204607,0.8796421389376234,1,1,1,1941.6964054107666,0.4062652587890625,wine,4,0.2,0.12,0.0
metacog,0.9473684210526315,0.9487012987012987,0.9449275362318841,0.8904905361044291,0.9512987012987013,0.9514896867838044,0.21358133163914025,0.9888872175996579,5,3,3,54974.50280189514,1.4472007751464844,breast_cancer,0,0.2,0.12,0.0
metacog,0.9824561403508771,0.9772727272727273,0.981329839502129,0.9633432944855655,0.9772727272727273,0.9722222222222222,0.2977781401192274,0.9858737888548949,5,3,3,54659.832239151,1.477956771850586,breast_cancer,1,0.2,0.12,0.0
metacog,0.631578947368421,0.5,0.3870967741935484,0.0,0.5,0.631578947368421,0.0971257789267817,0.9978297494359547,1,1,1,20795.65978050232,1.2125968933105469,breast_cancer,2,0.2,0.12,0.0
metacog,0.8421052631578947,0.7956349206349207,0.8144665461121157,0.662595343916706,0.7982804232804233,0.8102115937789479,0.4142019566762563,0.9709976809823655,5,3,3,53561.20681762695,2.369403839111328,breast_cancer,3,0.2,0.12,0.0
metacog,0.9298245614035088,0.9047619047619048,0.9210526315789473,0.8535639569308375,0.9047619047619048,0.9,0.3303387131174819,0.959075996239208,5,3,3,50520.15256881714,2.025127410888672,breast_cancer,4,0.2,0.12,0.0
metacog,0.8,0.5652173913043478,0.5579133510167993,0.32177789389368455,0.5652173913043478,0.33043478260869563,0.5541350673001662,1.0,3,2,2,6090.630531311035,4.405975341796875,adult,0,0.2,0.12,0.0
metacog,0.805,0.5913325804630153,0.6010434248887525,0.3371846188159856,0.7637634105025409,0.46100790513833995,0.44062217910693524,0.8797266491742846,7,4,4,11577.974081039429,7.327079772949219,adult,1,0.2,0.12,0.0
metacog,0.8,0.5652173913043478,0.5579133510167993,0.32177789389368455,0.5652173913043478,0.33043478260869563,0.5177485492624431,1.0,3,2,2,5827.6002407073975,5.506753921508789,adult,2,0.2,0.12,0.0
metacog,0.805,0.5760869565217391,0.5758795062802458,0.34845909958918564,0.5760869565217391,0.3471739130434783,0.5289958634037956,1.0,3,2,2,5859.375715255737,4.315853118896484,adult,3,0.2,0.12,0.0
metacog,0.795,0.5543478260869565,0.5392999606719479,0.29298753307495307,0.5543478260869565,0.31369565217391304,0.5123123594125598,1.0,3,2,2,5869.0595626831055,4.198789596557617,adult,4,0.2,0.12,0.0
metacog,0.3333333333333333,0.3333333333333333,0.16666666666666666,0.0,0.5,,1.0,0.9973710865078222,1,1,1,257.51399993896484,0.3612041473388672,iris,0,0.2,0.12,0.1
metacog,0.3333333333333333,0.3333333333333333,0.16666666666666666,0.0,0.5,,1.0,0.9970757773947009,1,1,1,254.14037704467773,0.4093647003173828,iris,1,0.2,0.12,0.1
metacog,0.3333333333333333,0.3333333333333333,0.16666666666666666,0.0,0.5,,1.0,0.9977269338811082,1,1,1,296.62609100341797,0.3871917724609375,iris,2,0.2,0.12,0.1
metacog,0.3333333333333333,0.3333333333333333,0.16666666666666666,0.0,0.5,,1.0,0.9961780853484691,1,1,1,267.11153984069824,0.3707408905029297,iris,3,0.2,0.12,0.1
metacog,0.3333333333333333,0.3333333333333333,0.16666666666666666,0.0,0.5,,0.8413882683090157,0.9971051500737994,1,1,1,292.76418685913086,0.36716461181640625,iris,4,0.2,0.12,0.1
metacog,0.3888888888888889,0.3333333333333333,0.18666666666666668,0.0,0.5,,0.05448551404923955,0.8356166464548431,1,1,1,1955.573320388794,0.4355907440185547,wine,0,0.2,0.12,0.1
metacog,0.3888888888888889,0.3333333333333333,0.18666666666666668,0.0,0.5,,0.10808918016984967,0.9836413568501193,1,1,1,1929.2974472045898,0.6399154663085938,wine,1,0.2,0.12,0.1
metacog,0.3888888888888889,0.3333333333333333,0.18666666666666668,0.0,0.5,,0.12637829618825452,0.9628190126221114,1,1,1,1943.5596466064453,0.7882118225097656,wine,2,0.2,0.12,0.1
metacog,0.3888888888888889,0.3333333333333333,0.18666666666666668,0.0,0.5,,0.08826130698690134,0.9716808402437557,1,1,1,1979.2542457580566,0.7772445678710938,wine,3,0.2,0.12,0.1
metacog,0.3888888888888889,0.3333333333333333,0.18666666666666668,0.0,0.5,,0.06047926749204607,0.8796421389376234,1,1,1,1936.8135929107666,0.7870197296142578,wine,4,0.2,0.12,0.1
metacog,0.6140350877192983,0.5,0.3804347826086957,0.0,0.5,0.6140350877192983,0.16888261642988234,0.996438889669009,1,1,1,20919.448137283325,1.1432170867919922,breast_cancer,0,0.2,0.12,0.1
metacog,0.9824561403508771,0.9772727272727273,0.981329839502129,0.9633432944855655,0.9772727272727273,0.9722222222222222,0.2972640601417964,0.9858737888548949,5,3,3,55771.02255821228,1.57928466796875,breast_cancer,1,0.2,0.12,0.1
metacog,0.631578947368421,0.5,0.3870967741935484,0.0,0.5,0.631578947368421,0.0971257789267817,0.9978297494359547,1,1,1,21117.23566055298,1.920938491821289,breast_cancer,2,0.2,0.12,0.1
metacog,0.8421052631578947,0.7956349206349207,0.8144665461121157,0.662595343916706,0.7982804232804233,0.8102115937789479,0.4125268785528514,0.9654808723040684,5,3,3,54874.69816207886,1.9123554229736328,breast_cancer,3,0.2,0.12,0.1
metacog,0.9298245614035088,0.9047619047619048,0.9210526315789473,0.8535639569308375,0.9047619047619048,0.9,0.32420614859132296,0.9799090550488756,5,3,3,53617.66719818115,1.4691352844238281,breast_cancer,4,0.2,0.12,0.1
metacog,0.8,0.5652173913043478,0.5579133510167993,0.32177789389368455,0.5652173913043478,0.33043478260869563,0.5541350673001662,1.0,3,2,2,6517.90189743042,5.488157272338867,adult,0,0.2,0.12,0.1
metacog,0.805,0.5913325804630153,0.6010434248887525,0.3371846188159856,0.7637634105025409,0.46100790513833995,0.4402523890379214,0.8766580354991211,7,4,4,12206.857442855835,7.669925689697266,adult,1,0.2,0.12,0.1
metacog,0.8,0.5652173913043478,0.5579133510167993,0.32177789389368455,0.5652173913043478,0.33043478260869563,0.5177485492624431,1.0,3,2,2,6133.596181869507,4.60052490234375,adult,2,0.2,0.12,0.1
metacog,0.805,0.5760869565217391,0.5758795062802458,0.34845909958918564,0.5760869565217391,0.3471739130434783,0.5289958634037956,0.9989156713474379,3,2,2,6115.909814834595,5.550384521484375,adult,3,0.2,0.12,0.1
metacog,0.795,0.5543478260869565,0.5392999606719479,0.29298753307495307,0.5543478260869565,0.31369565217391304,0.5123123594125598,1.0,3,2,2,6163.291692733765,4.202365875244141,adult,4,0.2,0.12,0.1
metacog,0.3333333333333333,0.3333333333333333,0.16666666666666666,0.0,0.5,,1.0,0.9973710865078222,1,1,1,252.45428085327148,0.6992816925048828,iris,0,0.2,0.12,0.15
metacog,0.3333333333333333,0.3333333333333333,0.16666666666666666,0.0,0.5,,1.0,0.9970757773947009,1,1,1,241.78075790405273,0.3662109375,iris,1,0.2,0.12,0.15
metacog,0.3333333333333333,0.3333333333333333,0.16666666666666666,0.0,0.5,,1.0,0.9977269338811082,1,1,1,275.6826877593994,0.5049705505371094,iris,2,0.2,0.12,0.15
metacog,0.3333333333333333,0.3333333333333333,0.16666666666666666,0.0,0.5,,1.0,0.9961780853484691,1,1,1,276.14355087280273,0.6611347198486328,iris,3,0.2,0.12,0.15
metacog,0.3333333333333333,0.3333333333333333,0.16666666666666666,0.0,0.5,,0.8413882683090157,0.9971051500737994,1,1,1,278.63121032714844,0.41222572326660156,iris,4,0.2,0.12,0.15
metacog,0.3888888888888889,0.3333333333333333,0.18666666666666668,0.0,0.5,,0.05448551404923955,0.8356166464548431,1,1,1,1894.5670127868652,0.43654441833496094,wine,0,0.2,0.12,0.15
metacog,0.3888888888888889,0.3333333333333333,0.18666666666666668,0.0,0.5,,0.10808918016984967,0.9836413568501193,1,1,1,1957.8442573547363,0.7092952728271484,wine,1,0.2,0.12,0.15
metacog,0.3888888888888889,0.3333333333333333,0.18666666666666668,0.0,0.5,,0.12637829618825452,0.9628190126221114,1,1,1,1936.0508918762207,0.6289482116699219,wine,2,0.2,0.12,0.15
metacog,0.3888888888888889,0.3333333333333333,0.18666666666666668,0.0,0.5,,0.08826130698690134,0.9716808402437557,1,1,1,1964.7777080535889,0.43129920959472656,wine,3,0.2,0.12,0.15
metacog,0.3888888888888889,0.3333333333333333,0.18666666666666668,0.0,0.5,,0.06047926749204607,0.8796421389376234,1,1,1,1920.6717014312744,0.4062652587890625,wine,4,0.2,0.12,0.15
metacog,0.6140350877192983,0.5,0.3804347826086957,0.0,0.5,0.6140350877192983,0.16888261642988234,0.996438889669009,1,1,1,20881.4058303833,1.1720657348632812,breast_cancer,0,0.2,0.12,0.15
metacog,0.6140350877192983,0.5,0.3804347826086957,0.0,0.5,0.6140350877192983,0.17301101243890643,0.9800388511449721,1,1,1,20972.07736968994,2.2656917572021484,breast_cancer,1,0.2,0.12,0.15
metacog,0.631578947368421,0.5,0.3870967741935484,0.0,0.5,0.631578947368421,0.0971257789267817,0.9978297494359547,1,1,1,21008.976459503174,2.413511276245117,breast_cancer,2,0.2,0.12,0.15
metacog,0.8421052631578947,0.7956349206349207,0.8144665461121157,0.662595343916706,0.7982804232804233,0.8102115937789479,0.4125268785528514,0.9654808723040684,5,3,3,54508.031129837036,3.049612045288086,breast_cancer,3,0.2,0.12,0.15
metacog,0.9298245614035088,0.9047619047619048,0.9210526315789473,0.8535639569308375,0.9047619047619048,0.9,0.32420614859132296,0.9799090550488756,5,3,3,54929.325103759766,2.9249191284179688,breast_cancer,4,0.2,0.12,0.15
metacog,0.8,0.5652173913043478,0.5579133510167993,0.32177789389368455,0.5652173913043478,0.33043478260869563,0.5541350673001662,1.0,3,2,2,6460.726499557495,7.265806198120117,adult,0,0.2,0.12,0.15
metacog,0.805,0.5913325804630153,0.6010434248887525,0.3371846188159856,0.7637634105025409,0.46100790513833995,0.4402523890379214,0.8766580354991211,7,4,4,12665.439367294312,8.499383926391602,adult,1,0.2,0.12,0.15
metacog,0.8,0.5652173913043478,0.5579133510167993,0.32177789389368455,0.5652173913043478,0.33043478260869563,0.5177485492624431,1.0,3,2,2,6534.857273101807,4.926443099975586,adult,2,0.2,0.12,0.15
metacog,0.805,0.5760869565217391,0.5758795062802458,0.34845909958918564,0.5760869565217391,0.3471739130434783,0.5289958634037956,0.9989156713474379,3,2,2,6483.365058898926,4.790544509887695,adult,3,0.2,0.12,0.15
metacog,0.795,0.5543478260869565,0.5392999606719479,0.29298753307495307,0.5543478260869565,0.31369565217391304,0.5123123594125598,1.0,3,2,2,6629.475116729736,4.370927810668945,adult,4,0.2,0.12,0.15
metacog,0.3333333333333333,0.3333333333333333,0.16666666666666666,0.0,0.5,,1.0,0.9973710865078222,1,1,1,277.8170108795166,0.6842613220214844,iris,0,0.2,0.12,0.2
metacog,0.3333333333333333,0.3333333333333333,0.16666666666666666,0.0,0.5,,1.0,0.9970757773947009,1,1,1,278.89323234558105,0.6556510925292969,iris,1,0.2,0.12,0.2
metacog,0.3333333333333333,0.3333333333333333,0.16666666666666666,0.0,0.5,,1.0,0.9977269338811082,1,1,1,258.00585746765137,0.354766845703125,iris,2,0.2,0.12,0.2
metacog,0.3333333333333333,0.3333333333333333,0.16666666666666666,0.0,0.5,,1.0,0.9961780853484691,1,1,1,293.23554039001465,0.7488727569580078,iris,3,0.2,0.12,0.2
metacog,0.3333333333333333,0.3333333333333333,0.16666666666666666,0.0,0.5,,0.8413882683090157,0.9971051500737994,1,1,1,241.24526977539062,0.35834312438964844,iris,4,0.2,0.12,0.2
metacog,0.3888888888888889,0.3333333333333333,0.18666666666666668,0.0,0.5,,0.05448551404923955,0.8356166464548431,1,1,1,1900.5975723266602,0.4088878631591797,wine,0,0.2,0.12,0.2
metacog,0.3888888888888889,0.3333333333333333,0.18666666666666668,0.0,0.5,,0.10808918016984967,0.9836413568501193,1,1,1,1971.7955589294434,0.4067420959472656,wine,1,0.2,0.12,0.2
metacog,0.3888888888888889,0.3333333333333333,0.18666666666666668,0.0,0.5,,0.12637829618825452,0.9628190126221114,1,1,1,1920.9036827087402,0.4062652587890625,wine,2,0.2,0.12,0.2
metacog,0.3888888888888889,0.3333333333333333,0.18666666666666668,0.0,0.5,,0.08826130698690134,0.9716808402437557,1,1,1,1950.718879699707,0.4341602325439453,wine,3,0.2,0.12,0.2
metacog,0.3888888888888889,0.3333333333333333,0.18666666666666668,0.0,0.5,,0.06047926749204607,0.8796421389376234,1,1,1,1918.3921813964844,0.42128562927246094,wine,4,0.2,0.12,0.2
metacog,0.6140350877192983,0.5,0.3804347826086957,0.0,0.5,0.6140350877192983,0.16888261642988234,0.996438889669009,1,1,1,20471.03714942932,1.1620521545410156,breast_cancer,0,0.2,0.12,0.2
metacog,0.6140350877192983,0.5,0.3804347826086957,0.0,0.5,0.6140350877192983,0.17301101243890643,0.9800388511449721,1,1,1,20681.36739730835,1.2156963348388672,breast_cancer,1,0.2,0.12,0.2
metacog,0.631578947368421,0.5,0.3870967741935484,0.0,0.5,0.631578947368421,0.0971257789267817,0.9978297494359547,1,1,1,20956.987857818604,2.292633056640625,breast_cancer,2,0.2,0.12,0.2
metacog,0.8421052631578947,0.7956349206349207,0.8144665461121157,0.662595343916706,0.7982804232804233,0.8102115937789479,0.4125268785528514,0.9654808723040684,5,3,3,54232.781648635864,3.1027793884277344,breast_cancer,3,0.2,0.12,0.2
metacog,0.9298245614035088,0.9047619047619048,0.9210526315789473,0.8535639569308375,0.9047619047619048,0.9,0.32420614859132296,0.9799090550488756,5,3,3,54130.324363708496,2.995014190673828,breast_cancer,4,0.2,0.12,0.2
metacog,0.8,0.5652173913043478,0.5579133510167993,0.32177789389368455,0.5652173913043478,0.33043478260869563,0.5541350673001662,1.0,3,2,2,6368.6182498931885,8.870363235473633,adult,0,0.2,0.12,0.2
metacog,0.805,0.5913325804630153,0.6010434248887525,0.3371846188159856,0.5913325804630153,0.3450790513833992,0.6867096625830987,0.99993115173406,5,3,3,8609.433650970459,4.91642951965332,adult,1,0.2,0.12,0.2
metacog,0.8,0.5652173913043478,0.5579133510167993,0.32177789389368455,0.5652173913043478,0.33043478260869563,0.5177485492624431,1.0,3,2,2,5777.9412269592285,4.750967025756836,adult,2,0.2,0.12,0.2
metacog,0.805,0.5760869565217391,0.5758795062802458,0.34845909958918564,0.5760869565217391,0.3471739130434783,0.5289958634037956,0.9989156713474379,3,2,2,5759.082555770874,4.369497299194336,adult,3,0.2,0.12,0.2
metacog,0.795,0.5543478260869565,0.5392999606719479,0.29298753307495307,0.5543478260869565,0.31369565217391304,0.5123123594125598,1.0,3,2,2,5847.046375274658,4.098415374755859,adult,4,0.2,0.12,0.2
metacog,0.3333333333333333,0.3333333333333333,0.16666666666666666,0.0,0.5,,1.0,0.9973710865078222,1,1,1,281.51798248291016,0.3428459167480469,iris,0,0.2,0.12,0.3
metacog,0.3333333333333333,0.3333333333333333,0.16666666666666666,0.0,0.5,,1.0,0.9970757773947009,1,1,1,276.8826484680176,0.40984153747558594,iris,1,0.2,0.12,0.3
metacog,0.3333333333333333,0.3333333333333333,0.16666666666666666,0.0,0.5,,1.0,0.9977269338811082,1,1,1,252.3171901702881,0.36263465881347656,iris,2,0.2,0.12,0.3
metacog,0.3333333333333333,0.3333333333333333,0.16666666666666666,0.0,0.5,,1.0,0.9961780853484691,1,1,1,264.4195556640625,0.39768218994140625,iris,3,0.2,0.12,0.3
metacog,0.3333333333333333,0.3333333333333333,0.16666666666666666,0.0,0.5,,0.8413882683090157,0.9971051500737994,1,1,1,259.12022590637207,0.7495880126953125,iris,4,0.2,0.12,0.3
metacog,0.3888888888888889,0.3333333333333333,0.18666666666666668,0.0,0.5,,0.05448551404923955,0.8356166464548431,1,1,1,1967.1177864074707,0.8080005645751953,wine,0,0.2,0.12,0.3
metacog,0.3888888888888889,0.3333333333333333,0.18666666666666668,0.0,0.5,,0.10808918016984967,0.9836413568501193,1,1,1,1964.3592834472656,0.4334449768066406,wine,1,0.2,0.12,0.3
metacog,0.3888888888888889,0.3333333333333333,0.18666666666666668,0.0,0.5,,0.12637829618825452,0.9628190126221114,1,1,1,1961.5278244018555,0.7834434509277344,wine,2,0.2,0.12,0.3
metacog,0.3888888888888889,0.3333333333333333,0.18666666666666668,0.0,0.5,,0.08826130698690134,0.9716808402437557,1,1,1,1918.9636707305908,0.5240440368652344,wine,3,0.2,0.12,0.3
metacog,0.3888888888888889,0.3333333333333333,0.18666666666666668,0.0,0.5,,0.06047926749204607,0.8796421389376234,1,1,1,1897.5930213928223,0.8115768432617188,wine,4,0.2,0.12,0.3
metacog,0.6140350877192983,0.5,0.3804347826086957,0.0,0.5,0.6140350877192983,0.16888261642988234,0.996438889669009,1,1,1,21012.496948242188,2.3679733276367188,breast_cancer,0,0.2,0.12,0.3
metacog,0.6140350877192983,0.5,0.3804347826086957,0.0,0.5,0.6140350877192983,0.17301101243890643,0.9800388511449721,1,1,1,20781.582832336426,1.2171268463134766,breast_cancer,1,0.2,0.12,0.3
metacog,0.631578947368421,0.5,0.3870967741935484,0.0,0.5,0.631578947368421,0.0971257789267817,0.9978297494359547,1,1,1,20855.96227645874,1.1925697326660156,breast_cancer,2,0.2,0.12,0.3
metacog,0.8421052631578947,0.7956349206349207,0.8144665461121157,0.662595343916706,0.7982804232804233,0.8102115937789479,0.4125268785528514,0.9654808723040684,5,3,3,54244.23956871033,2.9926300048828125,breast_cancer,3,0.2,0.12,0.3
metacog,0.631578947368421,0.5,0.3870967741935484,0.0,0.5,0.631578947368421,0.26773643154259474,0.9718729874477393,1,1,1,20921.89049720764,1.2443065643310547,breast_cancer,4,0.2,0.12,0.3
metacog,0.8,0.5652173913043478,0.5579133510167993,0.32177789389368455,0.5652173913043478,0.33043478260869563,0.5541350673001662,1.0,3,2,2,6708.420515060425,5.8879852294921875,adult,0,0.2,0.12,0.3
metacog,0.805,0.5913325804630153,0.6010434248887525,0.3371846188159856,0.5913325804630153,0.3450790513833992,0.6867096625830987,0.99993115173406,5,3,3,9966.012954711914,5.304098129272461,adult,1,0.2,0.12,0.3
metacog,0.8,0.5652173913043478,0.5579133510167993,0.32177789389368455,0.5652173913043478,0.33043478260869563,0.5177485492624431,1.0,3,2,2,6732.835292816162,4.781007766723633,adult,2,0.2,0.12,0.3
metacog,0.805,0.5760869565217391,0.5758795062802458,0.34845909958918564,0.5760869565217391,0.3471739130434783,0.5289958634037956,0.9989156713474379,3,2,2,6751.415252685547,6.735086441040039,adult,3,0.2,0.12,0.3
metacog,0.795,0.5543478260869565,0.5392999606719479,0.29298753307495307,0.5543478260869565,0.31369565217391304,0.5123123594125598,1.0,3,2,2,6753.5388469696045,4.377603530883789,adult,4,0.2,0.12,0.3
metacog,0.3333333333333333,0.3333333333333333,0.16666666666666666,0.0,0.5,,1.0,0.9973710865078222,1,1,1,282.75299072265625,0.3426074981689453,iris,0,0.2,0.12,0.4
metacog,0.3333333333333333,0.3333333333333333,0.16666666666666666,0.0,0.5,,1.0,0.9970757773947009,1,1,1,266.5863037109375,0.35572052001953125,iris,1,0.2,0.12,0.4
metacog,0.3333333333333333,0.3333333333333333,0.16666666666666666,0.0,0.5,,1.0,0.9977269338811082,1,1,1,264.5273208618164,0.4229545593261719,iris,2,0.2,0.12,0.4
metacog,0.3333333333333333,0.3333333333333333,0.16666666666666666,0.0,0.5,,1.0,0.9961780853484691,1,1,1,281.7838191986084,0.40602684020996094,iris,3,0.2,0.12,0.4
metacog,0.3333333333333333,0.3333333333333333,0.16666666666666666,0.0,0.5,,0.8413882683090157,0.9971051500737994,1,1,1,238.0208969116211,0.36144256591796875,iris,4,0.2,0.12,0.4
metacog,0.3888888888888889,0.3333333333333333,0.18666666666666668,0.0,0.5,,0.05448551404923955,0.8356166464548431,1,1,1,1966.9947624206543,0.4374980926513672,wine,0,0.2,0.12,0.4
metacog,0.3888888888888889,0.3333333333333333,0.18666666666666668,0.0,0.5,,0.10808918016984967,0.9836413568501193,1,1,1,1966.9370651245117,0.7939338684082031,wine,1,0.2,0.12,0.4
metacog,0.3888888888888889,0.3333333333333333,0.18666666666666668,0.0,0.5,,0.12637829618825452,0.9628190126221114,1,1,1,1995.3784942626953,0.40531158447265625,wine,2,0.2,0.12,0.4
metacog,0.3888888888888889,0.3333333333333333,0.18666666666666668,0.0,0.5,,0.08826130698690134,0.9716808402437557,1,1,1,1958.2524299621582,0.42700767517089844,wine,3,0.2,0.12,0.4
metacog,0.3888888888888889,0.3333333333333333,0.18666666666666668,0.0,0.5,,0.06047926749204607,0.8796421389376234,1,1,1,1950.671672821045,0.6918907165527344,wine,4,0.2,0.12,0.4
metacog,0.6140350877192983,0.5,0.3804347826086957,0.0,0.5,0.6140350877192983,0.16888261642988234,0.996438889669009,1,1,1,21031.063079833984,1.8770694732666016,breast_cancer,0,0.2,0.12,0.4
metacog,0.6140350877192983,0.5,0.3804347826086957,0.0,0.5,0.6140350877192983,0.17301101243890643,0.9800388511449721,1,1,1,21152.67825126648,1.1577606201171875,breast_cancer,1,0.2,0.12,0.4
metacog,0.631578947368421,0.5,0.3870967741935484,0.0,0.5,0.631578947368421,0.0971257789267817,0.9978297494359547,1,1,1,21143.76187324524,1.4405250549316406,breast_cancer,2,0.2,0.12,0.4
metacog,0.8421052631578947,0.7956349206349207,0.8144665461121157,0.662595343916706,0.7982804232804233,0.8102115937789479,0.4125268785528514,0.9654808723040684,5,3,3,54865.498542785645,3.069162368774414,breast_cancer,3,0.2,0.12,0.4
metacog,0.631578947368421,0.5,0.3870967741935484,0.0,0.5,0.631578947368421,0.26773643154259474,0.9718729874477393,1,1,1,21342.106103897095,1.2288093566894531,breast_cancer,4,0.2,0.12,0.4
metacog,0.8,0.5652173913043478,0.5579133510167993,0.32177789389368455,0.5652173913043478,0.33043478260869563,0.5541350673001662,1.0,3,2,2,6868.855953216553,4.415035247802734,adult,0,0.2,0.12,0.4
metacog,0.805,0.5913325804630153,0.6010434248887525,0.3371846188159856,0.5913325804630153,0.3450790513833992,0.6867096625830987,0.99993115173406,5,3,3,10164.956331253052,5.345582962036133,adult,1,0.2,0.12,0.4
metacog,0.8,0.5652173913043478,0.5579133510167993,0.32177789389368455,0.5652173913043478,0.33043478260869563,0.5177485492624431,1.0,3,2,2,6756.357431411743,5.6304931640625,adult,2,0.2,0.12,0.4
metacog,0.805,0.5760869565217391,0.5758795062802458,0.34845909958918564,0.5760869565217391,0.3471739130434783,0.5289958634037956,0.9989156713474379,3,2,2,6835.236310958862,4.502296447753906,adult,3,0.2,0.12,0.4
metacog,0.795,0.5543478260869565,0.5392999606719479,0.29298753307495307,0.5543478260869565,0.31369565217391304,0.5123123594125598,1.0,3,2,2,6548.645973205566,4.565715789794922,adult,4,0.2,0.12,0.4
metacog,0.3333333333333333,0.3333333333333333,0.16666666666666666,0.0,0.5,,1.0,0.9973710865078222,1,1,1,291.9199466705322,0.6952285766601562,iris,0,0.2,0.12,0.5
metacog,0.3333333333333333,0.3333333333333333,0.16666666666666666,0.0,0.5,,1.0,0.9970757773947009,1,1,1,261.9493007659912,0.3592967987060547,iris,1,0.2,0.12,0.5
metacog,0.3333333333333333,0.3333333333333333,0.16666666666666666,0.0,0.5,,1.0,0.9977269338811082,1,1,1,270.3099250793457,0.36597251892089844,iris,2,0.2,0.12,0.5
metacog,0.3333333333333333,0.3333333333333333,0.16666666666666666,0.0,0.5,,1.0,0.9961780853484691,1,1,1,268.1012153625488,0.4863739013671875,iris,3,0.2,0.12,0.5
metacog,0.3333333333333333,0.3333333333333333,0.16666666666666666,0.0,0.5,,0.8413882683090157,0.9971051500737994,1,1,1,244.68445777893066,0.6470680236816406,iris,4,0.2,0.12,0.5
metacog,0.3888888888888889,0.3333333333333333,0.18666666666666668,0.0,0.5,,0.05448551404923955,0.8356166464548431,1,1,1,1935.396432876587,0.3991127014160156,wine,0,0.2,0.12,0.5
metacog,0.3888888888888889,0.3333333333333333,0.18666666666666668,0.0,0.5,,0.10808918016984967,0.9836413568501193,1,1,1,2078.0913829803467,0.3991127014160156,wine,1,0.2,0.12,0.5
metacog,0.3888888888888889,0.3333333333333333,0.18666666666666668,0.0,0.5,,0.12637829618825452,0.9628190126221114,1,1,1,1973.0515480041504,0.6418228149414062,wine,2,0.2,0.12,0.5
metacog,0.3888888888888889,0.3333333333333333,0.18666666666666668,0.0,0.5,,0.08826130698690134,0.9716808402437557,1,1,1,1918.2820320129395,0.4210472106933594,wine,3,0.2,0.12,0.5
metacog,0.3888888888888889,0.3333333333333333,0.18666666666666668,0.0,0.5,,0.06047926749204607,0.8796421389376234,1,1,1,1945.645809173584,0.4305839538574219,wine,4,0.2,0.12,0.5
metacog,0.6140350877192983,0.5,0.3804347826086957,0.0,0.5,0.6140350877192983,0.16888261642988234,0.996438889669009,1,1,1,20974.94888305664,2.278566360473633,breast_cancer,0,0.2,0.12,0.5
metacog,0.6140350877192983,0.5,0.3804347826086957,0.0,0.5,0.6140350877192983,0.17301101243890643,0.9800388511449721,1,1,1,20817.463159561157,1.148223876953125,breast_cancer,1,0.2,0.12,0.5
metacog,0.631578947368421,0.5,0.3870967741935484,0.0,0.5,0.631578947368421,0.0971257789267817,0.9978297494359547,1,1,1,20778.043508529663,1.2714862823486328,breast_cancer,2,0.2,0.12,0.5
metacog,0.8421052631578947,0.7956349206349207,0.8144665461121157,0.662595343916706,0.7982804232804233,0.8102115937789479,0.4125268785528514,0.9654808723040684,5,3,3,54295.14575004578,3.0221939086914062,breast_cancer,3,0.2,0.12,0.5
metacog,0.631578947368421,0.5,0.3870967741935484,0.0,0.5,0.631578947368421,0.26773643154259474,0.9718729874477393,1,1,1,20914.81375694275,1.1429786682128906,breast_cancer,4,0.2,0.12,0.5
metacog,0.8,0.5652173913043478,0.5579133510167993,0.32177789389368455,0.5652173913043478,0.33043478260869563,0.5541350673001662,1.0,3,2,2,6706.236362457275,7.381439208984375,adult,0,0.2,0.12,0.5
metacog,0.805,0.5913325804630153,0.6010434248887525,0.3371846188159856,0.5913325804630153,0.3450790513833992,0.6867096625830987,0.99993115173406,5,3,3,10117.44737625122,5.94019889831543,adult,1,0.2,0.12,0.5
metacog,0.8,0.5652173913043478,0.5579133510167993,0.32177789389368455,0.5652173913043478,0.33043478260869563,0.5177485492624431,1.0,3,2,2,6707.16667175293,4.379987716674805,adult,2,0.2,0.12,0.5
metacog,0.805,0.5760869565217391,0.5758795062802458,0.34845909958918564,0.5760869565217391,0.3471739130434783,0.5289958634037956,0.9989156713474379,3,2,2,6961.522340774536,4.640817642211914,adult,3,0.2,0.12,0.5
metacog,0.795,0.5543478260869565,0.5392999606719479,0.29298753307495307,0.5543478260869565,0.31369565217391304,0.5123123594125598,1.0,3,2,2,6700.88529586792,8.763551712036133,adult,4,0.2,0.12,0.5
metacog,0.6666666666666666,0.6666666666666666,0.5555555555555555,0.6123724356957945,0.8333333333333334,,0.5087148216635994,0.9931689782126119,3,2,2,426.5162944793701,0.8471012115478516,iris,0,0.25,0.01,0.0
metacog,0.6666666666666666,0.6666666666666666,0.5555555555555555,0.6123724356957945,0.8333333333333334,,0.5053783704402405,0.9846235543341044,3,2,2,471.90070152282715,0.4601478576660156,iris,1,0.25,0.01,0.0
metacog,0.6666666666666666,0.6666666666666666,0.5555555555555555,0.6123724356957945,0.8333333333333334,,0.5003001606412475,0.9925327311980254,3,2,2,511.765718460083,1.4655590057373047,iris,2,0.25,0.01,0.0
metacog,0.6666666666666666,0.6666666666666666,0.5555555555555555,0.6123724356957945,0.8333333333333334,,0.5053783704402405,0.9923855873540359,3,2,2,464.04576301574707,0.4725456237792969,iris,3,0.25,0.01,0.0
metacog,0.8666666666666667,0.8666666666666667,0.8666666666666667,0.8,0.9166666666666666,,0.28577510171176046,0.9820945677620531,9,5,5,878.6182403564453,0.4982948303222656,iris,4,0.25,0.01,0.0
metacog,1.0,1.0,1.0,1.0,1.0,,0.2877135249346605,0.9622918623199627,9,5,4,6047.937393188477,0.5748271942138672,wine,0,0.25,0.01,0.0
metacog,0.9444444444444444,0.9523809523809524,0.9440559440559441,0.9209401941068135,0.9810855810855811,,0.09676720274524803,0.992956148927088,9,5,5,6918.965816497803,0.6389617919921875,wine,1,0.25,0.01,0.0
metacog,0.6111111111111112,0.6,0.5185185185185185,0.5167423893288018,0.7494949494949495,,0.3774030947679678,0.9761711209664234,5,3,3,4086.052894592285,0.5137920379638672,wine,2,0.25,0.01,0.0
metacog,0.9444444444444444,0.9523809523809524,0.9487179487179488,0.9205607476635514,0.9731240981240982,,0.25335208604515086,0.990451244453784,11,6,5,6949.722766876221,0.5786418914794922,wine,3,0.25,0.01,0.0
metacog,0.8888888888888888,0.9047619047619048,0.8885003885003885,0.8457943925233645,0.9256715506715508,,0.24828160209775718,0.9703026118717079,9,5,4,5550.640344619751,0.5595684051513672,wine,4,0.25,0.01,0.0
metacog,0.9473684210526315,0.9487012987012987,0.9449275362318841,0.8904905361044291,0.9512987012987013,0.9514896867838044,0.21358133163914025,0.9888872175996579,5,3,3,54529.361963272095,2.1033287048339844,breast_cancer,0,0.25,0.01,0.0
metacog,0.9649122807017544,0.9545454545454546,0.9623015873015872,0.9273353546322172,0.9318181818181818,0.9459459459459459,0.2977781401192274,0.9858737888548949,7,4,3,55029.20889854431,1.4986991882324219,breast_cancer,1,0.25,0.01,0.0
metacog,0.9298245614035088,0.9146825396825397,0.922972972972973,0.8486684247915055,0.9034391534391535,0.9130116959064327,0.2798662637828419,0.9830167275941617,5,3,3,54507.46822357178,2.979755401611328,breast_cancer,2,0.25,0.01,0.0
metacog,0.8947368421052632,0.876984126984127,0.8844594594594595,0.7715167498104596,0.8802910052910053,0.8822099765082221,0.21762724938439484,0.9801708000469725,13,7,6,93849.84588623047,3.551959991455078,breast_cancer,3,0.25,0.01,0.0
metacog,0.9298245614035088,0.9047619047619048,0.9210526315789473,0.8535639569308375,0.9047619047619048,0.9,0.3303387131174819,0.959075996239208,5,3,3,54110.19015312195,1.4200210571289062,breast_cancer,4,0.25,0.01,0.0
metacog,0.805,0.5760869565217391,0.5758795062802458,0.34845909958918564,0.8526962168266516,0.5659558744201101,0.20325470725985334,0.8251385401844719,17,9,8,19264.975786209106,10.207891464233398,adult,0,0.25,0.01,0.0
metacog,0.805,0.5913325804630153,0.6010434248887525,0.3371846188159856,0.7637634105025409,0.46100790513833995,0.44062217910693524,0.8797266491742846,7,4,4,12736.167907714844,5.880594253540039,adult,1,0.25,0.01,0.0
metacog,0.8,0.5652173913043478,0.5579133510167993,0.32177789389368455,0.7643280632411067,0.48775257298886787,0.23414150369523062,0.8540920656312319,13,7,5,14582.734823226929,5.47027587890625,adult,2,0.25,0.01,0.0
metacog,0.805,0.5760869565217391,0.5758795062802458,0.34845909958918564,0.8018068887634104,0.5049458908782878,0.2326180300127681,0.8406603383318082,19,10,8,16468.37306022644,5.684852600097656,adult,3,0.25,0.01,0.0
metacog,0.79,0.5511010728402033,0.5358090185676393,0.2521289991115018,0.8025832862789386,0.5020017468283223,0.18768643195424034,0.8625809138503989,17,9,8,16964.255571365356,6.104707717895508,adult,4,0.25,0.01,0.0
metacog,0.3333333333333333,0.3333333333333333,0.16666666666666666,0.0,0.5,,1.0,0.9973710865078222,1,1,1,259.29927825927734,0.7054805755615234,iris,0,0.25,0.01,0.1
metacog,0.3333333333333333,0.3333333333333333,0.16666666666666666,0.0,0.5,,1.0,0.9970757773947009,1,1,1,257.19642639160156,0.43272972106933594,iris,1,0.25,0.01,0.1
metacog,0.3333333333333333,0.3333333333333333,0.16666666666666666,0.0,0.5,,1.0,0.9977269338811082,1,1,1,281.0375690460205,0.34880638122558594,iris,2,0.25,0.01,0.1
metacog,0.3333333333333333,0.3333333333333333,0.16666666666666666,0.0,0.5,,1.0,0.9961780853484691,1,1,1,268.3703899383545,0.3635883331298828,iris,3,0.25,0.01,0.1
metacog,0.3333333333333333,0.3333333333333333,0.16666666666666666,0.0,0.5,,0.8413882683090157,0.9971051500737994,1,1,1,272.1548080444336,0.3743171691894531,iris,4,0.25,0.01,0.1
metacog,1.0,1.0,1.0,1.0,1.0,,0.2850215115593363,0.9703851012969208,7,4,3,6097.606897354126,0.5576610565185547,wine,0,0.25,0.01,0.1
metacog,0.9444444444444444,0.9523809523809524,0.9440559440559441,0.9209401941068135,0.9810855810855811,,0.09676720274524803,0.992956148927088,9,5,5,6997.5340366363525,0.6101131439208984,wine,1,0.25,0.01,0.1
metacog,0.6111111111111112,0.6,0.5185185185185185,0.5167423893288018,0.7494949494949495,,0.3774030947679678,0.9761711209664234,5,3,3,4070.3680515289307,1.0907649993896484,wine,2,0.25,0.01,0.1
metacog,0.6666666666666666,0.6666666666666666,0.5666666666666667,0.5995445191824106,0.8387445887445887,,0.28708262043670824,0.9870125191045439,5,3,3,4064.727544784546,0.5023479461669922,wine,3,0.25,0.01,0.1
metacog,0.8888888888888888,0.9047619047619048,0.8885003885003885,0.8457943925233645,0.9235070485070486,,0.24828160209775718,0.9703026118717079,7,4,3,5414.419174194336,1.1205673217773438,wine,4,0.25,0.01,0.1
metacog,0.9473684210526315,0.9487012987012987,0.9449275362318841,0.8904905361044291,0.9512987012987013,0.9514896867838044,0.2128605955282232,0.9904241124341877,5,3,3,54651.03340148926,2.727031707763672,breast_cancer,0,0.25,0.01,0.1
metacog,0.9649122807017544,0.9545454545454546,0.9623015873015872,0.9273353546322172,0.9318181818181818,0.9459459459459459,0.2972640601417964,0.9858737888548949,7,4,3,54538.485050201416,1.504659652709961,breast_cancer,1,0.25,0.01,0.1
metacog,0.9298245614035088,0.9146825396825397,0.922972972972973,0.8486684247915055,0.9034391534391535,0.9130116959064327,0.2784189762127132,0.9902492992693803,5,3,3,54627.78282165527,1.4057159423828125,breast_cancer,2,0.25,0.01,0.1
metacog,0.8421052631578947,0.7956349206349207,0.8144665461121157,0.662595343916706,0.7982804232804233,0.8102115937789479,0.4125268785528514,0.9654808723040684,5,3,3,54506.36339187622,1.4662742614746094,breast_cancer,3,0.25,0.01,0.1
metacog,0.9298245614035088,0.9047619047619048,0.9210526315789473,0.8535639569308375,0.9047619047619048,0.9,0.32420614859132296,0.9799090550488756,5,3,3,54248.64649772644,2.290010452270508,breast_cancer,4,0.25,0.01,0.1
metacog,0.805,0.5760869565217391,0.5758795062802458,0.34845909958918564,0.8526962168266516,0.5659558744201101,0.2081333134198335,0.7837180233418739,19,10,9,20656.222581863403,6.273031234741211,adult,0,0.25,0.01,0.1
metacog,0.805,0.5913325804630153,0.6010434248887525,0.3371846188159856,0.7637634105025409,0.46100790513833995,0.4402523890379214,0.8766580354991211,7,4,4,13251.355648040771,5.1860809326171875,adult,1,0.25,0.01,0.1
metacog,0.8,0.5652173913043478,0.5579133510167993,0.32177789389368455,0.7643280632411067,0.48775257298886787,0.23414150369523062,0.8540920656312319,13,7,5,16321.668148040771,5.901813507080078,adult,2,0.25,0.01,0.1
metacog,0.805,0.5760869565217391,0.5758795062802458,0.34845909958918564,0.7727978543195934,0.4844409937888199,0.2684270624371677,0.8229594286826631,7,4,4,13197.569608688354,6.0272216796875,adult,3,0.25,0.01,0.1
metacog,0.79,0.5511010728402033,0.5358090185676393,0.2521289991115018,0.8025832862789386,0.5020017468283223,0.20474645038841588,0.8460408415500065,19,10,9,20064.71586227417,6.009340286254883,adult,4,0.25,0.01,0.1
metacog,0.3333333333333333,0.3333333333333333,0.16666666666666666,0.0,0.5,,1.0,0.9973710865078222,1,1,1,248.183012008667,0.3616809844970703,iris,0,0.25,0.01,0.15
metacog,0.3333333333333333,0.3333333333333333,0.16666666666666666,0.0,0.5,,1.0,0.9970757773947009,1,1,1,262.36605644226074,0.3552436828613281,iris,1,0.25,0.01,0.15
metacog,0.3333333333333333,0.3333333333333333,0.16666666666666666,0.0,0.5,,1.0,0.9977269338811082,1,1,1,278.4149646759033,0.3616809844970703,iris,2,0.25,0.01,0.15
metacog,0.3333333333333333,0.3333333333333333,0.16666666666666666,0.0,0.5,,1.0,0.9961780853484691,1,1,1,254.68969345092773,0.3445148468017578,iris,3,0.25,0.01,0.15
metacog,0.3333333333333333,0.3333333333333333,0.16666666666666666,0.0,0.5,,0.8413882683090157,0.9971051500737994,1,1,1,282.7577590942383,0.3464221954345703,iris,4,0.25,0.01,0.15
metacog,1.0,1.0,1.0,1.0,1.0,,0.2850215115593363,0.9703851012969208,7,4,3,6177.292346954346,0.9295940399169922,wine,0,0.25,0.01,0.15
metacog,0.9444444444444444,0.9523809523809524,0.9440559440559441,0.9209401941068135,0.9810855810855811,,0.09676720274524803,0.992956148927088,9,5,5,7205.386400222778,0.6585121154785156,wine,1,0.25,0.01,0.15
metacog,0.6111111111111112,0.6,0.5185185185185185,0.5167423893288018,0.7494949494949495,,0.3774030947679678,0.9761711209664234,5,3,3,4026.193141937256,1.073598861694336,wine,2,0.25,0.01,0.15
metacog,0.6666666666666666,0.6666666666666666,0.5666666666666667,0.5995445191824106,0.8387445887445887,,0.28708262043670824,0.9870125191045439,5,3,3,3987.4727725982666,0.6859302520751953,wine,3,0.25,0.01,0.15
metacog,0.8888888888888888,0.9047619047619048,0.8885003885003885,0.8457943925233645,0.9235070485070486,,0.24828160209775718,0.9703026118717079,7,4,3,5455.913305282593,0.5514621734619141,wine,4,0.25,0.01,0.15
metacog,0.9473684210526315,0.9487012987012987,0.9449275362318841,0.8904905361044291,0.9512987012987013,0.9514896867838044,0.2128605955282232,0.9904241124341877,5,3,3,55533.81443023682,1.4390945434570312,breast_cancer,0,0.25,0.01,0.15
metacog,0.9649122807017544,0.9545454545454546,0.9623015873015872,0.9273353546322172,0.9318181818181818,0.9459459459459459,0.2972640601417964,0.9858737888548949,7,4,3,55313.46917152405,1.5208721160888672,breast_cancer,1,0.25,0.01,0.15
metacog,0.9298245614035088,0.9146825396825397,0.922972972972973,0.8486684247915055,0.9034391534391535,0.9130116959064327,0.2784189762127132,0.9902492992693803,5,3,3,54878.36170196533,2.5064945220947266,breast_cancer,2,0.25,0.01,0.15
metacog,0.8421052631578947,0.7956349206349207,0.8144665461121157,0.662595343916706,0.7982804232804233,0.8102115937789479,0.4125268785528514,0.9654808723040684,5,3,3,54707.74245262146,3.319263458251953,breast_cancer,3,0.25,0.01,0.15
metacog,0.9298245614035088,0.9047619047619048,0.9210526315789473,0.8535639569308375,0.9047619047619048,0.9,0.32420614859132296,0.9799090550488756,5,3,3,54537.394523620605,1.5265941619873047,breast_cancer,4,0.25,0.01,0.15
metacog,0.805,0.5760869565217391,0.5758795062802458,0.34845909958918564,0.8526962168266516,0.5659558744201101,0.2081333134198335,0.7837180233418739,19,10,9,21012.05086708069,6.052255630493164,adult,0,0.25,0.01,0.15
metacog,0.805,0.5913325804630153,0.6010434248887525,0.3371846188159856,0.7637634105025409,0.46100790513833995,0.4402523890379214,0.8766580354991211,7,4,4,13442.69061088562,6.120920181274414,adult,1,0.25,0.01,0.15
metacog,0.8,0.5652173913043478,0.5579133510167993,0.32177789389368455,0.7643280632411067,0.48775257298886787,0.23414150369523062,0.8540920656312319,13,7,5,16500.02098083496,6.743907928466797,adult,2,0.25,0.01,0.15
metacog,0.805,0.5760869565217391,0.5758795062802458,0.34845909958918564,0.7727978543195934,0.4844409937888199,0.2684270624371677,0.8229594286826631,7,4,4,13512.09568977356,5.3863525390625,adult,3,0.25,0.01,0.15
metacog,0.795,0.5543478260869565,0.5392999606719479,0.29298753307495307,0.8045595708639187,0.49675191815856773,0.29144482238658037,0.9737562562239062,5,3,3,9620.030403137207,6.870746612548828,adult,4,0.25,0.01,0.15
metacog,0.3333333333333333,0.3333333333333333,0.16666666666666666,0.0,0.5,,1.0,0.9973710865078222,1,1,1,257.54642486572266,0.3731250762939453,iris,0,0.25,0.01,0.2
metacog,0.3333333333333333,0.3333333333333333,0.16666666666666666,0.0,0.5,,1.0,0.9970757773947009,1,1,1,238.26193809509277,0.3490447998046875,iris,1,0.25,0.01,0.2
metacog,0.3333333333333333,0.3333333333333333,0.16666666666666666,0.0,0.5,,1.0,0.9977269338811082,1,1,1,284.09552574157715,0.362396240234375,iris,2,0.25,0.01,0.2
metacog,0.3333333333333333,0.3333333333333333,0.16666666666666666,0.0,0.5,,1.0,0.9961780853484691,1,1,1,251.87182426452637,0.6949901580810547,iris,3,0.25,0.01,0.2
metacog,0.3333333333333333,0.3333333333333333,0.16666666666666666,0.0,0.5,,0.8413882683090157,0.9971051500737994,1,1,1,295.92180252075195,0.6604194641113281,iris,4,0.25,0.01,0.2
metacog,1.0,1.0,1.0,1.0,1.0,,0.2850215115593363,0.9703851012969208,7,4,3,6061.3694190979,0.5702972412109375,wine,0,0.25,0.01,0.2
metacog,0.9444444444444444,0.9523809523809524,0.9440559440559441,0.9209401941068135,0.9810855810855811,,0.09676720274524803,0.992956148927088,9,5,5,6946.296215057373,0.6167888641357422,wine,1,0.25,0.01,0.2
metacog,0.6111111111111112,0.6,0.5185185185185185,0.5167423893288018,0.7494949494949495,,0.3774030947679678,0.9761711209664234,5,3,3,4033.2064628601074,1.0921955108642578,wine,2,0.25,0.01,0.2
metacog,0.6666666666666666,0.6666666666666666,0.5666666666666667,0.5995445191824106,0.8387445887445887,,0.28708262043670824,0.9870125191045439,5,3,3,4080.170154571533,0.5145072937011719,wine,3,0.25,0.01,0.2
metacog,0.8888888888888888,0.9047619047619048,0.8885003885003885,0.8457943925233645,0.9235070485070486,,0.24828160209775718,0.9703026118717079,7,4,3,5452.907562255859,0.545501708984375,wine,4,0.25,0.01,0.2
metacog,0.9473684210526315,0.9487012987012987,0.9449275362318841,0.8904905361044291,0.9512987012987013,0.9514896867838044,0.2128605955282232,0.9904241124341877,5,3,3,54733.35075378418,1.7082691192626953,breast_cancer,0,0.25,0.01,0.2
metacog,0.9649122807017544,0.9545454545454546,0.9623015873015872,0.9273353546322172,0.9318181818181818,0.9459459459459459,0.2972640601417964,0.9858737888548949,7,4,3,54293.37668418884,1.608133316040039,breast_cancer,1,0.25,0.01,0.2
metacog,0.9298245614035088,0.9146825396825397,0.922972972972973,0.8486684247915055,0.9034391534391535,0.9130116959064327,0.2784189762127132,0.9902492992693803,5,3,3,54366.37878417969,3.115415573120117,breast_cancer,2,0.25,0.01,0.2
metacog,0.8421052631578947,0.7956349206349207,0.8144665461121157,0.662595343916706,0.7982804232804233,0.8102115937789479,0.4125268785528514,0.9654808723040684,5,3,3,53856.90975189209,3.0400753021240234,breast_cancer,3,0.25,0.01,0.2
metacog,0.9298245614035088,0.9047619047619048,0.9210526315789473,0.8535639569308375,0.9047619047619048,0.9,0.32420614859132296,0.9799090550488756,5,3,3,53497.276306152344,1.5053749084472656,breast_cancer,4,0.25,0.01,0.2
metacog,0.805,0.5760869565217391,0.5758795062802458,0.34845909958918564,0.8530491247882552,0.5659558744201101,0.27640418328551447,0.7779513614860638,11,6,5,15284.395933151245,6.307363510131836,adult,0,0.25,0.01,0.2
metacog,0.805,0.5913325804630153,0.6010434248887525,0.3371846188159856,0.7637634105025409,0.46100790513833995,0.4402523890379214,0.8766580354991211,7,4,4,13279.851198196411,6.565332412719727,adult,1,0.25,0.01,0.2
metacog,0.8,0.5652173913043478,0.5579133510167993,0.32177789389368455,0.7644692264257482,0.47446754883427855,0.2522914703619224,0.9079405356615389,11,6,5,14995.225191116333,11.195898056030273,adult,2,0.25,0.01,0.2
metacog,0.805,0.5760869565217391,0.5758795062802458,0.34845909958918564,0.7727978543195934,0.4844409937888199,0.2684270624371677,0.8229594286826631,7,4,4,13242.756366729736,10.474681854248047,adult,3,0.25,0.01,0.2
metacog,0.795,0.5543478260869565,0.5392999606719479,0.29298753307495307,0.8045595708639187,0.49675191815856773,0.29144482238658037,0.9737562562239062,5,3,3,9956.739664077759,9.502649307250977,adult,4,0.25,0.01,0.2
metacog,0.3333333333333333,0.3333333333333333,0.16666666666666666,0.0,0.5,,1.0,0.9973710865078222,1,1,1,261.60502433776855,0.6973743438720703,iris,0,0.25,0.01,0.3
metacog,0.3333333333333333,0.3333333333333333,0.16666666666666666,0.0,0.5,,1.0,0.9970757773947009,1,1,1,256.73723220825195,0.3466606140136719,iris,1,0.25,0.01,0.3
metacog,0.3333333333333333,0.3333333333333333,0.16666666666666666,0.0,0.5,,1.0,0.9977269338811082,1,1,1,248.71206283569336,0.362396240234375,iris,2,0.25,0.01,0.3
metacog,0.3333333333333333,0.3333333333333333,0.16666666666666666,0.0,0.5,,1.0,0.9961780853484691,1,1,1,241.790771484375,0.37741661071777344,iris,3,0.25,0.01,0.3
metacog,0.3333333333333333,0.3333333333333333,0.16666666666666666,0.0,0.5,,0.8413882683090157,0.9971051500737994,1,1,1,265.702486038208,0.36716461181640625,iris,4,0.25,0.01,0.3
metacog,1.0,1.0,1.0,1.0,1.0,,0.2850215115593363,0.9703851012969208,7,4,3,6137.308597564697,1.1219978332519531,wine,0,0.25,0.01,0.3
metacog,0.9444444444444444,0.9523809523809524,0.9440559440559441,0.9209401941068135,0.9810855810855811,,0.09676720274524803,0.992956148927088,9,5,5,6937.689781188965,1.1758804321289062,wine,1,0.25,0.01,0.3
metacog,0.6111111111111112,0.6,0.5185185185185185,0.5167423893288018,0.7494949494949495,,0.3774030947679678,0.9761711209664234,5,3,3,3881.686210632324,0.5340576171875,wine,2,0.25,0.01,0.3
metacog,0.6666666666666666,0.6666666666666666,0.5666666666666667,0.5995445191824106,0.8387445887445887,,0.28708262043670824,0.9870125191045439,5,3,3,3960.4554176330566,0.5273818969726562,wine,3,0.25,0.01,0.3
metacog,0.8888888888888888,0.9047619047619048,0.8885003885003885,0.8457943925233645,0.9235070485070486,,0.24828160209775718,0.9703026118717079,7,4,3,5355.789661407471,0.5822181701660156,wine,4,0.25,0.01,0.3
metacog,0.9473684210526315,0.9487012987012987,0.9449275362318841,0.8904905361044291,0.9512987012987013,0.9514896867838044,0.2128605955282232,0.9904241124341877,5,3,3,53935.662269592285,1.5230178833007812,breast_cancer,0,0.25,0.01,0.3
metacog,0.9649122807017544,0.9545454545454546,0.9623015873015872,0.9273353546322172,0.9318181818181818,0.9459459459459459,0.2972640601417964,0.9858737888548949,7,4,3,54190.59753417969,1.5621185302734375,breast_cancer,1,0.25,0.01,0.3
metacog,0.9298245614035088,0.9146825396825397,0.922972972972973,0.8486684247915055,0.9034391534391535,0.9130116959064327,0.2784189762127132,0.9902492992693803,5,3,3,53465.98720550537,2.6373863220214844,breast_cancer,2,0.25,0.01,0.3
metacog,0.8421052631578947,0.7956349206349207,0.8144665461121157,0.662595343916706,0.7982804232804233,0.8102115937789479,0.4125268785528514,0.9654808723040684,5,3,3,53240.527868270874,1.5172958374023438,breast_cancer,3,0.25,0.01,0.3
metacog,0.9298245614035088,0.9047619047619048,0.9210526315789473,0.8535639569308375,0.9047619047619048,0.9,0.32420614859132296,0.9799090550488756,5,3,3,54082.9656124115,1.5110969543457031,breast_cancer,4,0.25,0.01,0.3
metacog,0.805,0.5760869565217391,0.5758795062802458,0.34845909958918564,0.8462732919254659,0.5539805097451275,0.35224414805819054,0.8131964404977765,7,4,4,10964.776515960693,5.090236663818359,adult,0,0.25,0.01,0.3
metacog,0.805,0.5913325804630153,0.6010434248887525,0.3371846188159856,0.7637634105025409,0.46100790513833995,0.4402523890379214,0.8766580354991211,7,4,4,13122.239112854004,7.562875747680664,adult,1,0.25,0.01,0.3
metacog,0.8,0.5652173913043478,0.5579133510167993,0.32177789389368455,0.7644692264257482,0.47446754883427855,0.2522914703619224,0.9079405356615389,11,6,5,15023.675680160522,5.298852920532227,adult,2,0.25,0.01,0.3
metacog,0.805,0.5760869565217391,0.5758795062802458,0.34845909958918564,0.5760869565217391,0.3471739130434783,0.5289958634037956,0.9989156713474379,3,2,2,6599.3969440460205,6.851673126220703,adult,3,0.25,0.01,0.3
metacog,0.795,0.5543478260869565,0.5392999606719479,0.29298753307495307,0.5543478260869565,0.31369565217391304,0.5123123594125598,1.0,3,2,2,6411.191701889038,4.303932189941406,adult,4,0.25,0.01,0.3
metacog,0.3333333333333333,0.3333333333333333,0.16666666666666666,0.0,0.5,,1.0,0.9973710865078222,1,1,1,244.42720413208008,0.6716251373291016,iris,0,0.25,0.01,0.4
metacog,0.3333333333333333,0.3333333333333333,0.16666666666666666,0.0,0.5,,1.0,0.9970757773947009,1,1,1,264.4469738006592,0.3712177276611328,iris,1,0.25,0.01,0.4
metacog,0.3333333333333333,0.3333333333333333,0.16666666666666666,0.0,0.5,,1.0,0.9977269338811082,1,1,1,263.83113861083984,0.57220458984375,iris,2,0.25,0.01,0.4
metacog,0.3333333333333333,0.3333333333333333,0.16666666666666666,0.0,0.5,,1.0,0.9961780853484691,1,1,1,249.30405616760254,0.3840923309326172,iris,3,0.25,0.01,0.4
metacog,0.3333333333333333,0.3333333333333333,0.16666666666666666,0.0,0.5,,0.8413882683090157,0.9971051500737994,1,1,1,263.02218437194824,0.3597736358642578,iris,4,0.25,0.01,0.4
metacog,1.0,1.0,1.0,1.0,1.0,,0.2850215115593363,0.9703851012969208,7,4,3,6279.829263687134,0.5824565887451172,wine,0,0.25,0.01,0.4
metacog,0.9444444444444444,0.9523809523809524,0.9440559440559441,0.9209401941068135,0.9810855810855811,,0.09676720274524803,0.992956148927088,7,4,4,6964.089632034302,0.5884170532226562,wine,1,0.25,0.01,0.4
metacog,0.6111111111111112,0.6,0.5185185185185185,0.5167423893288018,0.7494949494949495,,0.3774030947679678,0.9761711209664234,5,3,3,4073.450803756714,0.7531642913818359,wine,2,0.25,0.01,0.4
metacog,0.6666666666666666,0.6666666666666666,0.5666666666666667,0.5995445191824106,0.8387445887445887,,0.28708262043670824,0.9870125191045439,5,3,3,4108.941316604614,0.5297660827636719,wine,3,0.25,0.01,0.4
metacog,0.3888888888888889,0.3333333333333333,0.18666666666666668,0.0,0.5,,0.06047926749204607,0.8796421389376234,1,1,1,1909.5780849456787,0.4203319549560547,wine,4,0.25,0.01,0.4
metacog,0.9473684210526315,0.9487012987012987,0.9449275362318841,0.8904905361044291,0.9512987012987013,0.9514896867838044,0.2128605955282232,0.9904241124341877,5,3,3,54961.44723892212,2.942800521850586,breast_cancer,0,0.25,0.01,0.4
metacog,0.9649122807017544,0.9545454545454546,0.9623015873015872,0.9273353546322172,0.9318181818181818,0.9459459459459459,0.2972640601417964,0.9858737888548949,7,4,3,55466.28832817078,1.9567012786865234,breast_cancer,1,0.25,0.01,0.4
metacog,0.9298245614035088,0.9146825396825397,0.922972972972973,0.8486684247915055,0.9034391534391535,0.9130116959064327,0.2784189762127132,0.9902492992693803,5,3,3,54592.350006103516,3.0448436737060547,breast_cancer,2,0.25,0.01,0.4
metacog,0.8421052631578947,0.7956349206349207,0.8144665461121157,0.662595343916706,0.7982804232804233,0.8102115937789479,0.4125268785528514,0.9654808723040684,5,3,3,54772.02248573303,1.6324520111083984,breast_cancer,3,0.25,0.01,0.4
metacog,0.9298245614035088,0.9047619047619048,0.9210526315789473,0.8535639569308375,0.9047619047619048,0.9,0.32420614859132296,0.9799090550488756,5,3,3,54973.10209274292,1.6870498657226562,breast_cancer,4,0.25,0.01,0.4
metacog,0.805,0.5760869565217391,0.5758795062802458,0.34845909958918564,0.8462732919254659,0.5539805097451275,0.35224414805819054,0.8131964404977765,7,4,4,11202.021598815918,5.133867263793945,adult,0,0.25,0.01,0.4
metacog,0.805,0.5913325804630153,0.6010434248887525,0.3371846188159856,0.7637634105025409,0.46100790513833995,0.4402523890379214,0.8766580354991211,7,4,4,13321.905374526978,5.774736404418945,adult,1,0.25,0.01,0.4
metacog,0.8,0.5652173913043478,0.5579133510167993,0.32177789389368455,0.7644692264257482,0.47446754883427855,0.2522914703619224,0.9079405356615389,11,6,5,15337.000608444214,5.599498748779297,adult,2,0.25,0.01,0.4
metacog,0.805,0.5760869565217391,0.5758795062802458,0.34845909958918564,0.5760869565217391,0.3471739130434783,0.5289958634037956,0.9989156713474379,3,2,2,6716.575145721436,4.350423812866211,adult,3,0.25,0.01,0.4
metacog,0.795,0.5543478260869565,0.5392999606719479,0.29298753307495307,0.5543478260869565,0.31369565217391304,0.5123123594125598,1.0,3,2,2,6263.15450668335,4.397869110107422,adult,4,0.25,0.01,0.4
metacog,0.3333333333333333,0.3333333333333333,0.16666666666666666,0.0,0.5,,1.0,0.9973710865078222,1,1,1,253.8435459136963,0.6835460662841797,iris,0,0.25,0.01,0.5
metacog,0.3333333333333333,0.3333333333333333,0.16666666666666666,0.0,0.5,,1.0,0.9970757773947009,1,1,1,253.31878662109375,0.36334991455078125,iris,1,0.25,0.01,0.5
metacog,0.3333333333333333,0.3333333333333333,0.16666666666666666,0.0,0.5,,1.0,0.9977269338811082,1,1,1,269.32406425476074,0.3681182861328125,iris,2,0.25,0.01,0.5
metacog,0.3333333333333333,0.3333333333333333,0.16666666666666666,0.0,0.5,,1.0,0.9961780853484691,1,1,1,242.4030303955078,0.36334991455078125,iris,3,0.25,0.01,0.5
metacog,0.3333333333333333,0.3333333333333333,0.16666666666666666,0.0,0.5,,0.8413882683090157,0.9971051500737994,1,1,1,264.69969749450684,0.7135868072509766,iris,4,0.25,0.01,0.5
metacog,0.3888888888888889,0.3333333333333333,0.18666666666666668,0.0,0.5,,0.05448551404923955,0.8356166464548431,1,1,1,1973.536729812622,0.4107952117919922,wine,0,0.25,0.01,0.5
metacog,0.9444444444444444,0.9523809523809524,0.9440559440559441,0.9209401941068135,0.9810855810855811,,0.09676720274524803,0.992956148927088,7,4,4,7017.378568649292,0.6356239318847656,wine,1,0.25,0.01,0.5
metacog,0.6111111111111112,0.6,0.5185185185185185,0.5167423893288018,0.7494949494949495,,0.3774030947679678,0.9761711209664234,5,3,3,4002.7034282684326,1.0571479797363281,wine,2,0.25,0.01,0.5
metacog,0.6666666666666666,0.6666666666666666,0.5666666666666667,0.5995445191824106,0.8387445887445887,,0.28708262043670824,0.9870125191045439,5,3,3,3986.793279647827,0.5285739898681641,wine,3,0.25,0.01,0.5
metacog,0.3888888888888889,0.3333333333333333,0.18666666666666668,0.0,0.5,,0.06047926749204607,0.8796421389376234,1,1,1,1893.6538696289062,0.43463706970214844,wine,4,0.25,0.01,0.5
metacog,0.9473684210526315,0.9487012987012987,0.9449275362318841,0.8904905361044291,0.9512987012987013,0.9514896867838044,0.2128605955282232,0.9904241124341877,5,3,3,54331.13598823547,1.5301704406738281,breast_cancer,0,0.25,0.01,0.5
metacog,0.9649122807017544,0.9545454545454546,0.9623015873015872,0.9273353546322172,0.9318181818181818,0.9459459459459459,0.2972640601417964,0.9858737888548949,7,4,3,54688.92955780029,3.2765865325927734,breast_cancer,1,0.25,0.01,0.5
metacog,0.9298245614035088,0.9146825396825397,0.922972972972973,0.8486684247915055,0.9034391534391535,0.9130116959064327,0.2784189762127132,0.9902492992693803,5,3,3,53890.042304992676,1.5032291412353516,breast_cancer,2,0.25,0.01,0.5
metacog,0.8421052631578947,0.7956349206349207,0.8144665461121157,0.662595343916706,0.7982804232804233,0.8102115937789479,0.4125268785528514,0.9654808723040684,5,3,3,53740.142583847046,1.7061233520507812,breast_cancer,3,0.25,0.01,0.5
metacog,0.9298245614035088,0.9047619047619048,0.9210526315789473,0.8535639569308375,0.9047619047619048,0.9,0.32420614859132296,0.9799090550488756,5,3,3,54401.29375457764,1.4443397521972656,breast_cancer,4,0.25,0.01,0.5
metacog,0.805,0.5760869565217391,0.5758795062802458,0.34845909958918564,0.8462732919254659,0.5539805097451275,0.35224414805819054,0.8131964404977765,7,4,4,11347.643852233887,10.758399963378906,adult,0,0.25,0.01,0.5
metacog,0.805,0.5913325804630153,0.6010434248887525,0.3371846188159856,0.7637634105025409,0.46100790513833995,0.4402523890379214,0.8766580354991211,7,4,4,13099.552631378174,5.33604621887207,adult,1,0.25,0.01,0.5
metacog,0.8,0.5652173913043478,0.5579133510167993,0.32177789389368455,0.7644692264257482,0.47446754883427855,0.2522914703619224,0.9079405356615389,11,6,5,14995.197296142578,5.3806304931640625,adult,2,0.25,0.01,0.5
metacog,0.805,0.5760869565217391,0.5758795062802458,0.34845909958918564,0.5760869565217391,0.3471739130434783,0.5289958634037956,0.9989156713474379,3,2,2,6732.420921325684,4.33802604675293,adult,3,0.25,0.01,0.5
metacog,0.795,0.5543478260869565,0.5392999606719479,0.29298753307495307,0.5543478260869565,0.31369565217391304,0.5123123594125598,1.0,3,2,2,6763.942241668701,7.165193557739258,adult,4,0.25,0.01,0.5
metacog,0.6666666666666666,0.6666666666666666,0.5555555555555555,0.6123724356957945,0.8333333333333334,,0.5087148216635994,0.9931689782126119,3,2,2,443.93062591552734,0.42724609375,iris,0,0.25,0.03,0.0
metacog,0.6666666666666666,0.6666666666666666,0.5555555555555555,0.6123724356957945,0.8333333333333334,,0.5053783704402405,0.9846235543341044,3,2,2,477.77366638183594,0.4241466522216797,iris,1,0.25,0.03,0.0
metacog,0.6666666666666666,0.6666666666666666,0.5555555555555555,0.6123724356957945,0.8333333333333334,,0.5003001606412475,0.9925327311980254,3,2,2,462.92829513549805,0.873565673828125,iris,2,0.25,0.03,0.0
metacog,0.6666666666666666,0.6666666666666666,0.5555555555555555,0.6123724356957945,0.8333333333333334,,0.5053783704402405,0.9923855873540359,3,2,2,481.5864562988281,0.44846534729003906,iris,3,0.25,0.03,0.0
metacog,0.8666666666666667,0.8666666666666667,0.8666666666666667,0.8,0.9166666666666666,,0.3480481874205793,0.9787975908486728,7,4,4,740.3199672698975,0.9775161743164062,iris,4,0.25,0.03,0.0
metacog,1.0,1.0,1.0,1.0,1.0,,0.2877135249346605,0.9622918623199627,9,5,4,6167.916297912598,0.5421638488769531,wine,0,0.25,0.03,0.0
metacog,0.9444444444444444,0.9523809523809524,0.9440559440559441,0.9209401941068135,0.9810855810855811,,0.09676720274524803,0.992956148927088,7,4,4,6910.671710968018,0.6051063537597656,wine,1,0.25,0.03,0.0
metacog,0.6111111111111112,0.6,0.5185185185185185,0.5167423893288018,0.7494949494949495,,0.3774030947679678,0.9761711209664234,5,3,3,4019.979238510132,0.5238056182861328,wine,2,0.25,0.03,0.0
metacog,0.6666666666666666,0.6666666666666666,0.5666666666666667,0.5995445191824106,0.8387445887445887,,0.28708262043670824,0.9870125191045439,5,3,3,4033.137798309326,0.4963874816894531,wine,3,0.25,0.03,0.0
metacog,0.8888888888888888,0.9047619047619048,0.8885003885003885,0.8457943925233645,0.9235070485070486,,0.24828160209775718,0.9703026118717079,7,4,3,5388.394355773926,0.8220672607421875,wine,4,0.25,0.03,0.0
metacog,0.9473684210526315,0.9487012987012987,0.9449275362318841,0.8904905361044291,0.9512987012987013,0.9514896867838044,0.21358133163914025,0.9888872175996579,5,3,3,54545.63283920288,1.5065670013427734,breast_cancer,0,0.25,0.03,0.0
metacog,0.9649122807017544,0.9545454545454546,0.9623015873015872,0.9273353546322172,0.9318181818181818,0.9459459459459459,0.2977781401192274,0.9858737888548949,7,4,3,54894.03486251831,1.5549659729003906,breast_cancer,1,0.25,0.03,0.0
metacog,0.9298245614035088,0.9146825396825397,0.922972972972973,0.8486684247915055,0.9034391534391535,0.9130116959064327,0.2798662637828419,0.9830167275941617,5,3,3,54110.80551147461,1.4455318450927734,breast_cancer,2,0.25,0.03,0.0
metacog,0.8421052631578947,0.7956349206349207,0.8144665461121157,0.662595343916706,0.7982804232804233,0.8102115937789479,0.4142019566762563,0.9709976809823655,5,3,3,53668.72787475586,1.5611648559570312,breast_cancer,3,0.25,0.03,0.0
metacog,0.9298245614035088,0.9047619047619048,0.9210526315789473,0.8535639569308375,0.9047619047619048,0.9,0.3303387131174819,0.959075996239208,5,3,3,53977.96034812927,1.8262863159179688,breast_cancer,4,0.25,0.03,0.0
metacog,0.805,0.5760869565217391,0.5758795062802458,0.34845909958918564,0.8526962168266516,0.5659558744201101,0.21656486078295398,0.8518420713817623,13,7,6,17283.802270889282,11.80720329284668,adult,0,0.25,0.03,0.0
metacog,0.805,0.5913325804630153,0.6010434248887525,0.3371846188159856,0.7637634105025409,0.46100790513833995,0.44062217910693524,0.8797266491742846,7,4,4,13256.638526916504,5.923032760620117,adult,1,0.25,0.03,0.0
metacog,0.8,0.5652173913043478,0.5579133510167993,0.32177789389368455,0.5652173913043478,0.33043478260869563,0.5177485492624431,1.0,3,2,2,6765.558958053589,5.944967269897461,adult,2,0.25,0.03,0.0
metacog,0.805,0.5760869565217391,0.5758795062802458,0.34845909958918564,0.8018068887634104,0.5049458908782878,0.2326180300127681,0.8406603383318082,17,9,8,18019.938707351685,6.097316741943359,adult,3,0.25,0.03,0.0
metacog,0.795,0.5543478260869565,0.5392999606719479,0.29298753307495307,0.5543478260869565,0.31369565217391304,0.5123123594125598,1.0,3,2,2,5799.307107925415,5.208253860473633,adult,4,0.25,0.03,0.0
metacog,0.3333333333333333,0.3333333333333333,0.16666666666666666,0.0,0.5,,1.0,0.9973710865078222,1,1,1,269.0773010253906,0.34165382385253906,iris,0,0.25,0.03,0.1
metacog,0.3333333333333333,0.3333333333333333,0.16666666666666666,0.0,0.5,,1.0,0.9970757773947009,1,1,1,248.1837272644043,0.3743171691894531,iris,1,0.25,0.03,0.1
metacog,0.3333333333333333,0.3333333333333333,0.16666666666666666,0.0,0.5,,1.0,0.9977269338811082,1,1,1,258.47387313842773,0.36787986755371094,iris,2,0.25,0.03,0.1
metacog,0.3333333333333333,0.3333333333333333,0.16666666666666666,0.0,0.5,,1.0,0.9961780853484691,1,1,1,258.1753730773926,0.36025047302246094,iris,3,0.25,0.03,0.1
metacog,0.3333333333333333,0.3333333333333333,0.16666666666666666,0.0,0.5,,0.8413882683090157,0.9971051500737994,1,1,1,266.8464183807373,0.5128383636474609,iris,4,0.25,0.03,0.1
metacog,1.0,1.0,1.0,1.0,1.0,,0.2850215115593363,0.9703851012969208,7,4,3,6026.5796184539795,1.1134147644042969,wine,0,0.25,0.03,0.1
metacog,0.9444444444444444,0.9523809523809524,0.9440559440559441,0.9209401941068135,0.9810855810855811,,0.09676720274524803,0.992956148927088,7,4,4,7133.272886276245,0.5514621734619141,wine,1,0.25,0.03,0.1
metacog,0.6111111111111112,0.6,0.5185185185185185,0.5167423893288018,0.7494949494949495,,0.3774030947679678,0.9761711209664234,5,3,3,4001.824378967285,0.5552768707275391,wine,2,0.25,0.03,0.1
metacog,0.6666666666666666,0.6666666666666666,0.5666666666666667,0.5995445191824106,0.8387445887445887,,0.28708262043670824,0.9870125191045439,5,3,3,3986.029624938965,0.5235671997070312,wine,3,0.25,0.03,0.1
metacog,0.8888888888888888,0.9047619047619048,0.8885003885003885,0.8457943925233645,0.9235070485070486,,0.24828160209775718,0.9703026118717079,7,4,3,5439.364433288574,0.5459785461425781,wine,4,0.25,0.03,0.1
metacog,0.9473684210526315,0.9487012987012987,0.9449275362318841,0.8904905361044291,0.9512987012987013,0.9514896867838044,0.2128605955282232,0.9904241124341877,5,3,3,54319.926261901855,1.4030933380126953,breast_cancer,0,0.25,0.03,0.1
metacog,0.9649122807017544,0.9545454545454546,0.9623015873015872,0.9273353546322172,0.9318181818181818,0.9459459459459459,0.2972640601417964,0.9858737888548949,7,4,3,54176.67365074158,1.6486644744873047,breast_cancer,1,0.25,0.03,0.1
metacog,0.9298245614035088,0.9146825396825397,0.922972972972973,0.8486684247915055,0.9034391534391535,0.9130116959064327,0.2784189762127132,0.9902492992693803,5,3,3,54538.21635246277,1.4333724975585938,breast_cancer,2,0.25,0.03,0.1
metacog,0.8421052631578947,0.7956349206349207,0.8144665461121157,0.662595343916706,0.7982804232804233,0.8102115937789479,0.4125268785528514,0.9654808723040684,5,3,3,53793.64013671875,1.451253890991211,breast_cancer,3,0.25,0.03,0.1
metacog,0.9298245614035088,0.9047619047619048,0.9210526315789473,0.8535639569308375,0.9047619047619048,0.9,0.32420614859132296,0.9799090550488756,5,3,3,54369.62604522705,1.444101333618164,breast_cancer,4,0.25,0.03,0.1
metacog,0.805,0.5760869565217391,0.5758795062802458,0.34845909958918564,0.8462732919254659,0.5539805097451275,0.35224414805819054,0.8131964404977765,7,4,4,10820.120573043823,4.957675933837891,adult,0,0.25,0.03,0.1
metacog,0.805,0.5913325804630153,0.6010434248887525,0.3371846188159856,0.7637634105025409,0.46100790513833995,0.4402523890379214,0.8766580354991211,7,4,4,12776.676654815674,5.365610122680664,adult,1,0.25,0.03,0.1
metacog,0.8,0.5652173913043478,0.5579133510167993,0.32177789389368455,0.5652173913043478,0.33043478260869563,0.5177485492624431,1.0,3,2,2,6452.731132507324,4.309654235839844,adult,2,0.25,0.03,0.1
metacog,0.805,0.5760869565217391,0.5758795062802458,0.34845909958918564,0.5760869565217391,0.3471739130434783,0.5289958634037956,0.9989156713474379,3,2,2,6213.745832443237,4.298686981201172,adult,3,0.25,0.03,0.1
metacog,0.795,0.5543478260869565,0.5392999606719479,0.29298753307495307,0.5543478260869565,0.31369565217391304,0.5123123594125598,1.0,3,2,2,5880.833387374878,6.036996841430664,adult,4,0.25,0.03,0.1
metacog,0.3333333333333333,0.3333333333333333,0.16666666666666666,0.0,0.5,,1.0,0.9973710865078222,1,1,1,275.0718593597412,0.34880638122558594,iris,0,0.25,0.03,0.15
metacog,0.3333333333333333,0.3333333333333333,0.16666666666666666,0.0,0.5,,1.0,0.9970757773947009,1,1,1,246.33097648620605,0.6890296936035156,iris,1,0.25,0.03,0.15
metacog,0.3333333333333333,0.3333333333333333,0.16666666666666666,0.0,0.5,,1.0,0.9977269338811082,1,1,1,255.10096549987793,0.3578662872314453,iris,2,0.25,0.03,0.15
metacog,0.3333333333333333,0.3333333333333333,0.16666666666666666,0.0,0.5,,1.0,0.9961780853484691,1,1,1,259.4006061553955,0.36716461181640625,iris,3,0.25,0.03,0.15
metacog,0.3333333333333333,0.3333333333333333,0.16666666666666666,0.0,0.5,,0.8413882683090157,0.9971051500737994,1,1,1,275.7103443145752,0.3650188446044922,iris,4,0.25,0.03,0.15
metacog,0.3888888888888889,0.3333333333333333,0.18666666666666668,0.0,0.5,,0.05448551404923955,0.8356166464548431,1,1,1,1969.966173171997,0.4203319549560547,wine,0,0.25,0.03,0.15
metacog,0.9444444444444444,0.9523809523809524,0.9440559440559441,0.9209401941068135,0.9810855810855811,,0.09676720274524803,0.992956148927088,7,4,4,7013.042688369751,1.163482666015625,wine,1,0.25,0.03,0.15
metacog,0.6111111111111112,0.6,0.5185185185185185,0.5167423893288018,0.7494949494949495,,0.3774030947679678,0.9761711209664234,5,3,3,4017.366647720337,0.5295276641845703,wine,2,0.25,0.03,0.15
metacog,0.6666666666666666,0.6666666666666666,0.5666666666666667,0.5995445191824106,0.8387445887445887,,0.28708262043670824,0.9870125191045439,5,3,3,4001.635789871216,1.0378360748291016,wine,3,0.25,0.03,0.15
metacog,0.3888888888888889,0.3333333333333333,0.18666666666666668,0.0,0.5,,0.06047926749204607,0.8796421389376234,1,1,1,1905.7307243347168,0.4181861877441406,wine,4,0.25,0.03,0.15
metacog,0.9473684210526315,0.9487012987012987,0.9449275362318841,0.8904905361044291,0.9512987012987013,0.9514896867838044,0.2128605955282232,0.9904241124341877,5,3,3,53890.86675643921,1.4324188232421875,breast_cancer,0,0.25,0.03,0.15
metacog,0.9649122807017544,0.9545454545454546,0.9623015873015872,0.9273353546322172,0.9318181818181818,0.9459459459459459,0.2972640601417964,0.9858737888548949,7,4,3,53871.62232398987,1.4934539794921875,breast_cancer,1,0.25,0.03,0.15
metacog,0.9298245614035088,0.9146825396825397,0.922972972972973,0.8486684247915055,0.9034391534391535,0.9130116959064327,0.2784189762127132,0.9902492992693803,5,3,3,53851.43709182739,1.440286636352539,breast_cancer,2,0.25,0.03,0.15
metacog,0.8421052631578947,0.7956349206349207,0.8144665461121157,0.662595343916706,0.7982804232804233,0.8102115937789479,0.4125268785528514,0.9654808723040684,5,3,3,53674.05295372009,2.6617050170898438,breast_cancer,3,0.25,0.03,0.15
metacog,0.9298245614035088,0.9047619047619048,0.9210526315789473,0.8535639569308375,0.9047619047619048,0.9,0.32420614859132296,0.9799090550488756,5,3,3,54161.752223968506,3.0121803283691406,breast_cancer,4,0.25,0.03,0.15
metacog,0.805,0.5760869565217391,0.5758795062802458,0.34845909958918564,0.8462732919254659,0.5539805097451275,0.35224414805819054,0.8131964404977765,7,4,4,10874.510765075684,4.8542022705078125,adult,0,0.25,0.03,0.15
metacog,0.805,0.5913325804630153,0.6010434248887525,0.3371846188159856,0.7637634105025409,0.46100790513833995,0.4402523890379214,0.8766580354991211,7,4,4,12771.320343017578,5.340099334716797,adult,1,0.25,0.03,0.15
metacog,0.8,0.5652173913043478,0.5579133510167993,0.32177789389368455,0.5652173913043478,0.33043478260869563,0.5177485492624431,1.0,3,2,2,6261.7645263671875,4.212379455566406,adult,2,0.25,0.03,0.15
metacog,0.805,0.5760869565217391,0.5758795062802458,0.34845909958918564,0.5760869565217391,0.3471739130434783,0.5289958634037956,0.9989156713474379,3,2,2,6489.649057388306,8.252382278442383,adult,3,0.25,0.03,0.15
metacog,0.795,0.5543478260869565,0.5392999606719479,0.29298753307495307,0.5543478260869565,0.31369565217391304,0.5123123594125598,1.0,3,2,2,6435.819149017334,4.35328483581543,adult,4,0.25,0.03,0.15
metacog,0.3333333333333333,0.3333333333333333,0.16666666666666666,0.0,0.5,,1.0,0.9973710865078222,1,1,1,276.52502059936523,0.35071372985839844,iris,0,0.25,0.03,0.2
metacog,0.3333333333333333,0.3333333333333333,0.16666666666666666,0.0,0.5,,1.0,0.9970757773947009,1,1,1,265.23303985595703,0.3714561462402344,iris,1,0.25,0.03,0.2
metacog,0.3333333333333333,0.3333333333333333,0.16666666666666666,0.0,0.5,,1.0,0.9977269338811082,1,1,1,276.1859893798828,0.3533363342285156,iris,2,0.25,0.03,0.2
metacog,0.3333333333333333,0.3333333333333333,0.16666666666666666,0.0,0.5,,1.0,0.9961780853484691,1,1,1,271.1207866668701,0.35762786865234375,iris,3,0.25,0.03,0.2
metacog,0.3333333333333333,0.3333333333333333,0.16666666666666666,0.0,0.5,,0.8413882683090157,0.9971051500737994,1,1,1,265.8534049987793,0.35119056701660156,iris,4,0.25,0.03,0.2
metacog,0.3888888888888889,0.3333333333333333,0.18666666666666668,0.0,0.5,,0.05448551404923955,0.8356166464548431,1,1,1,1972.2931385040283,0.6003379821777344,wine,0,0.25,0.03,0.2
metacog,0.9444444444444444,0.9523809523809524,0.9440559440559441,0.9209401941068135,0.9810855810855811,,0.09676720274524803,0.992956148927088,7,4,4,7072.4334716796875,0.5846023559570312,wine,1,0.25,0.03,0.2
metacog,0.6111111111111112,0.6,0.5185185185185185,0.5167423893288018,0.7494949494949495,,0.3774030947679678,0.9761711209664234,5,3,3,4201.338529586792,0.5276203155517578,wine,2,0.25,0.03,0.2
metacog,0.6666666666666666,0.6666666666666666,0.5666666666666667,0.5995445191824106,0.8387445887445887,,0.28708262043670824,0.9870125191045439,5,3,3,4120.516300201416,0.5409717559814453,wine,3,0.25,0.03,0.2
metacog,0.3888888888888889,0.3333333333333333,0.18666666666666668,0.0,0.5,,0.06047926749204607,0.8796421389376234,1,1,1,1952.9743194580078,0.4069805145263672,wine,4,0.25,0.03,0.2
metacog,0.9473684210526315,0.9487012987012987,0.9449275362318841,0.8904905361044291,0.9512987012987013,0.9514896867838044,0.2128605955282232,0.9904241124341877,5,3,3,55148.53930473328,1.420736312866211,breast_cancer,0,0.25,0.03,0.2
metacog,0.9649122807017544,0.9545454545454546,0.9623015873015872,0.9273353546322172,0.9318181818181818,0.9459459459459459,0.2972640601417964,0.9858737888548949,7,4,3,54951.22027397156,1.5721321105957031,breast_cancer,1,0.25,0.03,0.2
metacog,0.9298245614035088,0.9146825396825397,0.922972972972973,0.8486684247915055,0.9034391534391535,0.9130116959064327,0.2784189762127132,0.9902492992693803,5,3,3,54818.519830703735,1.684427261352539,breast_cancer,2,0.25,0.03,0.2
metacog,0.8421052631578947,0.7956349206349207,0.8144665461121157,0.662595343916706,0.7982804232804233,0.8102115937789479,0.4125268785528514,0.9654808723040684,5,3,3,54669.60144042969,3.184795379638672,breast_cancer,3,0.25,0.03,0.2
metacog,0.9298245614035088,0.9047619047619048,0.9210526315789473,0.8535639569308375,0.9047619047619048,0.9,0.32420614859132296,0.9799090550488756,5,3,3,55216.35413169861,1.684427261352539,breast_cancer,4,0.25,0.03,0.2
metacog,0.805,0.5760869565217391,0.5758795062802458,0.34845909958918564,0.8462732919254659,0.5539805097451275,0.35224414805819054,0.8131964404977765,7,4,4,10947.599411010742,4.963159561157227,adult,0,0.25,0.03,0.2
metacog,0.805,0.5913325804630153,0.6010434248887525,0.3371846188159856,0.7637634105025409,0.46100790513833995,0.4402523890379214,0.8766580354991211,7,4,4,12804.989576339722,6.069660186767578,adult,1,0.25,0.03,0.2
metacog,0.8,0.5652173913043478,0.5579133510167993,0.32177789389368455,0.5652173913043478,0.33043478260869563,0.5177485492624431,1.0,3,2,2,6489.02440071106,4.364728927612305,adult,2,0.25,0.03,0.2
metacog,0.805,0.5760869565217391,0.5758795062802458,0.34845909958918564,0.5760869565217391,0.3471739130434783,0.5289958634037956,0.9989156713474379,3,2,2,6560.25242805481,4.3239593505859375,adult,3,0.25,0.03,0.2
metacog,0.795,0.5543478260869565,0.5392999606719479,0.29298753307495307,0.5543478260869565,0.31369565217391304,0.5123123594125598,1.0,3,2,2,6082.974910736084,4.312753677368164,adult,4,0.25,0.03,0.2
metacog,0.3333333333333333,0.3333333333333333,0.16666666666666666,0.0,0.5,,1.0,0.9973710865078222,1,1,1,248.64530563354492,0.3604888916015625,iris,0,0.25,0.03,0.3
metacog,0.3333333333333333,0.3333333333333333,0.16666666666666666,0.0,0.5,,1.0,0.9970757773947009,1,1,1,248.5189437866211,0.3669261932373047,iris,1,0.25,0.03,0.3
metacog,0.3333333333333333,0.3333333333333333,0.16666666666666666,0.0,0.5,,1.0,0.9977269338811082,1,1,1,271.4972496032715,0.6840229034423828,iris,2,0.25,0.03,0.3
metacog,0.3333333333333333,0.3333333333333333,0.16666666666666666,0.0,0.5,,1.0,0.9961780853484691,1,1,1,254.14013862609863,0.3657341003417969,iris,3,0.25,0.03,0.3
metacog,0.3333333333333333,0.3333333333333333,0.16666666666666666,0.0,0.5,,0.8413882683090157,0.9971051500737994,1,1,1,257.1418285369873,0.3726482391357422,iris,4,0.25,0.03,0.3
metacog,0.3888888888888889,0.3333333333333333,0.18666666666666668,0.0,0.5,,0.05448551404923955,0.8356166464548431,1,1,1,1975.8827686309814,0.43082237243652344,wine,0,0.25,0.03,0.3
metacog,0.6111111111111112,0.6190476190476191,0.5135566188197767,0.4785101489172643,0.7938561438561439,,0.1166620945266864,0.9923821235256528,5,3,3,5480.496883392334,0.5970001220703125,wine,1,0.25,0.03,0.3
metacog,0.6111111111111112,0.6,0.5185185185185185,0.5167423893288018,0.7494949494949495,,0.3774030947679678,0.9761711209664234,5,3,3,4038.1252765655518,0.5183219909667969,wine,2,0.25,0.03,0.3
metacog,0.3888888888888889,0.3333333333333333,0.18666666666666668,0.0,0.5,,0.08826130698690134,0.9716808402437557,1,1,1,1928.227424621582,0.4036426544189453,wine,3,0.25,0.03,0.3
metacog,0.3888888888888889,0.3333333333333333,0.18666666666666668,0.0,0.5,,0.06047926749204607,0.8796421389376234,1,1,1,1902.7609825134277,0.7946491241455078,wine,4,0.25,0.03,0.3
metacog,0.9473684210526315,0.9487012987012987,0.9449275362318841,0.8904905361044291,0.9512987012987013,0.9514896867838044,0.2128605955282232,0.9904241124341877,5,3,3,54027.42147445679,2.9845237731933594,breast_cancer,0,0.25,0.03,0.3
metacog,0.9824561403508771,0.9772727272727273,0.981329839502129,0.9633432944855655,0.9772727272727273,0.9722222222222222,0.2972640601417964,0.9858737888548949,5,3,3,54207.73243904114,1.4081001281738281,breast_cancer,1,0.25,0.03,0.3
metacog,0.631578947368421,0.5,0.3870967741935484,0.0,0.5,0.631578947368421,0.0971257789267817,0.9978297494359547,1,1,1,20639.5103931427,1.6531944274902344,breast_cancer,2,0.25,0.03,0.3
metacog,0.8421052631578947,0.7956349206349207,0.8144665461121157,0.662595343916706,0.7982804232804233,0.8102115937789479,0.4125268785528514,0.9654808723040684,5,3,3,53587.65888214111,1.4388561248779297,breast_cancer,3,0.25,0.03,0.3
metacog,0.9298245614035088,0.9047619047619048,0.9210526315789473,0.8535639569308375,0.9047619047619048,0.9,0.32420614859132296,0.9799090550488756,5,3,3,53965.110540390015,1.5892982482910156,breast_cancer,4,0.25,0.03,0.3
metacog,0.805,0.5760869565217391,0.5758795062802458,0.34845909958918564,0.8462732919254659,0.5539805097451275,0.35224414805819054,0.8131964404977765,7,4,4,11291.914939880371,5.520820617675781,adult,0,0.25,0.03,0.3
metacog,0.805,0.5913325804630153,0.6010434248887525,0.3371846188159856,0.7637634105025409,0.46100790513833995,0.4402523890379214,0.8766580354991211,7,4,4,13437.581062316895,8.544206619262695,adult,1,0.25,0.03,0.3
metacog,0.8,0.5652173913043478,0.5579133510167993,0.32177789389368455,0.5652173913043478,0.33043478260869563,0.5177485492624431,1.0,3,2,2,6727.584362030029,4.399538040161133,adult,2,0.25,0.03,0.3
metacog,0.805,0.5760869565217391,0.5758795062802458,0.34845909958918564,0.5760869565217391,0.3471739130434783,0.5289958634037956,0.9989156713474379,3,2,2,6768.303155899048,4.572629928588867,adult,3,0.25,0.03,0.3
metacog,0.795,0.5543478260869565,0.5392999606719479,0.29298753307495307,0.5543478260869565,0.31369565217391304,0.5123123594125598,1.0,3,2,2,6601.296901702881,4.967451095581055,adult,4,0.25,0.03,0.3
metacog,0.3333333333333333,0.3333333333333333,0.16666666666666666,0.0,0.5,,1.0,0.9973710865078222,1,1,1,268.37801933288574,0.36406517028808594,iris,0,0.25,0.03,0.4
metacog,0.3333333333333333,0.3333333333333333,0.16666666666666666,0.0,0.5,,1.0,0.9970757773947009,1,1,1,249.8190402984619,0.4124641418457031,iris,1,0.25,0.03,0.4
metacog,0.3333333333333333,0.3333333333333333,0.16666666666666666,0.0,0.5,,1.0,0.9977269338811082,1,1,1,243.8809871673584,0.35953521728515625,iris,2,0.25,0.03,0.4
metacog,0.3333333333333333,0.3333333333333333,0.16666666666666666,0.0,0.5,,1.0,0.9961780853484691,1,1,1,253.0684471130371,0.35762786865234375,iris,3,0.25,0.03,0.4
metacog,0.3333333333333333,0.3333333333333333,0.16666666666666666,0.0,0.5,,0.8413882683090157,0.9971051500737994,1,1,1,265.8209800720215,0.38361549377441406,iris,4,0.25,0.03,0.4
metacog,0.3888888888888889,0.3333333333333333,0.18666666666666668,0.0,0.5,,0.05448551404923955,0.8356166464548431,1,1,1,1848.2475280761719,0.4024505615234375,wine,0,0.25,0.03,0.4
metacog,0.3888888888888889,0.3333333333333333,0.18666666666666668,0.0,0.5,,0.10808918016984967,0.9836413568501193,1,1,1,1947.0748901367188,0.7917881011962891,wine,1,0.25,0.03,0.4
metacog,0.6111111111111112,0.6,0.5185185185185185,0.5167423893288018,0.7494949494949495,,0.3774030947679678,0.9761711209664234,5,3,3,3952.9027938842773,1.1162757873535156,wine,2,0.25,0.03,0.4
metacog,0.3888888888888889,0.3333333333333333,0.18666666666666668,0.0,0.5,,0.08826130698690134,0.9716808402437557,1,1,1,1943.4680938720703,0.8206367492675781,wine,3,0.25,0.03,0.4
metacog,0.3888888888888889,0.3333333333333333,0.18666666666666668,0.0,0.5,,0.06047926749204607,0.8796421389376234,1,1,1,1883.333444595337,0.4012584686279297,wine,4,0.25,0.03,0.4
metacog,0.9473684210526315,0.9487012987012987,0.9449275362318841,0.8904905361044291,0.9512987012987013,0.9514896867838044,0.2128605955282232,0.9904241124341877,5,3,3,53840.64865112305,3.1418800354003906,breast_cancer,0,0.25,0.03,0.4
metacog,0.9824561403508771,0.9772727272727273,0.981329839502129,0.9633432944855655,0.9772727272727273,0.9722222222222222,0.2972640601417964,0.9858737888548949,5,3,3,54297.780990600586,1.420736312866211,breast_cancer,1,0.25,0.03,0.4
metacog,0.631578947368421,0.5,0.3870967741935484,0.0,0.5,0.631578947368421,0.0971257789267817,0.9978297494359547,1,1,1,20706.78472518921,1.1534690856933594,breast_cancer,2,0.25,0.03,0.4
metacog,0.8421052631578947,0.7956349206349207,0.8144665461121157,0.662595343916706,0.7982804232804233,0.8102115937789479,0.4125268785528514,0.9654808723040684,5,3,3,54178.5831451416,1.4603137969970703,breast_cancer,3,0.25,0.03,0.4
metacog,0.9298245614035088,0.9047619047619048,0.9210526315789473,0.8535639569308375,0.9047619047619048,0.9,0.32420614859132296,0.9799090550488756,5,3,3,54627.41494178772,1.5070438385009766,breast_cancer,4,0.25,0.03,0.4
metacog,0.8,0.5652173913043478,0.5579133510167993,0.32177789389368455,0.5652173913043478,0.33043478260869563,0.5541350673001662,1.0,3,2,2,6536.419153213501,4.359960556030273,adult,0,0.25,0.03,0.4
metacog,0.805,0.5913325804630153,0.6010434248887525,0.3371846188159856,0.7637634105025409,0.46100790513833995,0.4402523890379214,0.8766580354991211,7,4,4,12903.560876846313,5.166053771972656,adult,1,0.25,0.03,0.4
metacog,0.8,0.5652173913043478,0.5579133510167993,0.32177789389368455,0.5652173913043478,0.33043478260869563,0.5177485492624431,1.0,3,2,2,6453.434228897095,4.288196563720703,adult,2,0.25,0.03,0.4
metacog,0.805,0.5760869565217391,0.5758795062802458,0.34845909958918564,0.5760869565217391,0.3471739130434783,0.5289958634037956,0.9989156713474379,3,2,2,6476.545333862305,4.6596527099609375,adult,3,0.25,0.03,0.4
metacog,0.795,0.5543478260869565,0.5392999606719479,0.29298753307495307,0.5543478260869565,0.31369565217391304,0.5123123594125598,1.0,3,2,2,6512.705564498901,4.525184631347656,adult,4,0.25,0.03,0.4
metacog,0.3333333333333333,0.3333333333333333,0.16666666666666666,0.0,0.5,,1.0,0.9973710865078222,1,1,1,270.04504203796387,0.36716461181640625,iris,0,0.25,0.03,0.5
metacog,0.3333333333333333,0.3333333333333333,0.16666666666666666,0.0,0.5,,1.0,0.9970757773947009,1,1,1,247.2841739654541,0.3540515899658203,iris,1,0.25,0.03,0.5
metacog,0.3333333333333333,0.3333333333333333,0.16666666666666666,0.0,0.5,,1.0,0.9977269338811082,1,1,1,254.2283535003662,0.5731582641601562,iris,2,0.25,0.03,0.5
metacog,0.3333333333333333,0.3333333333333333,0.16666666666666666,0.0,0.5,,1.0,0.9961780853484691,1,1,1,268.12267303466797,0.3592967987060547,iris,3,0.25,0.03,0.5
metacog,0.3333333333333333,0.3333333333333333,0.16666666666666666,0.0,0.5,,0.8413882683090157,0.9971051500737994,1,1,1,269.3777084350586,0.3833770751953125,iris,4,0.25,0.03,0.5
metacog,0.3888888888888889,0.3333333333333333,0.18666666666666668,0.0,0.5,,0.05448551404923955,0.8356166464548431,1,1,1,1858.1655025482178,0.720977783203125,wine,0,0.25,0.03,0.5
metacog,0.3888888888888889,0.3333333333333333,0.18666666666666668,0.0,0.5,,0.10808918016984967,0.9836413568501193,1,1,1,1894.4990634918213,0.7703304290771484,wine,1,0.25,0.03,0.5
metacog,0.6111111111111112,0.6,0.5185185185185185,0.5167423893288018,0.7494949494949495,,0.3774030947679678,0.9761711209664234,5,3,3,3827.9926776885986,0.5540847778320312,wine,2,0.25,0.03,0.5
metacog,0.3888888888888889,0.3333333333333333,0.18666666666666668,0.0,0.5,,0.08826130698690134,0.9716808402437557,1,1,1,1945.9943771362305,0.4291534423828125,wine,3,0.25,0.03,0.5
metacog,0.3888888888888889,0.3333333333333333,0.18666666666666668,0.0,0.5,,0.06047926749204607,0.8796421389376234,1,1,1,1915.2355194091797,0.7801055908203125,wine,4,0.25,0.03,0.5
metacog,0.6140350877192983,0.5,0.3804347826086957,0.0,0.5,0.6140350877192983,0.16888261642988234,0.996438889669009,1,1,1,20405.958890914917,1.2102127075195312,breast_cancer,0,0.25,0.03,0.5
metacog,0.9824561403508771,0.9772727272727273,0.981329839502129,0.9633432944855655,0.9772727272727273,0.9722222222222222,0.2972640601417964,0.9858737888548949,5,3,3,53999.5756149292,1.4483928680419922,breast_cancer,1,0.25,0.03,0.5
metacog,0.631578947368421,0.5,0.3870967741935484,0.0,0.5,0.631578947368421,0.0971257789267817,0.9978297494359547,1,1,1,20742.80619621277,1.2180805206298828,breast_cancer,2,0.25,0.03,0.5
metacog,0.8421052631578947,0.7956349206349207,0.8144665461121157,0.662595343916706,0.7982804232804233,0.8102115937789479,0.4125268785528514,0.9654808723040684,5,3,3,53849.90882873535,2.5436878204345703,breast_cancer,3,0.25,0.03,0.5
metacog,0.9298245614035088,0.9047619047619048,0.9210526315789473,0.8535639569308375,0.9047619047619048,0.9,0.32420614859132296,0.9799090550488756,5,3,3,54115.129709243774,1.7743110656738281,breast_cancer,4,0.25,0.03,0.5
metacog,0.8,0.5652173913043478,0.5579133510167993,0.32177789389368455,0.5652173913043478,0.33043478260869563,0.5541350673001662,1.0,3,2,2,6619.2803382873535,8.71586799621582,adult,0,0.25,0.03,0.5
metacog,0.805,0.5913325804630153,0.6010434248887525,0.3371846188159856,0.7637634105025409,0.46100790513833995,0.4402523890379214,0.8766580354991211,7,4,4,13340.550422668457,9.362936019897461,adult,1,0.25,0.03,0.5
metacog,0.8,0.5652173913043478,0.5579133510167993,0.32177789389368455,0.5652173913043478,0.33043478260869563,0.5177485492624431,1.0,3,2,2,6686.095476150513,6.117582321166992,adult,2,0.25,0.03,0.5
metacog,0.805,0.5760869565217391,0.5758795062802458,0.34845909958918564,0.5760869565217391,0.3471739130434783,0.5289958634037956,0.9989156713474379,3,2,2,6799.23415184021,4.506111145019531,adult,3,0.25,0.03,0.5
metacog,0.795,0.5543478260869565,0.5392999606719479,0.29298753307495307,0.5543478260869565,0.31369565217391304,0.5123123594125598,1.0,3,2,2,6752.162218093872,8.270025253295898,adult,4,0.25,0.03,0.5
metacog,0.6666666666666666,0.6666666666666666,0.5555555555555555,0.6123724356957945,0.8333333333333334,,0.5087148216635994,0.9931689782126119,3,2,2,455.4457664489746,0.8695125579833984,iris,0,0.25,0.05,0.0
metacog,0.6666666666666666,0.6666666666666666,0.5555555555555555,0.6123724356957945,0.8333333333333334,,0.5053783704402405,0.9846235543341044,3,2,2,474.1628170013428,0.9133815765380859,iris,1,0.25,0.05,0.0
metacog,0.6666666666666666,0.6666666666666666,0.5555555555555555,0.6123724356957945,0.8333333333333334,,0.5003001606412475,0.9925327311980254,3,2,2,488.22665214538574,0.4715919494628906,iris,2,0.25,0.05,0.0
metacog,0.6666666666666666,0.6666666666666666,0.5555555555555555,0.6123724356957945,0.8333333333333334,,0.5053783704402405,0.9923855873540359,3,2,2,456.04896545410156,0.44918060302734375,iris,3,0.25,0.05,0.0
metacog,0.8666666666666667,0.8666666666666667,0.8666666666666667,0.8,0.9166666666666666,,0.4295544454919649,0.9728009417627567,5,3,3,564.8720264434814,0.5679130554199219,iris,4,0.25,0.05,0.0
metacog,0.3888888888888889,0.3333333333333333,0.18666666666666668,0.0,0.5,,0.05448551404923955,0.8356166464548431,1,1,1,1990.8246994018555,0.5228519439697266,wine,0,0.25,0.05,0.0
metacog,0.9444444444444444,0.9523809523809524,0.9440559440559441,0.9209401941068135,0.9810855810855811,,0.09676720274524803,0.992956148927088,7,4,4,7085.4151248931885,0.5462169647216797,wine,1,0.25,0.05,0.0
metacog,0.6111111111111112,0.6,0.5185185185185185,0.5167423893288018,0.7494949494949495,,0.3774030947679678,0.9761711209664234,5,3,3,4032.6571464538574,0.6060600280761719,wine,2,0.25,0.05,0.0
metacog,0.6666666666666666,0.6666666666666666,0.5666666666666667,0.5995445191824106,0.8387445887445887,,0.28708262043670824,0.9870125191045439,5,3,3,4055.6600093841553,1.111745834350586,wine,3,0.25,0.05,0.0
metacog,0.8888888888888888,0.9047619047619048,0.8885003885003885,0.8457943925233645,0.9235070485070486,,0.24828160209775718,0.9703026118717079,7,4,3,5554.768800735474,1.0230541229248047,wine,4,0.25,0.05,0.0
metacog,0.9473684210526315,0.9487012987012987,0.9449275362318841,0.8904905361044291,0.9512987012987013,0.9514896867838044,0.21358133163914025,0.9888872175996579,5,3,3,55036.757469177246,1.6491413116455078,breast_cancer,0,0.25,0.05,0.0
metacog,0.9824561403508771,0.9772727272727273,0.981329839502129,0.9633432944855655,0.9772727272727273,0.9722222222222222,0.2977781401192274,0.9858737888548949,5,3,3,54997.61629104614,1.7173290252685547,breast_cancer,1,0.25,0.05,0.0
metacog,0.9298245614035088,0.9146825396825397,0.922972972972973,0.8486684247915055,0.9034391534391535,0.9130116959064327,0.2798662637828419,0.9830167275941617,5,3,3,55212.96143531799,1.5385150909423828,breast_cancer,2,0.25,0.05,0.0
metacog,0.8421052631578947,0.7956349206349207,0.8144665461121157,0.662595343916706,0.7982804232804233,0.8102115937789479,0.4142019566762563,0.9709976809823655,5,3,3,55127.8293132782,1.4677047729492188,breast_cancer,3,0.25,0.05,0.0
metacog,0.9298245614035088,0.9047619047619048,0.9210526315789473,0.8535639569308375,0.9047619047619048,0.9,0.3303387131174819,0.959075996239208,5,3,3,52420.79305648804,2.8221607208251953,breast_cancer,4,0.25,0.05,0.0
metacog,0.805,0.5760869565217391,0.5758795062802458,0.34845909958918564,0.8526962168266516,0.5659558744201101,0.21656486078295398,0.8518420713817623,13,7,6,15908.032417297363,5.7964324951171875,adult,0,0.25,0.05,0.0
metacog,0.805,0.5913325804630153,0.6010434248887525,0.3371846188159856,0.7637634105025409,0.46100790513833995,0.44062217910693524,0.8797266491742846,7,4,4,12089.283466339111,5.399227142333984,adult,1,0.25,0.05,0.0
metacog,0.8,0.5652173913043478,0.5579133510167993,0.32177789389368455,0.5652173913043478,0.33043478260869563,0.5177485492624431,1.0,3,2,2,6007.321834564209,4.9762725830078125,adult,2,0.25,0.05,0.0
metacog,0.805,0.5760869565217391,0.5758795062802458,0.34845909958918564,0.5760869565217391,0.3471739130434783,0.5289958634037956,1.0,3,2,2,5847.517967224121,4.278421401977539,adult,3,0.25,0.05,0.0
metacog,0.795,0.5543478260869565,0.5392999606719479,0.29298753307495307,0.5543478260869565,0.31369565217391304,0.5123123594125598,1.0,3,2,2,5869.491815567017,5.103111267089844,adult,4,0.25,0.05,0.0
metacog,0.3333333333333333,0.3333333333333333,0.16666666666666666,0.0,0.5,,1.0,0.9973710865078222,1,1,1,258.00013542175293,0.6589889526367188,iris,0,0.25,0.05,0.1
metacog,0.3333333333333333,0.3333333333333333,0.16666666666666666,0.0,0.5,,1.0,0.9970757773947009,1,1,1,266.00074768066406,0.36215782165527344,iris,1,0.25,0.05,0.1
metacog,0.3333333333333333,0.3333333333333333,0.16666666666666666,0.0,0.5,,1.0,0.9977269338811082,1,1,1,267.77029037475586,0.3509521484375,iris,2,0.25,0.05,0.1
metacog,0.3333333333333333,0.3333333333333333,0.16666666666666666,0.0,0.5,,1.0,0.9961780853484691,1,1,1,253.02863121032715,0.3559589385986328,iris,3,0.25,0.05,0.1
metacog,0.3333333333333333,0.3333333333333333,0.16666666666666666,0.0,0.5,,0.8413882683090157,0.9971051500737994,1,1,1,261.8746757507324,0.4420280456542969,iris,4,0.25,0.05,0.1
metacog,0.3888888888888889,0.3333333333333333,0.18666666666666668,0.0,0.5,,0.05448551404923955,0.8356166464548431,1,1,1,1880.10835647583,0.7786750793457031,wine,0,0.25,0.05,0.1
metacog,0.6111111111111112,0.6190476190476191,0.5135566188197767,0.4785101489172643,0.7938561438561439,,0.1166620945266864,0.9923821235256528,5,3,3,5364.861249923706,0.5347728729248047,wine,1,0.25,0.05,0.1
metacog,0.6111111111111112,0.6,0.5185185185185185,0.5167423893288018,0.7494949494949495,,0.3774030947679678,0.9761711209664234,5,3,3,4053.995370864868,0.5078315734863281,wine,2,0.25,0.05,0.1
metacog,0.6666666666666666,0.6666666666666666,0.5666666666666667,0.5995445191824106,0.8387445887445887,,0.28708262043670824,0.9870125191045439,5,3,3,3983.5309982299805,0.5869865417480469,wine,3,0.25,0.05,0.1
metacog,0.3888888888888889,0.3333333333333333,0.18666666666666668,0.0,0.5,,0.06047926749204607,0.8796421389376234,1,1,1,1929.2218685150146,0.7941722869873047,wine,4,0.25,0.05,0.1
metacog,0.9473684210526315,0.9487012987012987,0.9449275362318841,0.8904905361044291,0.9512987012987013,0.9514896867838044,0.2128605955282232,0.9904241124341877,5,3,3,54574.79977607727,1.3959407806396484,breast_cancer,0,0.25,0.05,0.1
metacog,0.9824561403508771,0.9772727272727273,0.981329839502129,0.9633432944855655,0.9772727272727273,0.9722222222222222,0.2972640601417964,0.9858737888548949,5,3,3,54553.54714393616,2.98309326171875,breast_cancer,1,0.25,0.05,0.1
metacog,0.9298245614035088,0.9146825396825397,0.922972972972973,0.8486684247915055,0.9034391534391535,0.9130116959064327,0.2784189762127132,0.9902492992693803,5,3,3,54282.9487323761,2.186298370361328,breast_cancer,2,0.25,0.05,0.1
metacog,0.8421052631578947,0.7956349206349207,0.8144665461121157,0.662595343916706,0.7982804232804233,0.8102115937789479,0.4125268785528514,0.9654808723040684,5,3,3,54198.20785522461,1.5285015106201172,breast_cancer,3,0.25,0.05,0.1
metacog,0.9298245614035088,0.9047619047619048,0.9210526315789473,0.8535639569308375,0.9047619047619048,0.9,0.32420614859132296,0.9799090550488756,5,3,3,52880.35535812378,2.892017364501953,breast_cancer,4,0.25,0.05,0.1
metacog,0.805,0.5760869565217391,0.5758795062802458,0.34845909958918564,0.8462732919254659,0.5539805097451275,0.35224414805819054,0.8131964404977765,7,4,4,10103.122234344482,4.716634750366211,adult,0,0.25,0.05,0.1
metacog,0.805,0.5913325804630153,0.6010434248887525,0.3371846188159856,0.7637634105025409,0.46100790513833995,0.4402523890379214,0.8766580354991211,7,4,4,12062.048435211182,5.594015121459961,adult,1,0.25,0.05,0.1
metacog,0.8,0.5652173913043478,0.5579133510167993,0.32177789389368455,0.5652173913043478,0.33043478260869563,0.5177485492624431,1.0,3,2,2,6116.700172424316,5.153894424438477,adult,2,0.25,0.05,0.1
metacog,0.805,0.5760869565217391,0.5758795062802458,0.34845909958918564,0.5760869565217391,0.3471739130434783,0.5289958634037956,0.9989156713474379,3,2,2,6053.710460662842,4.321575164794922,adult,3,0.25,0.05,0.1
metacog,0.795,0.5543478260869565,0.5392999606719479,0.29298753307495307,0.5543478260869565,0.31369565217391304,0.5123123594125598,1.0,3,2,2,6048.480033874512,4.664182662963867,adult,4,0.25,0.05,0.1
metacog,0.3333333333333333,0.3333333333333333,0.16666666666666666,0.0,0.5,,1.0,0.9973710865078222,1,1,1,245.49460411071777,0.49233436584472656,iris,0,0.25,0.05,0.15
metacog,0.3333333333333333,0.3333333333333333,0.16666666666666666,0.0,0.5,,1.0,0.9970757773947009,1,1,1,231.62174224853516,0.33974647521972656,iris,1,0.25,0.05,0.15
metacog,0.3333333333333333,0.3333333333333333,0.16666666666666666,0.0,0.5,,1.0,0.9977269338811082,1,1,1,274.80363845825195,0.34332275390625,iris,2,0.25,0.05,0.15
metacog,0.3333333333333333,0.3333333333333333,0.16666666666666666,0.0,0.5,,1.0,0.9961780853484691,1,1,1,258.08167457580566,0.6914138793945312,iris,3,0.25,0.05,0.15
metacog,0.3333333333333333,0.3333333333333333,0.16666666666666666,0.0,0.5,,0.8413882683090157,0.9971051500737994,1,1,1,258.52274894714355,0.3638267517089844,iris,4,0.25,0.05,0.15
metacog,0.3888888888888889,0.3333333333333333,0.18666666666666668,0.0,0.5,,0.05448551404923955,0.8356166464548431,1,1,1,1882.7838897705078,0.42319297790527344,wine,0,0.25,0.05,0.15
metacog,0.6111111111111112,0.6190476190476191,0.5135566188197767,0.4785101489172643,0.7938561438561439,,0.1166620945266864,0.9923821235256528,5,3,3,5341.293096542358,0.8058547973632812,wine,1,0.25,0.05,0.15
metacog,0.6111111111111112,0.6,0.5185185185185185,0.5167423893288018,0.7494949494949495,,0.3774030947679678,0.9761711209664234,5,3,3,3983.25252532959,0.5614757537841797,wine,2,0.25,0.05,0.15
metacog,0.3888888888888889,0.3333333333333333,0.18666666666666668,0.0,0.5,,0.08826130698690134,0.9716808402437557,1,1,1,1862.5586032867432,0.4324913024902344,wine,3,0.25,0.05,0.15
metacog,0.3888888888888889,0.3333333333333333,0.18666666666666668,0.0,0.5,,0.06047926749204607,0.8796421389376234,1,1,1,1952.402114868164,0.40602684020996094,wine,4,0.25,0.05,0.15
metacog,0.9473684210526315,0.9487012987012987,0.9449275362318841,0.8904905361044291,0.9512987012987013,0.9514896867838044,0.2128605955282232,0.9904241124341877,5,3,3,53951.47919654846,3.0975341796875,breast_cancer,0,0.25,0.05,0.15
metacog,0.9824561403508771,0.9772727272727273,0.981329839502129,0.9633432944855655,0.9772727272727273,0.9722222222222222,0.2972640601417964,0.9858737888548949,5,3,3,54098.535776138306,1.5587806701660156,breast_cancer,1,0.25,0.05,0.15
metacog,0.9298245614035088,0.9146825396825397,0.922972972972973,0.8486684247915055,0.9034391534391535,0.9130116959064327,0.2784189762127132,0.9902492992693803,5,3,3,53632.76720046997,1.6560554504394531,breast_cancer,2,0.25,0.05,0.15
metacog,0.8421052631578947,0.7956349206349207,0.8144665461121157,0.662595343916706,0.7982804232804233,0.8102115937789479,0.4125268785528514,0.9654808723040684,5,3,3,53630.45692443848,2.898693084716797,breast_cancer,3,0.25,0.05,0.15
metacog,0.9298245614035088,0.9047619047619048,0.9210526315789473,0.8535639569308375,0.9047619047619048,0.9,0.32420614859132296,0.9799090550488756,5,3,3,51531.58736228943,2.080678939819336,breast_cancer,4,0.25,0.05,0.15
metacog,0.805,0.5760869565217391,0.5758795062802458,0.34845909958918564,0.8462732919254659,0.5539805097451275,0.35224414805819054,0.8131964404977765,7,4,4,10359.736680984497,5.1441192626953125,adult,0,0.25,0.05,0.15
metacog,0.805,0.5913325804630153,0.6010434248887525,0.3371846188159856,0.7637634105025409,0.46100790513833995,0.4402523890379214,0.8766580354991211,7,4,4,11334.381103515625,5.114078521728516,adult,1,0.25,0.05,0.15
metacog,0.8,0.5652173913043478,0.5579133510167993,0.32177789389368455,0.5652173913043478,0.33043478260869563,0.5177485492624431,1.0,3,2,2,5766.1073207855225,4.315614700317383,adult,2,0.25,0.05,0.15
metacog,0.805,0.5760869565217391,0.5758795062802458,0.34845909958918564,0.5760869565217391,0.3471739130434783,0.5289958634037956,0.9989156713474379,3,2,2,5802.797794342041,4.287242889404297,adult,3,0.25,0.05,0.15
metacog,0.795,0.5543478260869565,0.5392999606719479,0.29298753307495307,0.5543478260869565,0.31369565217391304,0.5123123594125598,1.0,3,2,2,5735.902309417725,4.382848739624023,adult,4,0.25,0.05,0.15
metacog,0.3333333333333333,0.3333333333333333,0.16666666666666666,0.0,0.5,,1.0,0.9973710865078222,1,1,1,249.89032745361328,0.34165382385253906,iris,0,0.25,0.05,0.2
metacog,0.3333333333333333,0.3333333333333333,0.16666666666666666,0.0,0.5,,1.0,0.9970757773947009,1,1,1,249.2380142211914,0.34880638122558594,iris,1,0.25,0.05,0.2
metacog,0.3333333333333333,0.3333333333333333,0.16666666666666666,0.0,0.5,,1.0,0.9977269338811082,1,1,1,253.22699546813965,0.34737586975097656,iris,2,0.25,0.05,0.2
metacog,0.3333333333333333,0.3333333333333333,0.16666666666666666,0.0,0.5,,1.0,0.9961780853484691,1,1,1,248.91352653503418,0.3447532653808594,iris,3,0.25,0.05,0.2
metacog,0.3333333333333333,0.3333333333333333,0.16666666666666666,0.0,0.5,,0.8413882683090157,0.9971051500737994,1,1,1,280.8375358581543,0.6730556488037109,iris,4,0.25,0.05,0.2
metacog,0.3888888888888889,0.3333333333333333,0.18666666666666668,0.0,0.5,,0.05448551404923955,0.8356166464548431,1,1,1,1926.7146587371826,0.6692409515380859,wine,0,0.25,0.05,0.2
metacog,0.3888888888888889,0.3333333333333333,0.18666666666666668,0.0,0.5,,0.10808918016984967,0.9836413568501193,1,1,1,1915.1244163513184,0.40411949157714844,wine,1,0.25,0.05,0.2
metacog,0.6111111111111112,0.6,0.5185185185185185,0.5167423893288018,0.7494949494949495,,0.3774030947679678,0.9761711209664234,5,3,3,3969.7744846343994,0.5078315734863281,wine,2,0.25,0.05,0.2
metacog,0.3888888888888889,0.3333333333333333,0.18666666666666668,0.0,0.5,,0.08826130698690134,0.9716808402437557,1,1,1,1963.1640911102295,0.42366981506347656,wine,3,0.25,0.05,0.2
metacog,0.3888888888888889,0.3333333333333333,0.18666666666666668,0.0,0.5,,0.06047926749204607,0.8796421389376234,1,1,1,1864.9587631225586,0.408172607421875,wine,4,0.25,0.05,0.2
metacog,0.9473684210526315,0.9487012987012987,0.9449275362318841,0.8904905361044291,0.9512987012987013,0.9514896867838044,0.2128605955282232,0.9904241124341877,5,3,3,54499.00960922241,1.4166831970214844,breast_cancer,0,0.25,0.05,0.2
metacog,0.9824561403508771,0.9772727272727273,0.981329839502129,0.9633432944855655,0.9772727272727273,0.9722222222222222,0.2972640601417964,0.9858737888548949,5,3,3,54782.18579292297,1.7158985137939453,breast_cancer,1,0.25,0.05,0.2
metacog,0.631578947368421,0.5,0.3870967741935484,0.0,0.5,0.631578947368421,0.0971257789267817,0.9978297494359547,1,1,1,20616.525411605835,2.145528793334961,breast_cancer,2,0.25,0.05,0.2
metacog,0.8421052631578947,0.7956349206349207,0.8144665461121157,0.662595343916706,0.7982804232804233,0.8102115937789479,0.4125268785528514,0.9654808723040684,5,3,3,54002.198457717896,1.7695426940917969,breast_cancer,3,0.25,0.05,0.2
metacog,0.9298245614035088,0.9047619047619048,0.9210526315789473,0.8535639569308375,0.9047619047619048,0.9,0.32420614859132296,0.9799090550488756,5,3,3,53167.423248291016,1.4417171478271484,breast_cancer,4,0.25,0.05,0.2
metacog,0.805,0.5760869565217391,0.5758795062802458,0.34845909958918564,0.8462732919254659,0.5539805097451275,0.35224414805819054,0.8131964404977765,7,4,4,10620.959281921387,4.891872406005859,adult,0,0.25,0.05,0.2
metacog,0.805,0.5913325804630153,0.6010434248887525,0.3371846188159856,0.7637634105025409,0.46100790513833995,0.4402523890379214,0.8766580354991211,7,4,4,12777.363777160645,5.502462387084961,adult,1,0.25,0.05,0.2
metacog,0.8,0.5652173913043478,0.5579133510167993,0.32177789389368455,0.5652173913043478,0.33043478260869563,0.5177485492624431,1.0,3,2,2,6421.895265579224,4.305839538574219,adult,2,0.25,0.05,0.2
metacog,0.805,0.5760869565217391,0.5758795062802458,0.34845909958918564,0.5760869565217391,0.3471739130434783,0.5289958634037956,0.9989156713474379,3,2,2,6423.513412475586,4.309415817260742,adult,3,0.25,0.05,0.2
metacog,0.795,0.5543478260869565,0.5392999606719479,0.29298753307495307,0.5543478260869565,0.31369565217391304,0.5123123594125598,1.0,3,2,2,6217.059850692749,4.257678985595703,adult,4,0.25,0.05,0.2
metacog,0.3333333333333333,0.3333333333333333,0.16666666666666666,0.0,0.5,,1.0,0.9973710865078222,1,1,1,246.46663665771484,0.36644935607910156,iris,0,0.25,0.05,0.3
metacog,0.3333333333333333,0.3333333333333333,0.16666666666666666,0.0,0.5,,1.0,0.9970757773947009,1,1,1,229.57324981689453,0.3459453582763672,iris,1,0.25,0.05,0.3
metacog,0.3333333333333333,0.3333333333333333,0.16666666666666666,0.0,0.5,,1.0,0.9977269338811082,1,1,1,248.49247932434082,0.34308433532714844,iris,2,0.25,0.05,0.3
metacog,0.3333333333333333,0.3333333333333333,0.16666666666666666,0.0,0.5,,1.0,0.9961780853484691,1,1,1,243.38746070861816,0.3731250762939453,iris,3,0.25,0.05,0.3
metacog,0.3333333333333333,0.3333333333333333,0.16666666666666666,0.0,0.5,,0.8413882683090157,0.9971051500737994,1,1,1,271.8548774719238,0.36406517028808594,iris,4,0.25,0.05,0.3
metacog,0.3888888888888889,0.3333333333333333,0.18666666666666668,0.0,0.5,,0.05448551404923955,0.8356166464548431,1,1,1,1956.0511112213135,0.8566379547119141,wine,0,0.25,0.05,0.3
metacog,0.3888888888888889,0.3333333333333333,0.18666666666666668,0.0,0.5,,0.10808918016984967,0.9836413568501193,1,1,1,1898.0276584625244,0.4448890686035156,wine,1,0.25,0.05,0.3
metacog,0.6111111111111112,0.6,0.5185185185185185,0.5167423893288018,0.7494949494949495,,0.3774030947679678,0.9761711209664234,5,3,3,4025.420904159546,0.5142688751220703,wine,2,0.25,0.05,0.3
metacog,0.3888888888888889,0.3333333333333333,0.18666666666666668,0.0,0.5,,0.08826130698690134,0.9716808402437557,1,1,1,1917.754888534546,0.8578300476074219,wine,3,0.25,0.05,0.3
metacog,0.3888888888888889,0.3333333333333333,0.18666666666666668,0.0,0.5,,0.06047926749204607,0.8796421389376234,1,1,1,1932.0440292358398,0.6623268127441406,wine,4,0.25,0.05,0.3
metacog,0.9473684210526315,0.9487012987012987,0.9449275362318841,0.8904905361044291,0.9512987012987013,0.9514896867838044,0.2128605955282232,0.9904241124341877,5,3,3,54336.64560317993,2.9985904693603516,breast_cancer,0,0.25,0.05,0.3
metacog,0.9824561403508771,0.9772727272727273,0.981329839502129,0.9633432944855655,0.9772727272727273,0.9722222222222222,0.2972640601417964,0.9858737888548949,5,3,3,54711.39907836914,1.435995101928711,breast_cancer,1,0.25,0.05,0.3
metacog,0.631578947368421,0.5,0.3870967741935484,0.0,0.5,0.631578947368421,0.0971257789267817,0.9978297494359547,1,1,1,20310.524702072144,1.1477470397949219,breast_cancer,2,0.25,0.05,0.3
metacog,0.8421052631578947,0.7956349206349207,0.8144665461121157,0.662595343916706,0.7982804232804233,0.8102115937789479,0.4125268785528514,0.9654808723040684,5,3,3,54176.84102058411,3.039836883544922,breast_cancer,3,0.25,0.05,0.3
metacog,0.9298245614035088,0.9047619047619048,0.9210526315789473,0.8535639569308375,0.9047619047619048,0.9,0.32420614859132296,0.9799090550488756,5,3,3,53534.91497039795,2.7608871459960938,breast_cancer,4,0.25,0.05,0.3
metacog,0.8,0.5652173913043478,0.5579133510167993,0.32177789389368455,0.5652173913043478,0.33043478260869563,0.5541350673001662,1.0,3,2,2,6349.06005859375,4.48918342590332,adult,0,0.25,0.05,0.3
metacog,0.805,0.5913325804630153,0.6010434248887525,0.3371846188159856,0.7637634105025409,0.46100790513833995,0.4402523890379214,0.8766580354991211,7,4,4,12854.509353637695,5.475044250488281,adult,1,0.25,0.05,0.3
metacog,0.8,0.5652173913043478,0.5579133510167993,0.32177789389368455,0.5652173913043478,0.33043478260869563,0.5177485492624431,1.0,3,2,2,6435.290098190308,5.151033401489258,adult,2,0.25,0.05,0.3
metacog,0.805,0.5760869565217391,0.5758795062802458,0.34845909958918564,0.5760869565217391,0.3471739130434783,0.5289958634037956,0.9989156713474379,3,2,2,6358.124017715454,5.386829376220703,adult,3,0.25,0.05,0.3
metacog,0.795,0.5543478260869565,0.5392999606719479,0.29298753307495307,0.5543478260869565,0.31369565217391304,0.5123123594125598,1.0,3,2,2,6421.298980712891,4.319429397583008,adult,4,0.25,0.05,0.3
metacog,0.3333333333333333,0.3333333333333333,0.16666666666666666,0.0,0.5,,1.0,0.9973710865078222,1,1,1,260.36548614501953,0.7216930389404297,iris,0,0.25,0.05,0.4
metacog,0.3333333333333333,0.3333333333333333,0.16666666666666666,0.0,0.5,,1.0,0.9970757773947009,1,1,1,261.9774341583252,0.4258155822753906,iris,1,0.25,0.05,0.4
metacog,0.3333333333333333,0.3333333333333333,0.16666666666666666,0.0,0.5,,1.0,0.9977269338811082,1,1,1,249.91750717163086,0.3457069396972656,iris,2,0.25,0.05,0.4
metacog,0.3333333333333333,0.3333333333333333,0.16666666666666666,0.0,0.5,,1.0,0.9961780853484691,1,1,1,259.5808506011963,0.3666877746582031,iris,3,0.25,0.05,0.4
metacog,0.3333333333333333,0.3333333333333333,0.16666666666666666,0.0,0.5,,0.8413882683090157,0.9971051500737994,1,1,1,271.30866050720215,0.4050731658935547,iris,4,0.25,0.05,0.4
metacog,0.3888888888888889,0.3333333333333333,0.18666666666666668,0.0,0.5,,0.05448551404923955,0.8356166464548431,1,1,1,1945.6839561462402,0.4749298095703125,wine,0,0.25,0.05,0.4
metacog,0.3888888888888889,0.3333333333333333,0.18666666666666668,0.0,0.5,,0.10808918016984967,0.9836413568501193,1,1,1,1915.696382522583,0.41937828063964844,wine,1,0.25,0.05,0.4
metacog,0.3888888888888889,0.3333333333333333,0.18666666666666668,0.0,0.5,,0.12637829618825452,0.9628190126221114,1,1,1,1945.991039276123,0.4391670227050781,wine,2,0.25,0.05,0.4
metacog,0.3888888888888889,0.3333333333333333,0.18666666666666668,0.0,0.5,,0.08826130698690134,0.9716808402437557,1,1,1,1950.0460624694824,0.41675567626953125,wine,3,0.25,0.05,0.4
metacog,0.3888888888888889,0.3333333333333333,0.18666666666666668,0.0,0.5,,0.06047926749204607,0.8796421389376234,1,1,1,1931.5593242645264,0.4868507385253906,wine,4,0.25,0.05,0.4
metacog,0.6140350877192983,0.5,0.3804347826086957,0.0,0.5,0.6140350877192983,0.16888261642988234,0.996438889669009,1,1,1,21069.33569908142,1.2371540069580078,breast_cancer,0,0.25,0.05,0.4
metacog,0.6140350877192983,0.5,0.3804347826086957,0.0,0.5,0.6140350877192983,0.17301101243890643,0.9800388511449721,1,1,1,20909.806489944458,1.1608600616455078,breast_cancer,1,0.25,0.05,0.4
metacog,0.631578947368421,0.5,0.3870967741935484,0.0,0.5,0.631578947368421,0.0971257789267817,0.9978297494359547,1,1,1,20978.886604309082,1.2409687042236328,breast_cancer,2,0.25,0.05,0.4
metacog,0.8421052631578947,0.7956349206349207,0.8144665461121157,0.662595343916706,0.7982804232804233,0.8102115937789479,0.4125268785528514,0.9654808723040684,5,3,3,54705.38783073425,1.4636516571044922,breast_cancer,3,0.25,0.05,0.4
metacog,0.9298245614035088,0.9047619047619048,0.9210526315789473,0.8535639569308375,0.9047619047619048,0.9,0.32420614859132296,0.9799090550488756,5,3,3,54861.934185028076,1.5091896057128906,breast_cancer,4,0.25,0.05,0.4
metacog,0.8,0.5652173913043478,0.5579133510167993,0.32177789389368455,0.5652173913043478,0.33043478260869563,0.5541350673001662,1.0,3,2,2,6889.972686767578,8.29172134399414,adult,0,0.25,0.05,0.4
metacog,0.805,0.5913325804630153,0.6010434248887525,0.3371846188159856,0.7637634105025409,0.46100790513833995,0.4402523890379214,0.8766580354991211,7,4,4,13428.526401519775,6.12950325012207,adult,1,0.25,0.05,0.4
metacog,0.8,0.5652173913043478,0.5579133510167993,0.32177789389368455,0.5652173913043478,0.33043478260869563,0.5177485492624431,1.0,3,2,2,6773.197412490845,7.370710372924805,adult,2,0.25,0.05,0.4
metacog,0.805,0.5760869565217391,0.5758795062802458,0.34845909958918564,0.5760869565217391,0.3471739130434783,0.5289958634037956,0.9989156713474379,3,2,2,6805.258512496948,4.703760147094727,adult,3,0.25,0.05,0.4
metacog,0.795,0.5543478260869565,0.5392999606719479,0.29298753307495307,0.5543478260869565,0.31369565217391304,0.5123123594125598,1.0,3,2,2,6701.696157455444,8.931159973144531,adult,4,0.25,0.05,0.4
metacog,0.3333333333333333,0.3333333333333333,0.16666666666666666,0.0,0.5,,1.0,0.9973710865078222,1,1,1,257.1115493774414,0.38361549377441406,iris,0,0.25,0.05,0.5
metacog,0.3333333333333333,0.3333333333333333,0.16666666666666666,0.0,0.5,,1.0,0.9970757773947009,1,1,1,251.129150390625,0.35691261291503906,iris,1,0.25,0.05,0.5
metacog,0.3333333333333333,0.3333333333333333,0.16666666666666666,0.0,0.5,,1.0,0.9977269338811082,1,1,1,262.5877857208252,0.5815029144287109,iris,2,0.25,0.05,0.5
metacog,0.3333333333333333,0.3333333333333333,0.16666666666666666,0.0,0.5,,1.0,0.9961780853484691,1,1,1,238.9237880706787,0.4444122314453125,iris,3,0.25,0.05,0.5
metacog,0.3333333333333333,0.3333333333333333,0.16666666666666666,0.0,0.5,,0.8413882683090157,0.9971051500737994,1,1,1,314.3038749694824,0.6587505340576172,iris,4,0.25,0.05,0.5
metacog,0.3888888888888889,0.3333333333333333,0.18666666666666668,0.0,0.5,,0.05448551404923955,0.8356166464548431,1,1,1,2004.6839714050293,0.4239082336425781,wine,0,0.25,0.05,0.5
metacog,0.3888888888888889,0.3333333333333333,0.18666666666666668,0.0,0.5,,0.10808918016984967,0.9836413568501193,1,1,1,1974.7779369354248,0.423431396484375,wine,1,0.25,0.05,0.5
metacog,0.3888888888888889,0.3333333333333333,0.18666666666666668,0.0,0.5,,0.12637829618825452,0.9628190126221114,1,1,1,1964.512586593628,0.42438507080078125,wine,2,0.25,0.05,0.5
metacog,0.3888888888888889,0.3333333333333333,0.18666666666666668,0.0,0.5,,0.08826130698690134,0.9716808402437557,1,1,1,1969.0473079681396,0.42724609375,wine,3,0.25,0.05,0.5
metacog,0.3888888888888889,0.3333333333333333,0.18666666666666668,0.0,0.5,,0.06047926749204607,0.8796421389376234,1,1,1,1938.910722732544,0.431060791015625,wine,4,0.25,0.05,0.5
metacog,0.6140350877192983,0.5,0.3804347826086957,0.0,0.5,0.6140350877192983,0.16888261642988234,0.996438889669009,1,1,1,20916.974544525146,1.18255615234375,breast_cancer,0,0.25,0.05,0.5
metacog,0.6140350877192983,0.5,0.3804347826086957,0.0,0.5,0.6140350877192983,0.17301101243890643,0.9800388511449721,1,1,1,20656.425714492798,1.2137889862060547,breast_cancer,1,0.25,0.05,0.5
metacog,0.631578947368421,0.5,0.3870967741935484,0.0,0.5,0.631578947368421,0.0971257789267817,0.9978297494359547,1,1,1,21104.8002243042,1.222372055053711,breast_cancer,2,0.25,0.05,0.5
metacog,0.8421052631578947,0.7956349206349207,0.8144665461121157,0.662595343916706,0.7982804232804233,0.8102115937789479,0.4125268785528514,0.9654808723040684,5,3,3,54437.04843521118,1.5277862548828125,breast_cancer,3,0.25,0.05,0.5
metacog,0.9298245614035088,0.9047619047619048,0.9210526315789473,0.8535639569308375,0.9047619047619048,0.9,0.32420614859132296,0.9799090550488756,5,3,3,55010.13159751892,1.5079975128173828,breast_cancer,4,0.25,0.05,0.5
metacog,0.8,0.5652173913043478,0.5579133510167993,0.32177789389368455,0.5652173913043478,0.33043478260869563,0.5541350673001662,1.0,3,2,2,6693.420648574829,9.160518646240234,adult,0,0.25,0.05,0.5
metacog,0.805,0.5913325804630153,0.6010434248887525,0.3371846188159856,0.7637634105025409,0.46100790513833995,0.4402523890379214,0.8766580354991211,7,4,4,13427.659034729004,5.393028259277344,adult,1,0.25,0.05,0.5
metacog,0.8,0.5652173913043478,0.5579133510167993,0.32177789389368455,0.5652173913043478,0.33043478260869563,0.5177485492624431,1.0,3,2,2,6869.781970977783,4.505634307861328,adult,2,0.25,0.05,0.5
metacog,0.805,0.5760869565217391,0.5758795062802458,0.34845909958918564,0.5760869565217391,0.3471739130434783,0.5289958634037956,0.9989156713474379,3,2,2,6868.329286575317,6.545543670654297,adult,3,0.25,0.05,0.5
metacog,0.795,0.5543478260869565,0.5392999606719479,0.29298753307495307,0.5543478260869565,0.31369565217391304,0.5123123594125598,1.0,3,2,2,6876.485347747803,4.5623779296875,adult,4,0.25,0.05,0.5
metacog,0.6666666666666666,0.6666666666666666,0.5555555555555555,0.6123724356957945,0.8333333333333334,,0.5087148216635994,0.9931689782126119,3,2,2,461.1828327178955,0.4734992980957031,iris,0,0.25,0.07,0.0
metacog,0.6666666666666666,0.6666666666666666,0.5555555555555555,0.6123724356957945,0.8333333333333334,,0.5053783704402405,0.9846235543341044,3,2,2,435.72521209716797,0.8883476257324219,iris,1,0.25,0.07,0.0
metacog,0.6666666666666666,0.6666666666666666,0.5555555555555555,0.6123724356957945,0.8333333333333334,,0.5003001606412475,0.9925327311980254,3,2,2,526.2982845306396,0.42939186096191406,iris,2,0.25,0.07,0.0
metacog,0.6666666666666666,0.6666666666666666,0.5555555555555555,0.6123724356957945,0.8333333333333334,,0.5053783704402405,0.9923855873540359,3,2,2,467.958927154541,0.4265308380126953,iris,3,0.25,0.07,0.0
metacog,0.8666666666666667,0.8666666666666667,0.8666666666666667,0.8,0.9166666666666666,,0.4295544454919649,0.9728009417627567,5,3,3,610.917329788208,0.5297660827636719,iris,4,0.25,0.07,0.0
metacog,0.3888888888888889,0.3333333333333333,0.18666666666666668,0.0,0.5,,0.05448551404923955,0.8356166464548431,1,1,1,1890.3181552886963,0.46324729919433594,wine,0,0.25,0.07,0.0
metacog,0.6111111111111112,0.6190476190476191,0.5135566188197767,0.4785101489172643,0.7938561438561439,,0.1166620945266864,0.9923821235256528,5,3,3,5377.340078353882,1.0952949523925781,wine,1,0.25,0.07,0.0
metacog,0.6111111111111112,0.6,0.5185185185185185,0.5167423893288018,0.7494949494949495,,0.3774030947679678,0.9761711209664234,5,3,3,4041.9981479644775,0.5340576171875,wine,2,0.25,0.07,0.0
metacog,0.6666666666666666,0.6666666666666666,0.5666666666666667,0.5995445191824106,0.8387445887445887,,0.28708262043670824,0.9870125191045439,5,3,3,3912.168025970459,0.5915164947509766,wine,3,0.25,0.07,0.0
metacog,0.3888888888888889,0.3333333333333333,0.18666666666666668,0.0,0.5,,0.06047926749204607,0.8796421389376234,1,1,1,1881.7193508148193,0.6101131439208984,wine,4,0.25,0.07,0.0
metacog,0.9473684210526315,0.9487012987012987,0.9449275362318841,0.8904905361044291,0.9512987012987013,0.9514896867838044,0.21358133163914025,0.9888872175996579,5,3,3,54153.17153930664,1.4195442199707031,breast_cancer,0,0.25,0.07,0.0
metacog,0.9824561403508771,0.9772727272727273,0.981329839502129,0.9633432944855655,0.9772727272727273,0.9722222222222222,0.2977781401192274,0.9858737888548949,5,3,3,54576.31754875183,1.4433860778808594,breast_cancer,1,0.25,0.07,0.0
metacog,0.9298245614035088,0.9146825396825397,0.922972972972973,0.8486684247915055,0.9034391534391535,0.9130116959064327,0.2798662637828419,0.9830167275941617,5,3,3,54003.541231155396,1.5130043029785156,breast_cancer,2,0.25,0.07,0.0
metacog,0.8421052631578947,0.7956349206349207,0.8144665461121157,0.662595343916706,0.7982804232804233,0.8102115937789479,0.4142019566762563,0.9709976809823655,5,3,3,53906.01468086243,2.132415771484375,breast_cancer,3,0.25,0.07,0.0
metacog,0.9298245614035088,0.9047619047619048,0.9210526315789473,0.8535639569308375,0.9047619047619048,0.9,0.3303387131174819,0.959075996239208,5,3,3,52190.614461898804,1.4352798461914062,breast_cancer,4,0.25,0.07,0.0
metacog,0.805,0.5760869565217391,0.5758795062802458,0.34845909958918564,0.8462732919254659,0.5539805097451275,0.3610877650183528,0.8101232785846226,7,4,4,10473.302841186523,5.615949630737305,adult,0,0.25,0.07,0.0
metacog,0.805,0.5913325804630153,0.6010434248887525,0.3371846188159856,0.7637634105025409,0.46100790513833995,0.44062217910693524,0.8797266491742846,7,4,4,11964.77723121643,5.178928375244141,adult,1,0.25,0.07,0.0
metacog,0.8,0.5652173913043478,0.5579133510167993,0.32177789389368455,0.5652173913043478,0.33043478260869563,0.5177485492624431,1.0,3,2,2,6085.968255996704,5.244970321655273,adult,2,0.25,0.07,0.0
metacog,0.805,0.5760869565217391,0.5758795062802458,0.34845909958918564,0.5760869565217391,0.3471739130434783,0.5289958634037956,1.0,3,2,2,6068.244695663452,4.281044006347656,adult,3,0.25,0.07,0.0
metacog,0.795,0.5543478260869565,0.5392999606719479,0.29298753307495307,0.5543478260869565,0.31369565217391304,0.5123123594125598,1.0,3,2,2,6103.1317710876465,4.594564437866211,adult,4,0.25,0.07,0.0
metacog,0.3333333333333333,0.3333333333333333,0.16666666666666666,0.0,0.5,,1.0,0.9973710865078222,1,1,1,265.3167247772217,0.40221214294433594,iris,0,0.25,0.07,0.1
metacog,0.3333333333333333,0.3333333333333333,0.16666666666666666,0.0,0.5,,1.0,0.9970757773947009,1,1,1,266.02649688720703,0.4246234893798828,iris,1,0.25,0.07,0.1
metacog,0.3333333333333333,0.3333333333333333,0.16666666666666666,0.0,0.5,,1.0,0.9977269338811082,1,1,1,251.8472671508789,0.3612041473388672,iris,2,0.25,0.07,0.1
metacog,0.3333333333333333,0.3333333333333333,0.16666666666666666,0.0,0.5,,1.0,0.9961780853484691,1,1,1,250.34451484680176,0.34928321838378906,iris,3,0.25,0.07,0.1
metacog,0.3333333333333333,0.3333333333333333,0.16666666666666666,0.0,0.5,,0.8413882683090157,0.9971051500737994,1,1,1,314.84079360961914,0.36454200744628906,iris,4,0.25,0.07,0.1
metacog,0.3888888888888889,0.3333333333333333,0.18666666666666668,0.0,0.5,,0.05448551404923955,0.8356166464548431,1,1,1,1864.2120361328125,0.41174888610839844,wine,0,0.25,0.07,0.1
metacog,0.6111111111111112,0.6190476190476191,0.5135566188197767,0.4785101489172643,0.7938561438561439,,0.1166620945266864,0.9923821235256528,5,3,3,5448.9428997039795,0.5233287811279297,wine,1,0.25,0.07,0.1
metacog,0.6111111111111112,0.6,0.5185185185185185,0.5167423893288018,0.7494949494949495,,0.3774030947679678,0.9761711209664234,5,3,3,4021.101713180542,0.6508827209472656,wine,2,0.25,0.07,0.1
metacog,0.3888888888888889,0.3333333333333333,0.18666666666666668,0.0,0.5,,0.08826130698690134,0.9716808402437557,1,1,1,1943.8257217407227,0.4057884216308594,wine,3,0.25,0.07,0.1
metacog,0.3888888888888889,0.3333333333333333,0.18666666666666668,0.0,0.5,,0.06047926749204607,0.8796421389376234,1,1,1,1888.5164260864258,0.4131793975830078,wine,4,0.25,0.07,0.1
metacog,0.9473684210526315,0.9487012987012987,0.9449275362318841,0.8904905361044291,0.9512987012987013,0.9514896867838044,0.2128605955282232,0.9904241124341877,5,3,3,53948.41718673706,1.4796257019042969,breast_cancer,0,0.25,0.07,0.1
metacog,0.9824561403508771,0.9772727272727273,0.981329839502129,0.9633432944855655,0.9772727272727273,0.9722222222222222,0.2972640601417964,0.9858737888548949,5,3,3,54398.778200149536,1.4281272888183594,breast_cancer,1,0.25,0.07,0.1
metacog,0.631578947368421,0.5,0.3870967741935484,0.0,0.5,0.631578947368421,0.0971257789267817,0.9978297494359547,1,1,1,20639.10222053528,1.1432170867919922,breast_cancer,2,0.25,0.07,0.1
metacog,0.8421052631578947,0.7956349206349207,0.8144665461121157,0.662595343916706,0.7982804232804233,0.8102115937789479,0.4125268785528514,0.9654808723040684,5,3,3,53941.190004348755,1.4598369598388672,breast_cancer,3,0.25,0.07,0.1
metacog,0.9298245614035088,0.9047619047619048,0.9210526315789473,0.8535639569308375,0.9047619047619048,0.9,0.32420614859132296,0.9799090550488756,5,3,3,53204.424142837524,1.4138221740722656,breast_cancer,4,0.25,0.07,0.1
metacog,0.8,0.5652173913043478,0.5579133510167993,0.32177789389368455,0.5652173913043478,0.33043478260869563,0.5541350673001662,1.0,3,2,2,6540.342330932617,4.430055618286133,adult,0,0.25,0.07,0.1
metacog,0.805,0.5913325804630153,0.6010434248887525,0.3371846188159856,0.7637634105025409,0.46100790513833995,0.4402523890379214,0.8766580354991211,7,4,4,12755.391836166382,5.103349685668945,adult,1,0.25,0.07,0.1
metacog,0.8,0.5652173913043478,0.5579133510167993,0.32177789389368455,0.5652173913043478,0.33043478260869563,0.5177485492624431,1.0,3,2,2,6397.671461105347,4.390954971313477,adult,2,0.25,0.07,0.1
metacog,0.805,0.5760869565217391,0.5758795062802458,0.34845909958918564,0.5760869565217391,0.3471739130434783,0.5289958634037956,0.9989156713474379,3,2,2,6564.297437667847,4.862546920776367,adult,3,0.25,0.07,0.1
metacog,0.795,0.5543478260869565,0.5392999606719479,0.29298753307495307,0.5543478260869565,0.31369565217391304,0.5123123594125598,1.0,3,2,2,6357.766151428223,5.556344985961914,adult,4,0.25,0.07,0.1
metacog,0.3333333333333333,0.3333333333333333,0.16666666666666666,0.0,0.5,,1.0,0.9973710865078222,1,1,1,274.1882801055908,0.6902217864990234,iris,0,0.25,0.07,0.15
metacog,0.3333333333333333,0.3333333333333333,0.16666666666666666,0.0,0.5,,1.0,0.9970757773947009,1,1,1,274.463415145874,0.6701946258544922,iris,1,0.25,0.07,0.15
metacog,0.3333333333333333,0.3333333333333333,0.16666666666666666,0.0,0.5,,1.0,0.9977269338811082,1,1,1,243.47686767578125,0.3452301025390625,iris,2,0.25,0.07,0.15
metacog,0.3333333333333333,0.3333333333333333,0.16666666666666666,0.0,0.5,,1.0,0.9961780853484691,1,1,1,257.8861713409424,0.70953369140625,iris,3,0.25,0.07,0.15
metacog,0.3333333333333333,0.3333333333333333,0.16666666666666666,0.0,0.5,,0.8413882683090157,0.9971051500737994,1,1,1,307.57832527160645,0.34928321838378906,iris,4,0.25,0.07,0.15
metacog,0.3888888888888889,0.3333333333333333,0.18666666666666668,0.0,0.5,,0.05448551404923955,0.8356166464548431,1,1,1,1928.558588027954,0.7889270782470703,wine,0,0.25,0.07,0.15
metacog,0.3888888888888889,0.3333333333333333,0.18666666666666668,0.0,0.5,,0.10808918016984967,0.9836413568501193,1,1,1,1918.1196689605713,0.4227161407470703,wine,1,0.25,0.07,0.15
metacog,0.6111111111111112,0.6,0.5185185185185185,0.5167423893288018,0.7494949494949495,,0.3774030947679678,0.9761711209664234,5,3,3,3932.469367980957,0.5006790161132812,wine,2,0.25,0.07,0.15
metacog,0.3888888888888889,0.3333333333333333,0.18666666666666668,0.0,0.5,,0.08826130698690134,0.9716808402437557,1,1,1,1879.8115253448486,0.42557716369628906,wine,3,0.25,0.07,0.15
metacog,0.3888888888888889,0.3333333333333333,0.18666666666666668,0.0,0.5,,0.06047926749204607,0.8796421389376234,1,1,1,1895.1525688171387,0.42366981506347656,wine,4,0.25,0.07,0.15
metacog,0.9473684210526315,0.9487012987012987,0.9449275362318841,0.8904905361044291,0.9512987012987013,0.9514896867838044,0.2128605955282232,0.9904241124341877,5,3,3,54093.49822998047,1.4958381652832031,breast_cancer,0,0.25,0.07,0.15
metacog,0.9824561403508771,0.9772727272727273,0.981329839502129,0.9633432944855655,0.9772727272727273,0.9722222222222222,0.2972640601417964,0.9858737888548949,5,3,3,54252.5794506073,1.7020702362060547,breast_cancer,1,0.25,0.07,0.15
metacog,0.631578947368421,0.5,0.3870967741935484,0.0,0.5,0.631578947368421,0.0971257789267817,0.9978297494359547,1,1,1,20452.269554138184,2.3717880249023438,breast_cancer,2,0.25,0.07,0.15
metacog,0.8421052631578947,0.7956349206349207,0.8144665461121157,0.662595343916706,0.7982804232804233,0.8102115937789479,0.4125268785528514,0.9654808723040684,5,3,3,54105.93676567078,1.7170906066894531,breast_cancer,3,0.25,0.07,0.15
metacog,0.9298245614035088,0.9047619047619048,0.9210526315789473,0.8535639569308375,0.9047619047619048,0.9,0.32420614859132296,0.9799090550488756,5,3,3,53267.09771156311,1.489400863647461,breast_cancer,4,0.25,0.07,0.15
metacog,0.8,0.5652173913043478,0.5579133510167993,0.32177789389368455,0.5652173913043478,0.33043478260869563,0.5541350673001662,1.0,3,2,2,6403.025150299072,4.635095596313477,adult,0,0.25,0.07,0.15
metacog,0.805,0.5913325804630153,0.6010434248887525,0.3371846188159856,0.7637634105025409,0.46100790513833995,0.4402523890379214,0.8766580354991211,7,4,4,12560.405492782593,5.612611770629883,adult,1,0.25,0.07,0.15
metacog,0.8,0.5652173913043478,0.5579133510167993,0.32177789389368455,0.5652173913043478,0.33043478260869563,0.5177485492624431,1.0,3,2,2,6326.491832733154,4.298686981201172,adult,2,0.25,0.07,0.15
metacog,0.805,0.5760869565217391,0.5758795062802458,0.34845909958918564,0.5760869565217391,0.3471739130434783,0.5289958634037956,0.9989156713474379,3,2,2,6406.095266342163,7.197141647338867,adult,3,0.25,0.07,0.15
metacog,0.795,0.5543478260869565,0.5392999606719479,0.29298753307495307,0.5543478260869565,0.31369565217391304,0.5123123594125598,1.0,3,2,2,6606.482028961182,4.56547737121582,adult,4,0.25,0.07,0.15
metacog,0.3333333333333333,0.3333333333333333,0.16666666666666666,0.0,0.5,,1.0,0.9973710865078222,1,1,1,306.9436550140381,0.42176246643066406,iris,0,0.25,0.07,0.2
metacog,0.3333333333333333,0.3333333333333333,0.16666666666666666,0.0,0.5,,1.0,0.9970757773947009,1,1,1,238.00897598266602,0.3600120544433594,iris,1,0.25,0.07,0.2
metacog,0.3333333333333333,0.3333333333333333,0.16666666666666666,0.0,0.5,,1.0,0.9977269338811082,1,1,1,243.66497993469238,0.3635883331298828,iris,2,0.25,0.07,0.2
metacog,0.3333333333333333,0.3333333333333333,0.16666666666666666,0.0,0.5,,1.0,0.9961780853484691,1,1,1,254.4269561767578,0.40149688720703125,iris,3,0.25,0.07,0.2
metacog,0.3333333333333333,0.3333333333333333,0.16666666666666666,0.0,0.5,,0.8413882683090157,0.9971051500737994,1,1,1,266.11900329589844,0.3504753112792969,iris,4,0.25,0.07,0.2
metacog,0.3888888888888889,0.3333333333333333,0.18666666666666668,0.0,0.5,,0.05448551404923955,0.8356166464548431,1,1,1,1841.9313430786133,0.4744529724121094,wine,0,0.25,0.07,0.2
metacog,0.3888888888888889,0.3333333333333333,0.18666666666666668,0.0,0.5,,0.10808918016984967,0.9836413568501193,1,1,1,1854.058027267456,0.40531158447265625,wine,1,0.25,0.07,0.2
metacog,0.6111111111111112,0.6,0.5185185185185185,0.5167423893288018,0.7494949494949495,,0.3774030947679678,0.9761711209664234,5,3,3,3917.6790714263916,0.5273818969726562,wine,2,0.25,0.07,0.2
metacog,0.3888888888888889,0.3333333333333333,0.18666666666666668,0.0,0.5,,0.08826130698690134,0.9716808402437557,1,1,1,1928.5118579864502,0.8363723754882812,wine,3,0.25,0.07,0.2
metacog,0.3888888888888889,0.3333333333333333,0.18666666666666668,0.0,0.5,,0.06047926749204607,0.8796421389376234,1,1,1,1883.568286895752,0.4456043243408203,wine,4,0.25,0.07,0.2
metacog,0.9473684210526315,0.9487012987012987,0.9449275362318841,0.8904905361044291,0.9512987012987013,0.9514896867838044,0.2128605955282232,0.9904241124341877,5,3,3,53275.901556015015,1.5158653259277344,breast_cancer,0,0.25,0.07,0.2
metacog,0.9824561403508771,0.9772727272727273,0.981329839502129,0.9633432944855655,0.9772727272727273,0.9722222222222222,0.2972640601417964,0.9858737888548949,5,3,3,53636.93952560425,1.9307136535644531,breast_cancer,1,0.25,0.07,0.2
metacog,0.631578947368421,0.5,0.3870967741935484,0.0,0.5,0.631578947368421,0.0971257789267817,0.9978297494359547,1,1,1,20473.231077194214,1.1916160583496094,breast_cancer,2,0.25,0.07,0.2
metacog,0.8421052631578947,0.7956349206349207,0.8144665461121157,0.662595343916706,0.7982804232804233,0.8102115937789479,0.4125268785528514,0.9654808723040684,5,3,3,52924.702167510986,2.1142959594726562,breast_cancer,3,0.25,0.07,0.2
metacog,0.9298245614035088,0.9047619047619048,0.9210526315789473,0.8535639569308375,0.9047619047619048,0.9,0.32420614859132296,0.9799090550488756,5,3,3,49171.467542648315,1.7809867858886719,breast_cancer,4,0.25,0.07,0.2
metacog,0.8,0.5652173913043478,0.5579133510167993,0.32177789389368455,0.5652173913043478,0.33043478260869563,0.5541350673001662,1.0,3,2,2,5972.978830337524,4.491567611694336,adult,0,0.25,0.07,0.2
metacog,0.805,0.5913325804630153,0.6010434248887525,0.3371846188159856,0.7637634105025409,0.46100790513833995,0.4402523890379214,0.8766580354991211,7,4,4,11952.322006225586,7.234096527099609,adult,1,0.25,0.07,0.2
metacog,0.8,0.5652173913043478,0.5579133510167993,0.32177789389368455,0.5652173913043478,0.33043478260869563,0.5177485492624431,1.0,3,2,2,5911.5307331085205,4.335165023803711,adult,2,0.25,0.07,0.2
metacog,0.805,0.5760869565217391,0.5758795062802458,0.34845909958918564,0.5760869565217391,0.3471739130434783,0.5289958634037956,0.9989156713474379,3,2,2,5998.419284820557,5.162477493286133,adult,3,0.25,0.07,0.2
metacog,0.795,0.5543478260869565,0.5392999606719479,0.29298753307495307,0.5543478260869565,0.31369565217391304,0.5123123594125598,1.0,3,2,2,6034.604072570801,4.325151443481445,adult,4,0.25,0.07,0.2
metacog,0.3333333333333333,0.3333333333333333,0.16666666666666666,0.0,0.5,,1.0,0.9973710865078222,1,1,1,298.63834381103516,0.3600120544433594,iris,0,0.25,0.07,0.3
metacog,0.3333333333333333,0.3333333333333333,0.16666666666666666,0.0,0.5,,1.0,0.9970757773947009,1,1,1,237.80202865600586,0.8161067962646484,iris,1,0.25,0.07,0.3
metacog,0.3333333333333333,0.3333333333333333,0.16666666666666666,0.0,0.5,,1.0,0.9977269338811082,1,1,1,243.58296394348145,0.43511390686035156,iris,2,0.25,0.07,0.3
metacog,0.3333333333333333,0.3333333333333333,0.16666666666666666,0.0,0.5,,1.0,0.9961780853484691,1,1,1,244.94004249572754,0.3981590270996094,iris,3,0.25,0.07,0.3
metacog,0.3333333333333333,0.3333333333333333,0.16666666666666666,0.0,0.5,,0.8413882683090157,0.9971051500737994,1,1,1,255.15007972717285,0.3654956817626953,iris,4,0.25,0.07,0.3
metacog,0.3888888888888889,0.3333333333333333,0.18666666666666668,0.0,0.5,,0.05448551404923955,0.8356166464548431,1,1,1,1805.2940368652344,0.4239082336425781,wine,0,0.25,0.07,0.3
metacog,0.3888888888888889,0.3333333333333333,0.18666666666666668,0.0,0.5,,0.10808918016984967,0.9836413568501193,1,1,1,1817.4073696136475,0.42724609375,wine,1,0.25,0.07,0.3
metacog,0.3888888888888889,0.3333333333333333,0.18666666666666668,0.0,0.5,,0.12637829618825452,0.9628190126221114,1,1,1,1821.579933166504,0.4324913024902344,wine,2,0.25,0.07,0.3
metacog,0.3888888888888889,0.3333333333333333,0.18666666666666668,0.0,0.5,,0.08826130698690134,0.9716808402437557,1,1,1,1825.2906799316406,0.45180320739746094,wine,3,0.25,0.07,0.3
metacog,0.3888888888888889,0.3333333333333333,0.18666666666666668,0.0,0.5,,0.06047926749204607,0.8796421389376234,1,1,1,1908.534049987793,0.4298686981201172,wine,4,0.25,0.07,0.3
metacog,0.6140350877192983,0.5,0.3804347826086957,0.0,0.5,0.6140350877192983,0.16888261642988234,0.996438889669009,1,1,1,19794.57402229309,1.6765594482421875,breast_cancer,0,0.25,0.07,0.3
metacog,0.6140350877192983,0.5,0.3804347826086957,0.0,0.5,0.6140350877192983,0.17301101243890643,0.9800388511449721,1,1,1,20076.438426971436,1.3766288757324219,breast_cancer,1,0.25,0.07,0.3
metacog,0.631578947368421,0.5,0.3870967741935484,0.0,0.5,0.631578947368421,0.0971257789267817,0.9978297494359547,1,1,1,20148.152589797974,1.2390613555908203,breast_cancer,2,0.25,0.07,0.3
metacog,0.8421052631578947,0.7956349206349207,0.8144665461121157,0.662595343916706,0.7982804232804233,0.8102115937789479,0.4125268785528514,0.9654808723040684,5,3,3,52141.64996147156,1.5056133270263672,breast_cancer,3,0.25,0.07,0.3
metacog,0.9298245614035088,0.9047619047619048,0.9210526315789473,0.8535639569308375,0.9047619047619048,0.9,0.32420614859132296,0.9799090550488756,5,3,3,52688.06862831116,2.679109573364258,breast_cancer,4,0.25,0.07,0.3
metacog,0.8,0.5652173913043478,0.5579133510167993,0.32177789389368455,0.5652173913043478,0.33043478260869563,0.5541350673001662,1.0,3,2,2,6492.323160171509,5.302906036376953,adult,0,0.25,0.07,0.3
metacog,0.805,0.5913325804630153,0.6010434248887525,0.3371846188159856,0.7637634105025409,0.46100790513833995,0.4402523890379214,0.8766580354991211,7,4,4,12402.944564819336,5.719900131225586,adult,1,0.25,0.07,0.3
metacog,0.8,0.5652173913043478,0.5579133510167993,0.32177789389368455,0.5652173913043478,0.33043478260869563,0.5177485492624431,1.0,3,2,2,6286.346435546875,4.891157150268555,adult,2,0.25,0.07,0.3
metacog,0.805,0.5760869565217391,0.5758795062802458,0.34845909958918564,0.5760869565217391,0.3471739130434783,0.5289958634037956,0.9989156713474379,3,2,2,6291.344404220581,4.653215408325195,adult,3,0.25,0.07,0.3
metacog,0.795,0.5543478260869565,0.5392999606719479,0.29298753307495307,0.5543478260869565,0.31369565217391304,0.5123123594125598,1.0,3,2,2,6204.999208450317,4.486322402954102,adult,4,0.25,0.07,0.3
metacog,0.3333333333333333,0.3333333333333333,0.16666666666666666,0.0,0.5,,1.0,0.9973710865078222,1,1,1,299.61490631103516,0.6008148193359375,iris,0,0.25,0.07,0.4
metacog,0.3333333333333333,0.3333333333333333,0.16666666666666666,0.0,0.5,,1.0,0.9970757773947009,1,1,1,241.95122718811035,0.5733966827392578,iris,1,0.25,0.07,0.4
metacog,0.3333333333333333,0.3333333333333333,0.16666666666666666,0.0,0.5,,1.0,0.9977269338811082,1,1,1,243.07751655578613,0.41556358337402344,iris,2,0.25,0.07,0.4
metacog,0.3333333333333333,0.3333333333333333,0.16666666666666666,0.0,0.5,,1.0,0.9961780853484691,1,1,1,242.64192581176758,0.3666877746582031,iris,3,0.25,0.07,0.4
metacog,0.3333333333333333,0.3333333333333333,0.16666666666666666,0.0,0.5,,0.8413882683090157,0.9971051500737994,1,1,1,256.8025588989258,0.35190582275390625,iris,4,0.25,0.07,0.4
metacog,0.3888888888888889,0.3333333333333333,0.18666666666666668,0.0,0.5,,0.05448551404923955,0.8356166464548431,1,1,1,1811.0692501068115,0.5898475646972656,wine,0,0.25,0.07,0.4
metacog,0.3888888888888889,0.3333333333333333,0.18666666666666668,0.0,0.5,,0.10808918016984967,0.9836413568501193,1,1,1,1823.3766555786133,0.4382133483886719,wine,1,0.25,0.07,0.4
metacog,0.3888888888888889,0.3333333333333333,0.18666666666666668,0.0,0.5,,0.12637829618825452,0.9628190126221114,1,1,1,1863.2268905639648,0.7081031799316406,wine,2,0.25,0.07,0.4
metacog,0.3888888888888889,0.3333333333333333,0.18666666666666668,0.0,0.5,,0.08826130698690134,0.9716808402437557,1,1,1,1860.6679439544678,0.5590915679931641,wine,3,0.25,0.07,0.4
metacog,0.3888888888888889,0.3333333333333333,0.18666666666666668,0.0,0.5,,0.06047926749204607,0.8796421389376234,1,1,1,1916.3694381713867,0.4253387451171875,wine,4,0.25,0.07,0.4
metacog,0.6140350877192983,0.5,0.3804347826086957,0.0,0.5,0.6140350877192983,0.16888261642988234,0.996438889669009,1,1,1,20001.237392425537,1.2164115905761719,breast_cancer,0,0.25,0.07,0.4
metacog,0.6140350877192983,0.5,0.3804347826086957,0.0,0.5,0.6140350877192983,0.17301101243890643,0.9800388511449721,1,1,1,20285.921812057495,1.8019676208496094,breast_cancer,1,0.25,0.07,0.4
metacog,0.631578947368421,0.5,0.3870967741935484,0.0,0.5,0.631578947368421,0.0971257789267817,0.9978297494359547,1,1,1,20194.907426834106,1.4567375183105469,breast_cancer,2,0.25,0.07,0.4
metacog,0.8421052631578947,0.7956349206349207,0.8144665461121157,0.662595343916706,0.7982804232804233,0.8102115937789479,0.4125268785528514,0.9654808723040684,5,3,3,52160.16674041748,1.5442371368408203,breast_cancer,3,0.25,0.07,0.4
metacog,0.9298245614035088,0.9047619047619048,0.9210526315789473,0.8535639569308375,0.9047619047619048,0.9,0.32420614859132296,0.9799090550488756,5,3,3,52809.0295791626,1.4595985412597656,breast_cancer,4,0.25,0.07,0.4
metacog,0.8,0.5652173913043478,0.5579133510167993,0.32177789389368455,0.5652173913043478,0.33043478260869563,0.5541350673001662,1.0,3,2,2,6485.214710235596,5.988359451293945,adult,0,0.25,0.07,0.4
metacog,0.805,0.5913325804630153,0.6010434248887525,0.3371846188159856,0.7637634105025409,0.46100790513833995,0.4402523890379214,0.8766580354991211,7,4,4,12487.077236175537,5.539894104003906,adult,1,0.25,0.07,0.4
metacog,0.8,0.5652173913043478,0.5579133510167993,0.32177789389368455,0.5652173913043478,0.33043478260869563,0.5177485492624431,1.0,3,2,2,6292.48833656311,5.600690841674805,adult,2,0.25,0.07,0.4
metacog,0.805,0.5760869565217391,0.5758795062802458,0.34845909958918564,0.5760869565217391,0.3471739130434783,0.5289958634037956,0.9989156713474379,3,2,2,6317.488431930542,4.5166015625,adult,3,0.25,0.07,0.4
metacog,0.795,0.5543478260869565,0.5392999606719479,0.29298753307495307,0.5543478260869565,0.31369565217391304,0.5123123594125598,1.0,3,2,2,6145.310878753662,4.96673583984375,adult,4,0.25,0.07,0.4
metacog,0.3333333333333333,0.3333333333333333,0.16666666666666666,0.0,0.5,,1.0,0.9973710865078222,1,1,1,304.2008876800537,0.3638267517089844,iris,0,0.25,0.07,0.5
metacog,0.3333333333333333,0.3333333333333333,0.16666666666666666,0.0,0.5,,1.0,0.9970757773947009,1,1,1,236.39225959777832,0.4062652587890625,iris,1,0.25,0.07,0.5
metacog,0.3333333333333333,0.3333333333333333,0.16666666666666666,0.0,0.5,,1.0,0.9977269338811082,1,1,1,244.20690536499023,0.36716461181640625,iris,2,0.25,0.07,0.5
metacog,0.3333333333333333,0.3333333333333333,0.16666666666666666,0.0,0.5,,1.0,0.9961780853484691,1,1,1,240.6318187713623,0.3981590270996094,iris,3,0.25,0.07,0.5
metacog,0.3333333333333333,0.3333333333333333,0.16666666666666666,0.0,0.5,,0.8413882683090157,0.9971051500737994,1,1,1,264.97960090637207,0.36907196044921875,iris,4,0.25,0.07,0.5
metacog,0.3888888888888889,0.3333333333333333,0.18666666666666668,0.0,0.5,,0.05448551404923955,0.8356166464548431,1,1,1,1826.5955448150635,0.4432201385498047,wine,0,0.25,0.07,0.5
metacog,0.3888888888888889,0.3333333333333333,0.18666666666666668,0.0,0.5,,0.10808918016984967,0.9836413568501193,1,1,1,1851.3031005859375,0.4191398620605469,wine,1,0.25,0.07,0.5
metacog,0.3888888888888889,0.3333333333333333,0.18666666666666668,0.0,0.5,,0.12637829618825452,0.9628190126221114,1,1,1,1862.595558166504,0.42438507080078125,wine,2,0.25,0.07,0.5
metacog,0.3888888888888889,0.3333333333333333,0.18666666666666668,0.0,0.5,,0.08826130698690134,0.9716808402437557,1,1,1,1871.2027072906494,1.0745525360107422,wine,3,0.25,0.07,0.5
metacog,0.3888888888888889,0.3333333333333333,0.18666666666666668,0.0,0.5,,0.06047926749204607,0.8796421389376234,1,1,1,1918.565273284912,0.4563331604003906,wine,4,0.25,0.07,0.5
metacog,0.6140350877192983,0.5,0.3804347826086957,0.0,0.5,0.6140350877192983,0.16888261642988234,0.996438889669009,1,1,1,20032.449960708618,1.1348724365234375,breast_cancer,0,0.25,0.07,0.5
metacog,0.6140350877192983,0.5,0.3804347826086957,0.0,0.5,0.6140350877192983,0.17301101243890643,0.9800388511449721,1,1,1,20264.10150527954,1.6429424285888672,breast_cancer,1,0.25,0.07,0.5
metacog,0.631578947368421,0.5,0.3870967741935484,0.0,0.5,0.631578947368421,0.0971257789267817,0.9978297494359547,1,1,1,20244.25959587097,1.893758773803711,breast_cancer,2,0.25,0.07,0.5
metacog,0.8421052631578947,0.7956349206349207,0.8144665461121157,0.662595343916706,0.7982804232804233,0.8102115937789479,0.4125268785528514,0.9654808723040684,5,3,3,52319.57674026489,2.6175975799560547,breast_cancer,3,0.25,0.07,0.5
metacog,0.631578947368421,0.5,0.3870967741935484,0.0,0.5,0.631578947368421,0.26773643154259474,0.9718729874477393,1,1,1,20163.755178451538,1.2021064758300781,breast_cancer,4,0.25,0.07,0.5
metacog,0.8,0.5652173913043478,0.5579133510167993,0.32177789389368455,0.5652173913043478,0.33043478260869563,0.5541350673001662,1.0,3,2,2,6559.159755706787,4.490852355957031,adult,0,0.25,0.07,0.5
metacog,0.805,0.5913325804630153,0.6010434248887525,0.3371846188159856,0.5913325804630153,0.3450790513833992,0.6867096625830987,0.99993115173406,5,3,3,9730.82447052002,4.9915313720703125,adult,1,0.25,0.07,0.5
metacog,0.8,0.5652173913043478,0.5579133510167993,0.32177789389368455,0.5652173913043478,0.33043478260869563,0.5177485492624431,1.0,3,2,2,6612.866640090942,5.216836929321289,adult,2,0.25,0.07,0.5
metacog,0.805,0.5760869565217391,0.5758795062802458,0.34845909958918564,0.5760869565217391,0.3471739130434783,0.5289958634037956,0.9989156713474379,3,2,2,6706.041574478149,5.308389663696289,adult,3,0.25,0.07,0.5
metacog,0.795,0.5543478260869565,0.5392999606719479,0.29298753307495307,0.5543478260869565,0.31369565217391304,0.5123123594125598,1.0,3,2,2,6615.253210067749,5.6056976318359375,adult,4,0.25,0.07,0.5
metacog,0.6666666666666666,0.6666666666666666,0.5555555555555555,0.6123724356957945,0.8333333333333334,,0.5087148216635994,0.9931689782126119,3,2,2,429.5637607574463,0.4475116729736328,iris,0,0.25,0.1,0.0
metacog,0.6666666666666666,0.6666666666666666,0.5555555555555555,0.6123724356957945,0.8333333333333334,,0.5053783704402405,0.9846235543341044,3,2,2,430.9122562408447,0.44536590576171875,iris,1,0.25,0.1,0.0
metacog,0.6666666666666666,0.6666666666666666,0.5555555555555555,0.6123724356957945,0.8333333333333334,,0.5003001606412475,0.9925327311980254,3,2,2,451.6127109527588,0.47779083251953125,iris,2,0.25,0.1,0.0
metacog,0.6666666666666666,0.6666666666666666,0.5555555555555555,0.6123724356957945,0.8333333333333334,,0.5053783704402405,0.9923855873540359,3,2,2,471.372127532959,0.46706199645996094,iris,3,0.25,0.1,0.0
metacog,0.8666666666666667,0.8666666666666667,0.8666666666666667,0.8,0.9166666666666666,,0.4295544454919649,0.9728009417627567,5,3,3,563.8854503631592,0.5066394805908203,iris,4,0.25,0.1,0.0
metacog,0.3888888888888889,0.3333333333333333,0.18666666666666668,0.0,0.5,,0.05448551404923955,0.8356166464548431,1,1,1,1830.5835723876953,0.46706199645996094,wine,0,0.25,0.1,0.0
metacog,0.5555555555555556,0.5523809523809523,0.4666666666666666,0.38370849227674275,0.7267538017538017,,0.10820492580432357,0.991473694230434,3,2,2,3801.788091659546,0.5266666412353516,wine,1,0.25,0.1,0.0
metacog,0.6111111111111112,0.6,0.5185185185185185,0.5167423893288018,0.7494949494949495,,0.3774030947679678,0.9761711209664234,5,3,3,3761.416435241699,1.0406970977783203,wine,2,0.25,0.1,0.0
metacog,0.3888888888888889,0.3333333333333333,0.18666666666666668,0.0,0.5,,0.08826130698690134,0.9716808402437557,1,1,1,1814.4431114196777,0.7455348968505859,wine,3,0.25,0.1,0.0
metacog,0.3888888888888889,0.3333333333333333,0.18666666666666668,0.0,0.5,,0.06047926749204607,0.8796421389376234,1,1,1,1796.809196472168,0.4525184631347656,wine,4,0.25,0.1,0.0
metacog,0.9473684210526315,0.9487012987012987,0.9449275362318841,0.8904905361044291,0.9512987012987013,0.9514896867838044,0.21358133163914025,0.9888872175996579,5,3,3,51276.72982215881,1.6407966613769531,breast_cancer,0,0.25,0.1,0.0
metacog,0.9824561403508771,0.9772727272727273,0.981329839502129,0.9633432944855655,0.9772727272727273,0.9722222222222222,0.2977781401192274,0.9858737888548949,5,3,3,51497.411251068115,1.4657974243164062,breast_cancer,1,0.25,0.1,0.0
metacog,0.631578947368421,0.5,0.3870967741935484,0.0,0.5,0.631578947368421,0.0971257789267817,0.9978297494359547,1,1,1,19588.22464942932,1.1546611785888672,breast_cancer,2,0.25,0.1,0.0
metacog,0.8421052631578947,0.7956349206349207,0.8144665461121157,0.662595343916706,0.7982804232804233,0.8102115937789479,0.4142019566762563,0.9709976809823655,5,3,3,51159.92188453674,1.6887187957763672,breast_cancer,3,0.25,0.1,0.0
metacog,0.9298245614035088,0.9047619047619048,0.9210526315789473,0.8535639569308375,0.9047619047619048,0.9,0.3303387131174819,0.959075996239208,5,3,3,50229.24613952637,1.529693603515625,breast_cancer,4,0.25,0.1,0.0
metacog,0.8,0.5652173913043478,0.5579133510167993,0.32177789389368455,0.5652173913043478,0.33043478260869563,0.5541350673001662,1.0,3,2,2,5896.381616592407,4.921197891235352,adult,0,0.25,0.1,0.0
metacog,0.805,0.5913325804630153,0.6010434248887525,0.3371846188159856,0.7637634105025409,0.46100790513833995,0.44062217910693524,0.8797266491742846,7,4,4,11782.960653305054,5.107641220092773,adult,1,0.25,0.1,0.0
metacog,0.8,0.5652173913043478,0.5579133510167993,0.32177789389368455,0.5652173913043478,0.33043478260869563,0.5177485492624431,1.0,3,2,2,5892.197608947754,4.860877990722656,adult,2,0.25,0.1,0.0
metacog,0.805,0.5760869565217391,0.5758795062802458,0.34845909958918564,0.5760869565217391,0.3471739130434783,0.5289958634037956,1.0,3,2,2,5935.507535934448,4.232645034790039,adult,3,0.25,0.1,0.0
metacog,0.795,0.5543478260869565,0.5392999606719479,0.29298753307495307,0.5543478260869565,0.31369565217391304,0.5123123594125598,1.0,3,2,2,5899.096727371216,4.245758056640625,adult,4,0.25,0.1,0.0
metacog,0.3333333333333333,0.3333333333333333,0.16666666666666666,0.0,0.5,,1.0,0.9973710865078222,1,1,1,247.83825874328613,0.3628730773925781,iris,0,0.25,0.1,0.1
metacog,0.3333333333333333,0.3333333333333333,0.16666666666666666,0.0,0.5,,1.0,0.9970757773947009,1,1,1,233.98756980895996,0.3604888916015625,iris,1,0.25,0.1,0.1
metacog,0.3333333333333333,0.3333333333333333,0.16666666666666666,0.0,0.5,,1.0,0.9977269338811082,1,1,1,246.48380279541016,0.7586479187011719,iris,2,0.25,0.1,0.1
metacog,0.3333333333333333,0.3333333333333333,0.16666666666666666,0.0,0.5,,1.0,0.9961780853484691,1,1,1,240.51833152770996,0.4830360412597656,iris,3,0.25,0.1,0.1
metacog,0.3333333333333333,0.3333333333333333,0.16666666666666666,0.0,0.5,,0.8413882683090157,0.9971051500737994,1,1,1,258.1501007080078,0.7174015045166016,iris,4,0.25,0.1,0.1
metacog,0.3888888888888889,0.3333333333333333,0.18666666666666668,0.0,0.5,,0.05448551404923955,0.8356166464548431,1,1,1,1810.8038902282715,0.42366981506347656,wine,0,0.25,0.1,0.1
metacog,0.3888888888888889,0.3333333333333333,0.18666666666666668,0.0,0.5,,0.10808918016984967,0.9836413568501193,1,1,1,1795.5787181854248,0.4296302795410156,wine,1,0.25,0.1,0.1
metacog,0.3888888888888889,0.3333333333333333,0.18666666666666668,0.0,0.5,,0.12637829618825452,0.9628190126221114,1,1,1,1816.9448375701904,0.42438507080078125,wine,2,0.25,0.1,0.1
metacog,0.3888888888888889,0.3333333333333333,0.18666666666666668,0.0,0.5,,0.08826130698690134,0.9716808402437557,1,1,1,1792.1268939971924,0.4286766052246094,wine,3,0.25,0.1,0.1
metacog,0.3888888888888889,0.3333333333333333,0.18666666666666668,0.0,0.5,,0.06047926749204607,0.8796421389376234,1,1,1,1779.496192932129,0.43892860412597656,wine,4,0.25,0.1,0.1
metacog,0.9473684210526315,0.9487012987012987,0.9449275362318841,0.8904905361044291,0.9512987012987013,0.9514896867838044,0.2128605955282232,0.9904241124341877,5,3,3,50815.54412841797,2.198457717895508,breast_cancer,0,0.25,0.1,0.1
metacog,0.9824561403508771,0.9772727272727273,0.981329839502129,0.9633432944855655,0.9772727272727273,0.9722222222222222,0.2972640601417964,0.9858737888548949,5,3,3,51063.83299827576,1.5642642974853516,breast_cancer,1,0.25,0.1,0.1
metacog,0.631578947368421,0.5,0.3870967741935484,0.0,0.5,0.631578947368421,0.0971257789267817,0.9978297494359547,1,1,1,19385.31470298767,2.1104812622070312,breast_cancer,2,0.25,0.1,0.1
metacog,0.8421052631578947,0.7956349206349207,0.8144665461121157,0.662595343916706,0.7982804232804233,0.8102115937789479,0.4125268785528514,0.9654808723040684,5,3,3,50855.11016845703,2.911090850830078,breast_cancer,3,0.25,0.1,0.1
metacog,0.9298245614035088,0.9047619047619048,0.9210526315789473,0.8535639569308375,0.9047619047619048,0.9,0.32420614859132296,0.9799090550488756,5,3,3,49971.78673744202,1.4884471893310547,breast_cancer,4,0.25,0.1,0.1
metacog,0.8,0.5652173913043478,0.5579133510167993,0.32177789389368455,0.5652173913043478,0.33043478260869563,0.5541350673001662,1.0,3,2,2,5968.271493911743,5.005121231079102,adult,0,0.25,0.1,0.1
metacog,0.805,0.5913325804630153,0.6010434248887525,0.3371846188159856,0.7637634105025409,0.46100790513833995,0.4402523890379214,0.8766580354991211,7,4,4,11732.678890228271,5.278825759887695,adult,1,0.25,0.1,0.1
metacog,0.8,0.5652173913043478,0.5579133510167993,0.32177789389368455,0.5652173913043478,0.33043478260869563,0.5177485492624431,1.0,3,2,2,5876.243829727173,4.650354385375977,adult,2,0.25,0.1,0.1
metacog,0.805,0.5760869565217391,0.5758795062802458,0.34845909958918564,0.5760869565217391,0.3471739130434783,0.5289958634037956,0.9989156713474379,3,2,2,5859.523057937622,4.5623779296875,adult,3,0.25,0.1,0.1
metacog,0.795,0.5543478260869565,0.5392999606719479,0.29298753307495307,0.5543478260869565,0.31369565217391304,0.5123123594125598,1.0,3,2,2,5878.772735595703,4.3048858642578125,adult,4,0.25,0.1,0.1
metacog,0.3333333333333333,0.3333333333333333,0.16666666666666666,0.0,0.5,,1.0,0.9973710865078222,1,1,1,244.4307804107666,0.5059242248535156,iris,0,0.25,0.1,0.15
metacog,0.3333333333333333,0.3333333333333333,0.16666666666666666,0.0,0.5,,1.0,0.9970757773947009,1,1,1,239.3791675567627,0.7650852203369141,iris,1,0.25,0.1,0.15
metacog,0.3333333333333333,0.3333333333333333,0.16666666666666666,0.0,0.5,,1.0,0.9977269338811082,1,1,1,252.87985801696777,0.3457069396972656,iris,2,0.25,0.1,0.15
metacog,0.3333333333333333,0.3333333333333333,0.16666666666666666,0.0,0.5,,1.0,0.9961780853484691,1,1,1,248.98290634155273,0.4909038543701172,iris,3,0.25,0.1,0.15
metacog,0.3333333333333333,0.3333333333333333,0.16666666666666666,0.0,0.5,,0.8413882683090157,0.9971051500737994,1,1,1,260.6949806213379,0.7214546203613281,iris,4,0.25,0.1,0.15
metacog,0.3888888888888889,0.3333333333333333,0.18666666666666668,0.0,0.5,,0.05448551404923955,0.8356166464548431,1,1,1,1861.2799644470215,0.4448890686035156,wine,0,0.25,0.1,0.15
metacog,0.3888888888888889,0.3333333333333333,0.18666666666666668,0.0,0.5,,0.10808918016984967,0.9836413568501193,1,1,1,1821.5911388397217,0.4258155822753906,wine,1,0.25,0.1,0.15
metacog,0.3888888888888889,0.3333333333333333,0.18666666666666668,0.0,0.5,,0.12637829618825452,0.9628190126221114,1,1,1,1819.3964958190918,0.4208087921142578,wine,2,0.25,0.1,0.15
metacog,0.3888888888888889,0.3333333333333333,0.18666666666666668,0.0,0.5,,0.08826130698690134,0.9716808402437557,1,1,1,1791.4056777954102,0.4222393035888672,wine,3,0.25,0.1,0.15
metacog,0.3888888888888889,0.3333333333333333,0.18666666666666668,0.0,0.5,,0.06047926749204607,0.8796421389376234,1,1,1,1794.8625087738037,0.44536590576171875,wine,4,0.25,0.1,0.15
metacog,0.6140350877192983,0.5,0.3804347826086957,0.0,0.5,0.6140350877192983,0.16888261642988234,0.996438889669009,1,1,1,19426.135540008545,1.1992454528808594,breast_cancer,0,0.25,0.1,0.15
metacog,0.9824561403508771,0.9772727272727273,0.981329839502129,0.9633432944855655,0.9772727272727273,0.9722222222222222,0.2972640601417964,0.9858737888548949,5,3,3,51219.92111206055,1.535177230834961,breast_cancer,1,0.25,0.1,0.15
metacog,0.631578947368421,0.5,0.3870967741935484,0.0,0.5,0.631578947368421,0.0971257789267817,0.9978297494359547,1,1,1,19480.437994003296,1.2240409851074219,breast_cancer,2,0.25,0.1,0.15
metacog,0.8421052631578947,0.7956349206349207,0.8144665461121157,0.662595343916706,0.7982804232804233,0.8102115937789479,0.4125268785528514,0.9654808723040684,5,3,3,50833.38379859924,1.5299320220947266,breast_cancer,3,0.25,0.1,0.15
metacog,0.9298245614035088,0.9047619047619048,0.9210526315789473,0.8535639569308375,0.9047619047619048,0.9,0.32420614859132296,0.9799090550488756,5,3,3,50973.65379333496,1.646280288696289,breast_cancer,4,0.25,0.1,0.15
metacog,0.8,0.5652173913043478,0.5579133510167993,0.32177789389368455,0.5652173913043478,0.33043478260869563,0.5541350673001662,1.0,3,2,2,6265.11812210083,5.366802215576172,adult,0,0.25,0.1,0.15
metacog,0.805,0.5913325804630153,0.6010434248887525,0.3371846188159856,0.7637634105025409,0.46100790513833995,0.4402523890379214,0.8766580354991211,7,4,4,12202.07405090332,5.3997039794921875,adult,1,0.25,0.1,0.15
metacog,0.8,0.5652173913043478,0.5579133510167993,0.32177789389368455,0.5652173913043478,0.33043478260869563,0.5177485492624431,1.0,3,2,2,6026.6876220703125,4.509687423706055,adult,2,0.25,0.1,0.15
metacog,0.805,0.5760869565217391,0.5758795062802458,0.34845909958918564,0.5760869565217391,0.3471739130434783,0.5289958634037956,0.9989156713474379,3,2,2,6074.122667312622,4.500627517700195,adult,3,0.25,0.1,0.15
metacog,0.795,0.5543478260869565,0.5392999606719479,0.29298753307495307,0.5543478260869565,0.31369565217391304,0.5123123594125598,1.0,3,2,2,6034.501552581787,4.489660263061523,adult,4,0.25,0.1,0.15
metacog,0.3333333333333333,0.3333333333333333,0.16666666666666666,0.0,0.5,,1.0,0.9973710865078222,1,1,1,248.38948249816895,0.38933753967285156,iris,0,0.25,0.1,0.2
metacog,0.3333333333333333,0.3333333333333333,0.16666666666666666,0.0,0.5,,1.0,0.9970757773947009,1,1,1,234.87520217895508,0.3635883331298828,iris,1,0.25,0.1,0.2
metacog,0.3333333333333333,0.3333333333333333,0.16666666666666666,0.0,0.5,,1.0,0.9977269338811082,1,1,1,242.43879318237305,0.6251335144042969,iris,2,0.25,0.1,0.2
metacog,0.3333333333333333,0.3333333333333333,0.16666666666666666,0.0,0.5,,1.0,0.9961780853484691,1,1,1,244.3702220916748,0.3674030303955078,iris,3,0.25,0.1,0.2
metacog,0.3333333333333333,0.3333333333333333,0.16666666666666666,0.0,0.5,,0.8413882683090157,0.9971051500737994,1,1,1,271.34013175964355,0.3654956817626953,iris,4,0.25,0.1,0.2
metacog,0.3888888888888889,0.3333333333333333,0.18666666666666668,0.0,0.5,,0.05448551404923955,0.8356166464548431,1,1,1,1849.4181632995605,0.5917549133300781,wine,0,0.25,0.1,0.2
metacog,0.3888888888888889,0.3333333333333333,0.18666666666666668,0.0,0.5,,0.10808918016984967,0.9836413568501193,1,1,1,1850.9109020233154,0.4634857177734375,wine,1,0.25,0.1,0.2
metacog,0.3888888888888889,0.3333333333333333,0.18666666666666668,0.0,0.5,,0.12637829618825452,0.9628190126221114,1,1,1,1817.6889419555664,0.4334449768066406,wine,2,0.25,0.1,0.2
metacog,0.3888888888888889,0.3333333333333333,0.18666666666666668,0.0,0.5,,0.08826130698690134,0.9716808402437557,1,1,1,1839.0498161315918,0.41937828063964844,wine,3,0.25,0.1,0.2
metacog,0.3888888888888889,0.3333333333333333,0.18666666666666668,0.0,0.5,,0.06047926749204607,0.8796421389376234,1,1,1,1835.622787475586,0.42247772216796875,wine,4,0.25,0.1,0.2
metacog,0.6140350877192983,0.5,0.3804347826086957,0.0,0.5,0.6140350877192983,0.16888261642988234,0.996438889669009,1,1,1,19631.95300102234,2.263307571411133,breast_cancer,0,0.25,0.1,0.2
metacog,0.6140350877192983,0.5,0.3804347826086957,0.0,0.5,0.6140350877192983,0.17301101243890643,0.9800388511449721,1,1,1,19584.802389144897,1.3387203216552734,breast_cancer,1,0.25,0.1,0.2
metacog,0.631578947368421,0.5,0.3870967741935484,0.0,0.5,0.631578947368421,0.0971257789267817,0.9978297494359547,1,1,1,19787.087202072144,1.2280941009521484,breast_cancer,2,0.25,0.1,0.2
metacog,0.8421052631578947,0.7956349206349207,0.8144665461121157,0.662595343916706,0.7982804232804233,0.8102115937789479,0.4125268785528514,0.9654808723040684,5,3,3,51295.05896568298,1.4643669128417969,breast_cancer,3,0.25,0.1,0.2
metacog,0.9298245614035088,0.9047619047619048,0.9210526315789473,0.8535639569308375,0.9047619047619048,0.9,0.32420614859132296,0.9799090550488756,5,3,3,51638.48543167114,1.5308856964111328,breast_cancer,4,0.25,0.1,0.2
metacog,0.8,0.5652173913043478,0.5579133510167993,0.32177789389368455,0.5652173913043478,0.33043478260869563,0.5541350673001662,1.0,3,2,2,6508.354902267456,7.464885711669922,adult,0,0.25,0.1,0.2
metacog,0.805,0.5913325804630153,0.6010434248887525,0.3371846188159856,0.7637634105025409,0.46100790513833995,0.4402523890379214,0.8766580354991211,7,4,4,12729.690551757812,5.39088249206543,adult,1,0.25,0.1,0.2
metacog,0.8,0.5652173913043478,0.5579133510167993,0.32177789389368455,0.5652173913043478,0.33043478260869563,0.5177485492624431,1.0,3,2,2,6495.976686477661,4.694938659667969,adult,2,0.25,0.1,0.2
metacog,0.805,0.5760869565217391,0.5758795062802458,0.34845909958918564,0.5760869565217391,0.3471739130434783,0.5289958634037956,0.9989156713474379,3,2,2,6597.259521484375,5.489349365234375,adult,3,0.25,0.1,0.2
metacog,0.795,0.5543478260869565,0.5392999606719479,0.29298753307495307,0.5543478260869565,0.31369565217391304,0.5123123594125598,1.0,3,2,2,6493.977785110474,5.586385726928711,adult,4,0.25,0.1,0.2
metacog,0.3333333333333333,0.3333333333333333,0.16666666666666666,0.0,0.5,,1.0,0.9973710865078222,1,1,1,254.32252883911133,0.36454200744628906,iris,0,0.25,0.1,0.3
metacog,0.3333333333333333,0.3333333333333333,0.16666666666666666,0.0,0.5,,1.0,0.9970757773947009,1,1,1,243.0870532989502,0.362396240234375,iris,1,0.25,0.1,0.3
metacog,0.3333333333333333,0.3333333333333333,0.16666666666666666,0.0,0.5,,1.0,0.9977269338811082,1,1,1,251.16276741027832,0.3688335418701172,iris,2,0.25,0.1,0.3
metacog,0.3333333333333333,0.3333333333333333,0.16666666666666666,0.0,0.5,,1.0,0.9961780853484691,1,1,1,253.53384017944336,0.5340576171875,iris,3,0.25,0.1,0.3
metacog,0.3333333333333333,0.3333333333333333,0.16666666666666666,0.0,0.5,,0.8413882683090157,0.9971051500737994,1,1,1,271.09742164611816,0.36644935607910156,iris,4,0.25,0.1,0.3
metacog,0.3888888888888889,0.3333333333333333,0.18666666666666668,0.0,0.5,,0.05448551404923955,0.8356166464548431,1,1,1,1817.448616027832,0.4451274871826172,wine,0,0.25,0.1,0.3
metacog,0.3888888888888889,0.3333333333333333,0.18666666666666668,0.0,0.5,,0.10808918016984967,0.9836413568501193,1,1,1,1799.5965480804443,0.5104541778564453,wine,1,0.25,0.1,0.3
metacog,0.3888888888888889,0.3333333333333333,0.18666666666666668,0.0,0.5,,0.12637829618825452,0.9628190126221114,1,1,1,1846.2018966674805,0.42057037353515625,wine,2,0.25,0.1,0.3
metacog,0.3888888888888889,0.3333333333333333,0.18666666666666668,0.0,0.5,,0.08826130698690134,0.9716808402437557,1,1,1,1821.8257427215576,0.42700767517089844,wine,3,0.25,0.1,0.3
metacog,0.3888888888888889,0.3333333333333333,0.18666666666666668,0.0,0.5,,0.06047926749204607,0.8796421389376234,1,1,1,1894.8071002960205,0.3986358642578125,wine,4,0.25,0.1,0.3
metacog,0.6140350877192983,0.5,0.3804347826086957,0.0,0.5,0.6140350877192983,0.16888261642988234,0.996438889669009,1,1,1,19590.861558914185,1.1444091796875,breast_cancer,0,0.25,0.1,0.3
metacog,0.6140350877192983,0.5,0.3804347826086957,0.0,0.5,0.6140350877192983,0.17301101243890643,0.9800388511449721,1,1,1,19671.482801437378,1.2249946594238281,breast_cancer,1,0.25,0.1,0.3
metacog,0.631578947368421,0.5,0.3870967741935484,0.0,0.5,0.631578947368421,0.0971257789267817,0.9978297494359547,1,1,1,19812.88981437683,1.352548599243164,breast_cancer,2,0.25,0.1,0.3
metacog,0.8421052631578947,0.7956349206349207,0.8144665461121157,0.662595343916706,0.7982804232804233,0.8102115937789479,0.4125268785528514,0.9654808723040684,5,3,3,51643.0389881134,1.6930103302001953,breast_cancer,3,0.25,0.1,0.3
metacog,0.9298245614035088,0.9047619047619048,0.9210526315789473,0.8535639569308375,0.9047619047619048,0.9,0.32420614859132296,0.9799090550488756,5,3,3,51651.29017829895,1.8205642700195312,breast_cancer,4,0.25,0.1,0.3
metacog,0.8,0.5652173913043478,0.5579133510167993,0.32177789389368455,0.5652173913043478,0.33043478260869563,0.5541350673001662,1.0,3,2,2,6015.16318321228,4.760265350341797,adult,0,0.25,0.1,0.3
metacog,0.805,0.5913325804630153,0.6010434248887525,0.3371846188159856,0.5913325804630153,0.3450790513833992,0.6867096625830987,0.99993115173406,5,3,3,9022.261381149292,5.626916885375977,adult,1,0.25,0.1,0.3
metacog,0.8,0.5652173913043478,0.5579133510167993,0.32177789389368455,0.5652173913043478,0.33043478260869563,0.5177485492624431,1.0,3,2,2,6047.341346740723,4.89497184753418,adult,2,0.25,0.1,0.3
metacog,0.805,0.5760869565217391,0.5758795062802458,0.34845909958918564,0.5760869565217391,0.3471739130434783,0.5289958634037956,0.9989156713474379,3,2,2,6009.626150131226,4.534244537353516,adult,3,0.25,0.1,0.3
metacog,0.795,0.5543478260869565,0.5392999606719479,0.29298753307495307,0.5543478260869565,0.31369565217391304,0.5123123594125598,1.0,3,2,2,5958.382844924927,4.506111145019531,adult,4,0.25,0.1,0.3
metacog,0.3333333333333333,0.3333333333333333,0.16666666666666666,0.0,0.5,,1.0,0.9973710865078222,1,1,1,241.4100170135498,0.7302761077880859,iris,0,0.25,0.1,0.4
metacog,0.3333333333333333,0.3333333333333333,0.16666666666666666,0.0,0.5,,1.0,0.9970757773947009,1,1,1,232.4213981628418,0.3466606140136719,iris,1,0.25,0.1,0.4
metacog,0.3333333333333333,0.3333333333333333,0.16666666666666666,0.0,0.5,,1.0,0.9977269338811082,1,1,1,257.2202682495117,0.4112720489501953,iris,2,0.25,0.1,0.4
metacog,0.3333333333333333,0.3333333333333333,0.16666666666666666,0.0,0.5,,1.0,0.9961780853484691,1,1,1,238.24667930603027,0.5273818969726562,iris,3,0.25,0.1,0.4
metacog,0.3333333333333333,0.3333333333333333,0.16666666666666666,0.0,0.5,,0.8413882683090157,0.9971051500737994,1,1,1,270.5388069152832,0.38695335388183594,iris,4,0.25,0.1,0.4
metacog,0.3888888888888889,0.3333333333333333,0.18666666666666668,0.0,0.5,,0.05448551404923955,0.8356166464548431,1,1,1,1786.5097522735596,0.4334449768066406,wine,0,0.25,0.1,0.4
metacog,0.3888888888888889,0.3333333333333333,0.18666666666666668,0.0,0.5,,0.10808918016984967,0.9836413568501193,1,1,1,1799.8998165130615,0.42176246643066406,wine,1,0.25,0.1,0.4
metacog,0.3888888888888889,0.3333333333333333,0.18666666666666668,0.0,0.5,,0.12637829618825452,0.9628190126221114,1,1,1,1797.454595565796,0.4036426544189453,wine,2,0.25,0.1,0.4
metacog,0.3888888888888889,0.3333333333333333,0.18666666666666668,0.0,0.5,,0.08826130698690134,0.9716808402437557,1,1,1,1785.7213020324707,0.4425048828125,wine,3,0.25,0.1,0.4
metacog,0.3888888888888889,0.3333333333333333,0.18666666666666668,0.0,0.5,,0.06047926749204607,0.8796421389376234,1,1,1,1886.6186141967773,0.45299530029296875,wine,4,0.25,0.1,0.4
metacog,0.6140350877192983,0.5,0.3804347826086957,0.0,0.5,0.6140350877192983,0.16888261642988234,0.996438889669009,1,1,1,19330.36231994629,1.215219497680664,breast_cancer,0,0.25,0.1,0.4
metacog,0.6140350877192983,0.5,0.3804347826086957,0.0,0.5,0.6140350877192983,0.17301101243890643,0.9800388511449721,1,1,1,19608.502864837646,1.2295246124267578,breast_cancer,1,0.25,0.1,0.4
metacog,0.631578947368421,0.5,0.3870967741935484,0.0,0.5,0.631578947368421,0.0971257789267817,0.9978297494359547,1,1,1,19612.702131271362,1.1639595031738281,breast_cancer,2,0.25,0.1,0.4
metacog,0.8421052631578947,0.7956349206349207,0.8144665461121157,0.662595343916706,0.7982804232804233,0.8102115937789479,0.4125268785528514,0.9654808723040684,5,3,3,50952.21972465515,1.7435550689697266,breast_cancer,3,0.25,0.1,0.4
metacog,0.631578947368421,0.5,0.3870967741935484,0.0,0.5,0.631578947368421,0.26773643154259474,0.9718729874477393,1,1,1,19237.773180007935,1.8177032470703125,breast_cancer,4,0.25,0.1,0.4
metacog,0.8,0.5652173913043478,0.5579133510167993,0.32177789389368455,0.5652173913043478,0.33043478260869563,0.5541350673001662,1.0,3,2,2,6296.852827072144,4.918098449707031,adult,0,0.25,0.1,0.4
metacog,0.805,0.5913325804630153,0.6010434248887525,0.3371846188159856,0.5913325804630153,0.3450790513833992,0.6867096625830987,0.99993115173406,5,3,3,9491.14990234375,5.850315093994141,adult,1,0.25,0.1,0.4
metacog,0.8,0.5652173913043478,0.5579133510167993,0.32177789389368455,0.5652173913043478,0.33043478260869563,0.5177485492624431,1.0,3,2,2,6342.507123947144,4.494667053222656,adult,2,0.25,0.1,0.4
metacog,0.805,0.5760869565217391,0.5758795062802458,0.34845909958918564,0.5760869565217391,0.3471739130434783,0.5289958634037956,0.9989156713474379,3,2,2,6277.551889419556,4.342555999755859,adult,3,0.25,0.1,0.4
metacog,0.795,0.5543478260869565,0.5392999606719479,0.29298753307495307,0.5543478260869565,0.31369565217391304,0.5123123594125598,1.0,3,2,2,6326.884984970093,4.560947418212891,adult,4,0.25,0.1,0.4
metacog,0.3333333333333333,0.3333333333333333,0.16666666666666666,0.0,0.5,,1.0,0.9973710865078222,1,1,1,254.7590732574463,0.3604888916015625,iris,0,0.25,0.1,0.5
metacog,0.3333333333333333,0.3333333333333333,0.16666666666666666,0.0,0.5,,1.0,0.9970757773947009,1,1,1,227.38099098205566,0.34236907958984375,iris,1,0.25,0.1,0.5
metacog,0.3333333333333333,0.3333333333333333,0.16666666666666666,0.0,0.5,,1.0,0.9977269338811082,1,1,1,256.44540786743164,0.3666877746582031,iris,2,0.25,0.1,0.5
metacog,0.3333333333333333,0.3333333333333333,0.16666666666666666,0.0,0.5,,1.0,0.9961780853484691,1,1,1,238.97552490234375,0.3647804260253906,iris,3,0.25,0.1,0.5
metacog,0.3333333333333333,0.3333333333333333,0.16666666666666666,0.0,0.5,,0.8413882683090157,0.9971051500737994,1,1,1,265.28286933898926,0.3666877746582031,iris,4,0.25,0.1,0.5
metacog,0.3888888888888889,0.3333333333333333,0.18666666666666668,0.0,0.5,,0.05448551404923955,0.8356166464548431,1,1,1,1774.3005752563477,0.41103363037109375,wine,0,0.25,0.1,0.5
metacog,0.3888888888888889,0.3333333333333333,0.18666666666666668,0.0,0.5,,0.10808918016984967,0.9836413568501193,1,1,1,1810.7304573059082,0.4258155822753906,wine,1,0.25,0.1,0.5
metacog,0.3888888888888889,0.3333333333333333,0.18666666666666668,0.0,0.5,,0.12637829618825452,0.9628190126221114,1,1,1,1802.4260997772217,0.8096694946289062,wine,2,0.25,0.1,0.5
metacog,0.3888888888888889,0.3333333333333333,0.18666666666666668,0.0,0.5,,0.08826130698690134,0.9716808402437557,1,1,1,1792.6928997039795,0.423431396484375,wine,3,0.25,0.1,0.5
metacog,0.3888888888888889,0.3333333333333333,0.18666666666666668,0.0,0.5,,0.06047926749204607,0.8796421389376234,1,1,1,1865.2186393737793,0.4305839538574219,wine,4,0.25,0.1,0.5
metacog,0.6140350877192983,0.5,0.3804347826086957,0.0,0.5,0.6140350877192983,0.16888261642988234,0.996438889669009,1,1,1,19212.140321731567,1.4407634735107422,breast_cancer,0,0.25,0.1,0.5
metacog,0.6140350877192983,0.5,0.3804347826086957,0.0,0.5,0.6140350877192983,0.17301101243890643,0.9800388511449721,1,1,1,19459.444284439087,2.258777618408203,breast_cancer,1,0.25,0.1,0.5
metacog,0.631578947368421,0.5,0.3870967741935484,0.0,0.5,0.631578947368421,0.0971257789267817,0.9978297494359547,1,1,1,19401.137113571167,1.394033432006836,breast_cancer,2,0.25,0.1,0.5
metacog,0.8421052631578947,0.7956349206349207,0.8144665461121157,0.662595343916706,0.7982804232804233,0.8102115937789479,0.4125268785528514,0.9654808723040684,5,3,3,50532.98735618591,1.57928466796875,breast_cancer,3,0.25,0.1,0.5
metacog,0.631578947368421,0.5,0.3870967741935484,0.0,0.5,0.631578947368421,0.26773643154259474,0.9718729874477393,1,1,1,19194.215059280396,1.2044906616210938,breast_cancer,4,0.25,0.1,0.5
metacog,0.8,0.5652173913043478,0.5579133510167993,0.32177789389368455,0.5652173913043478,0.33043478260869563,0.5541350673001662,1.0,3,2,2,6289.268493652344,4.477739334106445,adult,0,0.25,0.1,0.5
metacog,0.805,0.5913325804630153,0.6010434248887525,0.3371846188159856,0.5913325804630153,0.3450790513833992,0.6867096625830987,0.99993115173406,5,3,3,9421.682596206665,4.972934722900391,adult,1,0.25,0.1,0.5
metacog,0.8,0.5652173913043478,0.5579133510167993,0.32177789389368455,0.5652173913043478,0.33043478260869563,0.5177485492624431,1.0,3,2,2,6316.617488861084,4.494190216064453,adult,2,0.25,0.1,0.5
metacog,0.805,0.5760869565217391,0.5758795062802458,0.34845909958918564,0.5760869565217391,0.3471739130434783,0.5289958634037956,0.9989156713474379,3,2,2,6246.858596801758,4.906892776489258,adult,3,0.25,0.1,0.5
metacog,0.795,0.5543478260869565,0.5392999606719479,0.29298753307495307,0.5543478260869565,0.31369565217391304,0.5123123594125598,1.0,3,2,2,6356.816530227661,5.830049514770508,adult,4,0.25,0.1,0.5
metacog,0.6666666666666666,0.6666666666666666,0.5555555555555555,0.6123724356957945,0.8333333333333334,,0.5087148216635994,0.9931689782126119,3,2,2,417.44184494018555,0.44417381286621094,iris,0,0.25,0.12,0.0
metacog,0.6666666666666666,0.6666666666666666,0.5555555555555555,0.6123724356957945,0.8333333333333334,,0.5053783704402405,0.9846235543341044,3,2,2,435.3756904602051,0.9086132049560547,iris,1,0.25,0.12,0.0
metacog,0.6666666666666666,0.6666666666666666,0.5555555555555555,0.6123724356957945,0.8333333333333334,,0.5003001606412475,0.9925327311980254,3,2,2,460.89720726013184,0.4432201385498047,iris,2,0.25,0.12,0.0
metacog,0.6666666666666666,0.6666666666666666,0.5555555555555555,0.6123724356957945,0.8333333333333334,,0.5053783704402405,0.9923855873540359,3,2,2,436.9168281555176,0.46706199645996094,iris,3,0.25,0.12,0.0
metacog,0.8666666666666667,0.8666666666666667,0.8666666666666667,0.8,0.9166666666666666,,0.4295544454919649,0.9728009417627567,5,3,3,561.042308807373,0.4780292510986328,iris,4,0.25,0.12,0.0
metacog,0.3888888888888889,0.3333333333333333,0.18666666666666668,0.0,0.5,,0.05448551404923955,0.8356166464548431,1,1,1,1811.6250038146973,0.4291534423828125,wine,0,0.25,0.12,0.0
metacog,0.3888888888888889,0.3333333333333333,0.18666666666666668,0.0,0.5,,0.10808918016984967,0.9836413568501193,1,1,1,1811.0990524291992,0.4220008850097656,wine,1,0.25,0.12,0.0
metacog,0.6111111111111112,0.6,0.5185185185185185,0.5167423893288018,0.7494949494949495,,0.3774030947679678,0.9761711209664234,5,3,3,3818.382501602173,0.5242824554443359,wine,2,0.25,0.12,0.0
metacog,0.3888888888888889,0.3333333333333333,0.18666666666666668,0.0,0.5,,0.08826130698690134,0.9716808402437557,1,1,1,1813.0788803100586,0.5154609680175781,wine,3,0.25,0.12,0.0
metacog,0.3888888888888889,0.3333333333333333,0.18666666666666668,0.0,0.5,,0.06047926749204607,0.8796421389376234,1,1,1,1796.8461513519287,0.8447170257568359,wine,4,0.25,0.12,0.0
metacog,0.9473684210526315,0.9487012987012987,0.9449275362318841,0.8904905361044291,0.9512987012987013,0.9514896867838044,0.21358133163914025,0.9888872175996579,5,3,3,51172.24740982056,1.4848709106445312,breast_cancer,0,0.25,0.12,0.0
metacog,0.9824561403508771,0.9772727272727273,0.981329839502129,0.9633432944855655,0.9772727272727273,0.9722222222222222,0.2977781401192274,0.9858737888548949,5,3,3,51396.70944213867,1.9545555114746094,breast_cancer,1,0.25,0.12,0.0
metacog,0.631578947368421,0.5,0.3870967741935484,0.0,0.5,0.631578947368421,0.0971257789267817,0.9978297494359547,1,1,1,19430.097818374634,1.5103816986083984,breast_cancer,2,0.25,0.12,0.0
metacog,0.8421052631578947,0.7956349206349207,0.8144665461121157,0.662595343916706,0.7982804232804233,0.8102115937789479,0.4142019566762563,0.9709976809823655,5,3,3,49895.32375335693,1.8148422241210938,breast_cancer,3,0.25,0.12,0.0
metacog,0.9298245614035088,0.9047619047619048,0.9210526315789473,0.8535639569308375,0.9047619047619048,0.9,0.3303387131174819,0.959075996239208,5,3,3,47879.915714263916,1.3959407806396484,breast_cancer,4,0.25,0.12,0.0
metacog,0.8,0.5652173913043478,0.5579133510167993,0.32177789389368455,0.5652173913043478,0.33043478260869563,0.5541350673001662,1.0,3,2,2,5982.784986495972,4.968881607055664,adult,0,0.25,0.12,0.0
metacog,0.805,0.5913325804630153,0.6010434248887525,0.3371846188159856,0.7637634105025409,0.46100790513833995,0.44062217910693524,0.8797266491742846,7,4,4,11719.157457351685,5.024909973144531,adult,1,0.25,0.12,0.0
metacog,0.8,0.5652173913043478,0.5579133510167993,0.32177789389368455,0.5652173913043478,0.33043478260869563,0.5177485492624431,1.0,3,2,2,5888.483047485352,4.406929016113281,adult,2,0.25,0.12,0.0
metacog,0.805,0.5760869565217391,0.5758795062802458,0.34845909958918564,0.5760869565217391,0.3471739130434783,0.5289958634037956,1.0,3,2,2,6008.261203765869,4.35328483581543,adult,3,0.25,0.12,0.0
metacog,0.795,0.5543478260869565,0.5392999606719479,0.29298753307495307,0.5543478260869565,0.31369565217391304,0.5123123594125598,1.0,3,2,2,5958.076953887939,4.275321960449219,adult,4,0.25,0.12,0.0
metacog,0.3333333333333333,0.3333333333333333,0.16666666666666666,0.0,0.5,,1.0,0.9973710865078222,1,1,1,234.02953147888184,0.3654956817626953,iris,0,0.25,0.12,0.1
metacog,0.3333333333333333,0.3333333333333333,0.16666666666666666,0.0,0.5,,1.0,0.9970757773947009,1,1,1,232.43045806884766,0.3669261932373047,iris,1,0.25,0.12,0.1
metacog,0.3333333333333333,0.3333333333333333,0.16666666666666666,0.0,0.5,,1.0,0.9977269338811082,1,1,1,247.73740768432617,0.3674030303955078,iris,2,0.25,0.12,0.1
metacog,0.3333333333333333,0.3333333333333333,0.16666666666666666,0.0,0.5,,1.0,0.9961780853484691,1,1,1,238.10887336730957,0.36334991455078125,iris,3,0.25,0.12,0.1
metacog,0.3333333333333333,0.3333333333333333,0.16666666666666666,0.0,0.5,,0.8413882683090157,0.9971051500737994,1,1,1,266.8001651763916,0.40268898010253906,iris,4,0.25,0.12,0.1
metacog,0.3888888888888889,0.3333333333333333,0.18666666666666668,0.0,0.5,,0.05448551404923955,0.8356166464548431,1,1,1,1809.0729713439941,0.41365623474121094,wine,0,0.25,0.12,0.1
metacog,0.3888888888888889,0.3333333333333333,0.18666666666666668,0.0,0.5,,0.10808918016984967,0.9836413568501193,1,1,1,1806.4756393432617,0.41794776916503906,wine,1,0.25,0.12,0.1
metacog,0.3888888888888889,0.3333333333333333,0.18666666666666668,0.0,0.5,,0.12637829618825452,0.9628190126221114,1,1,1,1812.7412796020508,0.3972053527832031,wine,2,0.25,0.12,0.1
metacog,0.3888888888888889,0.3333333333333333,0.18666666666666668,0.0,0.5,,0.08826130698690134,0.9716808402437557,1,1,1,1797.8599071502686,0.4258155822753906,wine,3,0.25,0.12,0.1
metacog,0.3888888888888889,0.3333333333333333,0.18666666666666668,0.0,0.5,,0.06047926749204607,0.8796421389376234,1,1,1,1770.9548473358154,0.4258155822753906,wine,4,0.25,0.12,0.1
metacog,0.6140350877192983,0.5,0.3804347826086957,0.0,0.5,0.6140350877192983,0.16888261642988234,0.996438889669009,1,1,1,19314.24880027771,1.310110092163086,breast_cancer,0,0.25,0.12,0.1
metacog,0.9824561403508771,0.9772727272727273,0.981329839502129,0.9633432944855655,0.9772727272727273,0.9722222222222222,0.2972640601417964,0.9858737888548949,5,3,3,50873.99077415466,1.5017986297607422,breast_cancer,1,0.25,0.12,0.1
metacog,0.631578947368421,0.5,0.3870967741935484,0.0,0.5,0.631578947368421,0.0971257789267817,0.9978297494359547,1,1,1,19368.956565856934,1.1932849884033203,breast_cancer,2,0.25,0.12,0.1
metacog,0.8421052631578947,0.7956349206349207,0.8144665461121157,0.662595343916706,0.7982804232804233,0.8102115937789479,0.4125268785528514,0.9654808723040684,5,3,3,50428.90214920044,2.5031566619873047,breast_cancer,3,0.25,0.12,0.1
metacog,0.9298245614035088,0.9047619047619048,0.9210526315789473,0.8535639569308375,0.9047619047619048,0.9,0.32420614859132296,0.9799090550488756,5,3,3,49443.27116012573,1.5065670013427734,breast_cancer,4,0.25,0.12,0.1
metacog,0.8,0.5652173913043478,0.5579133510167993,0.32177789389368455,0.5652173913043478,0.33043478260869563,0.5541350673001662,1.0,3,2,2,6085.893392562866,4.818916320800781,adult,0,0.25,0.12,0.1
metacog,0.805,0.5913325804630153,0.6010434248887525,0.3371846188159856,0.7637634105025409,0.46100790513833995,0.4402523890379214,0.8766580354991211,7,4,4,11893.659830093384,6.488561630249023,adult,1,0.25,0.12,0.1
metacog,0.8,0.5652173913043478,0.5579133510167993,0.32177789389368455,0.5652173913043478,0.33043478260869563,0.5177485492624431,1.0,3,2,2,6032.77850151062,4.534482955932617,adult,2,0.25,0.12,0.1
metacog,0.805,0.5760869565217391,0.5758795062802458,0.34845909958918564,0.5760869565217391,0.3471739130434783,0.5289958634037956,0.9989156713474379,3,2,2,6031.909465789795,9.762287139892578,adult,3,0.25,0.12,0.1
metacog,0.795,0.5543478260869565,0.5392999606719479,0.29298753307495307,0.5543478260869565,0.31369565217391304,0.5123123594125598,1.0,3,2,2,6117.030143737793,5.60760498046875,adult,4,0.25,0.12,0.1
metacog,0.3333333333333333,0.3333333333333333,0.16666666666666666,0.0,0.5,,1.0,0.9973710865078222,1,1,1,241.70279502868652,0.7147789001464844,iris,0,0.25,0.12,0.15
metacog,0.3333333333333333,0.3333333333333333,0.16666666666666666,0.0,0.5,,1.0,0.9970757773947009,1,1,1,230.6666374206543,0.3628730773925781,iris,1,0.25,0.12,0.15
metacog,0.3333333333333333,0.3333333333333333,0.16666666666666666,0.0,0.5,,1.0,0.9977269338811082,1,1,1,249.73535537719727,0.3635883331298828,iris,2,0.25,0.12,0.15
metacog,0.3333333333333333,0.3333333333333333,0.16666666666666666,0.0,0.5,,1.0,0.9961780853484691,1,1,1,241.8529987335205,0.37980079650878906,iris,3,0.25,0.12,0.15
metacog,0.3333333333333333,0.3333333333333333,0.16666666666666666,0.0,0.5,,0.8413882683090157,0.9971051500737994,1,1,1,265.1028633117676,0.3647804260253906,iris,4,0.25,0.12,0.15
metacog,0.3888888888888889,0.3333333333333333,0.18666666666666668,0.0,0.5,,0.05448551404923955,0.8356166464548431,1,1,1,1793.060302734375,0.42748451232910156,wine,0,0.25,0.12,0.15
metacog,0.3888888888888889,0.3333333333333333,0.18666666666666668,0.0,0.5,,0.10808918016984967,0.9836413568501193,1,1,1,1769.4580554962158,0.44083595275878906,wine,1,0.25,0.12,0.15
metacog,0.3888888888888889,0.3333333333333333,0.18666666666666668,0.0,0.5,,0.12637829618825452,0.9628190126221114,1,1,1,1830.9447765350342,0.42057037353515625,wine,2,0.25,0.12,0.15
metacog,0.3888888888888889,0.3333333333333333,0.18666666666666668,0.0,0.5,,0.08826130698690134,0.9716808402437557,1,1,1,1798.8572120666504,0.4603862762451172,wine,3,0.25,0.12,0.15
metacog,0.3888888888888889,0.3333333333333333,0.18666666666666668,0.0,0.5,,0.06047926749204607,0.8796421389376234,1,1,1,1783.2057476043701,0.4303455352783203,wine,4,0.25,0.12,0.15
metacog,0.6140350877192983,0.5,0.3804347826086957,0.0,0.5,0.6140350877192983,0.16888261642988234,0.996438889669009,1,1,1,19497.828483581543,1.678466796875,breast_cancer,0,0.25,0.12,0.15
metacog,0.6140350877192983,0.5,0.3804347826086957,0.0,0.5,0.6140350877192983,0.17301101243890643,0.9800388511449721,1,1,1,19394.878387451172,1.2066364288330078,breast_cancer,1,0.25,0.12,0.15
metacog,0.631578947368421,0.5,0.3870967741935484,0.0,0.5,0.631578947368421,0.0971257789267817,0.9978297494359547,1,1,1,19562.102794647217,1.2316703796386719,breast_cancer,2,0.25,0.12,0.15
metacog,0.8421052631578947,0.7956349206349207,0.8144665461121157,0.662595343916706,0.7982804232804233,0.8102115937789479,0.4125268785528514,0.9654808723040684,5,3,3,50572.03984260559,1.4848709106445312,breast_cancer,3,0.25,0.12,0.15
metacog,0.9298245614035088,0.9047619047619048,0.9210526315789473,0.8535639569308375,0.9047619047619048,0.9,0.32420614859132296,0.9799090550488756,5,3,3,50690.19055366516,1.9185543060302734,breast_cancer,4,0.25,0.12,0.15
metacog,0.8,0.5652173913043478,0.5579133510167993,0.32177789389368455,0.5652173913043478,0.33043478260869563,0.5541350673001662,1.0,3,2,2,6305.224895477295,4.705190658569336,adult,0,0.25,0.12,0.15
metacog,0.805,0.5913325804630153,0.6010434248887525,0.3371846188159856,0.7637634105025409,0.46100790513833995,0.4402523890379214,0.8766580354991211,7,4,4,11918.84994506836,5.342245101928711,adult,1,0.25,0.12,0.15
metacog,0.8,0.5652173913043478,0.5579133510167993,0.32177789389368455,0.5652173913043478,0.33043478260869563,0.5177485492624431,1.0,3,2,2,6041.744232177734,5.214214324951172,adult,2,0.25,0.12,0.15
metacog,0.805,0.5760869565217391,0.5758795062802458,0.34845909958918564,0.5760869565217391,0.3471739130434783,0.5289958634037956,0.9989156713474379,3,2,2,6019.835710525513,4.33039665222168,adult,3,0.25,0.12,0.15
metacog,0.795,0.5543478260869565,0.5392999606719479,0.29298753307495307,0.5543478260869565,0.31369565217391304,0.5123123594125598,1.0,3,2,2,6133.950471878052,4.306554794311523,adult,4,0.25,0.12,0.15
metacog,0.3333333333333333,0.3333333333333333,0.16666666666666666,0.0,0.5,,1.0,0.9973710865078222,1,1,1,244.1236972808838,0.36597251892089844,iris,0,0.25,0.12,0.2
metacog,0.3333333333333333,0.3333333333333333,0.16666666666666666,0.0,0.5,,1.0,0.9970757773947009,1,1,1,235.5966567993164,0.3466606140136719,iris,1,0.25,0.12,0.2
metacog,0.3333333333333333,0.3333333333333333,0.16666666666666666,0.0,0.5,,1.0,0.9977269338811082,1,1,1,251.25575065612793,0.36215782165527344,iris,2,0.25,0.12,0.2
metacog,0.3333333333333333,0.3333333333333333,0.16666666666666666,0.0,0.5,,1.0,0.9961780853484691,1,1,1,253.31759452819824,0.35572052001953125,iris,3,0.25,0.12,0.2
metacog,0.3333333333333333,0.3333333333333333,0.16666666666666666,0.0,0.5,,0.8413882683090157,0.9971051500737994,1,1,1,281.19373321533203,0.3657341003417969,iris,4,0.25,0.12,0.2
metacog,0.3888888888888889,0.3333333333333333,0.18666666666666668,0.0,0.5,,0.05448551404923955,0.8356166464548431,1,1,1,1798.945426940918,0.4215240478515625,wine,0,0.25,0.12,0.2
metacog,0.3888888888888889,0.3333333333333333,0.18666666666666668,0.0,0.5,,0.10808918016984967,0.9836413568501193,1,1,1,1829.3752670288086,0.8141994476318359,wine,1,0.25,0.12,0.2
metacog,0.3888888888888889,0.3333333333333333,0.18666666666666668,0.0,0.5,,0.12637829618825452,0.9628190126221114,1,1,1,1837.1174335479736,0.41794776916503906,wine,2,0.25,0.12,0.2
metacog,0.3888888888888889,0.3333333333333333,0.18666666666666668,0.0,0.5,,0.08826130698690134,0.9716808402437557,1,1,1,1820.2757835388184,0.4532337188720703,wine,3,0.25,0.12,0.2
metacog,0.3888888888888889,0.3333333333333333,0.18666666666666668,0.0,0.5,,0.06047926749204607,0.8796421389376234,1,1,1,1783.4992408752441,0.4398822784423828,wine,4,0.25,0.12,0.2
metacog,0.6140350877192983,0.5,0.3804347826086957,0.0,0.5,0.6140350877192983,0.16888261642988234,0.996438889669009,1,1,1,19637.369871139526,1.2159347534179688,breast_cancer,0,0.25,0.12,0.2
metacog,0.6140350877192983,0.5,0.3804347826086957,0.0,0.5,0.6140350877192983,0.17301101243890643,0.9800388511449721,1,1,1,19594.75564956665,1.22833251953125,breast_cancer,1,0.25,0.12,0.2
metacog,0.631578947368421,0.5,0.3870967741935484,0.0,0.5,0.631578947368421,0.0971257789267817,0.9978297494359547,1,1,1,19868.439435958862,1.2018680572509766,breast_cancer,2,0.25,0.12,0.2
metacog,0.8421052631578947,0.7956349206349207,0.8144665461121157,0.662595343916706,0.7982804232804233,0.8102115937789479,0.4125268785528514,0.9654808723040684,5,3,3,51373.0034828186,1.4657974243164062,breast_cancer,3,0.25,0.12,0.2
metacog,0.9298245614035088,0.9047619047619048,0.9210526315789473,0.8535639569308375,0.9047619047619048,0.9,0.32420614859132296,0.9799090550488756,5,3,3,51324.5210647583,2.0990371704101562,breast_cancer,4,0.25,0.12,0.2
metacog,0.8,0.5652173913043478,0.5579133510167993,0.32177789389368455,0.5652173913043478,0.33043478260869563,0.5541350673001662,1.0,3,2,2,6294.848442077637,4.784107208251953,adult,0,0.25,0.12,0.2
metacog,0.805,0.5913325804630153,0.6010434248887525,0.3371846188159856,0.5913325804630153,0.3450790513833992,0.6867096625830987,0.99993115173406,5,3,3,9105.13949394226,4.713296890258789,adult,1,0.25,0.12,0.2
metacog,0.8,0.5652173913043478,0.5579133510167993,0.32177789389368455,0.5652173913043478,0.33043478260869563,0.5177485492624431,1.0,3,2,2,6079.556226730347,4.483222961425781,adult,2,0.25,0.12,0.2
metacog,0.805,0.5760869565217391,0.5758795062802458,0.34845909958918564,0.5760869565217391,0.3471739130434783,0.5289958634037956,0.9989156713474379,3,2,2,6093.997478485107,4.607677459716797,adult,3,0.25,0.12,0.2
metacog,0.795,0.5543478260869565,0.5392999606719479,0.29298753307495307,0.5543478260869565,0.31369565217391304,0.5123123594125598,1.0,3,2,2,6188.132047653198,7.169008255004883,adult,4,0.25,0.12,0.2
metacog,0.3333333333333333,0.3333333333333333,0.16666666666666666,0.0,0.5,,1.0,0.9973710865078222,1,1,1,238.36493492126465,0.36334991455078125,iris,0,0.25,0.12,0.3
metacog,0.3333333333333333,0.3333333333333333,0.16666666666666666,0.0,0.5,,1.0,0.9970757773947009,1,1,1,231.17733001708984,0.5087852478027344,iris,1,0.25,0.12,0.3
metacog,0.3333333333333333,0.3333333333333333,0.16666666666666666,0.0,0.5,,1.0,0.9977269338811082,1,1,1,239.7294044494629,0.3497600555419922,iris,2,0.25,0.12,0.3
metacog,0.3333333333333333,0.3333333333333333,0.16666666666666666,0.0,0.5,,1.0,0.9961780853484691,1,1,1,246.0486888885498,0.8685588836669922,iris,3,0.25,0.12,0.3
metacog,0.3333333333333333,0.3333333333333333,0.16666666666666666,0.0,0.5,,0.8413882683090157,0.9971051500737994,1,1,1,281.94499015808105,0.3628730773925781,iris,4,0.25,0.12,0.3
metacog,0.3888888888888889,0.3333333333333333,0.18666666666666668,0.0,0.5,,0.05448551404923955,0.8356166464548431,1,1,1,1808.7506294250488,0.43463706970214844,wine,0,0.25,0.12,0.3
metacog,0.3888888888888889,0.3333333333333333,0.18666666666666668,0.0,0.5,,0.10808918016984967,0.9836413568501193,1,1,1,1779.2882919311523,0.4215240478515625,wine,1,0.25,0.12,0.3
metacog,0.3888888888888889,0.3333333333333333,0.18666666666666668,0.0,0.5,,0.12637829618825452,0.9628190126221114,1,1,1,1805.3102493286133,0.4439353942871094,wine,2,0.25,0.12,0.3
metacog,0.3888888888888889,0.3333333333333333,0.18666666666666668,0.0,0.5,,0.08826130698690134,0.9716808402437557,1,1,1,1825.1371383666992,0.4012584686279297,wine,3,0.25,0.12,0.3
metacog,0.3888888888888889,0.3333333333333333,0.18666666666666668,0.0,0.5,,0.06047926749204607,0.8796421389376234,1,1,1,1792.7725315093994,0.4019737243652344,wine,4,0.25,0.12,0.3
metacog,0.6140350877192983,0.5,0.3804347826086957,0.0,0.5,0.6140350877192983,0.16888261642988234,0.996438889669009,1,1,1,19544.40975189209,1.196146011352539,breast_cancer,0,0.25,0.12,0.3
metacog,0.6140350877192983,0.5,0.3804347826086957,0.0,0.5,0.6140350877192983,0.17301101243890643,0.9800388511449721,1,1,1,19495.33200263977,1.209259033203125,breast_cancer,1,0.25,0.12,0.3
metacog,0.631578947368421,0.5,0.3870967741935484,0.0,0.5,0.631578947368421,0.0971257789267817,0.9978297494359547,1,1,1,19779.42132949829,1.2121200561523438,breast_cancer,2,0.25,0.12,0.3
metacog,0.8421052631578947,0.7956349206349207,0.8144665461121157,0.662595343916706,0.7982804232804233,0.8102115937789479,0.4125268785528514,0.9654808723040684,5,3,3,50875.01573562622,2.4862289428710938,breast_cancer,3,0.25,0.12,0.3
metacog,0.631578947368421,0.5,0.3870967741935484,0.0,0.5,0.631578947368421,0.26773643154259474,0.9718729874477393,1,1,1,19471.80938720703,1.2028217315673828,breast_cancer,4,0.25,0.12,0.3
metacog,0.8,0.5652173913043478,0.5579133510167993,0.32177789389368455,0.5652173913043478,0.33043478260869563,0.5541350673001662,1.0,3,2,2,6332.977533340454,4.572629928588867,adult,0,0.25,0.12,0.3
metacog,0.805,0.5913325804630153,0.6010434248887525,0.3371846188159856,0.5913325804630153,0.3450790513833992,0.6867096625830987,0.99993115173406,5,3,3,9466.495990753174,5.01561164855957,adult,1,0.25,0.12,0.3
metacog,0.8,0.5652173913043478,0.5579133510167993,0.32177789389368455,0.5652173913043478,0.33043478260869563,0.5177485492624431,1.0,3,2,2,6291.94712638855,5.120992660522461,adult,2,0.25,0.12,0.3
metacog,0.805,0.5760869565217391,0.5758795062802458,0.34845909958918564,0.5760869565217391,0.3471739130434783,0.5289958634037956,0.9989156713474379,3,2,2,6315.625429153442,5.888938903808594,adult,3,0.25,0.12,0.3
metacog,0.795,0.5543478260869565,0.5392999606719479,0.29298753307495307,0.5543478260869565,0.31369565217391304,0.5123123594125598,1.0,3,2,2,6422.949314117432,4.818439483642578,adult,4,0.25,0.12,0.3
metacog,0.3333333333333333,0.3333333333333333,0.16666666666666666,0.0,0.5,,1.0,0.9973710865078222,1,1,1,304.2473793029785,0.34546852111816406,iris,0,0.25,0.12,0.4
metacog,0.3333333333333333,0.3333333333333333,0.16666666666666666,0.0,0.5,,1.0,0.9970757773947009,1,1,1,257.61961936950684,0.36716461181640625,iris,1,0.25,0.12,0.4
metacog,0.3333333333333333,0.3333333333333333,0.16666666666666666,0.0,0.5,,1.0,0.9977269338811082,1,1,1,259.7212791442871,0.3712177276611328,iris,2,0.25,0.12,0.4
metacog,0.3333333333333333,0.3333333333333333,0.16666666666666666,0.0,0.5,,1.0,0.9961780853484691,1,1,1,258.7614059448242,0.37479400634765625,iris,3,0.25,0.12,0.4
metacog,0.3333333333333333,0.3333333333333333,0.16666666666666666,0.0,0.5,,0.8413882683090157,0.9971051500737994,1,1,1,280.61389923095703,0.5927085876464844,iris,4,0.25,0.12,0.4
metacog,0.3888888888888889,0.3333333333333333,0.18666666666666668,0.0,0.5,,0.05448551404923955,0.8356166464548431,1,1,1,1958.1942558288574,0.4799365997314453,wine,0,0.25,0.12,0.4
metacog,0.3888888888888889,0.3333333333333333,0.18666666666666668,0.0,0.5,,0.10808918016984967,0.9836413568501193,1,1,1,1869.6866035461426,0.4189014434814453,wine,1,0.25,0.12,0.4
metacog,0.3888888888888889,0.3333333333333333,0.18666666666666668,0.0,0.5,,0.12637829618825452,0.9628190126221114,1,1,1,1826.0183334350586,0.7369518280029297,wine,2,0.25,0.12,0.4
metacog,0.3888888888888889,0.3333333333333333,0.18666666666666668,0.0,0.5,,0.08826130698690134,0.9716808402437557,1,1,1,1839.0541076660156,0.4286766052246094,wine,3,0.25,0.12,0.4
metacog,0.3888888888888889,0.3333333333333333,0.18666666666666668,0.0,0.5,,0.06047926749204607,0.8796421389376234,1,1,1,1927.8504848480225,0.43201446533203125,wine,4,0.25,0.12,0.4
metacog,0.6140350877192983,0.5,0.3804347826086957,0.0,0.5,0.6140350877192983,0.16888261642988234,0.996438889669009,1,1,1,22088.39178085327,1.226663589477539,breast_cancer,0,0.25,0.12,0.4
metacog,0.6140350877192983,0.5,0.3804347826086957,0.0,0.5,0.6140350877192983,0.17301101243890643,0.9800388511449721,1,1,1,22441.360235214233,1.7652511596679688,breast_cancer,1,0.25,0.12,0.4
metacog,0.631578947368421,0.5,0.3870967741935484,0.0,0.5,0.631578947368421,0.0971257789267817,0.9978297494359547,1,1,1,20090.02447128296,1.2359619140625,breast_cancer,2,0.25,0.12,0.4
metacog,0.8421052631578947,0.7956349206349207,0.8144665461121157,0.662595343916706,0.7982804232804233,0.8102115937789479,0.4125268785528514,0.9654808723040684,5,3,3,53356.48012161255,2.4690628051757812,breast_cancer,3,0.25,0.12,0.4
metacog,0.631578947368421,0.5,0.3870967741935484,0.0,0.5,0.631578947368421,0.26773643154259474,0.9718729874477393,1,1,1,19919.58737373352,1.2383460998535156,breast_cancer,4,0.25,0.12,0.4
metacog,0.8,0.5652173913043478,0.5579133510167993,0.32177789389368455,0.5652173913043478,0.33043478260869563,0.5541350673001662,1.0,3,2,2,6398.971080780029,4.50444221496582,adult,0,0.25,0.12,0.4
metacog,0.805,0.5913325804630153,0.6010434248887525,0.3371846188159856,0.5913325804630153,0.3450790513833992,0.6867096625830987,0.99993115173406,5,3,3,9546.15831375122,6.376504898071289,adult,1,0.25,0.12,0.4
metacog,0.8,0.5652173913043478,0.5579133510167993,0.32177789389368455,0.5652173913043478,0.33043478260869563,0.5177485492624431,1.0,3,2,2,6439.52202796936,4.535675048828125,adult,2,0.25,0.12,0.4
metacog,0.805,0.5760869565217391,0.5758795062802458,0.34845909958918564,0.5760869565217391,0.3471739130434783,0.5289958634037956,0.9989156713474379,3,2,2,6352.606296539307,4.375696182250977,adult,3,0.25,0.12,0.4
metacog,0.795,0.5543478260869565,0.5392999606719479,0.29298753307495307,0.5543478260869565,0.31369565217391304,0.5123123594125598,1.0,3,2,2,6401.9670486450195,4.483222961425781,adult,4,0.25,0.12,0.4
metacog,0.3333333333333333,0.3333333333333333,0.16666666666666666,0.0,0.5,,1.0,0.9973710865078222,1,1,1,309.3400001525879,0.3452301025390625,iris,0,0.25,0.12,0.5
metacog,0.3333333333333333,0.3333333333333333,0.16666666666666666,0.0,0.5,,1.0,0.9970757773947009,1,1,1,264.44530487060547,0.36978721618652344,iris,1,0.25,0.12,0.5
metacog,0.3333333333333333,0.3333333333333333,0.16666666666666666,0.0,0.5,,1.0,0.9977269338811082,1,1,1,267.9567337036133,0.37169456481933594,iris,2,0.25,0.12,0.5
metacog,0.3333333333333333,0.3333333333333333,0.16666666666666666,0.0,0.5,,1.0,0.9961780853484691,1,1,1,255.80382347106934,0.3719329833984375,iris,3,0.25,0.12,0.5
metacog,0.3333333333333333,0.3333333333333333,0.16666666666666666,0.0,0.5,,0.8413882683090157,0.9971051500737994,1,1,1,278.7470817565918,0.3979206085205078,iris,4,0.25,0.12,0.5
metacog,0.3888888888888889,0.3333333333333333,0.18666666666666668,0.0,0.5,,0.05448551404923955,0.8356166464548431,1,1,1,1972.8176593780518,0.4534721374511719,wine,0,0.25,0.12,0.5
metacog,0.3888888888888889,0.3333333333333333,0.18666666666666668,0.0,0.5,,0.10808918016984967,0.9836413568501193,1,1,1,1868.6845302581787,0.41985511779785156,wine,1,0.25,0.12,0.5
metacog,0.3888888888888889,0.3333333333333333,0.18666666666666668,0.0,0.5,,0.12637829618825452,0.9628190126221114,1,1,1,1890.9649848937988,0.3986358642578125,wine,2,0.25,0.12,0.5
metacog,0.3888888888888889,0.3333333333333333,0.18666666666666668,0.0,0.5,,0.08826130698690134,0.9716808402437557,1,1,1,1899.097204208374,0.41866302490234375,wine,3,0.25,0.12,0.5
metacog,0.3888888888888889,0.3333333333333333,0.18666666666666668,0.0,0.5,,0.06047926749204607,0.8796421389376234,1,1,1,1937.2735023498535,0.8599758148193359,wine,4,0.25,0.12,0.5
metacog,0.6140350877192983,0.5,0.3804347826086957,0.0,0.5,0.6140350877192983,0.16888261642988234,0.996438889669009,1,1,1,22158.143758773804,1.2097358703613281,breast_cancer,0,0.25,0.12,0.5
metacog,0.6140350877192983,0.5,0.3804347826086957,0.0,0.5,0.6140350877192983,0.17301101243890643,0.9800388511449721,1,1,1,22196.823596954346,1.2404918670654297,breast_cancer,1,0.25,0.12,0.5
metacog,0.631578947368421,0.5,0.3870967741935484,0.0,0.5,0.631578947368421,0.0971257789267817,0.9978297494359547,1,1,1,20387.20965385437,1.1980533599853516,breast_cancer,2,0.25,0.12,0.5
metacog,0.8421052631578947,0.7956349206349207,0.8144665461121157,0.662595343916706,0.7982804232804233,0.8102115937789479,0.4125268785528514,0.9654808723040684,5,3,3,53962.453842163086,2.7501583099365234,breast_cancer,3,0.25,0.12,0.5
metacog,0.631578947368421,0.5,0.3870967741935484,0.0,0.5,0.631578947368421,0.26773643154259474,0.9718729874477393,1,1,1,20104.730129241943,1.2233257293701172,breast_cancer,4,0.25,0.12,0.5
metacog,0.8,0.5652173913043478,0.5579133510167993,0.32177789389368455,0.5652173913043478,0.33043478260869563,0.5541350673001662,1.0,3,2,2,6572.335243225098,6.184816360473633,adult,0,0.25,0.12,0.5
metacog,0.805,0.5913325804630153,0.6010434248887525,0.3371846188159856,0.5913325804630153,0.3450790513833992,0.6867096625830987,0.99993115173406,5,3,3,9687.491416931152,5.593299865722656,adult,1,0.25,0.12,0.5
metacog,0.8,0.5652173913043478,0.5579133510167993,0.32177789389368455,0.5652173913043478,0.33043478260869563,0.5177485492624431,1.0,3,2,2,6545.388698577881,4.583120346069336,adult,2,0.25,0.12,0.5
metacog,0.805,0.5760869565217391,0.5758795062802458,0.34845909958918564,0.5760869565217391,0.3471739130434783,0.5289958634037956,0.9989156713474379,3,2,2,6388.993501663208,4.854679107666016,adult,3,0.25,0.12,0.5
metacog,0.795,0.5543478260869565,0.5392999606719479,0.29298753307495307,0.5543478260869565,0.31369565217391304,0.5123123594125598,1.0,3,2,2,6477.020025253296,5.468606948852539,adult,4,0.25,0.12,0.5
metacog,0.6666666666666666,0.6666666666666666,0.5555555555555555,0.6123724356957945,0.8333333333333334,,0.5087148216635994,0.9931689782126119,3,2,2,498.401403427124,0.46515464782714844,iris,0,0.3,0.01,0.0
metacog,0.6666666666666666,0.6666666666666666,0.5555555555555555,0.6123724356957945,0.8333333333333334,,0.5053783704402405,0.9846235543341044,3,2,2,448.80080223083496,0.9889602661132812,iris,1,0.3,0.01,0.0
metacog,0.6666666666666666,0.6666666666666666,0.5555555555555555,0.6123724356957945,0.8333333333333334,,0.5003001606412475,0.9925327311980254,3,2,2,462.6893997192383,0.9903907775878906,iris,2,0.3,0.01,0.0
metacog,0.6666666666666666,0.6666666666666666,0.5555555555555555,0.6123724356957945,0.8333333333333334,,0.5053783704402405,0.9923855873540359,3,2,2,446.9013214111328,0.5221366882324219,iris,3,0.3,0.01,0.0
metacog,0.8666666666666667,0.8666666666666667,0.8666666666666667,0.8,0.9166666666666666,,0.28577510171176046,0.9820945677620531,9,5,5,869.8933124542236,0.5133152008056641,iris,4,0.3,0.01,0.0
metacog,1.0,1.0,1.0,1.0,1.0,,0.2877135249346605,0.9622918623199627,9,5,4,5932.028770446777,0.6103515625,wine,0,0.3,0.01,0.0
metacog,0.9444444444444444,0.9523809523809524,0.9440559440559441,0.9209401941068135,0.9810855810855811,,0.09676720274524803,0.992956148927088,9,5,5,6905.232906341553,0.629425048828125,wine,1,0.3,0.01,0.0
metacog,0.6111111111111112,0.6,0.5185185185185185,0.5167423893288018,0.7494949494949495,,0.3774030947679678,0.9761711209664234,5,3,3,4262.605905532837,0.5688667297363281,wine,2,0.3,0.01,0.0
metacog,0.9444444444444444,0.9523809523809524,0.9487179487179488,0.9205607476635514,0.9731240981240982,,0.25335208604515086,0.990451244453784,11,6,5,7468.092918395996,0.6170272827148438,wine,3,0.3,0.01,0.0
metacog,0.8888888888888888,0.9047619047619048,0.8885003885003885,0.8457943925233645,0.9256715506715508,,0.24828160209775718,0.9703026118717079,9,5,4,5892.845630645752,0.6153583526611328,wine,4,0.3,0.01,0.0
metacog,0.9473684210526315,0.9487012987012987,0.9449275362318841,0.8904905361044291,0.9512987012987013,0.9514896867838044,0.21358133163914025,0.9888872175996579,5,3,3,54346.35591506958,1.5149116516113281,breast_cancer,0,0.3,0.01,0.0
metacog,0.9649122807017544,0.9545454545454546,0.9623015873015872,0.9273353546322172,0.9318181818181818,0.9459459459459459,0.2977781401192274,0.9858737888548949,7,4,3,53569.886684417725,1.7464160919189453,breast_cancer,1,0.3,0.01,0.0
metacog,0.9298245614035088,0.9146825396825397,0.922972972972973,0.8486684247915055,0.9034391534391535,0.9130116959064327,0.2798662637828419,0.9830167275941617,5,3,3,51227.95915603638,1.5530586242675781,breast_cancer,2,0.3,0.01,0.0
metacog,0.8947368421052632,0.876984126984127,0.8844594594594595,0.7715167498104596,0.8802910052910053,0.8822099765082221,0.21762724938439484,0.9801708000469725,13,7,6,84504.10413742065,1.6582012176513672,breast_cancer,3,0.3,0.01,0.0
metacog,0.9298245614035088,0.9047619047619048,0.9210526315789473,0.8535639569308375,0.9047619047619048,0.9,0.3303387131174819,0.959075996239208,5,3,3,47799.29423332214,1.4338493347167969,breast_cancer,4,0.3,0.01,0.0
metacog,0.805,0.5760869565217391,0.5758795062802458,0.34845909958918564,0.8526962168266516,0.5659558744201101,0.20325470725985334,0.8251385401844719,17,9,8,17174.326181411743,6.302118301391602,adult,0,0.3,0.01,0.0
metacog,0.805,0.5913325804630153,0.6010434248887525,0.3371846188159856,0.7637634105025409,0.46100790513833995,0.44062217910693524,0.8797266491742846,7,4,4,11643.559217453003,6.541252136230469,adult,1,0.3,0.01,0.0
metacog,0.8,0.5652173913043478,0.5579133510167993,0.32177789389368455,0.7643280632411067,0.48775257298886787,0.23414150369523062,0.8540920656312319,13,7,5,14443.339109420776,6.19959831237793,adult,2,0.3,0.01,0.0
metacog,0.805,0.5760869565217391,0.5758795062802458,0.34845909958918564,0.8018068887634104,0.5049458908782878,0.2326180300127681,0.8406603383318082,19,10,8,17004.53519821167,6.424188613891602,adult,3,0.3,0.01,0.0
metacog,0.79,0.5511010728402033,0.5358090185676393,0.2521289991115018,0.8025832862789386,0.5020017468283223,0.18768643195424034,0.8625809138503989,17,9,8,17341.195344924927,5.92494010925293,adult,4,0.3,0.01,0.0
metacog,0.3333333333333333,0.3333333333333333,0.16666666666666666,0.0,0.5,,1.0,0.9973710865078222,1,1,1,297.96671867370605,0.3573894500732422,iris,0,0.3,0.01,0.1
metacog,0.3333333333333333,0.3333333333333333,0.16666666666666666,0.0,0.5,,1.0,0.9970757773947009,1,1,1,251.08695030212402,0.5581378936767578,iris,1,0.3,0.01,0.1
metacog,0.3333333333333333,0.3333333333333333,0.16666666666666666,0.0,0.5,,1.0,0.9977269338811082,1,1,1,270.7781791687012,0.370025634765625,iris,2,0.3,0.01,0.1
metacog,0.3333333333333333,0.3333333333333333,0.16666666666666666,0.0,0.5,,1.0,0.9961780853484691,1,1,1,241.21856689453125,0.34689903259277344,iris,3,0.3,0.01,0.1
metacog,0.3333333333333333,0.3333333333333333,0.16666666666666666,0.0,0.5,,0.8413882683090157,0.9971051500737994,1,1,1,284.38663482666016,0.38170814514160156,iris,4,0.3,0.01,0.1
metacog,1.0,1.0,1.0,1.0,1.0,,0.2850215115593363,0.9703851012969208,7,4,3,5962.8801345825195,0.5710124969482422,wine,0,0.3,0.01,0.1
metacog,0.9444444444444444,0.9523809523809524,0.9440559440559441,0.9209401941068135,0.9810855810855811,,0.09676720274524803,0.992956148927088,9,5,5,6665.460586547852,0.6289482116699219,wine,1,0.3,0.01,0.1
metacog,0.6111111111111112,0.6,0.5185185185185185,0.5167423893288018,0.7494949494949495,,0.3774030947679678,0.9761711209664234,5,3,3,4277.258396148682,0.5576610565185547,wine,2,0.3,0.01,0.1
metacog,0.6666666666666666,0.6666666666666666,0.5666666666666667,0.5995445191824106,0.8387445887445887,,0.28708262043670824,0.9870125191045439,5,3,3,4337.749719619751,0.5850791931152344,wine,3,0.3,0.01,0.1
metacog,0.8888888888888888,0.9047619047619048,0.8885003885003885,0.8457943925233645,0.9235070485070486,,0.24828160209775718,0.9703026118717079,7,4,3,5896.80814743042,0.96893310546875,wine,4,0.3,0.01,0.1
metacog,0.9473684210526315,0.9487012987012987,0.9449275362318841,0.8904905361044291,0.9512987012987013,0.9514896867838044,0.2128605955282232,0.9904241124341877,5,3,3,54607.12790489197,1.5053749084472656,breast_cancer,0,0.3,0.01,0.1
metacog,0.9649122807017544,0.9545454545454546,0.9623015873015872,0.9273353546322172,0.9318181818181818,0.9459459459459459,0.2972640601417964,0.9858737888548949,7,4,3,53181.790351867676,1.667022705078125,breast_cancer,1,0.3,0.01,0.1
metacog,0.9298245614035088,0.9146825396825397,0.922972972972973,0.8486684247915055,0.9034391534391535,0.9130116959064327,0.2784189762127132,0.9902492992693803,5,3,3,51251.752614974976,1.4846324920654297,breast_cancer,2,0.3,0.01,0.1
metacog,0.8421052631578947,0.7956349206349207,0.8144665461121157,0.662595343916706,0.7982804232804233,0.8102115937789479,0.4125268785528514,0.9654808723040684,5,3,3,49151.62539482117,1.4579296112060547,breast_cancer,3,0.3,0.01,0.1
metacog,0.9298245614035088,0.9047619047619048,0.9210526315789473,0.8535639569308375,0.9047619047619048,0.9,0.32420614859132296,0.9799090550488756,5,3,3,47515.9113407135,1.8148422241210938,breast_cancer,4,0.3,0.01,0.1
metacog,0.805,0.5760869565217391,0.5758795062802458,0.34845909958918564,0.8526962168266516,0.5659558744201101,0.2081333134198335,0.7837180233418739,19,10,9,18298.309087753296,6.268978118896484,adult,0,0.3,0.01,0.1
metacog,0.805,0.5913325804630153,0.6010434248887525,0.3371846188159856,0.7637634105025409,0.46100790513833995,0.4402523890379214,0.8766580354991211,7,4,4,11729.876041412354,5.437612533569336,adult,1,0.3,0.01,0.1
metacog,0.8,0.5652173913043478,0.5579133510167993,0.32177789389368455,0.7643280632411067,0.48775257298886787,0.23414150369523062,0.8540920656312319,13,7,5,14587.352514266968,6.681203842163086,adult,2,0.3,0.01,0.1
metacog,0.805,0.5760869565217391,0.5758795062802458,0.34845909958918564,0.7727978543195934,0.4844409937888199,0.2684270624371677,0.8229594286826631,7,4,4,11767.10844039917,5.120754241943359,adult,3,0.3,0.01,0.1
metacog,0.79,0.5511010728402033,0.5358090185676393,0.2521289991115018,0.8025832862789386,0.5020017468283223,0.20474645038841588,0.8460408415500065,19,10,9,18602.66137123108,6.345272064208984,adult,4,0.3,0.01,0.1
metacog,0.3333333333333333,0.3333333333333333,0.16666666666666666,0.0,0.5,,1.0,0.9973710865078222,1,1,1,262.7432346343994,0.713348388671875,iris,0,0.3,0.01,0.15
metacog,0.3333333333333333,0.3333333333333333,0.16666666666666666,0.0,0.5,,1.0,0.9970757773947009,1,1,1,225.86870193481445,0.40221214294433594,iris,1,0.3,0.01,0.15
metacog,0.3333333333333333,0.3333333333333333,0.16666666666666666,0.0,0.5,,1.0,0.9977269338811082,1,1,1,236.63067817687988,0.69427490234375,iris,2,0.3,0.01,0.15
metacog,0.3333333333333333,0.3333333333333333,0.16666666666666666,0.0,0.5,,1.0,0.9961780853484691,1,1,1,238.88492584228516,0.3657341003417969,iris,3,0.3,0.01,0.15
metacog,0.3333333333333333,0.3333333333333333,0.16666666666666666,0.0,0.5,,0.8413882683090157,0.9971051500737994,1,1,1,269.4592475891113,0.37026405334472656,iris,4,0.3,0.01,0.15
metacog,1.0,1.0,1.0,1.0,1.0,,0.2850215115593363,0.9703851012969208,7,4,3,5712.160348892212,0.5471706390380859,wine,0,0.3,0.01,0.15
metacog,0.9444444444444444,0.9523809523809524,0.9440559440559441,0.9209401941068135,0.9810855810855811,,0.09676720274524803,0.992956148927088,9,5,5,6524.794101715088,1.020193099975586,wine,1,0.3,0.01,0.15
metacog,0.6111111111111112,0.6,0.5185185185185185,0.5167423893288018,0.7494949494949495,,0.3774030947679678,0.9761711209664234,5,3,3,3854.7770977020264,0.5300045013427734,wine,2,0.3,0.01,0.15
metacog,0.6666666666666666,0.6666666666666666,0.5666666666666667,0.5995445191824106,0.8387445887445887,,0.28708262043670824,0.9870125191045439,5,3,3,3763.9217376708984,0.5059242248535156,wine,3,0.3,0.01,0.15
metacog,0.8888888888888888,0.9047619047619048,0.8885003885003885,0.8457943925233645,0.9235070485070486,,0.24828160209775718,0.9703026118717079,7,4,3,5093.820571899414,0.5698204040527344,wine,4,0.3,0.01,0.15
metacog,0.9473684210526315,0.9487012987012987,0.9449275362318841,0.8904905361044291,0.9512987012987013,0.9514896867838044,0.2128605955282232,0.9904241124341877,5,3,3,51165.25673866272,1.7325878143310547,breast_cancer,0,0.3,0.01,0.15
metacog,0.9649122807017544,0.9545454545454546,0.9623015873015872,0.9273353546322172,0.9318181818181818,0.9459459459459459,0.2972640601417964,0.9858737888548949,7,4,3,51387.47525215149,1.5060901641845703,breast_cancer,1,0.3,0.01,0.15
metacog,0.9298245614035088,0.9146825396825397,0.922972972972973,0.8486684247915055,0.9034391534391535,0.9130116959064327,0.2784189762127132,0.9902492992693803,5,3,3,51170.07303237915,1.516580581665039,breast_cancer,2,0.3,0.01,0.15
metacog,0.8421052631578947,0.7956349206349207,0.8144665461121157,0.662595343916706,0.7982804232804233,0.8102115937789479,0.4125268785528514,0.9654808723040684,5,3,3,54691.15233421326,1.5323162078857422,breast_cancer,3,0.3,0.01,0.15
metacog,0.9298245614035088,0.9047619047619048,0.9210526315789473,0.8535639569308375,0.9047619047619048,0.9,0.32420614859132296,0.9799090550488756,5,3,3,55373.29626083374,2.8820037841796875,breast_cancer,4,0.3,0.01,0.15
metacog,0.805,0.5760869565217391,0.5758795062802458,0.34845909958918564,0.8526962168266516,0.5659558744201101,0.2081333134198335,0.7837180233418739,19,10,9,20457.70215988159,8.877038955688477,adult,0,0.3,0.01,0.15
metacog,0.805,0.5913325804630153,0.6010434248887525,0.3371846188159856,0.7637634105025409,0.46100790513833995,0.4402523890379214,0.8766580354991211,7,4,4,12969.630002975464,6.173133850097656,adult,1,0.3,0.01,0.15
metacog,0.8,0.5652173913043478,0.5579133510167993,0.32177789389368455,0.7643280632411067,0.48775257298886787,0.23414150369523062,0.8540920656312319,13,7,5,15975.051641464233,5.505084991455078,adult,2,0.3,0.01,0.15
metacog,0.805,0.5760869565217391,0.5758795062802458,0.34845909958918564,0.7727978543195934,0.4844409937888199,0.2684270624371677,0.8229594286826631,7,4,4,12506.595849990845,5.865812301635742,adult,3,0.3,0.01,0.15
metacog,0.795,0.5543478260869565,0.5392999606719479,0.29298753307495307,0.8045595708639187,0.49675191815856773,0.29144482238658037,0.9737562562239062,5,3,3,9078.684568405151,5.116939544677734,adult,4,0.3,0.01,0.15
metacog,0.3333333333333333,0.3333333333333333,0.16666666666666666,0.0,0.5,,1.0,0.9973710865078222,1,1,1,257.24101066589355,0.3612041473388672,iris,0,0.3,0.01,0.2
metacog,0.3333333333333333,0.3333333333333333,0.16666666666666666,0.0,0.5,,1.0,0.9970757773947009,1,1,1,237.55812644958496,0.36525726318359375,iris,1,0.3,0.01,0.2
metacog,0.3333333333333333,0.3333333333333333,0.16666666666666666,0.0,0.5,,1.0,0.9977269338811082,1,1,1,242.99144744873047,0.3452301025390625,iris,2,0.3,0.01,0.2
metacog,0.3333333333333333,0.3333333333333333,0.16666666666666666,0.0,0.5,,1.0,0.9961780853484691,1,1,1,247.1597194671631,0.36072731018066406,iris,3,0.3,0.01,0.2
metacog,0.3333333333333333,0.3333333333333333,0.16666666666666666,0.0,0.5,,0.8413882683090157,0.9971051500737994,1,1,1,274.1892337799072,0.35834312438964844,iris,4,0.3,0.01,0.2
metacog,1.0,1.0,1.0,1.0,1.0,,0.2850215115593363,0.9703851012969208,7,4,3,5803.80654335022,1.0292530059814453,wine,0,0.3,0.01,0.2
metacog,0.9444444444444444,0.9523809523809524,0.9440559440559441,0.9209401941068135,0.9810855810855811,,0.09676720274524803,0.992956148927088,9,5,5,6627.261400222778,0.5996227264404297,wine,1,0.3,0.01,0.2
metacog,0.6111111111111112,0.6,0.5185185185185185,0.5167423893288018,0.7494949494949495,,0.3774030947679678,0.9761711209664234,5,3,3,3953.592300415039,0.530242919921875,wine,2,0.3,0.01,0.2
metacog,0.6666666666666666,0.6666666666666666,0.5666666666666667,0.5995445191824106,0.8387445887445887,,0.28708262043670824,0.9870125191045439,5,3,3,3801.18727684021,0.5235671997070312,wine,3,0.3,0.01,0.2
metacog,0.8888888888888888,0.9047619047619048,0.8885003885003885,0.8457943925233645,0.9235070485070486,,0.24828160209775718,0.9703026118717079,7,4,3,5168.7493324279785,0.5819797515869141,wine,4,0.3,0.01,0.2
metacog,0.9473684210526315,0.9487012987012987,0.9449275362318841,0.8904905361044291,0.9512987012987013,0.9514896867838044,0.2128605955282232,0.9904241124341877,5,3,3,51907.914876937866,1.4963150024414062,breast_cancer,0,0.3,0.01,0.2
metacog,0.9649122807017544,0.9545454545454546,0.9623015873015872,0.9273353546322172,0.9318181818181818,0.9459459459459459,0.2972640601417964,0.9858737888548949,7,4,3,51835.081577301025,1.5332698822021484,breast_cancer,1,0.3,0.01,0.2
metacog,0.9298245614035088,0.9146825396825397,0.922972972972973,0.8486684247915055,0.9034391534391535,0.9130116959064327,0.2784189762127132,0.9902492992693803,5,3,3,51649.333477020264,1.4972686767578125,breast_cancer,2,0.3,0.01,0.2
metacog,0.8421052631578947,0.7956349206349207,0.8144665461121157,0.662595343916706,0.7982804232804233,0.8102115937789479,0.4125268785528514,0.9654808723040684,5,3,3,55631.25681877136,1.5690326690673828,breast_cancer,3,0.3,0.01,0.2
metacog,0.9298245614035088,0.9047619047619048,0.9210526315789473,0.8535639569308375,0.9047619047619048,0.9,0.32420614859132296,0.9799090550488756,5,3,3,56004.823446273804,2.2335052490234375,breast_cancer,4,0.3,0.01,0.2
metacog,0.805,0.5760869565217391,0.5758795062802458,0.34845909958918564,0.8530491247882552,0.5659558744201101,0.27640418328551447,0.7779513614860638,11,6,5,15081.87747001648,6.679773330688477,adult,0,0.3,0.01,0.2
metacog,0.805,0.5913325804630153,0.6010434248887525,0.3371846188159856,0.7637634105025409,0.46100790513833995,0.4402523890379214,0.8766580354991211,7,4,4,13281.067609786987,5.453348159790039,adult,1,0.3,0.01,0.2
metacog,0.8,0.5652173913043478,0.5579133510167993,0.32177789389368455,0.7644692264257482,0.47446754883427855,0.2522914703619224,0.9079405356615389,11,6,5,15034.98363494873,6.414175033569336,adult,2,0.3,0.01,0.2
metacog,0.805,0.5760869565217391,0.5758795062802458,0.34845909958918564,0.7727978543195934,0.4844409937888199,0.2684270624371677,0.8229594286826631,7,4,4,12701.338529586792,6.117105484008789,adult,3,0.3,0.01,0.2
metacog,0.795,0.5543478260869565,0.5392999606719479,0.29298753307495307,0.8045595708639187,0.49675191815856773,0.29144482238658037,0.9737562562239062,5,3,3,9193.063497543335,4.85539436340332,adult,4,0.3,0.01,0.2
metacog,0.3333333333333333,0.3333333333333333,0.16666666666666666,0.0,0.5,,1.0,0.9973710865078222,1,1,1,251.48987770080566,0.3848075866699219,iris,0,0.3,0.01,0.3
metacog,0.3333333333333333,0.3333333333333333,0.16666666666666666,0.0,0.5,,1.0,0.9970757773947009,1,1,1,238.27362060546875,0.7121562957763672,iris,1,0.3,0.01,0.3
metacog,0.3333333333333333,0.3333333333333333,0.16666666666666666,0.0,0.5,,1.0,0.9977269338811082,1,1,1,241.67227745056152,0.7929801940917969,iris,2,0.3,0.01,0.3
metacog,0.3333333333333333,0.3333333333333333,0.16666666666666666,0.0,0.5,,1.0,0.9961780853484691,1,1,1,249.34148788452148,0.3669261932373047,iris,3,0.3,0.01,0.3
metacog,0.3333333333333333,0.3333333333333333,0.16666666666666666,0.0,0.5,,0.8413882683090157,0.9971051500737994,1,1,1,263.00716400146484,0.37097930908203125,iris,4,0.3,0.01,0.3
metacog,1.0,1.0,1.0,1.0,1.0,,0.2850215115593363,0.9703851012969208,7,4,3,5696.638822555542,0.5526542663574219,wine,0,0.3,0.01,0.3
metacog,0.9444444444444444,0.9523809523809524,0.9440559440559441,0.9209401941068135,0.9810855810855811,,0.09676720274524803,0.992956148927088,9,5,5,6497.825384140015,0.6117820739746094,wine,1,0.3,0.01,0.3
metacog,0.6111111111111112,0.6,0.5185185185185185,0.5167423893288018,0.7494949494949495,,0.3774030947679678,0.9761711209664234,5,3,3,3857.7544689178467,0.5586147308349609,wine,2,0.3,0.01,0.3
metacog,0.6666666666666666,0.6666666666666666,0.5666666666666667,0.5995445191824106,0.8387445887445887,,0.28708262043670824,0.9870125191045439,5,3,3,3708.496570587158,0.6186962127685547,wine,3,0.3,0.01,0.3
metacog,0.8888888888888888,0.9047619047619048,0.8885003885003885,0.8457943925233645,0.9235070485070486,,0.24828160209775718,0.9703026118717079,7,4,3,5082.123279571533,0.5619525909423828,wine,4,0.3,0.01,0.3
metacog,0.9473684210526315,0.9487012987012987,0.9449275362318841,0.8904905361044291,0.9512987012987013,0.9514896867838044,0.2128605955282232,0.9904241124341877,5,3,3,50986.244440078735,1.5087127685546875,breast_cancer,0,0.3,0.01,0.3
metacog,0.9649122807017544,0.9545454545454546,0.9623015873015872,0.9273353546322172,0.9318181818181818,0.9459459459459459,0.2972640601417964,0.9858737888548949,7,4,3,50969.06876564026,1.5330314636230469,breast_cancer,1,0.3,0.01,0.3
metacog,0.9298245614035088,0.9146825396825397,0.922972972972973,0.8486684247915055,0.9034391534391535,0.9130116959064327,0.2784189762127132,0.9902492992693803,5,3,3,50641.0117149353,1.5077590942382812,breast_cancer,2,0.3,0.01,0.3
metacog,0.8421052631578947,0.7956349206349207,0.8144665461121157,0.662595343916706,0.7982804232804233,0.8102115937789479,0.4125268785528514,0.9654808723040684,5,3,3,53706.11000061035,1.603841781616211,breast_cancer,3,0.3,0.01,0.3
metacog,0.9298245614035088,0.9047619047619048,0.9210526315789473,0.8535639569308375,0.9047619047619048,0.9,0.32420614859132296,0.9799090550488756,5,3,3,55300.127029418945,1.5647411346435547,breast_cancer,4,0.3,0.01,0.3
metacog,0.805,0.5760869565217391,0.5758795062802458,0.34845909958918564,0.8462732919254659,0.5539805097451275,0.35224414805819054,0.8131964404977765,7,4,4,10870.762586593628,6.024599075317383,adult,0,0.3,0.01,0.3
metacog,0.805,0.5913325804630153,0.6010434248887525,0.3371846188159856,0.7637634105025409,0.46100790513833995,0.4402523890379214,0.8766580354991211,7,4,4,13107.288122177124,6.839990615844727,adult,1,0.3,0.01,0.3
metacog,0.8,0.5652173913043478,0.5579133510167993,0.32177789389368455,0.7644692264257482,0.47446754883427855,0.2522914703619224,0.9079405356615389,11,6,5,14825.449705123901,6.962060928344727,adult,2,0.3,0.01,0.3
metacog,0.805,0.5760869565217391,0.5758795062802458,0.34845909958918564,0.5760869565217391,0.3471739130434783,0.5289958634037956,0.9989156713474379,3,2,2,6531.6972732543945,5.295753479003906,adult,3,0.3,0.01,0.3
metacog,0.795,0.5543478260869565,0.5392999606719479,0.29298753307495307,0.5543478260869565,0.31369565217391304,0.5123123594125598,1.0,3,2,2,6449.940204620361,6.218910217285156,adult,4,0.3,0.01,0.3
metacog,0.3333333333333333,0.3333333333333333,0.16666666666666666,0.0,0.5,,1.0,0.9973710865078222,1,1,1,266.5741443634033,0.4093647003173828,iris,0,0.3,0.01,0.4
metacog,0.3333333333333333,0.3333333333333333,0.16666666666666666,0.0,0.5,,1.0,0.9970757773947009,1,1,1,236.10973358154297,0.34689903259277344,iris,1,0.3,0.01,0.4
metacog,0.3333333333333333,0.3333333333333333,0.16666666666666666,0.0,0.5,,1.0,0.9977269338811082,1,1,1,241.0116195678711,0.3819465637207031,iris,2,0.3,0.01,0.4
metacog,0.3333333333333333,0.3333333333333333,0.16666666666666666,0.0,0.5,,1.0,0.9961780853484691,1,1,1,245.09310722351074,0.3814697265625,iris,3,0.3,0.01,0.4
metacog,0.3333333333333333,0.3333333333333333,0.16666666666666666,0.0,0.5,,0.8413882683090157,0.9971051500737994,1,1,1,271.1155414581299,0.370025634765625,iris,4,0.3,0.01,0.4
metacog,1.0,1.0,1.0,1.0,1.0,,0.2850215115593363,0.9703851012969208,7,4,3,5730.07607460022,0.5502700805664062,wine,0,0.3,0.01,0.4
metacog,0.9444444444444444,0.9523809523809524,0.9440559440559441,0.9209401941068135,0.9810855810855811,,0.09676720274524803,0.992956148927088,7,4,4,6520.306825637817,0.6034374237060547,wine,1,0.3,0.01,0.4
metacog,0.6111111111111112,0.6,0.5185185185185185,0.5167423893288018,0.7494949494949495,,0.3774030947679678,0.9761711209664234,5,3,3,3879.481077194214,0.8809566497802734,wine,2,0.3,0.01,0.4
metacog,0.6666666666666666,0.6666666666666666,0.5666666666666667,0.5995445191824106,0.8387445887445887,,0.28708262043670824,0.9870125191045439,5,3,3,3746.0057735443115,0.5230903625488281,wine,3,0.3,0.01,0.4
metacog,0.3888888888888889,0.3333333333333333,0.18666666666666668,0.0,0.5,,0.06047926749204607,0.8796421389376234,1,1,1,1796.4954376220703,0.44417381286621094,wine,4,0.3,0.01,0.4
metacog,0.9473684210526315,0.9487012987012987,0.9449275362318841,0.8904905361044291,0.9512987012987013,0.9514896867838044,0.2128605955282232,0.9904241124341877,5,3,3,51090.22068977356,1.5025138854980469,breast_cancer,0,0.3,0.01,0.4
metacog,0.9649122807017544,0.9545454545454546,0.9623015873015872,0.9273353546322172,0.9318181818181818,0.9459459459459459,0.2972640601417964,0.9858737888548949,7,4,3,51088.51718902588,1.6987323760986328,breast_cancer,1,0.3,0.01,0.4
metacog,0.9298245614035088,0.9146825396825397,0.922972972972973,0.8486684247915055,0.9034391534391535,0.9130116959064327,0.2784189762127132,0.9902492992693803,5,3,3,50862.207889556885,1.934051513671875,breast_cancer,2,0.3,0.01,0.4
metacog,0.8421052631578947,0.7956349206349207,0.8144665461121157,0.662595343916706,0.7982804232804233,0.8102115937789479,0.4125268785528514,0.9654808723040684,5,3,3,53730.03315925598,2.112865447998047,breast_cancer,3,0.3,0.01,0.4
metacog,0.9298245614035088,0.9047619047619048,0.9210526315789473,0.8535639569308375,0.9047619047619048,0.9,0.32420614859132296,0.9799090550488756,5,3,3,55987.75672912598,2.575397491455078,breast_cancer,4,0.3,0.01,0.4
metacog,0.805,0.5760869565217391,0.5758795062802458,0.34845909958918564,0.8462732919254659,0.5539805097451275,0.35224414805819054,0.8131964404977765,7,4,4,10862.183094024658,6.697416305541992,adult,0,0.3,0.01,0.4
metacog,0.805,0.5913325804630153,0.6010434248887525,0.3371846188159856,0.7637634105025409,0.46100790513833995,0.4402523890379214,0.8766580354991211,7,4,4,13083.510160446167,6.045818328857422,adult,1,0.3,0.01,0.4
metacog,0.8,0.5652173913043478,0.5579133510167993,0.32177789389368455,0.7644692264257482,0.47446754883427855,0.2522914703619224,0.9079405356615389,11,6,5,14996.08325958252,6.570339202880859,adult,2,0.3,0.01,0.4
metacog,0.805,0.5760869565217391,0.5758795062802458,0.34845909958918564,0.5760869565217391,0.3471739130434783,0.5289958634037956,0.9989156713474379,3,2,2,6576.3397216796875,4.952907562255859,adult,3,0.3,0.01,0.4
metacog,0.795,0.5543478260869565,0.5392999606719479,0.29298753307495307,0.5543478260869565,0.31369565217391304,0.5123123594125598,1.0,3,2,2,6488.529920578003,5.343914031982422,adult,4,0.3,0.01,0.4
metacog,0.3333333333333333,0.3333333333333333,0.16666666666666666,0.0,0.5,,1.0,0.9973710865078222,1,1,1,245.52416801452637,0.36334991455078125,iris,0,0.3,0.01,0.5
metacog,0.3333333333333333,0.3333333333333333,0.16666666666666666,0.0,0.5,,1.0,0.9970757773947009,1,1,1,242.7210807800293,0.36334991455078125,iris,1,0.3,0.01,0.5
metacog,0.3333333333333333,0.3333333333333333,0.16666666666666666,0.0,0.5,,1.0,0.9977269338811082,1,1,1,244.1689968109131,0.6263256072998047,iris,2,0.3,0.01,0.5
metacog,0.3333333333333333,0.3333333333333333,0.16666666666666666,0.0,0.5,,1.0,0.9961780853484691,1,1,1,254.1496753692627,0.36716461181640625,iris,3,0.3,0.01,0.5
metacog,0.3333333333333333,0.3333333333333333,0.16666666666666666,0.0,0.5,,0.8413882683090157,0.9971051500737994,1,1,1,279.1316509246826,0.3933906555175781,iris,4,0.3,0.01,0.5
metacog,0.3888888888888889,0.3333333333333333,0.18666666666666668,0.0,0.5,,0.05448551404923955,0.8356166464548431,1,1,1,1964.7645950317383,0.4792213439941406,wine,0,0.3,0.01,0.5
metacog,0.9444444444444444,0.9523809523809524,0.9440559440559441,0.9209401941068135,0.9810855810855811,,0.09676720274524803,0.992956148927088,7,4,4,6657.498359680176,0.6153583526611328,wine,1,0.3,0.01,0.5
metacog,0.6111111111111112,0.6,0.5185185185185185,0.5167423893288018,0.7494949494949495,,0.3774030947679678,0.9761711209664234,5,3,3,3853.4111976623535,0.5319118499755859,wine,2,0.3,0.01,0.5
metacog,0.6666666666666666,0.6666666666666666,0.5666666666666667,0.5995445191824106,0.8387445887445887,,0.28708262043670824,0.9870125191045439,5,3,3,3926.4960289001465,0.8931159973144531,wine,3,0.3,0.01,0.5
metacog,0.3888888888888889,0.3333333333333333,0.18666666666666668,0.0,0.5,,0.06047926749204607,0.8796421389376234,1,1,1,1885.3261470794678,0.4475116729736328,wine,4,0.3,0.01,0.5
metacog,0.9473684210526315,0.9487012987012987,0.9449275362318841,0.8904905361044291,0.9512987012987013,0.9514896867838044,0.2128605955282232,0.9904241124341877,5,3,3,52883.644580841064,2.214670181274414,breast_cancer,0,0.3,0.01,0.5
metacog,0.9649122807017544,0.9545454545454546,0.9623015873015872,0.9273353546322172,0.9318181818181818,0.9459459459459459,0.2972640601417964,0.9858737888548949,7,4,3,52771.461963653564,1.7991065979003906,breast_cancer,1,0.3,0.01,0.5
metacog,0.9298245614035088,0.9146825396825397,0.922972972972973,0.8486684247915055,0.9034391534391535,0.9130116959064327,0.2784189762127132,0.9902492992693803,5,3,3,52138.60297203064,1.5163421630859375,breast_cancer,2,0.3,0.01,0.5
metacog,0.8421052631578947,0.7956349206349207,0.8144665461121157,0.662595343916706,0.7982804232804233,0.8102115937789479,0.4125268785528514,0.9654808723040684,5,3,3,50700.04367828369,1.5478134155273438,breast_cancer,3,0.3,0.01,0.5
metacog,0.9298245614035088,0.9047619047619048,0.9210526315789473,0.8535639569308375,0.9047619047619048,0.9,0.32420614859132296,0.9799090550488756,5,3,3,51076.23314857483,1.500844955444336,breast_cancer,4,0.3,0.01,0.5
metacog,0.805,0.5760869565217391,0.5758795062802458,0.34845909958918564,0.8462732919254659,0.5539805097451275,0.35224414805819054,0.8131964404977765,7,4,4,10686.960935592651,6.154060363769531,adult,0,0.3,0.01,0.5
metacog,0.805,0.5913325804630153,0.6010434248887525,0.3371846188159856,0.7637634105025409,0.46100790513833995,0.4402523890379214,0.8766580354991211,7,4,4,12475.480318069458,6.126165390014648,adult,1,0.3,0.01,0.5
metacog,0.8,0.5652173913043478,0.5579133510167993,0.32177789389368455,0.7644692264257482,0.47446754883427855,0.2522914703619224,0.9079405356615389,11,6,5,14267.360925674438,5.331516265869141,adult,2,0.3,0.01,0.5
metacog,0.805,0.5760869565217391,0.5758795062802458,0.34845909958918564,0.5760869565217391,0.3471739130434783,0.5289958634037956,0.9989156713474379,3,2,2,6277.787685394287,4.388332366943359,adult,3,0.3,0.01,0.5
metacog,0.795,0.5543478260869565,0.5392999606719479,0.29298753307495307,0.5543478260869565,0.31369565217391304,0.5123123594125598,1.0,3,2,2,6120.9118366241455,4.309654235839844,adult,4,0.3,0.01,0.5
metacog,0.6666666666666666,0.6666666666666666,0.5555555555555555,0.6123724356957945,0.8333333333333334,,0.5087148216635994,0.9931689782126119,3,2,2,421.6644763946533,0.48613548278808594,iris,0,0.3,0.03,0.0
metacog,0.6666666666666666,0.6666666666666666,0.5555555555555555,0.6123724356957945,0.8333333333333334,,0.5053783704402405,0.9846235543341044,3,2,2,440.704345703125,0.44655799865722656,iris,1,0.3,0.03,0.0
metacog,0.6666666666666666,0.6666666666666666,0.5555555555555555,0.6123724356957945,0.8333333333333334,,0.5003001606412475,0.9925327311980254,3,2,2,477.53071784973145,0.4458427429199219,iris,2,0.3,0.03,0.0
metacog,0.6666666666666666,0.6666666666666666,0.5555555555555555,0.6123724356957945,0.8333333333333334,,0.5053783704402405,0.9923855873540359,3,2,2,430.2196502685547,0.45299530029296875,iris,3,0.3,0.03,0.0
metacog,0.8666666666666667,0.8666666666666667,0.8666666666666667,0.8,0.9166666666666666,,0.3480481874205793,0.9787975908486728,7,4,4,830.146074295044,0.7741451263427734,iris,4,0.3,0.03,0.0
metacog,1.0,1.0,1.0,1.0,1.0,,0.2877135249346605,0.9622918623199627,9,5,4,5892.775058746338,0.5784034729003906,wine,0,0.3,0.03,0.0
metacog,0.9444444444444444,0.9523809523809524,0.9440559440559441,0.9209401941068135,0.9810855810855811,,0.09676720274524803,0.992956148927088,7,4,4,6622.053861618042,0.5822181701660156,wine,1,0.3,0.03,0.0
metacog,0.6111111111111112,0.6,0.5185185185185185,0.5167423893288018,0.7494949494949495,,0.3774030947679678,0.9761711209664234,5,3,3,3919.2821979522705,0.5390644073486328,wine,2,0.3,0.03,0.0
metacog,0.6666666666666666,0.6666666666666666,0.5666666666666667,0.5995445191824106,0.8387445887445887,,0.28708262043670824,0.9870125191045439,5,3,3,4197.057485580444,0.54168701171875,wine,3,0.3,0.03,0.0
metacog,0.8888888888888888,0.9047619047619048,0.8885003885003885,0.8457943925233645,0.9235070485070486,,0.24828160209775718,0.9703026118717079,7,4,3,5400.820255279541,0.5702972412109375,wine,4,0.3,0.03,0.0
metacog,0.9473684210526315,0.9487012987012987,0.9449275362318841,0.8904905361044291,0.9512987012987013,0.9514896867838044,0.21358133163914025,0.9888872175996579,5,3,3,51705.78646659851,1.5082359313964844,breast_cancer,0,0.3,0.03,0.0
metacog,0.9649122807017544,0.9545454545454546,0.9623015873015872,0.9273353546322172,0.9318181818181818,0.9459459459459459,0.2977781401192274,0.9858737888548949,7,4,3,52473.05989265442,1.8894672393798828,breast_cancer,1,0.3,0.03,0.0
metacog,0.9298245614035088,0.9146825396825397,0.922972972972973,0.8486684247915055,0.9034391534391535,0.9130116959064327,0.2798662637828419,0.9830167275941617,5,3,3,51399.44410324097,1.5094280242919922,breast_cancer,2,0.3,0.03,0.0
metacog,0.8421052631578947,0.7956349206349207,0.8144665461121157,0.662595343916706,0.7982804232804233,0.8102115937789479,0.4142019566762563,0.9709976809823655,5,3,3,50553.9448261261,1.6274452209472656,breast_cancer,3,0.3,0.03,0.0
metacog,0.9298245614035088,0.9047619047619048,0.9210526315789473,0.8535639569308375,0.9047619047619048,0.9,0.3303387131174819,0.959075996239208,5,3,3,50568.509340286255,2.260923385620117,breast_cancer,4,0.3,0.03,0.0
metacog,0.805,0.5760869565217391,0.5758795062802458,0.34845909958918564,0.8526962168266516,0.5659558744201101,0.21656486078295398,0.8518420713817623,13,7,6,16215.110778808594,6.237506866455078,adult,0,0.3,0.03,0.0
metacog,0.805,0.5913325804630153,0.6010434248887525,0.3371846188159856,0.7637634105025409,0.46100790513833995,0.44062217910693524,0.8797266491742846,7,4,4,12420.00150680542,5.286693572998047,adult,1,0.3,0.03,0.0
metacog,0.8,0.5652173913043478,0.5579133510167993,0.32177789389368455,0.5652173913043478,0.33043478260869563,0.5177485492624431,1.0,3,2,2,6306.289434432983,5.957841873168945,adult,2,0.3,0.03,0.0
metacog,0.805,0.5760869565217391,0.5758795062802458,0.34845909958918564,0.8018068887634104,0.5049458908782878,0.2326180300127681,0.8406603383318082,17,9,8,17165.44795036316,5.751132965087891,adult,3,0.3,0.03,0.0
metacog,0.795,0.5543478260869565,0.5392999606719479,0.29298753307495307,0.5543478260869565,0.31369565217391304,0.5123123594125598,1.0,3,2,2,5915.966272354126,6.54911994934082,adult,4,0.3,0.03,0.0
metacog,0.3333333333333333,0.3333333333333333,0.16666666666666666,0.0,0.5,,1.0,0.9973710865078222,1,1,1,246.11210823059082,0.4296302795410156,iris,0,0.3,0.03,0.1
metacog,0.3333333333333333,0.3333333333333333,0.16666666666666666,0.0,0.5,,1.0,0.9970757773947009,1,1,1,238.17110061645508,0.3654956817626953,iris,1,0.3,0.03,0.1
metacog,0.3333333333333333,0.3333333333333333,0.16666666666666666,0.0,0.5,,1.0,0.9977269338811082,1,1,1,249.08804893493652,0.7770061492919922,iris,2,0.3,0.03,0.1
metacog,0.3333333333333333,0.3333333333333333,0.16666666666666666,0.0,0.5,,1.0,0.9961780853484691,1,1,1,251.9693374633789,0.38433074951171875,iris,3,0.3,0.03,0.1
metacog,0.3333333333333333,0.3333333333333333,0.16666666666666666,0.0,0.5,,0.8413882683090157,0.9971051500737994,1,1,1,287.1673107147217,0.36907196044921875,iris,4,0.3,0.03,0.1
metacog,1.0,1.0,1.0,1.0,1.0,,0.2850215115593363,0.9703851012969208,7,4,3,6136.285066604614,0.5884170532226562,wine,0,0.3,0.03,0.1
metacog,0.9444444444444444,0.9523809523809524,0.9440559440559441,0.9209401941068135,0.9810855810855811,,0.09676720274524803,0.992956148927088,7,4,4,6789.390325546265,0.5900859832763672,wine,1,0.3,0.03,0.1
metacog,0.6111111111111112,0.6,0.5185185185185185,0.5167423893288018,0.7494949494949495,,0.3774030947679678,0.9761711209664234,5,3,3,3984.614849090576,0.5326271057128906,wine,2,0.3,0.03,0.1
metacog,0.6666666666666666,0.6666666666666666,0.5666666666666667,0.5995445191824106,0.8387445887445887,,0.28708262043670824,0.9870125191045439,5,3,3,4203.301668167114,0.5426406860351562,wine,3,0.3,0.03,0.1
metacog,0.8888888888888888,0.9047619047619048,0.8885003885003885,0.8457943925233645,0.9235070485070486,,0.24828160209775718,0.9703026118717079,7,4,3,5580.138444900513,0.5815029144287109,wine,4,0.3,0.03,0.1
metacog,0.9473684210526315,0.9487012987012987,0.9449275362318841,0.8904905361044291,0.9512987012987013,0.9514896867838044,0.2128605955282232,0.9904241124341877,5,3,3,52993.13282966614,1.4102458953857422,breast_cancer,0,0.3,0.03,0.1
metacog,0.9649122807017544,0.9545454545454546,0.9623015873015872,0.9273353546322172,0.9318181818181818,0.9459459459459459,0.2972640601417964,0.9858737888548949,7,4,3,53706.005573272705,1.6345977783203125,breast_cancer,1,0.3,0.03,0.1
metacog,0.9298245614035088,0.9146825396825397,0.922972972972973,0.8486684247915055,0.9034391534391535,0.9130116959064327,0.2784189762127132,0.9902492992693803,5,3,3,52826.457262039185,1.6372203826904297,breast_cancer,2,0.3,0.03,0.1
metacog,0.8421052631578947,0.7956349206349207,0.8144665461121157,0.662595343916706,0.7982804232804233,0.8102115937789479,0.4125268785528514,0.9654808723040684,5,3,3,51581.50887489319,2.161741256713867,breast_cancer,3,0.3,0.03,0.1
metacog,0.9298245614035088,0.9047619047619048,0.9210526315789473,0.8535639569308375,0.9047619047619048,0.9,0.32420614859132296,0.9799090550488756,5,3,3,51707.62085914612,1.5137195587158203,breast_cancer,4,0.3,0.03,0.1
metacog,0.805,0.5760869565217391,0.5758795062802458,0.34845909958918564,0.8462732919254659,0.5539805097451275,0.35224414805819054,0.8131964404977765,7,4,4,10611.570119857788,6.754636764526367,adult,0,0.3,0.03,0.1
metacog,0.805,0.5913325804630153,0.6010434248887525,0.3371846188159856,0.7637634105025409,0.46100790513833995,0.4402523890379214,0.8766580354991211,7,4,4,12670.39179801941,5.3920745849609375,adult,1,0.3,0.03,0.1
metacog,0.8,0.5652173913043478,0.5579133510167993,0.32177789389368455,0.5652173913043478,0.33043478260869563,0.5177485492624431,1.0,3,2,2,6349.601268768311,4.525899887084961,adult,2,0.3,0.03,0.1
metacog,0.805,0.5760869565217391,0.5758795062802458,0.34845909958918564,0.5760869565217391,0.3471739130434783,0.5289958634037956,0.9989156713474379,3,2,2,6261.208057403564,4.397153854370117,adult,3,0.3,0.03,0.1
metacog,0.795,0.5543478260869565,0.5392999606719479,0.29298753307495307,0.5543478260869565,0.31369565217391304,0.5123123594125598,1.0,3,2,2,6032.327890396118,4.560708999633789,adult,4,0.3,0.03,0.1
metacog,0.3333333333333333,0.3333333333333333,0.16666666666666666,0.0,0.5,,1.0,0.9973710865078222,1,1,1,244.44937705993652,0.39315223693847656,iris,0,0.3,0.03,0.15
metacog,0.3333333333333333,0.3333333333333333,0.16666666666666666,0.0,0.5,,1.0,0.9970757773947009,1,1,1,243.05486679077148,0.36644935607910156,iris,1,0.3,0.03,0.15
metacog,0.3333333333333333,0.3333333333333333,0.16666666666666666,0.0,0.5,,1.0,0.9977269338811082,1,1,1,255.30052185058594,0.36215782165527344,iris,2,0.3,0.03,0.15
metacog,0.3333333333333333,0.3333333333333333,0.16666666666666666,0.0,0.5,,1.0,0.9961780853484691,1,1,1,252.8994083404541,0.3657341003417969,iris,3,0.3,0.03,0.15
metacog,0.3333333333333333,0.3333333333333333,0.16666666666666666,0.0,0.5,,0.8413882683090157,0.9971051500737994,1,1,1,280.11393547058105,0.5745887756347656,iris,4,0.3,0.03,0.15
metacog,0.3888888888888889,0.3333333333333333,0.18666666666666668,0.0,0.5,,0.05448551404923955,0.8356166464548431,1,1,1,2002.5238990783691,0.9222030639648438,wine,0,0.3,0.03,0.15
metacog,0.9444444444444444,0.9523809523809524,0.9440559440559441,0.9209401941068135,0.9810855810855811,,0.09676720274524803,0.992956148927088,7,4,4,6713.123798370361,0.6237030029296875,wine,1,0.3,0.03,0.15
metacog,0.6111111111111112,0.6,0.5185185185185185,0.5167423893288018,0.7494949494949495,,0.3774030947679678,0.9761711209664234,5,3,3,3831.6891193389893,0.5481243133544922,wine,2,0.3,0.03,0.15
metacog,0.6666666666666666,0.6666666666666666,0.5666666666666667,0.5995445191824106,0.8387445887445887,,0.28708262043670824,0.9870125191045439,5,3,3,3953.767776489258,0.5605220794677734,wine,3,0.3,0.03,0.15
metacog,0.3888888888888889,0.3333333333333333,0.18666666666666668,0.0,0.5,,0.06047926749204607,0.8796421389376234,1,1,1,1870.589256286621,0.42939186096191406,wine,4,0.3,0.03,0.15
metacog,0.9473684210526315,0.9487012987012987,0.9449275362318841,0.8904905361044291,0.9512987012987013,0.9514896867838044,0.2128605955282232,0.9904241124341877,5,3,3,52744.70019340515,1.6660690307617188,breast_cancer,0,0.3,0.03,0.15
metacog,0.9649122807017544,0.9545454545454546,0.9623015873015872,0.9273353546322172,0.9318181818181818,0.9459459459459459,0.2972640601417964,0.9858737888548949,7,4,3,53048.21276664734,2.3124217987060547,breast_cancer,1,0.3,0.03,0.15
metacog,0.9298245614035088,0.9146825396825397,0.922972972972973,0.8486684247915055,0.9034391534391535,0.9130116959064327,0.2784189762127132,0.9902492992693803,5,3,3,52066.06388092041,1.5115737915039062,breast_cancer,2,0.3,0.03,0.15
metacog,0.8421052631578947,0.7956349206349207,0.8144665461121157,0.662595343916706,0.7982804232804233,0.8102115937789479,0.4125268785528514,0.9654808723040684,5,3,3,50704.408407211304,2.046823501586914,breast_cancer,3,0.3,0.03,0.15
metacog,0.9298245614035088,0.9047619047619048,0.9210526315789473,0.8535639569308375,0.9047619047619048,0.9,0.32420614859132296,0.9799090550488756,5,3,3,51045.22395133972,1.5003681182861328,breast_cancer,4,0.3,0.03,0.15
metacog,0.805,0.5760869565217391,0.5758795062802458,0.34845909958918564,0.8462732919254659,0.5539805097451275,0.35224414805819054,0.8131964404977765,7,4,4,10652.257680892944,5.39398193359375,adult,0,0.3,0.03,0.15
metacog,0.805,0.5913325804630153,0.6010434248887525,0.3371846188159856,0.7637634105025409,0.46100790513833995,0.4402523890379214,0.8766580354991211,7,4,4,12422.146081924438,6.440639495849609,adult,1,0.3,0.03,0.15
metacog,0.8,0.5652173913043478,0.5579133510167993,0.32177789389368455,0.5652173913043478,0.33043478260869563,0.5177485492624431,1.0,3,2,2,6316.158056259155,5.3424835205078125,adult,2,0.3,0.03,0.15
metacog,0.805,0.5760869565217391,0.5758795062802458,0.34845909958918564,0.5760869565217391,0.3471739130434783,0.5289958634037956,0.9989156713474379,3,2,2,6340.572834014893,4.315614700317383,adult,3,0.3,0.03,0.15
metacog,0.795,0.5543478260869565,0.5392999606719479,0.29298753307495307,0.5543478260869565,0.31369565217391304,0.5123123594125598,1.0,3,2,2,6337.71276473999,6.863117218017578,adult,4,0.3,0.03,0.15
metacog,0.3333333333333333,0.3333333333333333,0.16666666666666666,0.0,0.5,,1.0,0.9973710865078222,1,1,1,263.48209381103516,0.7145404815673828,iris,0,0.3,0.03,0.2
metacog,0.3333333333333333,0.3333333333333333,0.16666666666666666,0.0,0.5,,1.0,0.9970757773947009,1,1,1,232.36083984375,0.8368492126464844,iris,1,0.3,0.03,0.2
metacog,0.3333333333333333,0.3333333333333333,0.16666666666666666,0.0,0.5,,1.0,0.9977269338811082,1,1,1,245.7137107849121,0.3650188446044922,iris,2,0.3,0.03,0.2
metacog,0.3333333333333333,0.3333333333333333,0.16666666666666666,0.0,0.5,,1.0,0.9961780853484691,1,1,1,254.15754318237305,0.38695335388183594,iris,3,0.3,0.03,0.2
metacog,0.3333333333333333,0.3333333333333333,0.16666666666666666,0.0,0.5,,0.8413882683090157,0.9971051500737994,1,1,1,268.6116695404053,0.3695487976074219,iris,4,0.3,0.03,0.2
metacog,0.3888888888888889,0.3333333333333333,0.18666666666666668,0.0,0.5,,0.05448551404923955,0.8356166464548431,1,1,1,1798.0544567108154,0.4420280456542969,wine,0,0.3,0.03,0.2
metacog,0.9444444444444444,0.9523809523809524,0.9440559440559441,0.9209401941068135,0.9810855810855811,,0.09676720274524803,0.992956148927088,7,4,4,6579.376220703125,0.9837150573730469,wine,1,0.3,0.03,0.2
metacog,0.6111111111111112,0.6,0.5185185185185185,0.5167423893288018,0.7494949494949495,,0.3774030947679678,0.9761711209664234,5,3,3,3726.942539215088,0.522613525390625,wine,2,0.3,0.03,0.2
metacog,0.6666666666666666,0.6666666666666666,0.5666666666666667,0.5995445191824106,0.8387445887445887,,0.28708262043670824,0.9870125191045439,5,3,3,3766.4079666137695,0.5290508270263672,wine,3,0.3,0.03,0.2
metacog,0.3888888888888889,0.3333333333333333,0.18666666666666668,0.0,0.5,,0.06047926749204607,0.8796421389376234,1,1,1,1814.0869140625,0.4680156707763672,wine,4,0.3,0.03,0.2
metacog,0.9473684210526315,0.9487012987012987,0.9449275362318841,0.8904905361044291,0.9512987012987013,0.9514896867838044,0.2128605955282232,0.9904241124341877,5,3,3,51334.049701690674,1.4834403991699219,breast_cancer,0,0.3,0.03,0.2
metacog,0.9649122807017544,0.9545454545454546,0.9623015873015872,0.9273353546322172,0.9318181818181818,0.9459459459459459,0.2972640601417964,0.9858737888548949,7,4,3,51732.13601112366,1.5397071838378906,breast_cancer,1,0.3,0.03,0.2
metacog,0.9298245614035088,0.9146825396825397,0.922972972972973,0.8486684247915055,0.9034391534391535,0.9130116959064327,0.2784189762127132,0.9902492992693803,5,3,3,51104.217290878296,1.4994144439697266,breast_cancer,2,0.3,0.03,0.2
metacog,0.8421052631578947,0.7956349206349207,0.8144665461121157,0.662595343916706,0.7982804232804233,0.8102115937789479,0.4125268785528514,0.9654808723040684,5,3,3,50649.879932403564,1.5194416046142578,breast_cancer,3,0.3,0.03,0.2
metacog,0.9298245614035088,0.9047619047619048,0.9210526315789473,0.8535639569308375,0.9047619047619048,0.9,0.32420614859132296,0.9799090550488756,5,3,3,49584.96880531311,1.4514923095703125,breast_cancer,4,0.3,0.03,0.2
metacog,0.805,0.5760869565217391,0.5758795062802458,0.34845909958918564,0.8462732919254659,0.5539805097451275,0.35224414805819054,0.8131964404977765,7,4,4,10016.579866409302,7.459163665771484,adult,0,0.3,0.03,0.2
metacog,0.805,0.5913325804630153,0.6010434248887525,0.3371846188159856,0.7637634105025409,0.46100790513833995,0.4402523890379214,0.8766580354991211,7,4,4,11723.382711410522,5.58781623840332,adult,1,0.3,0.03,0.2
metacog,0.8,0.5652173913043478,0.5579133510167993,0.32177789389368455,0.5652173913043478,0.33043478260869563,0.5177485492624431,1.0,3,2,2,5941.266298294067,4.30750846862793,adult,2,0.3,0.03,0.2
metacog,0.805,0.5760869565217391,0.5758795062802458,0.34845909958918564,0.5760869565217391,0.3471739130434783,0.5289958634037956,0.9989156713474379,3,2,2,5971.515893936157,5.607843399047852,adult,3,0.3,0.03,0.2
metacog,0.795,0.5543478260869565,0.5392999606719479,0.29298753307495307,0.5543478260869565,0.31369565217391304,0.5123123594125598,1.0,3,2,2,5918.208122253418,5.67626953125,adult,4,0.3,0.03,0.2
metacog,0.3333333333333333,0.3333333333333333,0.16666666666666666,0.0,0.5,,1.0,0.9973710865078222,1,1,1,249.9840259552002,0.3604888916015625,iris,0,0.3,0.03,0.3
metacog,0.3333333333333333,0.3333333333333333,0.16666666666666666,0.0,0.5,,1.0,0.9970757773947009,1,1,1,232.36465454101562,0.7877349853515625,iris,1,0.3,0.03,0.3
metacog,0.3333333333333333,0.3333333333333333,0.16666666666666666,0.0,0.5,,1.0,0.9977269338811082,1,1,1,248.36063385009766,0.37670135498046875,iris,2,0.3,0.03,0.3
metacog,0.3333333333333333,0.3333333333333333,0.16666666666666666,0.0,0.5,,1.0,0.9961780853484691,1,1,1,252.94947624206543,0.3695487976074219,iris,3,0.3,0.03,0.3
metacog,0.3333333333333333,0.3333333333333333,0.16666666666666666,0.0,0.5,,0.8413882683090157,0.9971051500737994,1,1,1,267.3048973083496,0.37169456481933594,iris,4,0.3,0.03,0.3
metacog,0.3888888888888889,0.3333333333333333,0.18666666666666668,0.0,0.5,,0.05448551404923955,0.8356166464548431,1,1,1,1786.5712642669678,0.4076957702636719,wine,0,0.3,0.03,0.3
metacog,0.6111111111111112,0.6190476190476191,0.5135566188197767,0.4785101489172643,0.7938561438561439,,0.1166620945266864,0.9923821235256528,5,3,3,5092.2369956970215,0.5919933319091797,wine,1,0.3,0.03,0.3
metacog,0.6111111111111112,0.6,0.5185185185185185,0.5167423893288018,0.7494949494949495,,0.3774030947679678,0.9761711209664234,5,3,3,3739.99285697937,0.5295276641845703,wine,2,0.3,0.03,0.3
metacog,0.3888888888888889,0.3333333333333333,0.18666666666666668,0.0,0.5,,0.08826130698690134,0.9716808402437557,1,1,1,1808.9818954467773,0.4246234893798828,wine,3,0.3,0.03,0.3
metacog,0.3888888888888889,0.3333333333333333,0.18666666666666668,0.0,0.5,,0.06047926749204607,0.8796421389376234,1,1,1,1802.9379844665527,0.4413127899169922,wine,4,0.3,0.03,0.3
metacog,0.9473684210526315,0.9487012987012987,0.9449275362318841,0.8904905361044291,0.9512987012987013,0.9514896867838044,0.2128605955282232,0.9904241124341877,5,3,3,51364.71772193909,2.5627613067626953,breast_cancer,0,0.3,0.03,0.3
metacog,0.9824561403508771,0.9772727272727273,0.981329839502129,0.9633432944855655,0.9772727272727273,0.9722222222222222,0.2972640601417964,0.9858737888548949,5,3,3,51408.796548843384,1.436471939086914,breast_cancer,1,0.3,0.03,0.3
metacog,0.631578947368421,0.5,0.3870967741935484,0.0,0.5,0.631578947368421,0.0971257789267817,0.9978297494359547,1,1,1,19616.752862930298,1.177072525024414,breast_cancer,2,0.3,0.03,0.3
metacog,0.8421052631578947,0.7956349206349207,0.8144665461121157,0.662595343916706,0.7982804232804233,0.8102115937789479,0.4125268785528514,0.9654808723040684,5,3,3,50634.355306625366,1.53350830078125,breast_cancer,3,0.3,0.03,0.3
metacog,0.9298245614035088,0.9047619047619048,0.9210526315789473,0.8535639569308375,0.9047619047619048,0.9,0.32420614859132296,0.9799090550488756,5,3,3,50808.762311935425,1.5935897827148438,breast_cancer,4,0.3,0.03,0.3
metacog,0.805,0.5760869565217391,0.5758795062802458,0.34845909958918564,0.8462732919254659,0.5539805097451275,0.35224414805819054,0.8131964404977765,7,4,4,10378.12066078186,5.335330963134766,adult,0,0.3,0.03,0.3
metacog,0.805,0.5913325804630153,0.6010434248887525,0.3371846188159856,0.7637634105025409,0.46100790513833995,0.4402523890379214,0.8766580354991211,7,4,4,11907.448053359985,6.349802017211914,adult,1,0.3,0.03,0.3
metacog,0.8,0.5652173913043478,0.5579133510167993,0.32177789389368455,0.5652173913043478,0.33043478260869563,0.5177485492624431,1.0,3,2,2,6035.794258117676,4.300117492675781,adult,2,0.3,0.03,0.3
metacog,0.805,0.5760869565217391,0.5758795062802458,0.34845909958918564,0.5760869565217391,0.3471739130434783,0.5289958634037956,0.9989156713474379,3,2,2,6069.518566131592,4.351377487182617,adult,3,0.3,0.03,0.3
metacog,0.795,0.5543478260869565,0.5392999606719479,0.29298753307495307,0.5543478260869565,0.31369565217391304,0.5123123594125598,1.0,3,2,2,5961.984157562256,5.182027816772461,adult,4,0.3,0.03,0.3
metacog,0.3333333333333333,0.3333333333333333,0.16666666666666666,0.0,0.5,,1.0,0.9973710865078222,1,1,1,256.52456283569336,0.4029273986816406,iris,0,0.3,0.03,0.4
metacog,0.3333333333333333,0.3333333333333333,0.16666666666666666,0.0,0.5,,1.0,0.9970757773947009,1,1,1,241.45889282226562,0.3604888916015625,iris,1,0.3,0.03,0.4
metacog,0.3333333333333333,0.3333333333333333,0.16666666666666666,0.0,0.5,,1.0,0.9977269338811082,1,1,1,254.7285556793213,0.36263465881347656,iris,2,0.3,0.03,0.4
metacog,0.3333333333333333,0.3333333333333333,0.16666666666666666,0.0,0.5,,1.0,0.9961780853484691,1,1,1,249.75347518920898,0.39124488830566406,iris,3,0.3,0.03,0.4
metacog,0.3333333333333333,0.3333333333333333,0.16666666666666666,0.0,0.5,,0.8413882683090157,0.9971051500737994,1,1,1,272.0327377319336,0.3590583801269531,iris,4,0.3,0.03,0.4
metacog,0.3888888888888889,0.3333333333333333,0.18666666666666668,0.0,0.5,,0.05448551404923955,0.8356166464548431,1,1,1,1809.6082210540771,0.4227161407470703,wine,0,0.3,0.03,0.4
metacog,0.3888888888888889,0.3333333333333333,0.18666666666666668,0.0,0.5,,0.10808918016984967,0.9836413568501193,1,1,1,1832.6728343963623,0.49996376037597656,wine,1,0.3,0.03,0.4
metacog,0.6111111111111112,0.6,0.5185185185185185,0.5167423893288018,0.7494949494949495,,0.3774030947679678,0.9761711209664234,5,3,3,3831.7840099334717,0.5311965942382812,wine,2,0.3,0.03,0.4
metacog,0.3888888888888889,0.3333333333333333,0.18666666666666668,0.0,0.5,,0.08826130698690134,0.9716808402437557,1,1,1,1815.882682800293,0.4601478576660156,wine,3,0.3,0.03,0.4
metacog,0.3888888888888889,0.3333333333333333,0.18666666666666668,0.0,0.5,,0.06047926749204607,0.8796421389376234,1,1,1,1826.629877090454,0.9863376617431641,wine,4,0.3,0.03,0.4
metacog,0.9473684210526315,0.9487012987012987,0.9449275362318841,0.8904905361044291,0.9512987012987013,0.9514896867838044,0.2128605955282232,0.9904241124341877,5,3,3,52097.99838066101,1.4562606811523438,breast_cancer,0,0.3,0.03,0.4
metacog,0.9824561403508771,0.9772727272727273,0.981329839502129,0.9633432944855655,0.9772727272727273,0.9722222222222222,0.2972640601417964,0.9858737888548949,5,3,3,51999.574184417725,1.5070438385009766,breast_cancer,1,0.3,0.03,0.4
metacog,0.631578947368421,0.5,0.3870967741935484,0.0,0.5,0.631578947368421,0.0971257789267817,0.9978297494359547,1,1,1,20019.46759223938,1.165628433227539,breast_cancer,2,0.3,0.03,0.4
metacog,0.8421052631578947,0.7956349206349207,0.8144665461121157,0.662595343916706,0.7982804232804233,0.8102115937789479,0.4125268785528514,0.9654808723040684,5,3,3,51430.718660354614,1.5552043914794922,breast_cancer,3,0.3,0.03,0.4
metacog,0.9298245614035088,0.9047619047619048,0.9210526315789473,0.8535639569308375,0.9047619047619048,0.9,0.32420614859132296,0.9799090550488756,5,3,3,51447.79109954834,2.862691879272461,breast_cancer,4,0.3,0.03,0.4
metacog,0.8,0.5652173913043478,0.5579133510167993,0.32177789389368455,0.5652173913043478,0.33043478260869563,0.5541350673001662,1.0,3,2,2,6333.5723876953125,4.707098007202148,adult,0,0.3,0.03,0.4
metacog,0.805,0.5913325804630153,0.6010434248887525,0.3371846188159856,0.7637634105025409,0.46100790513833995,0.4402523890379214,0.8766580354991211,7,4,4,12109.589338302612,5.18488883972168,adult,1,0.3,0.03,0.4
metacog,0.8,0.5652173913043478,0.5579133510167993,0.32177789389368455,0.5652173913043478,0.33043478260869563,0.5177485492624431,1.0,3,2,2,6121.685743331909,5.232334136962891,adult,2,0.3,0.03,0.4
metacog,0.805,0.5760869565217391,0.5758795062802458,0.34845909958918564,0.5760869565217391,0.3471739130434783,0.5289958634037956,0.9989156713474379,3,2,2,6107.317924499512,4.504203796386719,adult,3,0.3,0.03,0.4
metacog,0.795,0.5543478260869565,0.5392999606719479,0.29298753307495307,0.5543478260869565,0.31369565217391304,0.5123123594125598,1.0,3,2,2,6116.899490356445,4.391670227050781,adult,4,0.3,0.03,0.4
metacog,0.3333333333333333,0.3333333333333333,0.16666666666666666,0.0,0.5,,1.0,0.9973710865078222,1,1,1,252.34031677246094,0.3688335418701172,iris,0,0.3,0.03,0.5
metacog,0.3333333333333333,0.3333333333333333,0.16666666666666666,0.0,0.5,,1.0,0.9970757773947009,1,1,1,237.2305393218994,0.3495216369628906,iris,1,0.3,0.03,0.5
metacog,0.3333333333333333,0.3333333333333333,0.16666666666666666,0.0,0.5,,1.0,0.9977269338811082,1,1,1,234.91144180297852,0.6189346313476562,iris,2,0.3,0.03,0.5
metacog,0.3333333333333333,0.3333333333333333,0.16666666666666666,0.0,0.5,,1.0,0.9961780853484691,1,1,1,249.68838691711426,0.36787986755371094,iris,3,0.3,0.03,0.5
metacog,0.3333333333333333,0.3333333333333333,0.16666666666666666,0.0,0.5,,0.8413882683090157,0.9971051500737994,1,1,1,271.64626121520996,0.37217140197753906,iris,4,0.3,0.03,0.5
metacog,0.3888888888888889,0.3333333333333333,0.18666666666666668,0.0,0.5,,0.05448551404923955,0.8356166464548431,1,1,1,1777.9943943023682,0.9715557098388672,wine,0,0.3,0.03,0.5
metacog,0.3888888888888889,0.3333333333333333,0.18666666666666668,0.0,0.5,,0.10808918016984967,0.9836413568501193,1,1,1,1774.181842803955,0.4189014434814453,wine,1,0.3,0.03,0.5
metacog,0.6111111111111112,0.6,0.5185185185185185,0.5167423893288018,0.7494949494949495,,0.3774030947679678,0.9761711209664234,5,3,3,3763.277292251587,0.5342960357666016,wine,2,0.3,0.03,0.5
metacog,0.3888888888888889,0.3333333333333333,0.18666666666666668,0.0,0.5,,0.08826130698690134,0.9716808402437557,1,1,1,1759.8035335540771,0.4444122314453125,wine,3,0.3,0.03,0.5
metacog,0.3888888888888889,0.3333333333333333,0.18666666666666668,0.0,0.5,,0.06047926749204607,0.8796421389376234,1,1,1,1748.5427856445312,0.4036426544189453,wine,4,0.3,0.03,0.5
metacog,0.6140350877192983,0.5,0.3804347826086957,0.0,0.5,0.6140350877192983,0.16888261642988234,0.996438889669009,1,1,1,19346.27890586853,1.2302398681640625,breast_cancer,0,0.3,0.03,0.5
metacog,0.9824561403508771,0.9772727272727273,0.981329839502129,0.9633432944855655,0.9772727272727273,0.9722222222222222,0.2972640601417964,0.9858737888548949,5,3,3,51181.41436576843,1.5099048614501953,breast_cancer,1,0.3,0.03,0.5
metacog,0.631578947368421,0.5,0.3870967741935484,0.0,0.5,0.631578947368421,0.0971257789267817,0.9978297494359547,1,1,1,19421.347856521606,1.238107681274414,breast_cancer,2,0.3,0.03,0.5
metacog,0.8421052631578947,0.7956349206349207,0.8144665461121157,0.662595343916706,0.7982804232804233,0.8102115937789479,0.4125268785528514,0.9654808723040684,5,3,3,51177.276849746704,1.5251636505126953,breast_cancer,3,0.3,0.03,0.5
metacog,0.9298245614035088,0.9047619047619048,0.9210526315789473,0.8535639569308375,0.9047619047619048,0.9,0.32420614859132296,0.9799090550488756,5,3,3,50564.45574760437,1.5339851379394531,breast_cancer,4,0.3,0.03,0.5
metacog,0.8,0.5652173913043478,0.5579133510167993,0.32177789389368455,0.5652173913043478,0.33043478260869563,0.5541350673001662,1.0,3,2,2,6300.743579864502,4.409313201904297,adult,0,0.3,0.03,0.5
metacog,0.805,0.5913325804630153,0.6010434248887525,0.3371846188159856,0.7637634105025409,0.46100790513833995,0.4402523890379214,0.8766580354991211,7,4,4,12440.126657485962,6.767034530639648,adult,1,0.3,0.03,0.5
metacog,0.8,0.5652173913043478,0.5579133510167993,0.32177789389368455,0.5652173913043478,0.33043478260869563,0.5177485492624431,1.0,3,2,2,6260.712623596191,4.7283172607421875,adult,2,0.3,0.03,0.5
metacog,0.805,0.5760869565217391,0.5758795062802458,0.34845909958918564,0.5760869565217391,0.3471739130434783,0.5289958634037956,0.9989156713474379,3,2,2,6288.989305496216,4.620075225830078,adult,3,0.3,0.03,0.5
metacog,0.795,0.5543478260869565,0.5392999606719479,0.29298753307495307,0.5543478260869565,0.31369565217391304,0.5123123594125598,1.0,3,2,2,6437.567710876465,4.554271697998047,adult,4,0.3,0.03,0.5
metacog,0.6666666666666666,0.6666666666666666,0.5555555555555555,0.6123724356957945,0.8333333333333334,,0.5087148216635994,0.9931689782126119,3,2,2,433.3474636077881,0.4947185516357422,iris,0,0.3,0.05,0.0
metacog,0.6666666666666666,0.6666666666666666,0.5555555555555555,0.6123724356957945,0.8333333333333334,,0.5053783704402405,0.9846235543341044,3,2,2,411.8645191192627,0.42891502380371094,iris,1,0.3,0.05,0.0
metacog,0.6666666666666666,0.6666666666666666,0.5555555555555555,0.6123724356957945,0.8333333333333334,,0.5003001606412475,0.9925327311980254,3,2,2,454.211950302124,0.44846534729003906,iris,2,0.3,0.05,0.0
metacog,0.6666666666666666,0.6666666666666666,0.5555555555555555,0.6123724356957945,0.8333333333333334,,0.5053783704402405,0.9923855873540359,3,2,2,477.89454460144043,0.48351287841796875,iris,3,0.3,0.05,0.0
metacog,0.8666666666666667,0.8666666666666667,0.8666666666666667,0.8,0.9166666666666666,,0.4295544454919649,0.9728009417627567,5,3,3,558.3760738372803,0.7090568542480469,iris,4,0.3,0.05,0.0
metacog,0.3888888888888889,0.3333333333333333,0.18666666666666668,0.0,0.5,,0.05448551404923955,0.8356166464548431,1,1,1,1798.8908290863037,0.4057884216308594,wine,0,0.3,0.05,0.0
metacog,0.9444444444444444,0.9523809523809524,0.9440559440559441,0.9209401941068135,0.9810855810855811,,0.09676720274524803,0.992956148927088,7,4,4,6590.548276901245,0.5564689636230469,wine,1,0.3,0.05,0.0
metacog,0.6111111111111112,0.6,0.5185185185185185,0.5167423893288018,0.7494949494949495,,0.3774030947679678,0.9761711209664234,5,3,3,3749.476909637451,0.6575584411621094,wine,2,0.3,0.05,0.0
metacog,0.6666666666666666,0.6666666666666666,0.5666666666666667,0.5995445191824106,0.8387445887445887,,0.28708262043670824,0.9870125191045439,5,3,3,3735.7776165008545,0.5095005035400391,wine,3,0.3,0.05,0.0
metacog,0.8888888888888888,0.9047619047619048,0.8885003885003885,0.8457943925233645,0.9235070485070486,,0.24828160209775718,0.9703026118717079,7,4,3,5084.443092346191,0.5598068237304688,wine,4,0.3,0.05,0.0
metacog,0.9473684210526315,0.9487012987012987,0.9449275362318841,0.8904905361044291,0.9512987012987013,0.9514896867838044,0.21358133163914025,0.9888872175996579,5,3,3,50909.51418876648,1.4429092407226562,breast_cancer,0,0.3,0.05,0.0
metacog,0.9824561403508771,0.9772727272727273,0.981329839502129,0.9633432944855655,0.9772727272727273,0.9722222222222222,0.2977781401192274,0.9858737888548949,5,3,3,51183.57610702515,3.0181407928466797,breast_cancer,1,0.3,0.05,0.0
metacog,0.9298245614035088,0.9146825396825397,0.922972972972973,0.8486684247915055,0.9034391534391535,0.9130116959064327,0.2798662637828419,0.9830167275941617,5,3,3,50916.33105278015,2.4306774139404297,breast_cancer,2,0.3,0.05,0.0
metacog,0.8421052631578947,0.7956349206349207,0.8144665461121157,0.662595343916706,0.7982804232804233,0.8102115937789479,0.4142019566762563,0.9709976809823655,5,3,3,50752.575635910034,1.7309188842773438,breast_cancer,3,0.3,0.05,0.0
metacog,0.9298245614035088,0.9047619047619048,0.9210526315789473,0.8535639569308375,0.9047619047619048,0.9,0.3303387131174819,0.959075996239208,5,3,3,50847.39804267883,1.766204833984375,breast_cancer,4,0.3,0.05,0.0
metacog,0.805,0.5760869565217391,0.5758795062802458,0.34845909958918564,0.8526962168266516,0.5659558744201101,0.21656486078295398,0.8518420713817623,13,7,6,15711.620807647705,5.645275115966797,adult,0,0.3,0.05,0.0
metacog,0.805,0.5913325804630153,0.6010434248887525,0.3371846188159856,0.7637634105025409,0.46100790513833995,0.44062217910693524,0.8797266491742846,7,4,4,12047.605514526367,6.317138671875,adult,1,0.3,0.05,0.0
metacog,0.8,0.5652173913043478,0.5579133510167993,0.32177789389368455,0.5652173913043478,0.33043478260869563,0.5177485492624431,1.0,3,2,2,5997.439622879028,4.144191741943359,adult,2,0.3,0.05,0.0
metacog,0.805,0.5760869565217391,0.5758795062802458,0.34845909958918564,0.5760869565217391,0.3471739130434783,0.5289958634037956,1.0,3,2,2,5877.529859542847,4.104375839233398,adult,3,0.3,0.05,0.0
metacog,0.795,0.5543478260869565,0.5392999606719479,0.29298753307495307,0.5543478260869565,0.31369565217391304,0.5123123594125598,1.0,3,2,2,5786.470890045166,4.708528518676758,adult,4,0.3,0.05,0.0
metacog,0.3333333333333333,0.3333333333333333,0.16666666666666666,0.0,0.5,,1.0,0.9973710865078222,1,1,1,231.33301734924316,0.3616809844970703,iris,0,0.3,0.05,0.1
metacog,0.3333333333333333,0.3333333333333333,0.16666666666666666,0.0,0.5,,1.0,0.9970757773947009,1,1,1,246.55437469482422,0.3685951232910156,iris,1,0.3,0.05,0.1
metacog,0.3333333333333333,0.3333333333333333,0.16666666666666666,0.0,0.5,,1.0,0.9977269338811082,1,1,1,246.71053886413574,0.36835670471191406,iris,2,0.3,0.05,0.1
metacog,0.3333333333333333,0.3333333333333333,0.16666666666666666,0.0,0.5,,1.0,0.9961780853484691,1,1,1,251.98793411254883,0.37550926208496094,iris,3,0.3,0.05,0.1
metacog,0.3333333333333333,0.3333333333333333,0.16666666666666666,0.0,0.5,,0.8413882683090157,0.9971051500737994,1,1,1,261.1100673675537,0.36334991455078125,iris,4,0.3,0.05,0.1
metacog,0.3888888888888889,0.3333333333333333,0.18666666666666668,0.0,0.5,,0.05448551404923955,0.8356166464548431,1,1,1,1893.3193683624268,0.4222393035888672,wine,0,0.3,0.05,0.1
metacog,0.6111111111111112,0.6190476190476191,0.5135566188197767,0.4785101489172643,0.7938561438561439,,0.1166620945266864,0.9923821235256528,5,3,3,5273.685693740845,0.5447864532470703,wine,1,0.3,0.05,0.1
metacog,0.6111111111111112,0.6,0.5185185185185185,0.5167423893288018,0.7494949494949495,,0.3774030947679678,0.9761711209664234,5,3,3,3845.3288078308105,0.5369186401367188,wine,2,0.3,0.05,0.1
metacog,0.6666666666666666,0.6666666666666666,0.5666666666666667,0.5995445191824106,0.8387445887445887,,0.28708262043670824,0.9870125191045439,5,3,3,3814.823865890503,0.5381107330322266,wine,3,0.3,0.05,0.1
metacog,0.3888888888888889,0.3333333333333333,0.18666666666666668,0.0,0.5,,0.06047926749204607,0.8796421389376234,1,1,1,1820.6508159637451,0.4436969757080078,wine,4,0.3,0.05,0.1
metacog,0.9473684210526315,0.9487012987012987,0.9449275362318841,0.8904905361044291,0.9512987012987013,0.9514896867838044,0.2128605955282232,0.9904241124341877,5,3,3,51711.374282836914,1.5327930450439453,breast_cancer,0,0.3,0.05,0.1
metacog,0.9824561403508771,0.9772727272727273,0.981329839502129,0.9633432944855655,0.9772727272727273,0.9722222222222222,0.2972640601417964,0.9858737888548949,5,3,3,52133.60786437988,1.491546630859375,breast_cancer,1,0.3,0.05,0.1
metacog,0.9298245614035088,0.9146825396825397,0.922972972972973,0.8486684247915055,0.9034391534391535,0.9130116959064327,0.2784189762127132,0.9902492992693803,5,3,3,51555.94539642334,3.032207489013672,breast_cancer,2,0.3,0.05,0.1
metacog,0.8421052631578947,0.7956349206349207,0.8144665461121157,0.662595343916706,0.7982804232804233,0.8102115937789479,0.4125268785528514,0.9654808723040684,5,3,3,51675.54259300232,1.5292167663574219,breast_cancer,3,0.3,0.05,0.1
metacog,0.9298245614035088,0.9047619047619048,0.9210526315789473,0.8535639569308375,0.9047619047619048,0.9,0.32420614859132296,0.9799090550488756,5,3,3,51518.391370773315,1.7421245574951172,breast_cancer,4,0.3,0.05,0.1
metacog,0.805,0.5760869565217391,0.5758795062802458,0.34845909958918564,0.8462732919254659,0.5539805097451275,0.35224414805819054,0.8131964404977765,7,4,4,10429.626941680908,5.084753036499023,adult,0,0.3,0.05,0.1
metacog,0.805,0.5913325804630153,0.6010434248887525,0.3371846188159856,0.7637634105025409,0.46100790513833995,0.4402523890379214,0.8766580354991211,7,4,4,12132.152557373047,6.885051727294922,adult,1,0.3,0.05,0.1
metacog,0.8,0.5652173913043478,0.5579133510167993,0.32177789389368455,0.5652173913043478,0.33043478260869563,0.5177485492624431,1.0,3,2,2,6243.573904037476,4.308938980102539,adult,2,0.3,0.05,0.1
metacog,0.805,0.5760869565217391,0.5758795062802458,0.34845909958918564,0.5760869565217391,0.3471739130434783,0.5289958634037956,0.9989156713474379,3,2,2,6141.227960586548,4.681587219238281,adult,3,0.3,0.05,0.1
metacog,0.795,0.5543478260869565,0.5392999606719479,0.29298753307495307,0.5543478260869565,0.31369565217391304,0.5123123594125598,1.0,3,2,2,6030.486583709717,4.348039627075195,adult,4,0.3,0.05,0.1
metacog,0.3333333333333333,0.3333333333333333,0.16666666666666666,0.0,0.5,,1.0,0.9973710865078222,1,1,1,243.34049224853516,0.36406517028808594,iris,0,0.3,0.05,0.15
metacog,0.3333333333333333,0.3333333333333333,0.16666666666666666,0.0,0.5,,1.0,0.9970757773947009,1,1,1,240.04077911376953,0.3769397735595703,iris,1,0.3,0.05,0.15
metacog,0.3333333333333333,0.3333333333333333,0.16666666666666666,0.0,0.5,,1.0,0.9977269338811082,1,1,1,237.24365234375,0.3581047058105469,iris,2,0.3,0.05,0.15
metacog,0.3333333333333333,0.3333333333333333,0.16666666666666666,0.0,0.5,,1.0,0.9961780853484691,1,1,1,244.795560836792,0.5114078521728516,iris,3,0.3,0.05,0.15
metacog,0.3333333333333333,0.3333333333333333,0.16666666666666666,0.0,0.5,,0.8413882683090157,0.9971051500737994,1,1,1,268.876314163208,0.3681182861328125,iris,4,0.3,0.05,0.15
metacog,0.3888888888888889,0.3333333333333333,0.18666666666666668,0.0,0.5,,0.05448551404923955,0.8356166464548431,1,1,1,1863.159418106079,0.5953311920166016,wine,0,0.3,0.05,0.15
metacog,0.6111111111111112,0.6190476190476191,0.5135566188197767,0.4785101489172643,0.7938561438561439,,0.1166620945266864,0.9923821235256528,5,3,3,5141.052961349487,0.5679130554199219,wine,1,0.3,0.05,0.15
metacog,0.6111111111111112,0.6,0.5185185185185185,0.5167423893288018,0.7494949494949495,,0.3774030947679678,0.9761711209664234,5,3,3,3743.446111679077,0.5657672882080078,wine,2,0.3,0.05,0.15
metacog,0.3888888888888889,0.3333333333333333,0.18666666666666668,0.0,0.5,,0.08826130698690134,0.9716808402437557,1,1,1,1824.8772621154785,0.41484832763671875,wine,3,0.3,0.05,0.15
metacog,0.3888888888888889,0.3333333333333333,0.18666666666666668,0.0,0.5,,0.06047926749204607,0.8796421389376234,1,1,1,1794.985055923462,0.41747093200683594,wine,4,0.3,0.05,0.15
metacog,0.9473684210526315,0.9487012987012987,0.9449275362318841,0.8904905361044291,0.9512987012987013,0.9514896867838044,0.2128605955282232,0.9904241124341877,5,3,3,51030.89261054993,1.5079975128173828,breast_cancer,0,0.3,0.05,0.15
metacog,0.9824561403508771,0.9772727272727273,0.981329839502129,0.9633432944855655,0.9772727272727273,0.9722222222222222,0.2972640601417964,0.9858737888548949,5,3,3,51324.91993904114,1.6820430755615234,breast_cancer,1,0.3,0.05,0.15
metacog,0.9298245614035088,0.9146825396825397,0.922972972972973,0.8486684247915055,0.9034391534391535,0.9130116959064327,0.2784189762127132,0.9902492992693803,5,3,3,50799.824476242065,2.173900604248047,breast_cancer,2,0.3,0.05,0.15
metacog,0.8421052631578947,0.7956349206349207,0.8144665461121157,0.662595343916706,0.7982804232804233,0.8102115937789479,0.4125268785528514,0.9654808723040684,5,3,3,50846.27461433411,1.4541149139404297,breast_cancer,3,0.3,0.05,0.15
metacog,0.9298245614035088,0.9047619047619048,0.9210526315789473,0.8535639569308375,0.9047619047619048,0.9,0.32420614859132296,0.9799090550488756,5,3,3,50965.15727043152,1.4715194702148438,breast_cancer,4,0.3,0.05,0.15
metacog,0.805,0.5760869565217391,0.5758795062802458,0.34845909958918564,0.8462732919254659,0.5539805097451275,0.35224414805819054,0.8131964404977765,7,4,4,10451.191902160645,5.527019500732422,adult,0,0.3,0.05,0.15
metacog,0.805,0.5913325804630153,0.6010434248887525,0.3371846188159856,0.7637634105025409,0.46100790513833995,0.4402523890379214,0.8766580354991211,7,4,4,12090.840101242065,6.381511688232422,adult,1,0.3,0.05,0.15
metacog,0.8,0.5652173913043478,0.5579133510167993,0.32177789389368455,0.5652173913043478,0.33043478260869563,0.5177485492624431,1.0,3,2,2,6078.0603885650635,4.381418228149414,adult,2,0.3,0.05,0.15
metacog,0.805,0.5760869565217391,0.5758795062802458,0.34845909958918564,0.5760869565217391,0.3471739130434783,0.5289958634037956,0.9989156713474379,3,2,2,6136.216402053833,6.812334060668945,adult,3,0.3,0.05,0.15
metacog,0.795,0.5543478260869565,0.5392999606719479,0.29298753307495307,0.5543478260869565,0.31369565217391304,0.5123123594125598,1.0,3,2,2,6063.340187072754,5.5446624755859375,adult,4,0.3,0.05,0.15
metacog,0.3333333333333333,0.3333333333333333,0.16666666666666666,0.0,0.5,,1.0,0.9973710865078222,1,1,1,239.04776573181152,0.37932395935058594,iris,0,0.3,0.05,0.2
metacog,0.3333333333333333,0.3333333333333333,0.16666666666666666,0.0,0.5,,1.0,0.9970757773947009,1,1,1,245.79644203186035,0.5393028259277344,iris,1,0.3,0.05,0.2
metacog,0.3333333333333333,0.3333333333333333,0.16666666666666666,0.0,0.5,,1.0,0.9977269338811082,1,1,1,237.82753944396973,0.3590583801269531,iris,2,0.3,0.05,0.2
metacog,0.3333333333333333,0.3333333333333333,0.16666666666666666,0.0,0.5,,1.0,0.9961780853484691,1,1,1,248.30269813537598,0.3657341003417969,iris,3,0.3,0.05,0.2
metacog,0.3333333333333333,0.3333333333333333,0.16666666666666666,0.0,0.5,,0.8413882683090157,0.9971051500737994,1,1,1,264.5092010498047,0.36072731018066406,iris,4,0.3,0.05,0.2
metacog,0.3888888888888889,0.3333333333333333,0.18666666666666668,0.0,0.5,,0.05448551404923955,0.8356166464548431,1,1,1,1886.7096900939941,0.4286766052246094,wine,0,0.3,0.05,0.2
metacog,0.3888888888888889,0.3333333333333333,0.18666666666666668,0.0,0.5,,0.10808918016984967,0.9836413568501193,1,1,1,1799.7488975524902,0.4229545593261719,wine,1,0.3,0.05,0.2
metacog,0.6111111111111112,0.6,0.5185185185185185,0.5167423893288018,0.7494949494949495,,0.3774030947679678,0.9761711209664234,5,3,3,3831.932544708252,0.5588531494140625,wine,2,0.3,0.05,0.2
metacog,0.3888888888888889,0.3333333333333333,0.18666666666666668,0.0,0.5,,0.08826130698690134,0.9716808402437557,1,1,1,1800.7471561431885,0.40793418884277344,wine,3,0.3,0.05,0.2
metacog,0.3888888888888889,0.3333333333333333,0.18666666666666668,0.0,0.5,,0.06047926749204607,0.8796421389376234,1,1,1,1771.4693546295166,0.40459632873535156,wine,4,0.3,0.05,0.2
metacog,0.9473684210526315,0.9487012987012987,0.9449275362318841,0.8904905361044291,0.9512987012987013,0.9514896867838044,0.2128605955282232,0.9904241124341877,5,3,3,51016.88265800476,1.4984607696533203,breast_cancer,0,0.3,0.05,0.2
metacog,0.9824561403508771,0.9772727272727273,0.981329839502129,0.9633432944855655,0.9772727272727273,0.9722222222222222,0.2972640601417964,0.9858737888548949,5,3,3,51430.604457855225,1.653909683227539,breast_cancer,1,0.3,0.05,0.2
metacog,0.631578947368421,0.5,0.3870967741935484,0.0,0.5,0.631578947368421,0.0971257789267817,0.9978297494359547,1,1,1,19595.87335586548,1.1906623840332031,breast_cancer,2,0.3,0.05,0.2
metacog,0.8421052631578947,0.7956349206349207,0.8144665461121157,0.662595343916706,0.7982804232804233,0.8102115937789479,0.4125268785528514,0.9654808723040684,5,3,3,50926.48887634277,3.0748844146728516,breast_cancer,3,0.3,0.05,0.2
metacog,0.9298245614035088,0.9047619047619048,0.9210526315789473,0.8535639569308375,0.9047619047619048,0.9,0.32420614859132296,0.9799090550488756,5,3,3,50978.74426841736,1.6949176788330078,breast_cancer,4,0.3,0.05,0.2
metacog,0.805,0.5760869565217391,0.5758795062802458,0.34845909958918564,0.8462732919254659,0.5539805097451275,0.35224414805819054,0.8131964404977765,7,4,4,10584.101915359497,5.537509918212891,adult,0,0.3,0.05,0.2
metacog,0.805,0.5913325804630153,0.6010434248887525,0.3371846188159856,0.7637634105025409,0.46100790513833995,0.4402523890379214,0.8766580354991211,7,4,4,12532.853603363037,5.348920822143555,adult,1,0.3,0.05,0.2
metacog,0.8,0.5652173913043478,0.5579133510167993,0.32177789389368455,0.5652173913043478,0.33043478260869563,0.5177485492624431,1.0,3,2,2,6484.905242919922,4.5375823974609375,adult,2,0.3,0.05,0.2
metacog,0.805,0.5760869565217391,0.5758795062802458,0.34845909958918564,0.5760869565217391,0.3471739130434783,0.5289958634037956,0.9989156713474379,3,2,2,6297.608375549316,6.06226921081543,adult,3,0.3,0.05,0.2
metacog,0.795,0.5543478260869565,0.5392999606719479,0.29298753307495307,0.5543478260869565,0.31369565217391304,0.5123123594125598,1.0,3,2,2,6278.777599334717,4.550933837890625,adult,4,0.3,0.05,0.2
metacog,0.3333333333333333,0.3333333333333333,0.16666666666666666,0.0,0.5,,1.0,0.9973710865078222,1,1,1,236.9692325592041,0.3459453582763672,iris,0,0.3,0.05,0.3
metacog,0.3333333333333333,0.3333333333333333,0.16666666666666666,0.0,0.5,,1.0,0.9970757773947009,1,1,1,237.18690872192383,0.3483295440673828,iris,1,0.3,0.05,0.3
metacog,0.3333333333333333,0.3333333333333333,0.16666666666666666,0.0,0.5,,1.0,0.9977269338811082,1,1,1,238.36565017700195,0.3612041473388672,iris,2,0.3,0.05,0.3
metacog,0.3333333333333333,0.3333333333333333,0.16666666666666666,0.0,0.5,,1.0,0.9961780853484691,1,1,1,257.19213485717773,0.3628730773925781,iris,3,0.3,0.05,0.3
metacog,0.3333333333333333,0.3333333333333333,0.16666666666666666,0.0,0.5,,0.8413882683090157,0.9971051500737994,1,1,1,266.9329643249512,0.3662109375,iris,4,0.3,0.05,0.3
metacog,0.3888888888888889,0.3333333333333333,0.18666666666666668,0.0,0.5,,0.05448551404923955,0.8356166464548431,1,1,1,1835.8616828918457,0.4189014434814453,wine,0,0.3,0.05,0.3
metacog,0.3888888888888889,0.3333333333333333,0.18666666666666668,0.0,0.5,,0.10808918016984967,0.9836413568501193,1,1,1,1804.3079376220703,1.0235309600830078,wine,1,0.3,0.05,0.3
metacog,0.6111111111111112,0.6,0.5185185185185185,0.5167423893288018,0.7494949494949495,,0.3774030947679678,0.9761711209664234,5,3,3,3782.175302505493,0.5545616149902344,wine,2,0.3,0.05,0.3
metacog,0.3888888888888889,0.3333333333333333,0.18666666666666668,0.0,0.5,,0.08826130698690134,0.9716808402437557,1,1,1,1796.2114810943604,0.8149147033691406,wine,3,0.3,0.05,0.3
metacog,0.3888888888888889,0.3333333333333333,0.18666666666666668,0.0,0.5,,0.06047926749204607,0.8796421389376234,1,1,1,1800.2605438232422,0.4794597625732422,wine,4,0.3,0.05,0.3
metacog,0.9473684210526315,0.9487012987012987,0.9449275362318841,0.8904905361044291,0.9512987012987013,0.9514896867838044,0.2128605955282232,0.9904241124341877,5,3,3,51057.53779411316,1.5289783477783203,breast_cancer,0,0.3,0.05,0.3
metacog,0.9824561403508771,0.9772727272727273,0.981329839502129,0.9633432944855655,0.9772727272727273,0.9722222222222222,0.2972640601417964,0.9858737888548949,5,3,3,51426.54633522034,2.521991729736328,breast_cancer,1,0.3,0.05,0.3
metacog,0.631578947368421,0.5,0.3870967741935484,0.0,0.5,0.631578947368421,0.0971257789267817,0.9978297494359547,1,1,1,19450.52170753479,1.1751651763916016,breast_cancer,2,0.3,0.05,0.3
metacog,0.8421052631578947,0.7956349206349207,0.8144665461121157,0.662595343916706,0.7982804232804233,0.8102115937789479,0.4125268785528514,0.9654808723040684,5,3,3,50886.52062416077,1.5804767608642578,breast_cancer,3,0.3,0.05,0.3
metacog,0.9298245614035088,0.9047619047619048,0.9210526315789473,0.8535639569308375,0.9047619047619048,0.9,0.32420614859132296,0.9799090550488756,5,3,3,49146.56615257263,1.4317035675048828,breast_cancer,4,0.3,0.05,0.3
metacog,0.8,0.5652173913043478,0.5579133510167993,0.32177789389368455,0.5652173913043478,0.33043478260869563,0.5541350673001662,1.0,3,2,2,5985.259771347046,4.314184188842773,adult,0,0.3,0.05,0.3
metacog,0.805,0.5913325804630153,0.6010434248887525,0.3371846188159856,0.7637634105025409,0.46100790513833995,0.4402523890379214,0.8766580354991211,7,4,4,11781.68272972107,6.355047225952148,adult,1,0.3,0.05,0.3
metacog,0.8,0.5652173913043478,0.5579133510167993,0.32177789389368455,0.5652173913043478,0.33043478260869563,0.5177485492624431,1.0,3,2,2,5916.638612747192,4.396915435791016,adult,2,0.3,0.05,0.3
metacog,0.805,0.5760869565217391,0.5758795062802458,0.34845909958918564,0.5760869565217391,0.3471739130434783,0.5289958634037956,0.9989156713474379,3,2,2,5966.68815612793,4.536867141723633,adult,3,0.3,0.05,0.3
metacog,0.795,0.5543478260869565,0.5392999606719479,0.29298753307495307,0.5543478260869565,0.31369565217391304,0.5123123594125598,1.0,3,2,2,5923.205852508545,5.458354949951172,adult,4,0.3,0.05,0.3
metacog,0.3333333333333333,0.3333333333333333,0.16666666666666666,0.0,0.5,,1.0,0.9973710865078222,1,1,1,251.3744831085205,0.6618499755859375,iris,0,0.3,0.05,0.4
metacog,0.3333333333333333,0.3333333333333333,0.16666666666666666,0.0,0.5,,1.0,0.9970757773947009,1,1,1,241.31417274475098,0.7023811340332031,iris,1,0.3,0.05,0.4
metacog,0.3333333333333333,0.3333333333333333,0.16666666666666666,0.0,0.5,,1.0,0.9977269338811082,1,1,1,239.66217041015625,0.5791187286376953,iris,2,0.3,0.05,0.4
metacog,0.3333333333333333,0.3333333333333333,0.16666666666666666,0.0,0.5,,1.0,0.9961780853484691,1,1,1,253.5686492919922,0.7193088531494141,iris,3,0.3,0.05,0.4
metacog,0.3333333333333333,0.3333333333333333,0.16666666666666666,0.0,0.5,,0.8413882683090157,0.9971051500737994,1,1,1,264.5714282989502,0.6082057952880859,iris,4,0.3,0.05,0.4
metacog,0.3888888888888889,0.3333333333333333,0.18666666666666668,0.0,0.5,,0.05448551404923955,0.8356166464548431,1,1,1,1818.0866241455078,0.4634857177734375,wine,0,0.3,0.05,0.4
metacog,0.3888888888888889,0.3333333333333333,0.18666666666666668,0.0,0.5,,0.10808918016984967,0.9836413568501193,1,1,1,1788.7494564056396,0.42724609375,wine,1,0.3,0.05,0.4
metacog,0.3888888888888889,0.3333333333333333,0.18666666666666668,0.0,0.5,,0.12637829618825452,0.9628190126221114,1,1,1,1799.2992401123047,0.4506111145019531,wine,2,0.3,0.05,0.4
metacog,0.3888888888888889,0.3333333333333333,0.18666666666666668,0.0,0.5,,0.08826130698690134,0.9716808402437557,1,1,1,1813.7140274047852,0.43511390686035156,wine,3,0.3,0.05,0.4
metacog,0.3888888888888889,0.3333333333333333,0.18666666666666668,0.0,0.5,,0.06047926749204607,0.8796421389376234,1,1,1,1756.7815780639648,0.4246234893798828,wine,4,0.3,0.05,0.4
metacog,0.6140350877192983,0.5,0.3804347826086957,0.0,0.5,0.6140350877192983,0.16888261642988234,0.996438889669009,1,1,1,19458.953619003296,1.2135505676269531,breast_cancer,0,0.3,0.05,0.4
metacog,0.6140350877192983,0.5,0.3804347826086957,0.0,0.5,0.6140350877192983,0.17301101243890643,0.9800388511449721,1,1,1,19508.501768112183,1.2111663818359375,breast_cancer,1,0.3,0.05,0.4
metacog,0.631578947368421,0.5,0.3870967741935484,0.0,0.5,0.631578947368421,0.0971257789267817,0.9978297494359547,1,1,1,19581.612825393677,1.1973381042480469,breast_cancer,2,0.3,0.05,0.4
metacog,0.8421052631578947,0.7956349206349207,0.8144665461121157,0.662595343916706,0.7982804232804233,0.8102115937789479,0.4125268785528514,0.9654808723040684,5,3,3,50872.13182449341,1.5940666198730469,breast_cancer,3,0.3,0.05,0.4
metacog,0.9298245614035088,0.9047619047619048,0.9210526315789473,0.8535639569308375,0.9047619047619048,0.9,0.32420614859132296,0.9799090550488756,5,3,3,51043.9612865448,1.4243125915527344,breast_cancer,4,0.3,0.05,0.4
metacog,0.8,0.5652173913043478,0.5579133510167993,0.32177789389368455,0.5652173913043478,0.33043478260869563,0.5541350673001662,1.0,3,2,2,6314.821720123291,4.51350212097168,adult,0,0.3,0.05,0.4
metacog,0.805,0.5913325804630153,0.6010434248887525,0.3371846188159856,0.7637634105025409,0.46100790513833995,0.4402523890379214,0.8766580354991211,7,4,4,12533.625841140747,6.415605545043945,adult,1,0.3,0.05,0.4
metacog,0.8,0.5652173913043478,0.5579133510167993,0.32177789389368455,0.5652173913043478,0.33043478260869563,0.5177485492624431,1.0,3,2,2,6402.178525924683,6.107568740844727,adult,2,0.3,0.05,0.4
metacog,0.805,0.5760869565217391,0.5758795062802458,0.34845909958918564,0.5760869565217391,0.3471739130434783,0.5289958634037956,0.9989156713474379,3,2,2,6338.409185409546,4.516839981079102,adult,3,0.3,0.05,0.4
metacog,0.795,0.5543478260869565,0.5392999606719479,0.29298753307495307,0.5543478260869565,0.31369565217391304,0.5123123594125598,1.0,3,2,2,6339.258193969727,5.307435989379883,adult,4,0.3,0.05,0.4
metacog,0.3333333333333333,0.3333333333333333,0.16666666666666666,0.0,0.5,,1.0,0.9973710865078222,1,1,1,244.10700798034668,0.35262107849121094,iris,0,0.3,0.05,0.5
metacog,0.3333333333333333,0.3333333333333333,0.16666666666666666,0.0,0.5,,1.0,0.9970757773947009,1,1,1,236.9089126586914,0.3495216369628906,iris,1,0.3,0.05,0.5
metacog,0.3333333333333333,0.3333333333333333,0.16666666666666666,0.0,0.5,,1.0,0.9977269338811082,1,1,1,250.03457069396973,0.3764629364013672,iris,2,0.3,0.05,0.5
metacog,0.3333333333333333,0.3333333333333333,0.16666666666666666,0.0,0.5,,1.0,0.9961780853484691,1,1,1,263.63587379455566,0.5962848663330078,iris,3,0.3,0.05,0.5
metacog,0.3333333333333333,0.3333333333333333,0.16666666666666666,0.0,0.5,,0.8413882683090157,0.9971051500737994,1,1,1,271.87538146972656,0.7748603820800781,iris,4,0.3,0.05,0.5
metacog,0.3888888888888889,0.3333333333333333,0.18666666666666668,0.0,0.5,,0.05448551404923955,0.8356166464548431,1,1,1,1874.28617477417,0.507354736328125,wine,0,0.3,0.05,0.5
metacog,0.3888888888888889,0.3333333333333333,0.18666666666666668,0.0,0.5,,0.10808918016984967,0.9836413568501193,1,1,1,1830.5413722991943,0.8649826049804688,wine,1,0.3,0.05,0.5
metacog,0.3888888888888889,0.3333333333333333,0.18666666666666668,0.0,0.5,,0.12637829618825452,0.9628190126221114,1,1,1,1837.228775024414,0.42557716369628906,wine,2,0.3,0.05,0.5
metacog,0.3888888888888889,0.3333333333333333,0.18666666666666668,0.0,0.5,,0.08826130698690134,0.9716808402437557,1,1,1,1832.465410232544,0.42128562927246094,wine,3,0.3,0.05,0.5
metacog,0.3888888888888889,0.3333333333333333,0.18666666666666668,0.0,0.5,,0.06047926749204607,0.8796421389376234,1,1,1,1818.9976215362549,0.4265308380126953,wine,4,0.3,0.05,0.5
metacog,0.6140350877192983,0.5,0.3804347826086957,0.0,0.5,0.6140350877192983,0.16888261642988234,0.996438889669009,1,1,1,19788.981199264526,1.4491081237792969,breast_cancer,0,0.3,0.05,0.5
metacog,0.6140350877192983,0.5,0.3804347826086957,0.0,0.5,0.6140350877192983,0.17301101243890643,0.9800388511449721,1,1,1,19917.661666870117,1.2674331665039062,breast_cancer,1,0.3,0.05,0.5
metacog,0.631578947368421,0.5,0.3870967741935484,0.0,0.5,0.631578947368421,0.0971257789267817,0.9978297494359547,1,1,1,19857.5701713562,1.8224716186523438,breast_cancer,2,0.3,0.05,0.5
metacog,0.8421052631578947,0.7956349206349207,0.8144665461121157,0.662595343916706,0.7982804232804233,0.8102115937789479,0.4125268785528514,0.9654808723040684,5,3,3,51355.07130622864,2.414226531982422,breast_cancer,3,0.3,0.05,0.5
metacog,0.9298245614035088,0.9047619047619048,0.9210526315789473,0.8535639569308375,0.9047619047619048,0.9,0.32420614859132296,0.9799090550488756,5,3,3,51773.38671684265,1.7657279968261719,breast_cancer,4,0.3,0.05,0.5
metacog,0.8,0.5652173913043478,0.5579133510167993,0.32177789389368455,0.5652173913043478,0.33043478260869563,0.5541350673001662,1.0,3,2,2,6371.941566467285,6.444454193115234,adult,0,0.3,0.05,0.5
metacog,0.805,0.5913325804630153,0.6010434248887525,0.3371846188159856,0.7637634105025409,0.46100790513833995,0.4402523890379214,0.8766580354991211,7,4,4,12733.771085739136,5.994558334350586,adult,1,0.3,0.05,0.5
metacog,0.8,0.5652173913043478,0.5579133510167993,0.32177789389368455,0.5652173913043478,0.33043478260869563,0.5177485492624431,1.0,3,2,2,6535.289525985718,4.530191421508789,adult,2,0.3,0.05,0.5
metacog,0.805,0.5760869565217391,0.5758795062802458,0.34845909958918564,0.5760869565217391,0.3471739130434783,0.5289958634037956,0.9989156713474379,3,2,2,6407.181024551392,4.643917083740234,adult,3,0.3,0.05,0.5
metacog,0.795,0.5543478260869565,0.5392999606719479,0.29298753307495307,0.5543478260869565,0.31369565217391304,0.5123123594125598,1.0,3,2,2,6281.238317489624,4.96983528137207,adult,4,0.3,0.05,0.5
metacog,0.6666666666666666,0.6666666666666666,0.5555555555555555,0.6123724356957945,0.8333333333333334,,0.5087148216635994,0.9931689782126119,3,2,2,410.25424003601074,0.4475116729736328,iris,0,0.3,0.07,0.0
metacog,0.6666666666666666,0.6666666666666666,0.5555555555555555,0.6123724356957945,0.8333333333333334,,0.5053783704402405,0.9846235543341044,3,2,2,425.58813095092773,0.4429817199707031,iris,1,0.3,0.07,0.0
metacog,0.6666666666666666,0.6666666666666666,0.5555555555555555,0.6123724356957945,0.8333333333333334,,0.5003001606412475,0.9925327311980254,3,2,2,464.6492004394531,0.4787445068359375,iris,2,0.3,0.07,0.0
metacog,0.6666666666666666,0.6666666666666666,0.5555555555555555,0.6123724356957945,0.8333333333333334,,0.5053783704402405,0.9923855873540359,3,2,2,479.1238307952881,0.4756450653076172,iris,3,0.3,0.07,0.0
metacog,0.8666666666666667,0.8666666666666667,0.8666666666666667,0.8,0.9166666666666666,,0.4295544454919649,0.9728009417627567,5,3,3,554.4083118438721,0.4525184631347656,iris,4,0.3,0.07,0.0
metacog,0.3888888888888889,0.3333333333333333,0.18666666666666668,0.0,0.5,,0.05448551404923955,0.8356166464548431,1,1,1,1774.496078491211,0.40793418884277344,wine,0,0.3,0.07,0.0
metacog,0.6111111111111112,0.6190476190476191,0.5135566188197767,0.4785101489172643,0.7938561438561439,,0.1166620945266864,0.9923821235256528,5,3,3,5052.642822265625,0.5328655242919922,wine,1,0.3,0.07,0.0
metacog,0.6111111111111112,0.6,0.5185185185185185,0.5167423893288018,0.7494949494949495,,0.3774030947679678,0.9761711209664234,5,3,3,3717.7815437316895,0.5114078521728516,wine,2,0.3,0.07,0.0
metacog,0.6666666666666666,0.6666666666666666,0.5666666666666667,0.5995445191824106,0.8387445887445887,,0.28708262043670824,0.9870125191045439,5,3,3,3741.603374481201,0.5273818969726562,wine,3,0.3,0.07,0.0
metacog,0.3888888888888889,0.3333333333333333,0.18666666666666668,0.0,0.5,,0.06047926749204607,0.8796421389376234,1,1,1,1792.1299934387207,0.4305839538574219,wine,4,0.3,0.07,0.0
metacog,0.9473684210526315,0.9487012987012987,0.9449275362318841,0.8904905361044291,0.9512987012987013,0.9514896867838044,0.21358133163914025,0.9888872175996579,5,3,3,50762.83502578735,1.8153190612792969,breast_cancer,0,0.3,0.07,0.0
metacog,0.9824561403508771,0.9772727272727273,0.981329839502129,0.9633432944855655,0.9772727272727273,0.9722222222222222,0.2977781401192274,0.9858737888548949,5,3,3,50904.57797050476,1.508474349975586,breast_cancer,1,0.3,0.07,0.0
metacog,0.9298245614035088,0.9146825396825397,0.922972972972973,0.8486684247915055,0.9034391534391535,0.9130116959064327,0.2798662637828419,0.9830167275941617,5,3,3,50761.25073432922,1.5208721160888672,breast_cancer,2,0.3,0.07,0.0
metacog,0.8421052631578947,0.7956349206349207,0.8144665461121157,0.662595343916706,0.7982804232804233,0.8102115937789479,0.4142019566762563,0.9709976809823655,5,3,3,49685.338497161865,1.3997554779052734,breast_cancer,3,0.3,0.07,0.0
metacog,0.9298245614035088,0.9047619047619048,0.9210526315789473,0.8535639569308375,0.9047619047619048,0.9,0.3303387131174819,0.959075996239208,5,3,3,47307.63864517212,1.4200210571289062,breast_cancer,4,0.3,0.07,0.0
metacog,0.805,0.5760869565217391,0.5758795062802458,0.34845909958918564,0.8462732919254659,0.5539805097451275,0.3610877650183528,0.8101232785846226,7,4,4,9976.625442504883,4.803657531738281,adult,0,0.3,0.07,0.0
metacog,0.805,0.5913325804630153,0.6010434248887525,0.3371846188159856,0.7637634105025409,0.46100790513833995,0.44062217910693524,0.8797266491742846,7,4,4,11604.62760925293,5.172967910766602,adult,1,0.3,0.07,0.0
metacog,0.8,0.5652173913043478,0.5579133510167993,0.32177789389368455,0.5652173913043478,0.33043478260869563,0.5177485492624431,1.0,3,2,2,5869.41933631897,4.335641860961914,adult,2,0.3,0.07,0.0
metacog,0.805,0.5760869565217391,0.5758795062802458,0.34845909958918564,0.5760869565217391,0.3471739130434783,0.5289958634037956,1.0,3,2,2,5920.921087265015,5.8460235595703125,adult,3,0.3,0.07,0.0
metacog,0.795,0.5543478260869565,0.5392999606719479,0.29298753307495307,0.5543478260869565,0.31369565217391304,0.5123123594125598,1.0,3,2,2,5902.652978897095,4.365682601928711,adult,4,0.3,0.07,0.0
metacog,0.3333333333333333,0.3333333333333333,0.16666666666666666,0.0,0.5,,1.0,0.9973710865078222,1,1,1,241.81032180786133,0.3447532653808594,iris,0,0.3,0.07,0.1
metacog,0.3333333333333333,0.3333333333333333,0.16666666666666666,0.0,0.5,,1.0,0.9970757773947009,1,1,1,235.33034324645996,0.6103515625,iris,1,0.3,0.07,0.1
metacog,0.3333333333333333,0.3333333333333333,0.16666666666666666,0.0,0.5,,1.0,0.9977269338811082,1,1,1,245.32771110534668,0.3643035888671875,iris,2,0.3,0.07,0.1
metacog,0.3333333333333333,0.3333333333333333,0.16666666666666666,0.0,0.5,,1.0,0.9961780853484691,1,1,1,240.92912673950195,0.36144256591796875,iris,3,0.3,0.07,0.1
metacog,0.3333333333333333,0.3333333333333333,0.16666666666666666,0.0,0.5,,0.8413882683090157,0.9971051500737994,1,1,1,269.55103874206543,0.36215782165527344,iris,4,0.3,0.07,0.1
metacog,0.3888888888888889,0.3333333333333333,0.18666666666666668,0.0,0.5,,0.05448551404923955,0.8356166464548431,1,1,1,1869.7552680969238,0.4947185516357422,wine,0,0.3,0.07,0.1
metacog,0.6111111111111112,0.6190476190476191,0.5135566188197767,0.4785101489172643,0.7938561438561439,,0.1166620945266864,0.9923821235256528,5,3,3,5073.74119758606,0.5602836608886719,wine,1,0.3,0.07,0.1
metacog,0.6111111111111112,0.6,0.5185185185185185,0.5167423893288018,0.7494949494949495,,0.3774030947679678,0.9761711209664234,5,3,3,3847.360610961914,0.5228519439697266,wine,2,0.3,0.07,0.1
metacog,0.3888888888888889,0.3333333333333333,0.18666666666666668,0.0,0.5,,0.08826130698690134,0.9716808402437557,1,1,1,1844.6402549743652,0.4267692565917969,wine,3,0.3,0.07,0.1
metacog,0.3888888888888889,0.3333333333333333,0.18666666666666668,0.0,0.5,,0.06047926749204607,0.8796421389376234,1,1,1,1813.7385845184326,0.43654441833496094,wine,4,0.3,0.07,0.1
metacog,0.9473684210526315,0.9487012987012987,0.9449275362318841,0.8904905361044291,0.9512987012987013,0.9514896867838044,0.2128605955282232,0.9904241124341877,5,3,3,51216.19534492493,1.5552043914794922,breast_cancer,0,0.3,0.07,0.1
metacog,0.9824561403508771,0.9772727272727273,0.981329839502129,0.9633432944855655,0.9772727272727273,0.9722222222222222,0.2972640601417964,0.9858737888548949,5,3,3,51547.98436164856,1.5208721160888672,breast_cancer,1,0.3,0.07,0.1
metacog,0.631578947368421,0.5,0.3870967741935484,0.0,0.5,0.631578947368421,0.0971257789267817,0.9978297494359547,1,1,1,19541.227340698242,1.4710426330566406,breast_cancer,2,0.3,0.07,0.1
metacog,0.8421052631578947,0.7956349206349207,0.8144665461121157,0.662595343916706,0.7982804232804233,0.8102115937789479,0.4125268785528514,0.9654808723040684,5,3,3,50932.77096748352,2.3415088653564453,breast_cancer,3,0.3,0.07,0.1
metacog,0.9298245614035088,0.9047619047619048,0.9210526315789473,0.8535639569308375,0.9047619047619048,0.9,0.32420614859132296,0.9799090550488756,5,3,3,49550.22120475769,1.453399658203125,breast_cancer,4,0.3,0.07,0.1
metacog,0.8,0.5652173913043478,0.5579133510167993,0.32177789389368455,0.5652173913043478,0.33043478260869563,0.5541350673001662,1.0,3,2,2,6061.32435798645,4.586219787597656,adult,0,0.3,0.07,0.1
metacog,0.805,0.5913325804630153,0.6010434248887525,0.3371846188159856,0.7637634105025409,0.46100790513833995,0.4402523890379214,0.8766580354991211,7,4,4,11948.76217842102,6.407499313354492,adult,1,0.3,0.07,0.1
metacog,0.8,0.5652173913043478,0.5579133510167993,0.32177789389368455,0.5652173913043478,0.33043478260869563,0.5177485492624431,1.0,3,2,2,6072.551727294922,4.28462028503418,adult,2,0.3,0.07,0.1
metacog,0.805,0.5760869565217391,0.5758795062802458,0.34845909958918564,0.5760869565217391,0.3471739130434783,0.5289958634037956,0.9989156713474379,3,2,2,6136.515378952026,4.74858283996582,adult,3,0.3,0.07,0.1
metacog,0.795,0.5543478260869565,0.5392999606719479,0.29298753307495307,0.5543478260869565,0.31369565217391304,0.5123123594125598,1.0,3,2,2,6032.556056976318,5.250215530395508,adult,4,0.3,0.07,0.1
metacog,0.3333333333333333,0.3333333333333333,0.16666666666666666,0.0,0.5,,1.0,0.9973710865078222,1,1,1,248.74353408813477,0.5993843078613281,iris,0,0.3,0.07,0.15
metacog,0.3333333333333333,0.3333333333333333,0.16666666666666666,0.0,0.5,,1.0,0.9970757773947009,1,1,1,243.8223361968994,0.3941059112548828,iris,1,0.3,0.07,0.15
metacog,0.3333333333333333,0.3333333333333333,0.16666666666666666,0.0,0.5,,1.0,0.9977269338811082,1,1,1,250.9310245513916,0.3764629364013672,iris,2,0.3,0.07,0.15
metacog,0.3333333333333333,0.3333333333333333,0.16666666666666666,0.0,0.5,,1.0,0.9961780853484691,1,1,1,243.84522438049316,0.36978721618652344,iris,3,0.3,0.07,0.15
metacog,0.3333333333333333,0.3333333333333333,0.16666666666666666,0.0,0.5,,0.8413882683090157,0.9971051500737994,1,1,1,267.6846981048584,0.3616809844970703,iris,4,0.3,0.07,0.15
metacog,0.3888888888888889,0.3333333333333333,0.18666666666666668,0.0,0.5,,0.05448551404923955,0.8356166464548431,1,1,1,1874.7656345367432,0.9047985076904297,wine,0,0.3,0.07,0.15
metacog,0.3888888888888889,0.3333333333333333,0.18666666666666668,0.0,0.5,,0.10808918016984967,0.9836413568501193,1,1,1,1831.082820892334,0.42366981506347656,wine,1,0.3,0.07,0.15
metacog,0.6111111111111112,0.6,0.5185185185185185,0.5167423893288018,0.7494949494949495,,0.3774030947679678,0.9761711209664234,5,3,3,3806.1563968658447,0.5669593811035156,wine,2,0.3,0.07,0.15
metacog,0.3888888888888889,0.3333333333333333,0.18666666666666668,0.0,0.5,,0.08826130698690134,0.9716808402437557,1,1,1,1840.0771617889404,0.4360675811767578,wine,3,0.3,0.07,0.15
metacog,0.3888888888888889,0.3333333333333333,0.18666666666666668,0.0,0.5,,0.06047926749204607,0.8796421389376234,1,1,1,1901.9675254821777,0.4086494445800781,wine,4,0.3,0.07,0.15
metacog,0.9473684210526315,0.9487012987012987,0.9449275362318841,0.8904905361044291,0.9512987012987013,0.9514896867838044,0.2128605955282232,0.9904241124341877,5,3,3,51882.63702392578,1.5039443969726562,breast_cancer,0,0.3,0.07,0.15
metacog,0.9824561403508771,0.9772727272727273,0.981329839502129,0.9633432944855655,0.9772727272727273,0.9722222222222222,0.2972640601417964,0.9858737888548949,5,3,3,52313.94553184509,2.4101734161376953,breast_cancer,1,0.3,0.07,0.15
metacog,0.631578947368421,0.5,0.3870967741935484,0.0,0.5,0.631578947368421,0.0971257789267817,0.9978297494359547,1,1,1,19703.64737510681,1.1570453643798828,breast_cancer,2,0.3,0.07,0.15
metacog,0.8421052631578947,0.7956349206349207,0.8144665461121157,0.662595343916706,0.7982804232804233,0.8102115937789479,0.4125268785528514,0.9654808723040684,5,3,3,51515.30361175537,1.5227794647216797,breast_cancer,3,0.3,0.07,0.15
metacog,0.9298245614035088,0.9047619047619048,0.9210526315789473,0.8535639569308375,0.9047619047619048,0.9,0.32420614859132296,0.9799090550488756,5,3,3,50266.96419715881,1.4400482177734375,breast_cancer,4,0.3,0.07,0.15
metacog,0.8,0.5652173913043478,0.5579133510167993,0.32177789389368455,0.5652173913043478,0.33043478260869563,0.5541350673001662,1.0,3,2,2,6128.228664398193,5.249261856079102,adult,0,0.3,0.07,0.15
metacog,0.805,0.5913325804630153,0.6010434248887525,0.3371846188159856,0.7637634105025409,0.46100790513833995,0.4402523890379214,0.8766580354991211,7,4,4,12105.127573013306,5.479574203491211,adult,1,0.3,0.07,0.15
metacog,0.8,0.5652173913043478,0.5579133510167993,0.32177789389368455,0.5652173913043478,0.33043478260869563,0.5177485492624431,1.0,3,2,2,6124.3908405303955,5.138874053955078,adult,2,0.3,0.07,0.15
metacog,0.805,0.5760869565217391,0.5758795062802458,0.34845909958918564,0.5760869565217391,0.3471739130434783,0.5289958634037956,0.9989156713474379,3,2,2,6200.690031051636,4.506826400756836,adult,3,0.3,0.07,0.15
metacog,0.795,0.5543478260869565,0.5392999606719479,0.29298753307495307,0.5543478260869565,0.31369565217391304,0.5123123594125598,1.0,3,2,2,6103.445768356323,4.544496536254883,adult,4,0.3,0.07,0.15
metacog,0.3333333333333333,0.3333333333333333,0.16666666666666666,0.0,0.5,,1.0,0.9973710865078222,1,1,1,248.80385398864746,0.3590583801269531,iris,0,0.3,0.07,0.2
metacog,0.3333333333333333,0.3333333333333333,0.16666666666666666,0.0,0.5,,1.0,0.9970757773947009,1,1,1,232.12623596191406,0.36072731018066406,iris,1,0.3,0.07,0.2
metacog,0.3333333333333333,0.3333333333333333,0.16666666666666666,0.0,0.5,,1.0,0.9977269338811082,1,1,1,254.2722225189209,0.39005279541015625,iris,2,0.3,0.07,0.2
metacog,0.3333333333333333,0.3333333333333333,0.16666666666666666,0.0,0.5,,1.0,0.9961780853484691,1,1,1,255.0218105316162,0.42319297790527344,iris,3,0.3,0.07,0.2
metacog,0.3333333333333333,0.3333333333333333,0.16666666666666666,0.0,0.5,,0.8413882683090157,0.9971051500737994,1,1,1,270.4160213470459,0.36263465881347656,iris,4,0.3,0.07,0.2
metacog,0.3888888888888889,0.3333333333333333,0.18666666666666668,0.0,0.5,,0.05448551404923955,0.8356166464548431,1,1,1,1864.6118640899658,0.41985511779785156,wine,0,0.3,0.07,0.2
metacog,0.3888888888888889,0.3333333333333333,0.18666666666666668,0.0,0.5,,0.10808918016984967,0.9836413568501193,1,1,1,1776.5491008758545,0.4184246063232422,wine,1,0.3,0.07,0.2
metacog,0.6111111111111112,0.6,0.5185185185185185,0.5167423893288018,0.7494949494949495,,0.3774030947679678,0.9761711209664234,5,3,3,3766.221046447754,0.6110668182373047,wine,2,0.3,0.07,0.2
metacog,0.3888888888888889,0.3333333333333333,0.18666666666666668,0.0,0.5,,0.08826130698690134,0.9716808402437557,1,1,1,1813.5857582092285,0.4055500030517578,wine,3,0.3,0.07,0.2
metacog,0.3888888888888889,0.3333333333333333,0.18666666666666668,0.0,0.5,,0.06047926749204607,0.8796421389376234,1,1,1,1923.3357906341553,0.7631778717041016,wine,4,0.3,0.07,0.2
metacog,0.9473684210526315,0.9487012987012987,0.9449275362318841,0.8904905361044291,0.9512987012987013,0.9514896867838044,0.2128605955282232,0.9904241124341877,5,3,3,51346.24886512756,1.4019012451171875,breast_cancer,0,0.3,0.07,0.2
metacog,0.9824561403508771,0.9772727272727273,0.981329839502129,0.9633432944855655,0.9772727272727273,0.9722222222222222,0.2972640601417964,0.9858737888548949,5,3,3,51678.871154785156,1.4903545379638672,breast_cancer,1,0.3,0.07,0.2
metacog,0.631578947368421,0.5,0.3870967741935484,0.0,0.5,0.631578947368421,0.0971257789267817,0.9978297494359547,1,1,1,19556.992292404175,1.2364387512207031,breast_cancer,2,0.3,0.07,0.2
metacog,0.8421052631578947,0.7956349206349207,0.8144665461121157,0.662595343916706,0.7982804232804233,0.8102115937789479,0.4125268785528514,0.9654808723040684,5,3,3,50994.12989616394,1.5070438385009766,breast_cancer,3,0.3,0.07,0.2
metacog,0.9298245614035088,0.9047619047619048,0.9210526315789473,0.8535639569308375,0.9047619047619048,0.9,0.32420614859132296,0.9799090550488756,5,3,3,49944.24557685852,1.7039775848388672,breast_cancer,4,0.3,0.07,0.2
metacog,0.8,0.5652173913043478,0.5579133510167993,0.32177789389368455,0.5652173913043478,0.33043478260869563,0.5541350673001662,1.0,3,2,2,6076.978921890259,4.348516464233398,adult,0,0.3,0.07,0.2
metacog,0.805,0.5913325804630153,0.6010434248887525,0.3371846188159856,0.7637634105025409,0.46100790513833995,0.4402523890379214,0.8766580354991211,7,4,4,11981.087684631348,6.473302841186523,adult,1,0.3,0.07,0.2
metacog,0.8,0.5652173913043478,0.5579133510167993,0.32177789389368455,0.5652173913043478,0.33043478260869563,0.5177485492624431,1.0,3,2,2,6037.500381469727,4.334449768066406,adult,2,0.3,0.07,0.2
metacog,0.805,0.5760869565217391,0.5758795062802458,0.34845909958918564,0.5760869565217391,0.3471739130434783,0.5289958634037956,0.9989156713474379,3,2,2,6198.022365570068,4.828453063964844,adult,3,0.3,0.07,0.2
metacog,0.795,0.5543478260869565,0.5392999606719479,0.29298753307495307,0.5543478260869565,0.31369565217391304,0.5123123594125598,1.0,3,2,2,6036.309242248535,4.703283309936523,adult,4,0.3,0.07,0.2
metacog,0.3333333333333333,0.3333333333333333,0.16666666666666666,0.0,0.5,,1.0,0.9973710865078222,1,1,1,240.39769172668457,0.35262107849121094,iris,0,0.3,0.07,0.3
metacog,0.3333333333333333,0.3333333333333333,0.16666666666666666,0.0,0.5,,1.0,0.9970757773947009,1,1,1,229.05445098876953,0.3631114959716797,iris,1,0.3,0.07,0.3
metacog,0.3333333333333333,0.3333333333333333,0.16666666666666666,0.0,0.5,,1.0,0.9977269338811082,1,1,1,246.74606323242188,0.5102157592773438,iris,2,0.3,0.07,0.3
metacog,0.3333333333333333,0.3333333333333333,0.16666666666666666,0.0,0.5,,1.0,0.9961780853484691,1,1,1,245.85747718811035,0.3654956817626953,iris,3,0.3,0.07,0.3
metacog,0.3333333333333333,0.3333333333333333,0.16666666666666666,0.0,0.5,,0.8413882683090157,0.9971051500737994,1,1,1,271.29650115966797,0.36025047302246094,iris,4,0.3,0.07,0.3
metacog,0.3888888888888889,0.3333333333333333,0.18666666666666668,0.0,0.5,,0.05448551404923955,0.8356166464548431,1,1,1,1828.397512435913,0.5583763122558594,wine,0,0.3,0.07,0.3
metacog,0.3888888888888889,0.3333333333333333,0.18666666666666668,0.0,0.5,,0.10808918016984967,0.9836413568501193,1,1,1,1784.226894378662,0.4267692565917969,wine,1,0.3,0.07,0.3
metacog,0.3888888888888889,0.3333333333333333,0.18666666666666668,0.0,0.5,,0.12637829618825452,0.9628190126221114,1,1,1,1788.0406379699707,0.4448890686035156,wine,2,0.3,0.07,0.3
metacog,0.3888888888888889,0.3333333333333333,0.18666666666666668,0.0,0.5,,0.08826130698690134,0.9716808402437557,1,1,1,1765.4671669006348,0.42891502380371094,wine,3,0.3,0.07,0.3
metacog,0.3888888888888889,0.3333333333333333,0.18666666666666668,0.0,0.5,,0.06047926749204607,0.8796421389376234,1,1,1,1780.7888984680176,0.4048347473144531,wine,4,0.3,0.07,0.3
metacog,0.6140350877192983,0.5,0.3804347826086957,0.0,0.5,0.6140350877192983,0.16888261642988234,0.996438889669009,1,1,1,19552.101135253906,1.2552738189697266,breast_cancer,0,0.3,0.07,0.3
metacog,0.6140350877192983,0.5,0.3804347826086957,0.0,0.5,0.6140350877192983,0.17301101243890643,0.9800388511449721,1,1,1,19473.593950271606,1.1417865753173828,breast_cancer,1,0.3,0.07,0.3
metacog,0.631578947368421,0.5,0.3870967741935484,0.0,0.5,0.631578947368421,0.0971257789267817,0.9978297494359547,1,1,1,19496.245861053467,1.2204647064208984,breast_cancer,2,0.3,0.07,0.3
metacog,0.8421052631578947,0.7956349206349207,0.8144665461121157,0.662595343916706,0.7982804232804233,0.8102115937789479,0.4125268785528514,0.9654808723040684,5,3,3,50840.065240859985,1.4731884002685547,breast_cancer,3,0.3,0.07,0.3
metacog,0.9298245614035088,0.9047619047619048,0.9210526315789473,0.8535639569308375,0.9047619047619048,0.9,0.32420614859132296,0.9799090550488756,5,3,3,50471.951961517334,1.5010833740234375,breast_cancer,4,0.3,0.07,0.3
metacog,0.8,0.5652173913043478,0.5579133510167993,0.32177789389368455,0.5652173913043478,0.33043478260869563,0.5541350673001662,1.0,3,2,2,6315.649747848511,5.263805389404297,adult,0,0.3,0.07,0.3
metacog,0.805,0.5913325804630153,0.6010434248887525,0.3371846188159856,0.7637634105025409,0.46100790513833995,0.4402523890379214,0.8766580354991211,7,4,4,12483.555316925049,7.344961166381836,adult,1,0.3,0.07,0.3
metacog,0.8,0.5652173913043478,0.5579133510167993,0.32177789389368455,0.5652173913043478,0.33043478260869563,0.5177485492624431,1.0,3,2,2,6344.805479049683,5.640506744384766,adult,2,0.3,0.07,0.3
metacog,0.805,0.5760869565217391,0.5758795062802458,0.34845909958918564,0.5760869565217391,0.3471739130434783,0.5289958634037956,0.9989156713474379,3,2,2,6334.014892578125,5.07664680480957,adult,3,0.3,0.07,0.3
metacog,0.795,0.5543478260869565,0.5392999606719479,0.29298753307495307,0.5543478260869565,0.31369565217391304,0.5123123594125598,1.0,3,2,2,6272.765874862671,4.591703414916992,adult,4,0.3,0.07,0.3
metacog,0.3333333333333333,0.3333333333333333,0.16666666666666666,0.0,0.5,,1.0,0.9973710865078222,1,1,1,238.69657516479492,0.3921985626220703,iris,0,0.3,0.07,0.4
metacog,0.3333333333333333,0.3333333333333333,0.16666666666666666,0.0,0.5,,1.0,0.9970757773947009,1,1,1,231.4014434814453,0.3497600555419922,iris,1,0.3,0.07,0.4
metacog,0.3333333333333333,0.3333333333333333,0.16666666666666666,0.0,0.5,,1.0,0.9977269338811082,1,1,1,242.1865463256836,0.35953521728515625,iris,2,0.3,0.07,0.4
metacog,0.3333333333333333,0.3333333333333333,0.16666666666666666,0.0,0.5,,1.0,0.9961780853484691,1,1,1,247.26176261901855,0.34928321838378906,iris,3,0.3,0.07,0.4
metacog,0.3333333333333333,0.3333333333333333,0.16666666666666666,0.0,0.5,,0.8413882683090157,0.9971051500737994,1,1,1,263.871431350708,0.36406517028808594,iris,4,0.3,0.07,0.4
metacog,0.3888888888888889,0.3333333333333333,0.18666666666666668,0.0,0.5,,0.05448551404923955,0.8356166464548431,1,1,1,1791.4350032806396,0.4534721374511719,wine,0,0.3,0.07,0.4
metacog,0.3888888888888889,0.3333333333333333,0.18666666666666668,0.0,0.5,,0.10808918016984967,0.9836413568501193,1,1,1,1816.9629573822021,0.9348392486572266,wine,1,0.3,0.07,0.4
metacog,0.3888888888888889,0.3333333333333333,0.18666666666666668,0.0,0.5,,0.12637829618825452,0.9628190126221114,1,1,1,1773.33664894104,0.4227161407470703,wine,2,0.3,0.07,0.4
metacog,0.3888888888888889,0.3333333333333333,0.18666666666666668,0.0,0.5,,0.08826130698690134,0.9716808402437557,1,1,1,1801.229476928711,0.43463706970214844,wine,3,0.3,0.07,0.4
metacog,0.3888888888888889,0.3333333333333333,0.18666666666666668,0.0,0.5,,0.06047926749204607,0.8796421389376234,1,1,1,1785.5536937713623,0.42700767517089844,wine,4,0.3,0.07,0.4
metacog,0.6140350877192983,0.5,0.3804347826086957,0.0,0.5,0.6140350877192983,0.16888261642988234,0.996438889669009,1,1,1,19202.24905014038,1.2068748474121094,breast_cancer,0,0.3,0.07,0.4
metacog,0.6140350877192983,0.5,0.3804347826086957,0.0,0.5,0.6140350877192983,0.17301101243890643,0.9800388511449721,1,1,1,19381.662607192993,1.2850761413574219,breast_cancer,1,0.3,0.07,0.4
metacog,0.631578947368421,0.5,0.3870967741935484,0.0,0.5,0.631578947368421,0.0971257789267817,0.9978297494359547,1,1,1,19404.398918151855,1.1425018310546875,breast_cancer,2,0.3,0.07,0.4
metacog,0.8421052631578947,0.7956349206349207,0.8144665461121157,0.662595343916706,0.7982804232804233,0.8102115937789479,0.4125268785528514,0.9654808723040684,5,3,3,50612.46061325073,1.5063285827636719,breast_cancer,3,0.3,0.07,0.4
metacog,0.9298245614035088,0.9047619047619048,0.9210526315789473,0.8535639569308375,0.9047619047619048,0.9,0.32420614859132296,0.9799090550488756,5,3,3,50631.50882720947,1.5246868133544922,breast_cancer,4,0.3,0.07,0.4
metacog,0.8,0.5652173913043478,0.5579133510167993,0.32177789389368455,0.5652173913043478,0.33043478260869563,0.5541350673001662,1.0,3,2,2,6224.219083786011,4.760980606079102,adult,0,0.3,0.07,0.4
metacog,0.805,0.5913325804630153,0.6010434248887525,0.3371846188159856,0.7637634105025409,0.46100790513833995,0.4402523890379214,0.8766580354991211,7,4,4,11944.660186767578,5.893707275390625,adult,1,0.3,0.07,0.4
metacog,0.8,0.5652173913043478,0.5579133510167993,0.32177789389368455,0.5652173913043478,0.33043478260869563,0.5177485492624431,1.0,3,2,2,5969.008684158325,5.38182258605957,adult,2,0.3,0.07,0.4
metacog,0.805,0.5760869565217391,0.5758795062802458,0.34845909958918564,0.5760869565217391,0.3471739130434783,0.5289958634037956,0.9989156713474379,3,2,2,6004.772663116455,4.687309265136719,adult,3,0.3,0.07,0.4
metacog,0.795,0.5543478260869565,0.5392999606719479,0.29298753307495307,0.5543478260869565,0.31369565217391304,0.5123123594125598,1.0,3,2,2,6169.964790344238,4.294395446777344,adult,4,0.3,0.07,0.4
metacog,0.3333333333333333,0.3333333333333333,0.16666666666666666,0.0,0.5,,1.0,0.9973710865078222,1,1,1,255.14912605285645,0.3495216369628906,iris,0,0.3,0.07,0.5
metacog,0.3333333333333333,0.3333333333333333,0.16666666666666666,0.0,0.5,,1.0,0.9970757773947009,1,1,1,235.3048324584961,0.3612041473388672,iris,1,0.3,0.07,0.5
metacog,0.3333333333333333,0.3333333333333333,0.16666666666666666,0.0,0.5,,1.0,0.9977269338811082,1,1,1,245.47696113586426,0.3628730773925781,iris,2,0.3,0.07,0.5
metacog,0.3333333333333333,0.3333333333333333,0.16666666666666666,0.0,0.5,,1.0,0.9961780853484691,1,1,1,241.7011260986328,0.3612041473388672,iris,3,0.3,0.07,0.5
metacog,0.3333333333333333,0.3333333333333333,0.16666666666666666,0.0,0.5,,0.8413882683090157,0.9971051500737994,1,1,1,259.0963840484619,0.3566741943359375,iris,4,0.3,0.07,0.5
metacog,0.3888888888888889,0.3333333333333333,0.18666666666666668,0.0,0.5,,0.05448551404923955,0.8356166464548431,1,1,1,1818.939208984375,0.47969818115234375,wine,0,0.3,0.07,0.5
metacog,0.3888888888888889,0.3333333333333333,0.18666666666666668,0.0,0.5,,0.10808918016984967,0.9836413568501193,1,1,1,1821.0041522979736,0.4222393035888672,wine,1,0.3,0.07,0.5
metacog,0.3888888888888889,0.3333333333333333,0.18666666666666668,0.0,0.5,,0.12637829618825452,0.9628190126221114,1,1,1,1780.5747985839844,0.4260540008544922,wine,2,0.3,0.07,0.5
metacog,0.3888888888888889,0.3333333333333333,0.18666666666666668,0.0,0.5,,0.08826130698690134,0.9716808402437557,1,1,1,1795.450210571289,0.4374980926513672,wine,3,0.3,0.07,0.5
metacog,0.3888888888888889,0.3333333333333333,0.18666666666666668,0.0,0.5,,0.06047926749204607,0.8796421389376234,1,1,1,1779.5217037200928,0.47516822814941406,wine,4,0.3,0.07,0.5
metacog,0.6140350877192983,0.5,0.3804347826086957,0.0,0.5,0.6140350877192983,0.16888261642988234,0.996438889669009,1,1,1,19386.663675308228,1.1606216430664062,breast_cancer,0,0.3,0.07,0.5
metacog,0.6140350877192983,0.5,0.3804347826086957,0.0,0.5,0.6140350877192983,0.17301101243890643,0.9800388511449721,1,1,1,19559.512615203857,1.2009143829345703,breast_cancer,1,0.3,0.07,0.5
metacog,0.631578947368421,0.5,0.3870967741935484,0.0,0.5,0.631578947368421,0.0971257789267817,0.9978297494359547,1,1,1,19608.086585998535,1.1758804321289062,breast_cancer,2,0.3,0.07,0.5
metacog,0.8421052631578947,0.7956349206349207,0.8144665461121157,0.662595343916706,0.7982804232804233,0.8102115937789479,0.4125268785528514,0.9654808723040684,5,3,3,51059.06105041504,1.5316009521484375,breast_cancer,3,0.3,0.07,0.5
metacog,0.631578947368421,0.5,0.3870967741935484,0.0,0.5,0.631578947368421,0.26773643154259474,0.9718729874477393,1,1,1,19434.911012649536,1.280069351196289,breast_cancer,4,0.3,0.07,0.5
metacog,0.8,0.5652173913043478,0.5579133510167993,0.32177789389368455,0.5652173913043478,0.33043478260869563,0.5541350673001662,1.0,3,2,2,6296.196937561035,5.126476287841797,adult,0,0.3,0.07,0.5
metacog,0.805,0.5913325804630153,0.6010434248887525,0.3371846188159856,0.5913325804630153,0.3450790513833992,0.6867096625830987,0.99993115173406,5,3,3,9487.95747756958,5.054235458374023,adult,1,0.3,0.07,0.5
metacog,0.8,0.5652173913043478,0.5579133510167993,0.32177789389368455,0.5652173913043478,0.33043478260869563,0.5177485492624431,1.0,3,2,2,6418.236255645752,5.54203987121582,adult,2,0.3,0.07,0.5
metacog,0.805,0.5760869565217391,0.5758795062802458,0.34845909958918564,0.5760869565217391,0.3471739130434783,0.5289958634037956,0.9989156713474379,3,2,2,6358.990907669067,4.503488540649414,adult,3,0.3,0.07,0.5
metacog,0.795,0.5543478260869565,0.5392999606719479,0.29298753307495307,0.5543478260869565,0.31369565217391304,0.5123123594125598,1.0,3,2,2,6305.85241317749,6.081342697143555,adult,4,0.3,0.07,0.5
metacog,0.6666666666666666,0.6666666666666666,0.5555555555555555,0.6123724356957945,0.8333333333333334,,0.5087148216635994,0.9931689782126119,3,2,2,421.91267013549805,0.4470348358154297,iris,0,0.3,0.1,0.0
metacog,0.6666666666666666,0.6666666666666666,0.5555555555555555,0.6123724356957945,0.8333333333333334,,0.5053783704402405,0.9846235543341044,3,2,2,412.98675537109375,0.45990943908691406,iris,1,0.3,0.1,0.0
metacog,0.6666666666666666,0.6666666666666666,0.5555555555555555,0.6123724356957945,0.8333333333333334,,0.5003001606412475,0.9925327311980254,3,2,2,455.486536026001,0.45871734619140625,iris,2,0.3,0.1,0.0
metacog,0.6666666666666666,0.6666666666666666,0.5555555555555555,0.6123724356957945,0.8333333333333334,,0.5053783704402405,0.9923855873540359,3,2,2,421.74482345581055,0.4496574401855469,iris,3,0.3,0.1,0.0
metacog,0.8666666666666667,0.8666666666666667,0.8666666666666667,0.8,0.9166666666666666,,0.4295544454919649,0.9728009417627567,5,3,3,568.0351257324219,0.7119178771972656,iris,4,0.3,0.1,0.0
metacog,0.3888888888888889,0.3333333333333333,0.18666666666666668,0.0,0.5,,0.05448551404923955,0.8356166464548431,1,1,1,1855.5512428283691,0.4258155822753906,wine,0,0.3,0.1,0.0
metacog,0.5555555555555556,0.5523809523809523,0.4666666666666666,0.38370849227674275,0.7267538017538017,,0.10820492580432357,0.991473694230434,3,2,2,3755.3999423980713,0.6022453308105469,wine,1,0.3,0.1,0.0
metacog,0.6111111111111112,0.6,0.5185185185185185,0.5167423893288018,0.7494949494949495,,0.3774030947679678,0.9761711209664234,5,3,3,3770.347833633423,0.6439685821533203,wine,2,0.3,0.1,0.0
metacog,0.3888888888888889,0.3333333333333333,0.18666666666666668,0.0,0.5,,0.08826130698690134,0.9716808402437557,1,1,1,1819.1804885864258,0.44465065002441406,wine,3,0.3,0.1,0.0
metacog,0.3888888888888889,0.3333333333333333,0.18666666666666668,0.0,0.5,,0.06047926749204607,0.8796421389376234,1,1,1,1795.6702709197998,0.4620552062988281,wine,4,0.3,0.1,0.0
metacog,0.9473684210526315,0.9487012987012987,0.9449275362318841,0.8904905361044291,0.9512987012987013,0.9514896867838044,0.21358133163914025,0.9888872175996579,5,3,3,50979.37798500061,1.4083385467529297,breast_cancer,0,0.3,0.1,0.0
metacog,0.9824561403508771,0.9772727272727273,0.981329839502129,0.9633432944855655,0.9772727272727273,0.9722222222222222,0.2977781401192274,0.9858737888548949,5,3,3,51628.35693359375,1.4710426330566406,breast_cancer,1,0.3,0.1,0.0
metacog,0.631578947368421,0.5,0.3870967741935484,0.0,0.5,0.631578947368421,0.0971257789267817,0.9978297494359547,1,1,1,19476.155519485474,1.6231536865234375,breast_cancer,2,0.3,0.1,0.0
metacog,0.8421052631578947,0.7956349206349207,0.8144665461121157,0.662595343916706,0.7982804232804233,0.8102115937789479,0.4142019566762563,0.9709976809823655,5,3,3,50159.188985824585,1.4982223510742188,breast_cancer,3,0.3,0.1,0.0
metacog,0.9298245614035088,0.9047619047619048,0.9210526315789473,0.8535639569308375,0.9047619047619048,0.9,0.3303387131174819,0.959075996239208,5,3,3,48055.83596229553,1.873016357421875,breast_cancer,4,0.3,0.1,0.0
metacog,0.8,0.5652173913043478,0.5579133510167993,0.32177789389368455,0.5652173913043478,0.33043478260869563,0.5541350673001662,1.0,3,2,2,5876.376390457153,4.3430328369140625,adult,0,0.3,0.1,0.0
metacog,0.805,0.5913325804630153,0.6010434248887525,0.3371846188159856,0.7637634105025409,0.46100790513833995,0.44062217910693524,0.8797266491742846,7,4,4,11738.961696624756,5.220651626586914,adult,1,0.3,0.1,0.0
metacog,0.8,0.5652173913043478,0.5579133510167993,0.32177789389368455,0.5652173913043478,0.33043478260869563,0.5177485492624431,1.0,3,2,2,5882.9967975616455,4.333019256591797,adult,2,0.3,0.1,0.0
metacog,0.805,0.5760869565217391,0.5758795062802458,0.34845909958918564,0.5760869565217391,0.3471739130434783,0.5289958634037956,1.0,3,2,2,5930.262565612793,4.323720932006836,adult,3,0.3,0.1,0.0
metacog,0.795,0.5543478260869565,0.5392999606719479,0.29298753307495307,0.5543478260869565,0.31369565217391304,0.5123123594125598,1.0,3,2,2,6066.22052192688,5.547285079956055,adult,4,0.3,0.1,0.0
metacog,0.3333333333333333,0.3333333333333333,0.16666666666666666,0.0,0.5,,1.0,0.9973710865078222,1,1,1,254.5323371887207,0.3437995910644531,iris,0,0.3,0.1,0.1
metacog,0.3333333333333333,0.3333333333333333,0.16666666666666666,0.0,0.5,,1.0,0.9970757773947009,1,1,1,238.68894577026367,0.5331039428710938,iris,1,0.3,0.1,0.1
metacog,0.3333333333333333,0.3333333333333333,0.16666666666666666,0.0,0.5,,1.0,0.9977269338811082,1,1,1,246.873140335083,0.41484832763671875,iris,2,0.3,0.1,0.1
metacog,0.3333333333333333,0.3333333333333333,0.16666666666666666,0.0,0.5,,1.0,0.9961780853484691,1,1,1,241.51182174682617,0.36644935607910156,iris,3,0.3,0.1,0.1
metacog,0.3333333333333333,0.3333333333333333,0.16666666666666666,0.0,0.5,,0.8413882683090157,0.9971051500737994,1,1,1,261.7647647857666,0.3712177276611328,iris,4,0.3,0.1,0.1
metacog,0.3888888888888889,0.3333333333333333,0.18666666666666668,0.0,0.5,,0.05448551404923955,0.8356166464548431,1,1,1,1814.6693706512451,0.42748451232910156,wine,0,0.3,0.1,0.1
metacog,0.3888888888888889,0.3333333333333333,0.18666666666666668,0.0,0.5,,0.10808918016984967,0.9836413568501193,1,1,1,1861.5381717681885,0.4329681396484375,wine,1,0.3,0.1,0.1
metacog,0.3888888888888889,0.3333333333333333,0.18666666666666668,0.0,0.5,,0.12637829618825452,0.9628190126221114,1,1,1,1836.564302444458,0.4200935363769531,wine,2,0.3,0.1,0.1
metacog,0.3888888888888889,0.3333333333333333,0.18666666666666668,0.0,0.5,,0.08826130698690134,0.9716808402437557,1,1,1,1830.1715850830078,0.4391670227050781,wine,3,0.3,0.1,0.1
metacog,0.3888888888888889,0.3333333333333333,0.18666666666666668,0.0,0.5,,0.06047926749204607,0.8796421389376234,1,1,1,1836.4520072937012,0.4379749298095703,wine,4,0.3,0.1,0.1
metacog,0.9473684210526315,0.9487012987012987,0.9449275362318841,0.8904905361044291,0.9512987012987013,0.9514896867838044,0.2128605955282232,0.9904241124341877,5,3,3,51713.54913711548,2.5815963745117188,breast_cancer,0,0.3,0.1,0.1
metacog,0.9824561403508771,0.9772727272727273,0.981329839502129,0.9633432944855655,0.9772727272727273,0.9722222222222222,0.2972640601417964,0.9858737888548949,5,3,3,51891.19553565979,1.4657974243164062,breast_cancer,1,0.3,0.1,0.1
metacog,0.631578947368421,0.5,0.3870967741935484,0.0,0.5,0.631578947368421,0.0971257789267817,0.9978297494359547,1,1,1,19764.21046257019,1.1894702911376953,breast_cancer,2,0.3,0.1,0.1
metacog,0.8421052631578947,0.7956349206349207,0.8144665461121157,0.662595343916706,0.7982804232804233,0.8102115937789479,0.4125268785528514,0.9654808723040684,5,3,3,51032.26017951965,1.4858245849609375,breast_cancer,3,0.3,0.1,0.1
metacog,0.9298245614035088,0.9047619047619048,0.9210526315789473,0.8535639569308375,0.9047619047619048,0.9,0.32420614859132296,0.9799090550488756,5,3,3,48778.76114845276,1.641988754272461,breast_cancer,4,0.3,0.1,0.1
metacog,0.8,0.5652173913043478,0.5579133510167993,0.32177789389368455,0.5652173913043478,0.33043478260869563,0.5541350673001662,1.0,3,2,2,5976.267099380493,4.534482955932617,adult,0,0.3,0.1,0.1
metacog,0.805,0.5913325804630153,0.6010434248887525,0.3371846188159856,0.7637634105025409,0.46100790513833995,0.4402523890379214,0.8766580354991211,7,4,4,11829.89764213562,5.310297012329102,adult,1,0.3,0.1,0.1
metacog,0.8,0.5652173913043478,0.5579133510167993,0.32177789389368455,0.5652173913043478,0.33043478260869563,0.5177485492624431,1.0,3,2,2,5930.201053619385,4.355192184448242,adult,2,0.3,0.1,0.1
metacog,0.805,0.5760869565217391,0.5758795062802458,0.34845909958918564,0.5760869565217391,0.3471739130434783,0.5289958634037956,0.9989156713474379,3,2,2,5995.697259902954,4.931211471557617,adult,3,0.3,0.1,0.1
metacog,0.795,0.5543478260869565,0.5392999606719479,0.29298753307495307,0.5543478260869565,0.31369565217391304,0.5123123594125598,1.0,3,2,2,6131.4356327056885,4.736900329589844,adult,4,0.3,0.1,0.1
metacog,0.3333333333333333,0.3333333333333333,0.16666666666666666,0.0,0.5,,1.0,0.9973710865078222,1,1,1,285.3381633758545,0.45013427734375,iris,0,0.3,0.1,0.15
metacog,0.3333333333333333,0.3333333333333333,0.16666666666666666,0.0,0.5,,1.0,0.9970757773947009,1,1,1,256.44493103027344,0.5800724029541016,iris,1,0.3,0.1,0.15
metacog,0.3333333333333333,0.3333333333333333,0.16666666666666666,0.0,0.5,,1.0,0.9977269338811082,1,1,1,249.24683570861816,0.35881996154785156,iris,2,0.3,0.1,0.15
metacog,0.3333333333333333,0.3333333333333333,0.16666666666666666,0.0,0.5,,1.0,0.9961780853484691,1,1,1,244.04501914978027,0.3650188446044922,iris,3,0.3,0.1,0.15
metacog,0.3333333333333333,0.3333333333333333,0.16666666666666666,0.0,0.5,,0.8413882683090157,0.9971051500737994,1,1,1,259.43732261657715,0.3848075866699219,iris,4,0.3,0.1,0.15
metacog,0.3888888888888889,0.3333333333333333,0.18666666666666668,0.0,0.5,,0.05448551404923955,0.8356166464548431,1,1,1,1836.7407321929932,0.5042552947998047,wine,0,0.3,0.1,0.15
metacog,0.3888888888888889,0.3333333333333333,0.18666666666666668,0.0,0.5,,0.10808918016984967,0.9836413568501193,1,1,1,1803.6284446716309,0.431060791015625,wine,1,0.3,0.1,0.15
metacog,0.3888888888888889,0.3333333333333333,0.18666666666666668,0.0,0.5,,0.12637829618825452,0.9628190126221114,1,1,1,1804.3200969696045,0.4394054412841797,wine,2,0.3,0.1,0.15
metacog,0.3888888888888889,0.3333333333333333,0.18666666666666668,0.0,0.5,,0.08826130698690134,0.9716808402437557,1,1,1,1836.6968631744385,0.4303455352783203,wine,3,0.3,0.1,0.15
metacog,0.3888888888888889,0.3333333333333333,0.18666666666666668,0.0,0.5,,0.06047926749204607,0.8796421389376234,1,1,1,1797.1827983856201,0.4382133483886719,wine,4,0.3,0.1,0.15
metacog,0.6140350877192983,0.5,0.3804347826086957,0.0,0.5,0.6140350877192983,0.16888261642988234,0.996438889669009,1,1,1,19678.16925048828,1.348257064819336,breast_cancer,0,0.3,0.1,0.15
metacog,0.9824561403508771,0.9772727272727273,0.981329839502129,0.9633432944855655,0.9772727272727273,0.9722222222222222,0.2972640601417964,0.9858737888548949,5,3,3,51423.4721660614,1.486063003540039,breast_cancer,1,0.3,0.1,0.15
metacog,0.631578947368421,0.5,0.3870967741935484,0.0,0.5,0.631578947368421,0.0971257789267817,0.9978297494359547,1,1,1,19625.223398208618,1.2123584747314453,breast_cancer,2,0.3,0.1,0.15
metacog,0.8421052631578947,0.7956349206349207,0.8144665461121157,0.662595343916706,0.7982804232804233,0.8102115937789479,0.4125268785528514,0.9654808723040684,5,3,3,51135.63847541809,1.5208721160888672,breast_cancer,3,0.3,0.1,0.15
metacog,0.9298245614035088,0.9047619047619048,0.9210526315789473,0.8535639569308375,0.9047619047619048,0.9,0.32420614859132296,0.9799090550488756,5,3,3,49591.771602630615,1.4367103576660156,breast_cancer,4,0.3,0.1,0.15
metacog,0.8,0.5652173913043478,0.5579133510167993,0.32177789389368455,0.5652173913043478,0.33043478260869563,0.5541350673001662,1.0,3,2,2,6014.70422744751,4.327535629272461,adult,0,0.3,0.1,0.15
metacog,0.805,0.5913325804630153,0.6010434248887525,0.3371846188159856,0.7637634105025409,0.46100790513833995,0.4402523890379214,0.8766580354991211,7,4,4,11704.516649246216,5.820989608764648,adult,1,0.3,0.1,0.15
metacog,0.8,0.5652173913043478,0.5579133510167993,0.32177789389368455,0.5652173913043478,0.33043478260869563,0.5177485492624431,1.0,3,2,2,5993.959188461304,4.244804382324219,adult,2,0.3,0.1,0.15
metacog,0.805,0.5760869565217391,0.5758795062802458,0.34845909958918564,0.5760869565217391,0.3471739130434783,0.5289958634037956,0.9989156713474379,3,2,2,6012.408018112183,4.285573959350586,adult,3,0.3,0.1,0.15
metacog,0.795,0.5543478260869565,0.5392999606719479,0.29298753307495307,0.5543478260869565,0.31369565217391304,0.5123123594125598,1.0,3,2,2,5824.143886566162,5.144834518432617,adult,4,0.3,0.1,0.15
metacog,0.3333333333333333,0.3333333333333333,0.16666666666666666,0.0,0.5,,1.0,0.9973710865078222,1,1,1,285.1376533508301,0.6396770477294922,iris,0,0.3,0.1,0.2
metacog,0.3333333333333333,0.3333333333333333,0.16666666666666666,0.0,0.5,,1.0,0.9970757773947009,1,1,1,260.75029373168945,0.5161762237548828,iris,1,0.3,0.1,0.2
metacog,0.3333333333333333,0.3333333333333333,0.16666666666666666,0.0,0.5,,1.0,0.9977269338811082,1,1,1,241.11223220825195,0.6909370422363281,iris,2,0.3,0.1,0.2
metacog,0.3333333333333333,0.3333333333333333,0.16666666666666666,0.0,0.5,,1.0,0.9961780853484691,1,1,1,239.72415924072266,0.3857612609863281,iris,3,0.3,0.1,0.2
metacog,0.3333333333333333,0.3333333333333333,0.16666666666666666,0.0,0.5,,0.8413882683090157,0.9971051500737994,1,1,1,260.922908782959,0.4055500030517578,iris,4,0.3,0.1,0.2
metacog,0.3888888888888889,0.3333333333333333,0.18666666666666668,0.0,0.5,,0.05448551404923955,0.8356166464548431,1,1,1,1824.7287273406982,0.4146099090576172,wine,0,0.3,0.1,0.2
metacog,0.3888888888888889,0.3333333333333333,0.18666666666666668,0.0,0.5,,0.10808918016984967,0.9836413568501193,1,1,1,1776.8311500549316,0.4220008850097656,wine,1,0.3,0.1,0.2
metacog,0.3888888888888889,0.3333333333333333,0.18666666666666668,0.0,0.5,,0.12637829618825452,0.9628190126221114,1,1,1,1809.675931930542,0.42510032653808594,wine,2,0.3,0.1,0.2
metacog,0.3888888888888889,0.3333333333333333,0.18666666666666668,0.0,0.5,,0.08826130698690134,0.9716808402437557,1,1,1,1770.484447479248,0.41985511779785156,wine,3,0.3,0.1,0.2
metacog,0.3888888888888889,0.3333333333333333,0.18666666666666668,0.0,0.5,,0.06047926749204607,0.8796421389376234,1,1,1,1796.9088554382324,0.45871734619140625,wine,4,0.3,0.1,0.2
metacog,0.6140350877192983,0.5,0.3804347826086957,0.0,0.5,0.6140350877192983,0.16888261642988234,0.996438889669009,1,1,1,19424.90839958191,1.2295246124267578,breast_cancer,0,0.3,0.1,0.2
metacog,0.6140350877192983,0.5,0.3804347826086957,0.0,0.5,0.6140350877192983,0.17301101243890643,0.9800388511449721,1,1,1,19239.551782608032,1.165151596069336,breast_cancer,1,0.3,0.1,0.2
metacog,0.631578947368421,0.5,0.3870967741935484,0.0,0.5,0.631578947368421,0.0971257789267817,0.9978297494359547,1,1,1,19573.414087295532,1.5215873718261719,breast_cancer,2,0.3,0.1,0.2
metacog,0.8421052631578947,0.7956349206349207,0.8144665461121157,0.662595343916706,0.7982804232804233,0.8102115937789479,0.4125268785528514,0.9654808723040684,5,3,3,50609.45463180542,1.949310302734375,breast_cancer,3,0.3,0.1,0.2
metacog,0.9298245614035088,0.9047619047619048,0.9210526315789473,0.8535639569308375,0.9047619047619048,0.9,0.32420614859132296,0.9799090550488756,5,3,3,50478.421211242676,1.5110969543457031,breast_cancer,4,0.3,0.1,0.2
metacog,0.8,0.5652173913043478,0.5579133510167993,0.32177789389368455,0.5652173913043478,0.33043478260869563,0.5541350673001662,1.0,3,2,2,6197.004556655884,4.551172256469727,adult,0,0.3,0.1,0.2
metacog,0.805,0.5913325804630153,0.6010434248887525,0.3371846188159856,0.7637634105025409,0.46100790513833995,0.4402523890379214,0.8766580354991211,7,4,4,11948.02188873291,5.200862884521484,adult,1,0.3,0.1,0.2
metacog,0.8,0.5652173913043478,0.5579133510167993,0.32177789389368455,0.5652173913043478,0.33043478260869563,0.5177485492624431,1.0,3,2,2,6034.370183944702,6.391763687133789,adult,2,0.3,0.1,0.2
metacog,0.805,0.5760869565217391,0.5758795062802458,0.34845909958918564,0.5760869565217391,0.3471739130434783,0.5289958634037956,0.9989156713474379,3,2,2,6046.635627746582,4.556417465209961,adult,3,0.3,0.1,0.2
metacog,0.795,0.5543478260869565,0.5392999606719479,0.29298753307495307,0.5543478260869565,0.31369565217391304,0.5123123594125598,1.0,3,2,2,6025.519371032715,4.543304443359375,adult,4,0.3,0.1,0.2
metacog,0.3333333333333333,0.3333333333333333,0.16666666666666666,0.0,0.5,,1.0,0.9973710865078222,1,1,1,300.51684379577637,0.3666877746582031,iris,0,0.3,0.1,0.3
metacog,0.3333333333333333,0.3333333333333333,0.16666666666666666,0.0,0.5,,1.0,0.9970757773947009,1,1,1,262.99142837524414,0.5016326904296875,iris,1,0.3,0.1,0.3
metacog,0.3333333333333333,0.3333333333333333,0.16666666666666666,0.0,0.5,,1.0,0.9977269338811082,1,1,1,247.33877182006836,0.38886070251464844,iris,2,0.3,0.1,0.3
metacog,0.3333333333333333,0.3333333333333333,0.16666666666666666,0.0,0.5,,1.0,0.9961780853484691,1,1,1,255.4779052734375,0.40411949157714844,iris,3,0.3,0.1,0.3
metacog,0.3333333333333333,0.3333333333333333,0.16666666666666666,0.0,0.5,,0.8413882683090157,0.9971051500737994,1,1,1,264.85300064086914,0.3695487976074219,iris,4,0.3,0.1,0.3
metacog,0.3888888888888889,0.3333333333333333,0.18666666666666668,0.0,0.5,,0.05448551404923955,0.8356166464548431,1,1,1,1832.6048851013184,0.4203319549560547,wine,0,0.3,0.1,0.3
metacog,0.3888888888888889,0.3333333333333333,0.18666666666666668,0.0,0.5,,0.10808918016984967,0.9836413568501193,1,1,1,1822.8580951690674,0.4153251647949219,wine,1,0.3,0.1,0.3
metacog,0.3888888888888889,0.3333333333333333,0.18666666666666668,0.0,0.5,,0.12637829618825452,0.9628190126221114,1,1,1,1871.2654113769531,0.42557716369628906,wine,2,0.3,0.1,0.3
metacog,0.3888888888888889,0.3333333333333333,0.18666666666666668,0.0,0.5,,0.08826130698690134,0.9716808402437557,1,1,1,1825.756311416626,0.8864402770996094,wine,3,0.3,0.1,0.3
metacog,0.3888888888888889,0.3333333333333333,0.18666666666666668,0.0,0.5,,0.06047926749204607,0.8796421389376234,1,1,1,1816.3034915924072,0.44083595275878906,wine,4,0.3,0.1,0.3
metacog,0.6140350877192983,0.5,0.3804347826086957,0.0,0.5,0.6140350877192983,0.16888261642988234,0.996438889669009,1,1,1,19772.69411087036,1.2371540069580078,breast_cancer,0,0.3,0.1,0.3
metacog,0.6140350877192983,0.5,0.3804347826086957,0.0,0.5,0.6140350877192983,0.17301101243890643,0.9800388511449721,1,1,1,19634.739637374878,1.2423992156982422,breast_cancer,1,0.3,0.1,0.3
metacog,0.631578947368421,0.5,0.3870967741935484,0.0,0.5,0.631578947368421,0.0971257789267817,0.9978297494359547,1,1,1,19833.275318145752,1.1365413665771484,breast_cancer,2,0.3,0.1,0.3
metacog,0.8421052631578947,0.7956349206349207,0.8144665461121157,0.662595343916706,0.7982804232804233,0.8102115937789479,0.4125268785528514,0.9654808723040684,5,3,3,51742.62046813965,1.5482902526855469,breast_cancer,3,0.3,0.1,0.3
metacog,0.9298245614035088,0.9047619047619048,0.9210526315789473,0.8535639569308375,0.9047619047619048,0.9,0.32420614859132296,0.9799090550488756,5,3,3,51404.650926589966,1.6002655029296875,breast_cancer,4,0.3,0.1,0.3
metacog,0.8,0.5652173913043478,0.5579133510167993,0.32177789389368455,0.5652173913043478,0.33043478260869563,0.5541350673001662,1.0,3,2,2,6196.999073028564,5.701780319213867,adult,0,0.3,0.1,0.3
metacog,0.805,0.5913325804630153,0.6010434248887525,0.3371846188159856,0.5913325804630153,0.3450790513833992,0.6867096625830987,0.99993115173406,5,3,3,9213.271379470825,4.993438720703125,adult,1,0.3,0.1,0.3
metacog,0.8,0.5652173913043478,0.5579133510167993,0.32177789389368455,0.5652173913043478,0.33043478260869563,0.5177485492624431,1.0,3,2,2,6132.363557815552,4.530191421508789,adult,2,0.3,0.1,0.3
metacog,0.805,0.5760869565217391,0.5758795062802458,0.34845909958918564,0.5760869565217391,0.3471739130434783,0.5289958634037956,0.9989156713474379,3,2,2,6116.703987121582,4.390478134155273,adult,3,0.3,0.1,0.3
metacog,0.795,0.5543478260869565,0.5392999606719479,0.29298753307495307,0.5543478260869565,0.31369565217391304,0.5123123594125598,1.0,3,2,2,6102.622032165527,4.838705062866211,adult,4,0.3,0.1,0.3
metacog,0.3333333333333333,0.3333333333333333,0.16666666666666666,0.0,0.5,,1.0,0.9973710865078222,1,1,1,281.6624641418457,0.3821849822998047,iris,0,0.3,0.1,0.4
metacog,0.3333333333333333,0.3333333333333333,0.16666666666666666,0.0,0.5,,1.0,0.9970757773947009,1,1,1,251.906156539917,0.5567073822021484,iris,1,0.3,0.1,0.4
metacog,0.3333333333333333,0.3333333333333333,0.16666666666666666,0.0,0.5,,1.0,0.9977269338811082,1,1,1,241.85848236083984,0.3654956817626953,iris,2,0.3,0.1,0.4
metacog,0.3333333333333333,0.3333333333333333,0.16666666666666666,0.0,0.5,,1.0,0.9961780853484691,1,1,1,239.2406463623047,0.3650188446044922,iris,3,0.3,0.1,0.4
metacog,0.3333333333333333,0.3333333333333333,0.16666666666666666,0.0,0.5,,0.8413882683090157,0.9971051500737994,1,1,1,258.5916519165039,0.3650188446044922,iris,4,0.3,0.1,0.4
metacog,0.3888888888888889,0.3333333333333333,0.18666666666666668,0.0,0.5,,0.05448551404923955,0.8356166464548431,1,1,1,1799.1232872009277,0.4305839538574219,wine,0,0.3,0.1,0.4
metacog,0.3888888888888889,0.3333333333333333,0.18666666666666668,0.0,0.5,,0.10808918016984967,0.9836413568501193,1,1,1,1797.0819473266602,0.4284381866455078,wine,1,0.3,0.1,0.4
metacog,0.3888888888888889,0.3333333333333333,0.18666666666666668,0.0,0.5,,0.12637829618825452,0.9628190126221114,1,1,1,1818.6891078948975,0.4410743713378906,wine,2,0.3,0.1,0.4
metacog,0.3888888888888889,0.3333333333333333,0.18666666666666668,0.0,0.5,,0.08826130698690134,0.9716808402437557,1,1,1,1812.6857280731201,0.4227161407470703,wine,3,0.3,0.1,0.4
metacog,0.3888888888888889,0.3333333333333333,0.18666666666666668,0.0,0.5,,0.06047926749204607,0.8796421389376234,1,1,1,1797.4815368652344,0.4239082336425781,wine,4,0.3,0.1,0.4
metacog,0.6140350877192983,0.5,0.3804347826086957,0.0,0.5,0.6140350877192983,0.16888261642988234,0.996438889669009,1,1,1,19655.213117599487,1.4622211456298828,breast_cancer,0,0.3,0.1,0.4
metacog,0.6140350877192983,0.5,0.3804347826086957,0.0,0.5,0.6140350877192983,0.17301101243890643,0.9800388511449721,1,1,1,19421.226978302002,1.3165473937988281,breast_cancer,1,0.3,0.1,0.4
metacog,0.631578947368421,0.5,0.3870967741935484,0.0,0.5,0.631578947368421,0.0971257789267817,0.9978297494359547,1,1,1,19682.499408721924,1.9431114196777344,breast_cancer,2,0.3,0.1,0.4
metacog,0.8421052631578947,0.7956349206349207,0.8144665461121157,0.662595343916706,0.7982804232804233,0.8102115937789479,0.4125268785528514,0.9654808723040684,5,3,3,50964.32852745056,1.5234947204589844,breast_cancer,3,0.3,0.1,0.4
metacog,0.631578947368421,0.5,0.3870967741935484,0.0,0.5,0.631578947368421,0.26773643154259474,0.9718729874477393,1,1,1,19428.75051498413,1.684427261352539,breast_cancer,4,0.3,0.1,0.4
metacog,0.8,0.5652173913043478,0.5579133510167993,0.32177789389368455,0.5652173913043478,0.33043478260869563,0.5541350673001662,1.0,3,2,2,6413.336277008057,4.605293273925781,adult,0,0.3,0.1,0.4
metacog,0.805,0.5913325804630153,0.6010434248887525,0.3371846188159856,0.5913325804630153,0.3450790513833992,0.6867096625830987,0.99993115173406,5,3,3,9414.866924285889,6.048679351806641,adult,1,0.3,0.1,0.4
metacog,0.8,0.5652173913043478,0.5579133510167993,0.32177789389368455,0.5652173913043478,0.33043478260869563,0.5177485492624431,1.0,3,2,2,6270.800590515137,5.47027587890625,adult,2,0.3,0.1,0.4
metacog,0.805,0.5760869565217391,0.5758795062802458,0.34845909958918564,0.5760869565217391,0.3471739130434783,0.5289958634037956,0.9989156713474379,3,2,2,6331.001281738281,6.542444229125977,adult,3,0.3,0.1,0.4
metacog,0.795,0.5543478260869565,0.5392999606719479,0.29298753307495307,0.5543478260869565,0.31369565217391304,0.5123123594125598,1.0,3,2,2,6313.61198425293,4.9419403076171875,adult,4,0.3,0.1,0.4
metacog,0.3333333333333333,0.3333333333333333,0.16666666666666666,0.0,0.5,,1.0,0.9973710865078222,1,1,1,251.31702423095703,0.34689903259277344,iris,0,0.3,0.1,0.5
metacog,0.3333333333333333,0.3333333333333333,0.16666666666666666,0.0,0.5,,1.0,0.9970757773947009,1,1,1,230.7271957397461,0.4754066467285156,iris,1,0.3,0.1,0.5
metacog,0.3333333333333333,0.3333333333333333,0.16666666666666666,0.0,0.5,,1.0,0.9977269338811082,1,1,1,244.4150447845459,0.5917549133300781,iris,2,0.3,0.1,0.5
metacog,0.3333333333333333,0.3333333333333333,0.16666666666666666,0.0,0.5,,1.0,0.9961780853484691,1,1,1,243.4232234954834,0.37479400634765625,iris,3,0.3,0.1,0.5
metacog,0.3333333333333333,0.3333333333333333,0.16666666666666666,0.0,0.5,,0.8413882683090157,0.9971051500737994,1,1,1,270.3244686126709,0.36787986755371094,iris,4,0.3,0.1,0.5
metacog,0.3888888888888889,0.3333333333333333,0.18666666666666668,0.0,0.5,,0.05448551404923955,0.8356166464548431,1,1,1,1790.6463146209717,0.4017353057861328,wine,0,0.3,0.1,0.5
metacog,0.3888888888888889,0.3333333333333333,0.18666666666666668,0.0,0.5,,0.10808918016984967,0.9836413568501193,1,1,1,1785.646677017212,0.44536590576171875,wine,1,0.3,0.1,0.5
metacog,0.3888888888888889,0.3333333333333333,0.18666666666666668,0.0,0.5,,0.12637829618825452,0.9628190126221114,1,1,1,1800.997257232666,0.42700767517089844,wine,2,0.3,0.1,0.5
metacog,0.3888888888888889,0.3333333333333333,0.18666666666666668,0.0,0.5,,0.08826130698690134,0.9716808402437557,1,1,1,1831.8612575531006,0.46706199645996094,wine,3,0.3,0.1,0.5
metacog,0.3888888888888889,0.3333333333333333,0.18666666666666668,0.0,0.5,,0.06047926749204607,0.8796421389376234,1,1,1,1813.9877319335938,0.4429817199707031,wine,4,0.3,0.1,0.5
metacog,0.6140350877192983,0.5,0.3804347826086957,0.0,0.5,0.6140350877192983,0.16888261642988234,0.996438889669009,1,1,1,20006.344318389893,1.241922378540039,breast_cancer,0,0.3,0.1,0.5
metacog,0.6140350877192983,0.5,0.3804347826086957,0.0,0.5,0.6140350877192983,0.17301101243890643,0.9800388511449721,1,1,1,20327.96287536621,2.3963451385498047,breast_cancer,1,0.3,0.1,0.5
metacog,0.631578947368421,0.5,0.3870967741935484,0.0,0.5,0.631578947368421,0.0971257789267817,0.9978297494359547,1,1,1,21792.710065841675,2.567768096923828,breast_cancer,2,0.3,0.1,0.5
metacog,0.8421052631578947,0.7956349206349207,0.8144665461121157,0.662595343916706,0.7982804232804233,0.8102115937789479,0.4125268785528514,0.9654808723040684,5,3,3,56889.665842056274,1.5857219696044922,breast_cancer,3,0.3,0.1,0.5
metacog,0.631578947368421,0.5,0.3870967741935484,0.0,0.5,0.631578947368421,0.26773643154259474,0.9718729874477393,1,1,1,19394.352436065674,1.2216567993164062,breast_cancer,4,0.3,0.1,0.5
metacog,0.8,0.5652173913043478,0.5579133510167993,0.32177789389368455,0.5652173913043478,0.33043478260869563,0.5541350673001662,1.0,3,2,2,6140.584468841553,4.7435760498046875,adult,0,0.3,0.1,0.5
metacog,0.805,0.5913325804630153,0.6010434248887525,0.3371846188159856,0.5913325804630153,0.3450790513833992,0.6867096625830987,0.99993115173406,5,3,3,9268.87583732605,6.165027618408203,adult,1,0.3,0.1,0.5
metacog,0.8,0.5652173913043478,0.5579133510167993,0.32177789389368455,0.5652173913043478,0.33043478260869563,0.5177485492624431,1.0,3,2,2,6137.361526489258,5.466938018798828,adult,2,0.3,0.1,0.5
metacog,0.805,0.5760869565217391,0.5758795062802458,0.34845909958918564,0.5760869565217391,0.3471739130434783,0.5289958634037956,0.9989156713474379,3,2,2,6203.901767730713,4.699230194091797,adult,3,0.3,0.1,0.5
metacog,0.795,0.5543478260869565,0.5392999606719479,0.29298753307495307,0.5543478260869565,0.31369565217391304,0.5123123594125598,1.0,3,2,2,6196.685314178467,4.54401969909668,adult,4,0.3,0.1,0.5
metacog,0.6666666666666666,0.6666666666666666,0.5555555555555555,0.6123724356957945,0.8333333333333334,,0.5087148216635994,0.9931689782126119,3,2,2,421.8785762786865,0.4417896270751953,iris,0,0.3,0.12,0.0
metacog,0.6666666666666666,0.6666666666666666,0.5555555555555555,0.6123724356957945,0.8333333333333334,,0.5053783704402405,0.9846235543341044,3,2,2,424.62897300720215,0.4525184631347656,iris,1,0.3,0.12,0.0
metacog,0.6666666666666666,0.6666666666666666,0.5555555555555555,0.6123724356957945,0.8333333333333334,,0.5003001606412475,0.9925327311980254,3,2,2,447.91531562805176,0.4642009735107422,iris,2,0.3,0.12,0.0
metacog,0.6666666666666666,0.6666666666666666,0.5555555555555555,0.6123724356957945,0.8333333333333334,,0.5053783704402405,0.9923855873540359,3,2,2,427.8433322906494,0.4477500915527344,iris,3,0.3,0.12,0.0
metacog,0.8666666666666667,0.8666666666666667,0.8666666666666667,0.8,0.9166666666666666,,0.4295544454919649,0.9728009417627567,5,3,3,543.7819957733154,0.4725456237792969,iris,4,0.3,0.12,0.0
metacog,0.3888888888888889,0.3333333333333333,0.18666666666666668,0.0,0.5,,0.05448551404923955,0.8356166464548431,1,1,1,1778.1774997711182,0.40459632873535156,wine,0,0.3,0.12,0.0
metacog,0.3888888888888889,0.3333333333333333,0.18666666666666668,0.0,0.5,,0.10808918016984967,0.9836413568501193,1,1,1,1770.3962326049805,0.4947185516357422,wine,1,0.3,0.12,0.0
metacog,0.6111111111111112,0.6,0.5185185185185185,0.5167423893288018,0.7494949494949495,,0.3774030947679678,0.9761711209664234,5,3,3,3732.3434352874756,0.5609989166259766,wine,2,0.3,0.12,0.0
metacog,0.3888888888888889,0.3333333333333333,0.18666666666666668,0.0,0.5,,0.08826130698690134,0.9716808402437557,1,1,1,1806.6699504852295,0.43582916259765625,wine,3,0.3,0.12,0.0
metacog,0.3888888888888889,0.3333333333333333,0.18666666666666668,0.0,0.5,,0.06047926749204607,0.8796421389376234,1,1,1,1780.6336879730225,0.4296302795410156,wine,4,0.3,0.12,0.0
metacog,0.9473684210526315,0.9487012987012987,0.9449275362318841,0.8904905361044291,0.9512987012987013,0.9514896867838044,0.21358133163914025,0.9888872175996579,5,3,3,53507.01546669006,1.516103744506836,breast_cancer,0,0.3,0.12,0.0
metacog,0.9824561403508771,0.9772727272727273,0.981329839502129,0.9633432944855655,0.9772727272727273,0.9722222222222222,0.2977781401192274,0.9858737888548949,5,3,3,58079.46181297302,1.4967918395996094,breast_cancer,1,0.3,0.12,0.0
metacog,0.631578947368421,0.5,0.3870967741935484,0.0,0.5,0.631578947368421,0.0971257789267817,0.9978297494359547,1,1,1,19525.763750076294,1.6405582427978516,breast_cancer,2,0.3,0.12,0.0
metacog,0.8421052631578947,0.7956349206349207,0.8144665461121157,0.662595343916706,0.7982804232804233,0.8102115937789479,0.4142019566762563,0.9709976809823655,5,3,3,49409.65437889099,1.5625953674316406,breast_cancer,3,0.3,0.12,0.0
metacog,0.9298245614035088,0.9047619047619048,0.9210526315789473,0.8535639569308375,0.9047619047619048,0.9,0.3303387131174819,0.959075996239208,5,3,3,49910.49146652222,2.252340316772461,breast_cancer,4,0.3,0.12,0.0
metacog,0.8,0.5652173913043478,0.5579133510167993,0.32177789389368455,0.5652173913043478,0.33043478260869563,0.5541350673001662,1.0,3,2,2,5966.9835567474365,4.397392272949219,adult,0,0.3,0.12,0.0
metacog,0.805,0.5913325804630153,0.6010434248887525,0.3371846188159856,0.7637634105025409,0.46100790513833995,0.44062217910693524,0.8797266491742846,7,4,4,12352.115154266357,5.924463272094727,adult,1,0.3,0.12,0.0
metacog,0.8,0.5652173913043478,0.5579133510167993,0.32177789389368455,0.5652173913043478,0.33043478260869563,0.5177485492624431,1.0,3,2,2,6289.093494415283,4.745721817016602,adult,2,0.3,0.12,0.0
metacog,0.805,0.5760869565217391,0.5758795062802458,0.34845909958918564,0.5760869565217391,0.3471739130434783,0.5289958634037956,1.0,3,2,2,6256.492614746094,4.997491836547852,adult,3,0.3,0.12,0.0
metacog,0.795,0.5543478260869565,0.5392999606719479,0.29298753307495307,0.5543478260869565,0.31369565217391304,0.5123123594125598,1.0,3,2,2,6643.723249435425,5.785465240478516,adult,4,0.3,0.12,0.0
metacog,0.3333333333333333,0.3333333333333333,0.16666666666666666,0.0,0.5,,1.0,0.9973710865078222,1,1,1,247.5268840789795,0.3426074981689453,iris,0,0.3,0.12,0.1
metacog,0.3333333333333333,0.3333333333333333,0.16666666666666666,0.0,0.5,,1.0,0.9970757773947009,1,1,1,247.09820747375488,0.5881786346435547,iris,1,0.3,0.12,0.1
metacog,0.3333333333333333,0.3333333333333333,0.16666666666666666,0.0,0.5,,1.0,0.9977269338811082,1,1,1,245.50986289978027,0.3647804260253906,iris,2,0.3,0.12,0.1
metacog,0.3333333333333333,0.3333333333333333,0.16666666666666666,0.0,0.5,,1.0,0.9961780853484691,1,1,1,251.4631748199463,0.3650188446044922,iris,3,0.3,0.12,0.1
metacog,0.3333333333333333,0.3333333333333333,0.16666666666666666,0.0,0.5,,0.8413882683090157,0.9971051500737994,1,1,1,272.9480266571045,0.3864765167236328,iris,4,0.3,0.12,0.1
metacog,0.3888888888888889,0.3333333333333333,0.18666666666666668,0.0,0.5,,0.05448551404923955,0.8356166464548431,1,1,1,1839.073657989502,0.4382133483886719,wine,0,0.3,0.12,0.1
metacog,0.3888888888888889,0.3333333333333333,0.18666666666666668,0.0,0.5,,0.10808918016984967,0.9836413568501193,1,1,1,1817.098617553711,0.4227161407470703,wine,1,0.3,0.12,0.1
metacog,0.3888888888888889,0.3333333333333333,0.18666666666666668,0.0,0.5,,0.12637829618825452,0.9628190126221114,1,1,1,1830.1146030426025,0.4260540008544922,wine,2,0.3,0.12,0.1
metacog,0.3888888888888889,0.3333333333333333,0.18666666666666668,0.0,0.5,,0.08826130698690134,0.9716808402437557,1,1,1,1844.585657119751,0.6947517395019531,wine,3,0.3,0.12,0.1
metacog,0.3888888888888889,0.3333333333333333,0.18666666666666668,0.0,0.5,,0.06047926749204607,0.8796421389376234,1,1,1,1819.5154666900635,0.4143714904785156,wine,4,0.3,0.12,0.1
metacog,0.6140350877192983,0.5,0.3804347826086957,0.0,0.5,0.6140350877192983,0.16888261642988234,0.996438889669009,1,1,1,20281.46767616272,1.1920928955078125,breast_cancer,0,0.3,0.12,0.1
metacog,0.9824561403508771,0.9772727272727273,0.981329839502129,0.9633432944855655,0.9772727272727273,0.9722222222222222,0.2972640601417964,0.9858737888548949,5,3,3,58255.24878501892,1.5189647674560547,breast_cancer,1,0.3,0.12,0.1
metacog,0.631578947368421,0.5,0.3870967741935484,0.0,0.5,0.631578947368421,0.0971257789267817,0.9978297494359547,1,1,1,22485.684394836426,1.207590103149414,breast_cancer,2,0.3,0.12,0.1
metacog,0.8421052631578947,0.7956349206349207,0.8144665461121157,0.662595343916706,0.7982804232804233,0.8102115937789479,0.4125268785528514,0.9654808723040684,5,3,3,50921.76914215088,1.569986343383789,breast_cancer,3,0.3,0.12,0.1
metacog,0.9298245614035088,0.9047619047619048,0.9210526315789473,0.8535639569308375,0.9047619047619048,0.9,0.32420614859132296,0.9799090550488756,5,3,3,50884.307861328125,1.4455318450927734,breast_cancer,4,0.3,0.12,0.1
metacog,0.8,0.5652173913043478,0.5579133510167993,0.32177789389368455,0.5652173913043478,0.33043478260869563,0.5541350673001662,1.0,3,2,2,6246.0386753082275,4.649877548217773,adult,0,0.3,0.12,0.1
metacog,0.805,0.5913325804630153,0.6010434248887525,0.3371846188159856,0.7637634105025409,0.46100790513833995,0.4402523890379214,0.8766580354991211,7,4,4,11899.970293045044,5.344390869140625,adult,1,0.3,0.12,0.1
metacog,0.8,0.5652173913043478,0.5579133510167993,0.32177789389368455,0.5652173913043478,0.33043478260869563,0.5177485492624431,1.0,3,2,2,6763.972759246826,4.555702209472656,adult,2,0.3,0.12,0.1
metacog,0.805,0.5760869565217391,0.5758795062802458,0.34845909958918564,0.5760869565217391,0.3471739130434783,0.5289958634037956,0.9989156713474379,3,2,2,6173.763275146484,5.479097366333008,adult,3,0.3,0.12,0.1
metacog,0.795,0.5543478260869565,0.5392999606719479,0.29298753307495307,0.5543478260869565,0.31369565217391304,0.5123123594125598,1.0,3,2,2,6045.843124389648,5.092382431030273,adult,4,0.3,0.12,0.1
metacog,0.3333333333333333,0.3333333333333333,0.16666666666666666,0.0,0.5,,1.0,0.9973710865078222,1,1,1,241.01877212524414,0.6773471832275391,iris,0,0.3,0.12,0.15
metacog,0.3333333333333333,0.3333333333333333,0.16666666666666666,0.0,0.5,,1.0,0.9970757773947009,1,1,1,250.53024291992188,0.3838539123535156,iris,1,0.3,0.12,0.15
metacog,0.3333333333333333,0.3333333333333333,0.16666666666666666,0.0,0.5,,1.0,0.9977269338811082,1,1,1,239.5923137664795,0.36144256591796875,iris,2,0.3,0.12,0.15
metacog,0.3333333333333333,0.3333333333333333,0.16666666666666666,0.0,0.5,,1.0,0.9961780853484691,1,1,1,249.38654899597168,0.347137451171875,iris,3,0.3,0.12,0.15
metacog,0.3333333333333333,0.3333333333333333,0.16666666666666666,0.0,0.5,,0.8413882683090157,0.9971051500737994,1,1,1,264.268159866333,0.5695819854736328,iris,4,0.3,0.12,0.15
metacog,0.3888888888888889,0.3333333333333333,0.18666666666666668,0.0,0.5,,0.05448551404923955,0.8356166464548431,1,1,1,1831.5865993499756,0.43463706970214844,wine,0,0.3,0.12,0.15
metacog,0.3888888888888889,0.3333333333333333,0.18666666666666668,0.0,0.5,,0.10808918016984967,0.9836413568501193,1,1,1,1811.6142749786377,0.8237361907958984,wine,1,0.3,0.12,0.15
metacog,0.3888888888888889,0.3333333333333333,0.18666666666666668,0.0,0.5,,0.12637829618825452,0.9628190126221114,1,1,1,1806.844711303711,0.40984153747558594,wine,2,0.3,0.12,0.15
metacog,0.3888888888888889,0.3333333333333333,0.18666666666666668,0.0,0.5,,0.08826130698690134,0.9716808402437557,1,1,1,1799.837589263916,0.4935264587402344,wine,3,0.3,0.12,0.15
metacog,0.3888888888888889,0.3333333333333333,0.18666666666666668,0.0,0.5,,0.06047926749204607,0.8796421389376234,1,1,1,1818.6407089233398,0.4353523254394531,wine,4,0.3,0.12,0.15
metacog,0.6140350877192983,0.5,0.3804347826086957,0.0,0.5,0.6140350877192983,0.16888261642988234,0.996438889669009,1,1,1,20189.592361450195,1.1782646179199219,breast_cancer,0,0.3,0.12,0.15
metacog,0.6140350877192983,0.5,0.3804347826086957,0.0,0.5,0.6140350877192983,0.17301101243890643,0.9800388511449721,1,1,1,20414.81304168701,1.3194084167480469,breast_cancer,1,0.3,0.12,0.15
metacog,0.631578947368421,0.5,0.3870967741935484,0.0,0.5,0.631578947368421,0.0971257789267817,0.9978297494359547,1,1,1,21832.51667022705,1.2705326080322266,breast_cancer,2,0.3,0.12,0.15
metacog,0.8421052631578947,0.7956349206349207,0.8144665461121157,0.662595343916706,0.7982804232804233,0.8102115937789479,0.4125268785528514,0.9654808723040684,5,3,3,56598.45423698425,1.6481876373291016,breast_cancer,3,0.3,0.12,0.15
metacog,0.9298245614035088,0.9047619047619048,0.9210526315789473,0.8535639569308375,0.9047619047619048,0.9,0.32420614859132296,0.9799090550488756,5,3,3,50252.61449813843,1.5096664428710938,breast_cancer,4,0.3,0.12,0.15
metacog,0.8,0.5652173913043478,0.5579133510167993,0.32177789389368455,0.5652173913043478,0.33043478260869563,0.5541350673001662,1.0,3,2,2,6132.820606231689,4.364728927612305,adult,0,0.3,0.12,0.15
metacog,0.805,0.5913325804630153,0.6010434248887525,0.3371846188159856,0.7637634105025409,0.46100790513833995,0.4402523890379214,0.8766580354991211,7,4,4,12905.944108963013,5.336523056030273,adult,1,0.3,0.12,0.15
metacog,0.8,0.5652173913043478,0.5579133510167993,0.32177789389368455,0.5652173913043478,0.33043478260869563,0.5177485492624431,1.0,3,2,2,6325.2809047698975,4.418849945068359,adult,2,0.3,0.12,0.15
metacog,0.805,0.5760869565217391,0.5758795062802458,0.34845909958918564,0.5760869565217391,0.3471739130434783,0.5289958634037956,0.9989156713474379,3,2,2,6130.372762680054,5.510568618774414,adult,3,0.3,0.12,0.15
metacog,0.795,0.5543478260869565,0.5392999606719479,0.29298753307495307,0.5543478260869565,0.31369565217391304,0.5123123594125598,1.0,3,2,2,6214.838981628418,4.930734634399414,adult,4,0.3,0.12,0.15
metacog,0.3333333333333333,0.3333333333333333,0.16666666666666666,0.0,0.5,,1.0,0.9973710865078222,1,1,1,274.2030620574951,0.3643035888671875,iris,0,0.3,0.12,0.2
metacog,0.3333333333333333,0.3333333333333333,0.16666666666666666,0.0,0.5,,1.0,0.9970757773947009,1,1,1,273.19908142089844,0.5958080291748047,iris,1,0.3,0.12,0.2
metacog,0.3333333333333333,0.3333333333333333,0.16666666666666666,0.0,0.5,,1.0,0.9977269338811082,1,1,1,349.4439125061035,0.37550926208496094,iris,2,0.3,0.12,0.2
metacog,0.3333333333333333,0.3333333333333333,0.16666666666666666,0.0,0.5,,1.0,0.9961780853484691,1,1,1,323.35448265075684,0.3781318664550781,iris,3,0.3,0.12,0.2
metacog,0.3333333333333333,0.3333333333333333,0.16666666666666666,0.0,0.5,,0.8413882683090157,0.9971051500737994,1,1,1,328.4623622894287,0.8785724639892578,iris,4,0.3,0.12,0.2
metacog,0.3888888888888889,0.3333333333333333,0.18666666666666668,0.0,0.5,,0.05448551404923955,0.8356166464548431,1,1,1,1846.7018604278564,0.4436969757080078,wine,0,0.3,0.12,0.2
metacog,0.3888888888888889,0.3333333333333333,0.18666666666666668,0.0,0.5,,0.10808918016984967,0.9836413568501193,1,1,1,1781.6457748413086,0.4525184631347656,wine,1,0.3,0.12,0.2
metacog,0.3888888888888889,0.3333333333333333,0.18666666666666668,0.0,0.5,,0.12637829618825452,0.9628190126221114,1,1,1,1850.027322769165,0.42247772216796875,wine,2,0.3,0.12,0.2
metacog,0.3888888888888889,0.3333333333333333,0.18666666666666668,0.0,0.5,,0.08826130698690134,0.9716808402437557,1,1,1,1813.6374950408936,0.4458427429199219,wine,3,0.3,0.12,0.2
metacog,0.3888888888888889,0.3333333333333333,0.18666666666666668,0.0,0.5,,0.06047926749204607,0.8796421389376234,1,1,1,1800.3888130187988,0.4208087921142578,wine,4,0.3,0.12,0.2
metacog,0.6140350877192983,0.5,0.3804347826086957,0.0,0.5,0.6140350877192983,0.16888261642988234,0.996438889669009,1,1,1,19782.1204662323,1.4481544494628906,breast_cancer,0,0.3,0.12,0.2
metacog,0.6140350877192983,0.5,0.3804347826086957,0.0,0.5,0.6140350877192983,0.17301101243890643,0.9800388511449721,1,1,1,20672.300815582275,1.2192726135253906,breast_cancer,1,0.3,0.12,0.2
metacog,0.631578947368421,0.5,0.3870967741935484,0.0,0.5,0.631578947368421,0.0971257789267817,0.9978297494359547,1,1,1,20000.914335250854,1.2097358703613281,breast_cancer,2,0.3,0.12,0.2
metacog,0.8421052631578947,0.7956349206349207,0.8144665461121157,0.662595343916706,0.7982804232804233,0.8102115937789479,0.4125268785528514,0.9654808723040684,5,3,3,52497.188091278076,1.506805419921875,breast_cancer,3,0.3,0.12,0.2
metacog,0.9298245614035088,0.9047619047619048,0.9210526315789473,0.8535639569308375,0.9047619047619048,0.9,0.32420614859132296,0.9799090550488756,5,3,3,53856.21976852417,1.5218257904052734,breast_cancer,4,0.3,0.12,0.2
metacog,0.8,0.5652173913043478,0.5579133510167993,0.32177789389368455,0.5652173913043478,0.33043478260869563,0.5541350673001662,1.0,3,2,2,7269.482612609863,4.693508148193359,adult,0,0.3,0.12,0.2
metacog,0.805,0.5913325804630153,0.6010434248887525,0.3371846188159856,0.5913325804630153,0.3450790513833992,0.6867096625830987,0.99993115173406,5,3,3,10135.112524032593,8.057832717895508,adult,1,0.3,0.12,0.2
metacog,0.8,0.5652173913043478,0.5579133510167993,0.32177789389368455,0.5652173913043478,0.33043478260869563,0.5177485492624431,1.0,3,2,2,6436.052083969116,5.272626876831055,adult,2,0.3,0.12,0.2
metacog,0.805,0.5760869565217391,0.5758795062802458,0.34845909958918564,0.5760869565217391,0.3471739130434783,0.5289958634037956,0.9989156713474379,3,2,2,6281.931400299072,7.389068603515625,adult,3,0.3,0.12,0.2
metacog,0.795,0.5543478260869565,0.5392999606719479,0.29298753307495307,0.5543478260869565,0.31369565217391304,0.5123123594125598,1.0,3,2,2,6371.14691734314,4.293918609619141,adult,4,0.3,0.12,0.2
metacog,0.3333333333333333,0.3333333333333333,0.16666666666666666,0.0,0.5,,1.0,0.9973710865078222,1,1,1,267.9331302642822,0.38743019104003906,iris,0,0.3,0.12,0.3
metacog,0.3333333333333333,0.3333333333333333,0.16666666666666666,0.0,0.5,,1.0,0.9970757773947009,1,1,1,266.6969299316406,0.39267539978027344,iris,1,0.3,0.12,0.3
metacog,0.3333333333333333,0.3333333333333333,0.16666666666666666,0.0,0.5,,1.0,0.9977269338811082,1,1,1,345.9162712097168,0.36716461181640625,iris,2,0.3,0.12,0.3
metacog,0.3333333333333333,0.3333333333333333,0.16666666666666666,0.0,0.5,,1.0,0.9961780853484691,1,1,1,304.0308952331543,0.4343986511230469,iris,3,0.3,0.12,0.3
metacog,0.3333333333333333,0.3333333333333333,0.16666666666666666,0.0,0.5,,0.8413882683090157,0.9971051500737994,1,1,1,336.5492820739746,0.6952285766601562,iris,4,0.3,0.12,0.3
metacog,0.3888888888888889,0.3333333333333333,0.18666666666666668,0.0,0.5,,0.05448551404923955,0.8356166464548431,1,1,1,1874.349594116211,0.4260540008544922,wine,0,0.3,0.12,0.3
metacog,0.3888888888888889,0.3333333333333333,0.18666666666666668,0.0,0.5,,0.10808918016984967,0.9836413568501193,1,1,1,1785.9885692596436,0.4322528839111328,wine,1,0.3,0.12,0.3
metacog,0.3888888888888889,0.3333333333333333,0.18666666666666668,0.0,0.5,,0.12637829618825452,0.9628190126221114,1,1,1,1848.6387729644775,0.42247772216796875,wine,2,0.3,0.12,0.3
metacog,0.3888888888888889,0.3333333333333333,0.18666666666666668,0.0,0.5,,0.08826130698690134,0.9716808402437557,1,1,1,1830.8498859405518,0.42247772216796875,wine,3,0.3,0.12,0.3
metacog,0.3888888888888889,0.3333333333333333,0.18666666666666668,0.0,0.5,,0.06047926749204607,0.8796421389376234,1,1,1,1821.563482284546,0.5557537078857422,wine,4,0.3,0.12,0.3
metacog,0.6140350877192983,0.5,0.3804347826086957,0.0,0.5,0.6140350877192983,0.16888261642988234,0.996438889669009,1,1,1,19836.90571784973,1.2216567993164062,breast_cancer,0,0.3,0.12,0.3
metacog,0.6140350877192983,0.5,0.3804347826086957,0.0,0.5,0.6140350877192983,0.17301101243890643,0.9800388511449721,1,1,1,20846.580505371094,1.1906623840332031,breast_cancer,1,0.3,0.12,0.3
metacog,0.631578947368421,0.5,0.3870967741935484,0.0,0.5,0.631578947368421,0.0971257789267817,0.9978297494359547,1,1,1,20174.418687820435,1.3453960418701172,breast_cancer,2,0.3,0.12,0.3
metacog,0.8421052631578947,0.7956349206349207,0.8144665461121157,0.662595343916706,0.7982804232804233,0.8102115937789479,0.4125268785528514,0.9654808723040684,5,3,3,52841.69244766235,1.5103816986083984,breast_cancer,3,0.3,0.12,0.3
metacog,0.631578947368421,0.5,0.3870967741935484,0.0,0.5,0.631578947368421,0.26773643154259474,0.9718729874477393,1,1,1,20095.879316329956,1.3649463653564453,breast_cancer,4,0.3,0.12,0.3
metacog,0.8,0.5652173913043478,0.5579133510167993,0.32177789389368455,0.5652173913043478,0.33043478260869563,0.5541350673001662,1.0,3,2,2,6416.662693023682,4.937171936035156,adult,0,0.3,0.12,0.3
metacog,0.805,0.5913325804630153,0.6010434248887525,0.3371846188159856,0.5913325804630153,0.3450790513833992,0.6867096625830987,0.99993115173406,5,3,3,9729.154348373413,5.2642822265625,adult,1,0.3,0.12,0.3
metacog,0.8,0.5652173913043478,0.5579133510167993,0.32177789389368455,0.5652173913043478,0.33043478260869563,0.5177485492624431,1.0,3,2,2,6696.368217468262,6.486654281616211,adult,2,0.3,0.12,0.3
metacog,0.805,0.5760869565217391,0.5758795062802458,0.34845909958918564,0.5760869565217391,0.3471739130434783,0.5289958634037956,0.9989156713474379,3,2,2,7001.485347747803,5.042552947998047,adult,3,0.3,0.12,0.3
metacog,0.795,0.5543478260869565,0.5392999606719479,0.29298753307495307,0.5543478260869565,0.31369565217391304,0.5123123594125598,1.0,3,2,2,7878.129005432129,4.75764274597168,adult,4,0.3,0.12,0.3
metacog,0.3333333333333333,0.3333333333333333,0.16666666666666666,0.0,0.5,,1.0,0.9973710865078222,1,1,1,270.98822593688965,0.3647804260253906,iris,0,0.3,0.12,0.4
metacog,0.3333333333333333,0.3333333333333333,0.16666666666666666,0.0,0.5,,1.0,0.9970757773947009,1,1,1,278.27978134155273,0.39386749267578125,iris,1,0.3,0.12,0.4
metacog,0.3333333333333333,0.3333333333333333,0.16666666666666666,0.0,0.5,,1.0,0.9977269338811082,1,1,1,339.1687870025635,0.3952980041503906,iris,2,0.3,0.12,0.4
metacog,0.3333333333333333,0.3333333333333333,0.16666666666666666,0.0,0.5,,1.0,0.9961780853484691,1,1,1,327.0571231842041,1.0385513305664062,iris,3,0.3,0.12,0.4
metacog,0.3333333333333333,0.3333333333333333,0.16666666666666666,0.0,0.5,,0.8413882683090157,0.9971051500737994,1,1,1,334.28359031677246,0.5021095275878906,iris,4,0.3,0.12,0.4
metacog,0.3888888888888889,0.3333333333333333,0.18666666666666668,0.0,0.5,,0.05448551404923955,0.8356166464548431,1,1,1,1873.7599849700928,0.4246234893798828,wine,0,0.3,0.12,0.4
metacog,0.3888888888888889,0.3333333333333333,0.18666666666666668,0.0,0.5,,0.10808918016984967,0.9836413568501193,1,1,1,1811.8338584899902,0.43082237243652344,wine,1,0.3,0.12,0.4
metacog,0.3888888888888889,0.3333333333333333,0.18666666666666668,0.0,0.5,,0.12637829618825452,0.9628190126221114,1,1,1,1871.4332580566406,0.7340908050537109,wine,2,0.3,0.12,0.4
metacog,0.3888888888888889,0.3333333333333333,0.18666666666666668,0.0,0.5,,0.08826130698690134,0.9716808402437557,1,1,1,1836.681842803955,0.4086494445800781,wine,3,0.3,0.12,0.4
metacog,0.3888888888888889,0.3333333333333333,0.18666666666666668,0.0,0.5,,0.06047926749204607,0.8796421389376234,1,1,1,1853.0895709991455,0.4169940948486328,wine,4,0.3,0.12,0.4
metacog,0.6140350877192983,0.5,0.3804347826086957,0.0,0.5,0.6140350877192983,0.16888261642988234,0.996438889669009,1,1,1,20167.535066604614,1.39617919921875,breast_cancer,0,0.3,0.12,0.4
metacog,0.6140350877192983,0.5,0.3804347826086957,0.0,0.5,0.6140350877192983,0.17301101243890643,0.9800388511449721,1,1,1,20907.95946121216,1.8341541290283203,breast_cancer,1,0.3,0.12,0.4
metacog,0.631578947368421,0.5,0.3870967741935484,0.0,0.5,0.631578947368421,0.0971257789267817,0.9978297494359547,1,1,1,20249.943017959595,1.2269020080566406,breast_cancer,2,0.3,0.12,0.4
metacog,0.8421052631578947,0.7956349206349207,0.8144665461121157,0.662595343916706,0.7982804232804233,0.8102115937789479,0.4125268785528514,0.9654808723040684,5,3,3,53368.905544281006,2.2821426391601562,breast_cancer,3,0.3,0.12,0.4
metacog,0.631578947368421,0.5,0.3870967741935484,0.0,0.5,0.631578947368421,0.26773643154259474,0.9718729874477393,1,1,1,20149.266242980957,1.3003349304199219,breast_cancer,4,0.3,0.12,0.4
metacog,0.8,0.5652173913043478,0.5579133510167993,0.32177789389368455,0.5652173913043478,0.33043478260869563,0.5541350673001662,1.0,3,2,2,6509.578466415405,5.8994293212890625,adult,0,0.3,0.12,0.4
metacog,0.805,0.5913325804630153,0.6010434248887525,0.3371846188159856,0.5913325804630153,0.3450790513833992,0.6867096625830987,0.99993115173406,5,3,3,9845.674753189087,5.216836929321289,adult,1,0.3,0.12,0.4
metacog,0.8,0.5652173913043478,0.5579133510167993,0.32177789389368455,0.5652173913043478,0.33043478260869563,0.5177485492624431,1.0,3,2,2,6779.118776321411,5.923748016357422,adult,2,0.3,0.12,0.4
metacog,0.805,0.5760869565217391,0.5758795062802458,0.34845909958918564,0.5760869565217391,0.3471739130434783,0.5289958634037956,0.9989156713474379,3,2,2,7437.829971313477,4.477739334106445,adult,3,0.3,0.12,0.4
metacog,0.795,0.5543478260869565,0.5392999606719479,0.29298753307495307,0.5543478260869565,0.31369565217391304,0.5123123594125598,1.0,3,2,2,7639.440298080444,4.855871200561523,adult,4,0.3,0.12,0.4
metacog,0.3333333333333333,0.3333333333333333,0.16666666666666666,0.0,0.5,,1.0,0.9973710865078222,1,1,1,261.6446018218994,0.37932395935058594,iris,0,0.3,0.12,0.5
metacog,0.3333333333333333,0.3333333333333333,0.16666666666666666,0.0,0.5,,1.0,0.9970757773947009,1,1,1,275.32458305358887,0.5686283111572266,iris,1,0.3,0.12,0.5
metacog,0.3333333333333333,0.3333333333333333,0.16666666666666666,0.0,0.5,,1.0,0.9977269338811082,1,1,1,351.3147830963135,0.3733634948730469,iris,2,0.3,0.12,0.5
metacog,0.3333333333333333,0.3333333333333333,0.16666666666666666,0.0,0.5,,1.0,0.9961780853484691,1,1,1,307.009220123291,0.7772445678710938,iris,3,0.3,0.12,0.5
metacog,0.3333333333333333,0.3333333333333333,0.16666666666666666,0.0,0.5,,0.8413882683090157,0.9971051500737994,1,1,1,341.1240577697754,0.6897449493408203,iris,4,0.3,0.12,0.5
metacog,0.3888888888888889,0.3333333333333333,0.18666666666666668,0.0,0.5,,0.05448551404923955,0.8356166464548431,1,1,1,1832.7045440673828,0.7469654083251953,wine,0,0.3,0.12,0.5
metacog,0.3888888888888889,0.3333333333333333,0.18666666666666668,0.0,0.5,,0.10808918016984967,0.9836413568501193,1,1,1,1772.0346450805664,0.4222393035888672,wine,1,0.3,0.12,0.5
metacog,0.3888888888888889,0.3333333333333333,0.18666666666666668,0.0,0.5,,0.12637829618825452,0.9628190126221114,1,1,1,1848.872184753418,0.43511390686035156,wine,2,0.3,0.12,0.5
metacog,0.3888888888888889,0.3333333333333333,0.18666666666666668,0.0,0.5,,0.08826130698690134,0.9716808402437557,1,1,1,1814.8460388183594,0.7607936859130859,wine,3,0.3,0.12,0.5
metacog,0.3888888888888889,0.3333333333333333,0.18666666666666668,0.0,0.5,,0.06047926749204607,0.8796421389376234,1,1,1,1807.6322078704834,0.42891502380371094,wine,4,0.3,0.12,0.5
metacog,0.6140350877192983,0.5,0.3804347826086957,0.0,0.5,0.6140350877192983,0.16888261642988234,0.996438889669009,1,1,1,19549.368619918823,2.315521240234375,breast_cancer,0,0.3,0.12,0.5
metacog,0.6140350877192983,0.5,0.3804347826086957,0.0,0.5,0.6140350877192983,0.17301101243890643,0.9800388511449721,1,1,1,20649.50203895569,1.2166500091552734,breast_cancer,1,0.3,0.12,0.5
metacog,0.631578947368421,0.5,0.3870967741935484,0.0,0.5,0.631578947368421,0.0971257789267817,0.9978297494359547,1,1,1,20051.67841911316,1.207590103149414,breast_cancer,2,0.3,0.12,0.5
metacog,0.8421052631578947,0.7956349206349207,0.8144665461121157,0.662595343916706,0.7982804232804233,0.8102115937789479,0.4125268785528514,0.9654808723040684,5,3,3,52375.53119659424,1.6407966613769531,breast_cancer,3,0.3,0.12,0.5
metacog,0.631578947368421,0.5,0.3870967741935484,0.0,0.5,0.631578947368421,0.26773643154259474,0.9718729874477393,1,1,1,19714.746713638306,1.2106895446777344,breast_cancer,4,0.3,0.12,0.5
metacog,0.8,0.5652173913043478,0.5579133510167993,0.32177789389368455,0.5652173913043478,0.33043478260869563,0.5541350673001662,1.0,3,2,2,6579.158067703247,5.690097808837891,adult,0,0.3,0.12,0.5
metacog,0.805,0.5913325804630153,0.6010434248887525,0.3371846188159856,0.5913325804630153,0.3450790513833992,0.6867096625830987,0.99993115173406,5,3,3,9513.770341873169,5.2509307861328125,adult,1,0.3,0.12,0.5
metacog,0.8,0.5652173913043478,0.5579133510167993,0.32177789389368455,0.5652173913043478,0.33043478260869563,0.5177485492624431,1.0,3,2,2,6736.581087112427,4.736185073852539,adult,2,0.3,0.12,0.5
metacog,0.805,0.5760869565217391,0.5758795062802458,0.34845909958918564,0.5760869565217391,0.3471739130434783,0.5289958634037956,0.9989156713474379,3,2,2,6789.482116699219,8.705615997314453,adult,3,0.3,0.12,0.5
metacog,0.795,0.5543478260869565,0.5392999606719479,0.29298753307495307,0.5543478260869565,0.31369565217391304,0.5123123594125598,1.0,3,2,2,7757.587671279907,7.29680061340332,adult,4,0.3,0.12,0.5
metacog,0.6666666666666666,0.6666666666666666,0.5555555555555555,0.6123724356957945,0.8333333333333334,,0.5087148216635994,0.9931689782126119,3,2,2,461.03501319885254,0.484466552734375,iris,0,0.35,0.01,0.0
metacog,0.6666666666666666,0.6666666666666666,0.5555555555555555,0.6123724356957945,0.8333333333333334,,0.5053783704402405,0.9846235543341044,3,2,2,483.997106552124,0.7951259613037109,iris,1,0.35,0.01,0.0
metacog,0.6666666666666666,0.6666666666666666,0.5555555555555555,0.6123724356957945,0.8333333333333334,,0.5003001606412475,0.9925327311980254,3,2,2,518.3122158050537,0.8990764617919922,iris,2,0.35,0.01,0.0
metacog,0.6666666666666666,0.6666666666666666,0.5555555555555555,0.6123724356957945,0.8333333333333334,,0.5053783704402405,0.9923855873540359,3,2,2,724.6682643890381,0.47206878662109375,iris,3,0.35,0.01,0.0
metacog,0.8666666666666667,0.8666666666666667,0.8666666666666667,0.8,0.9166666666666666,,0.28577510171176046,0.9820945677620531,9,5,5,935.5592727661133,0.5221366882324219,iris,4,0.35,0.01,0.0
metacog,1.0,1.0,1.0,1.0,1.0,,0.2877135249346605,0.9622918623199627,9,5,4,6728.026390075684,0.7448196411132812,wine,0,0.35,0.01,0.0
metacog,0.9444444444444444,0.9523809523809524,0.9440559440559441,0.9209401941068135,0.9810855810855811,,0.09676720274524803,0.992956148927088,9,5,5,7434.692144393921,0.6101131439208984,wine,1,0.35,0.01,0.0
metacog,0.6111111111111112,0.6,0.5185185185185185,0.5167423893288018,0.7494949494949495,,0.3774030947679678,0.9761711209664234,5,3,3,4622.951984405518,1.064300537109375,wine,2,0.35,0.01,0.0
metacog,0.9444444444444444,0.9523809523809524,0.9487179487179488,0.9205607476635514,0.9731240981240982,,0.25335208604515086,0.990451244453784,11,6,5,7540.836811065674,1.2178421020507812,wine,3,0.35,0.01,0.0
metacog,0.8888888888888888,0.9047619047619048,0.8885003885003885,0.8457943925233645,0.9256715506715508,,0.24828160209775718,0.9703026118717079,9,5,4,7067.008018493652,0.6396770477294922,wine,4,0.35,0.01,0.0
metacog,0.9473684210526315,0.9487012987012987,0.9449275362318841,0.8904905361044291,0.9512987012987013,0.9514896867838044,0.21358133163914025,0.9888872175996579,5,3,3,61152.63390541077,1.6841888427734375,breast_cancer,0,0.35,0.01,0.0
metacog,0.9649122807017544,0.9545454545454546,0.9623015873015872,0.9273353546322172,0.9318181818181818,0.9459459459459459,0.2977781401192274,0.9858737888548949,7,4,3,56837.13889122009,1.4815330505371094,breast_cancer,1,0.35,0.01,0.0
metacog,0.9298245614035088,0.9146825396825397,0.922972972972973,0.8486684247915055,0.9034391534391535,0.9130116959064327,0.2798662637828419,0.9830167275941617,5,3,3,55473.88553619385,1.4977455139160156,breast_cancer,2,0.35,0.01,0.0
metacog,0.8947368421052632,0.876984126984127,0.8844594594594595,0.7715167498104596,0.8802910052910053,0.8822099765082221,0.21762724938439484,0.9801708000469725,13,7,6,95061.33317947388,1.8105506896972656,breast_cancer,3,0.35,0.01,0.0
metacog,0.9298245614035088,0.9047619047619048,0.9210526315789473,0.8535639569308375,0.9047619047619048,0.9,0.3303387131174819,0.959075996239208,5,3,3,51080.82151412964,1.4989376068115234,breast_cancer,4,0.35,0.01,0.0
metacog,0.805,0.5760869565217391,0.5758795062802458,0.34845909958918564,0.8526962168266516,0.5659558744201101,0.20325470725985334,0.8251385401844719,17,9,8,18169.708490371704,5.990743637084961,adult,0,0.35,0.01,0.0
metacog,0.805,0.5913325804630153,0.6010434248887525,0.3371846188159856,0.7637634105025409,0.46100790513833995,0.44062217910693524,0.8797266491742846,7,4,4,12243.7264919281,5.45501708984375,adult,1,0.35,0.01,0.0
metacog,0.8,0.5652173913043478,0.5579133510167993,0.32177789389368455,0.7643280632411067,0.48775257298886787,0.23414150369523062,0.8540920656312319,13,7,5,14550.023555755615,7.567167282104492,adult,2,0.35,0.01,0.0
metacog,0.805,0.5760869565217391,0.5758795062802458,0.34845909958918564,0.8018068887634104,0.5049458908782878,0.2326180300127681,0.8406603383318082,19,10,8,16807.76309967041,6.09135627746582,adult,3,0.35,0.01,0.0
metacog,0.79,0.5511010728402033,0.5358090185676393,0.2521289991115018,0.8025832862789386,0.5020017468283223,0.18768643195424034,0.8625809138503989,17,9,8,17199.53465461731,5.8135986328125,adult,4,0.35,0.01,0.0
metacog,0.3333333333333333,0.3333333333333333,0.16666666666666666,0.0,0.5,,1.0,0.9973710865078222,1,1,1,276.8263816833496,0.6861686706542969,iris,0,0.35,0.01,0.1
metacog,0.3333333333333333,0.3333333333333333,0.16666666666666666,0.0,0.5,,1.0,0.9970757773947009,1,1,1,286.9837284088135,0.3635883331298828,iris,1,0.35,0.01,0.1
metacog,0.3333333333333333,0.3333333333333333,0.16666666666666666,0.0,0.5,,1.0,0.9977269338811082,1,1,1,261.36112213134766,0.3981590270996094,iris,2,0.35,0.01,0.1
metacog,0.3333333333333333,0.3333333333333333,0.16666666666666666,0.0,0.5,,1.0,0.9961780853484691,1,1,1,323.82702827453613,0.36597251892089844,iris,3,0.35,0.01,0.1
metacog,0.3333333333333333,0.3333333333333333,0.16666666666666666,0.0,0.5,,0.8413882683090157,0.9971051500737994,1,1,1,285.2756977081299,0.36025047302246094,iris,4,0.35,0.01,0.1
metacog,1.0,1.0,1.0,1.0,1.0,,0.2850215115593363,0.9703851012969208,7,4,3,6966.3848876953125,0.8740425109863281,wine,0,0.35,0.01,0.1
metacog,0.9444444444444444,0.9523809523809524,0.9440559440559441,0.9209401941068135,0.9810855810855811,,0.09676720274524803,0.992956148927088,9,5,5,7595.5140590667725,0.6165504455566406,wine,1,0.35,0.01,0.1
metacog,0.6111111111111112,0.6,0.5185185185185185,0.5167423893288018,0.7494949494949495,,0.3774030947679678,0.9761711209664234,5,3,3,4436.912775039673,0.9641647338867188,wine,2,0.35,0.01,0.1
metacog,0.6666666666666666,0.6666666666666666,0.5666666666666667,0.5995445191824106,0.8387445887445887,,0.28708262043670824,0.9870125191045439,5,3,3,4534.466505050659,0.5047321319580078,wine,3,0.35,0.01,0.1
metacog,0.8888888888888888,0.9047619047619048,0.8885003885003885,0.8457943925233645,0.9235070485070486,,0.24828160209775718,0.9703026118717079,7,4,3,6367.2754764556885,1.2652873992919922,wine,4,0.35,0.01,0.1
metacog,0.9473684210526315,0.9487012987012987,0.9449275362318841,0.8904905361044291,0.9512987012987013,0.9514896867838044,0.2128605955282232,0.9904241124341877,5,3,3,61460.0293636322,1.486063003540039,breast_cancer,0,0.35,0.01,0.1
metacog,0.9649122807017544,0.9545454545454546,0.9623015873015872,0.9273353546322172,0.9318181818181818,0.9459459459459459,0.2972640601417964,0.9858737888548949,7,4,3,58089.786767959595,1.88446044921875,breast_cancer,1,0.35,0.01,0.1
metacog,0.9298245614035088,0.9146825396825397,0.922972972972973,0.8486684247915055,0.9034391534391535,0.9130116959064327,0.2784189762127132,0.9902492992693803,5,3,3,55264.69683647156,1.4801025390625,breast_cancer,2,0.35,0.01,0.1
metacog,0.8421052631578947,0.7956349206349207,0.8144665461121157,0.662595343916706,0.7982804232804233,0.8102115937789479,0.4125268785528514,0.9654808723040684,5,3,3,56428.64680290222,1.5234947204589844,breast_cancer,3,0.35,0.01,0.1
metacog,0.9298245614035088,0.9047619047619048,0.9210526315789473,0.8535639569308375,0.9047619047619048,0.9,0.32420614859132296,0.9799090550488756,5,3,3,53329.84638214111,1.535654067993164,breast_cancer,4,0.35,0.01,0.1
metacog,0.805,0.5760869565217391,0.5758795062802458,0.34845909958918564,0.8526962168266516,0.5659558744201101,0.2081333134198335,0.7837180233418739,19,10,9,19611.604928970337,6.630897521972656,adult,0,0.35,0.01,0.1
metacog,0.805,0.5913325804630153,0.6010434248887525,0.3371846188159856,0.7637634105025409,0.46100790513833995,0.4402523890379214,0.8766580354991211,7,4,4,12585.827827453613,5.888938903808594,adult,1,0.35,0.01,0.1
metacog,0.8,0.5652173913043478,0.5579133510167993,0.32177789389368455,0.7643280632411067,0.48775257298886787,0.23414150369523062,0.8540920656312319,13,7,5,15527.090311050415,5.800962448120117,adult,2,0.35,0.01,0.1
metacog,0.805,0.5760869565217391,0.5758795062802458,0.34845909958918564,0.7727978543195934,0.4844409937888199,0.2684270624371677,0.8229594286826631,7,4,4,12587.23783493042,5.669593811035156,adult,3,0.35,0.01,0.1
metacog,0.79,0.5511010728402033,0.5358090185676393,0.2521289991115018,0.8025832862789386,0.5020017468283223,0.20474645038841588,0.8460408415500065,19,10,9,19211.756467819214,6.730556488037109,adult,4,0.35,0.01,0.1
metacog,0.3333333333333333,0.3333333333333333,0.16666666666666666,0.0,0.5,,1.0,0.9973710865078222,1,1,1,295.03893852233887,0.35572052001953125,iris,0,0.35,0.01,0.15
metacog,0.3333333333333333,0.3333333333333333,0.16666666666666666,0.0,0.5,,1.0,0.9970757773947009,1,1,1,277.21405029296875,0.7140636444091797,iris,1,0.35,0.01,0.15
metacog,0.3333333333333333,0.3333333333333333,0.16666666666666666,0.0,0.5,,1.0,0.9977269338811082,1,1,1,276.202917098999,0.5345344543457031,iris,2,0.35,0.01,0.15
metacog,0.3333333333333333,0.3333333333333333,0.16666666666666666,0.0,0.5,,1.0,0.9961780853484691,1,1,1,295.20702362060547,0.37550926208496094,iris,3,0.35,0.01,0.15
metacog,0.3333333333333333,0.3333333333333333,0.16666666666666666,0.0,0.5,,0.8413882683090157,0.9971051500737994,1,1,1,278.81789207458496,0.7345676422119141,iris,4,0.35,0.01,0.15
metacog,1.0,1.0,1.0,1.0,1.0,,0.2850215115593363,0.9703851012969208,7,4,3,7047.10578918457,0.5753040313720703,wine,0,0.35,0.01,0.15
metacog,0.9444444444444444,0.9523809523809524,0.9440559440559441,0.9209401941068135,0.9810855810855811,,0.09676720274524803,0.992956148927088,9,5,5,7750.942945480347,0.6008148193359375,wine,1,0.35,0.01,0.15
metacog,0.6111111111111112,0.6,0.5185185185185185,0.5167423893288018,0.7494949494949495,,0.3774030947679678,0.9761711209664234,5,3,3,4410.049200057983,0.7364749908447266,wine,2,0.35,0.01,0.15
metacog,0.6666666666666666,0.6666666666666666,0.5666666666666667,0.5995445191824106,0.8387445887445887,,0.28708262043670824,0.9870125191045439,5,3,3,4574.576854705811,0.5538463592529297,wine,3,0.35,0.01,0.15
metacog,0.8888888888888888,0.9047619047619048,0.8885003885003885,0.8457943925233645,0.9235070485070486,,0.24828160209775718,0.9703026118717079,7,4,3,6563.857078552246,1.0864734649658203,wine,4,0.35,0.01,0.15
metacog,0.9473684210526315,0.9487012987012987,0.9449275362318841,0.8904905361044291,0.9512987012987013,0.9514896867838044,0.2128605955282232,0.9904241124341877,5,3,3,62277.39095687866,3.1881332397460938,breast_cancer,0,0.35,0.01,0.15
metacog,0.9649122807017544,0.9545454545454546,0.9623015873015872,0.9273353546322172,0.9318181818181818,0.9459459459459459,0.2972640601417964,0.9858737888548949,7,4,3,58717.512130737305,1.6090869903564453,breast_cancer,1,0.35,0.01,0.15
metacog,0.9298245614035088,0.9146825396825397,0.922972972972973,0.8486684247915055,0.9034391534391535,0.9130116959064327,0.2784189762127132,0.9902492992693803,5,3,3,56072.02744483948,1.851797103881836,breast_cancer,2,0.35,0.01,0.15
metacog,0.8421052631578947,0.7956349206349207,0.8144665461121157,0.662595343916706,0.7982804232804233,0.8102115937789479,0.4125268785528514,0.9654808723040684,5,3,3,57985.95666885376,1.5439987182617188,breast_cancer,3,0.35,0.01,0.15
metacog,0.9298245614035088,0.9047619047619048,0.9210526315789473,0.8535639569308375,0.9047619047619048,0.9,0.32420614859132296,0.9799090550488756,5,3,3,53514.556884765625,1.4696121215820312,breast_cancer,4,0.35,0.01,0.15
metacog,0.805,0.5760869565217391,0.5758795062802458,0.34845909958918564,0.8526962168266516,0.5659558744201101,0.2081333134198335,0.7837180233418739,19,10,9,19971.603870391846,6.306886672973633,adult,0,0.35,0.01,0.15
metacog,0.805,0.5913325804630153,0.6010434248887525,0.3371846188159856,0.7637634105025409,0.46100790513833995,0.4402523890379214,0.8766580354991211,7,4,4,12693.052053451538,5.16057014465332,adult,1,0.35,0.01,0.15
metacog,0.8,0.5652173913043478,0.5579133510167993,0.32177789389368455,0.7643280632411067,0.48775257298886787,0.23414150369523062,0.8540920656312319,13,7,5,15762.7112865448,5.592823028564453,adult,2,0.35,0.01,0.15
metacog,0.805,0.5760869565217391,0.5758795062802458,0.34845909958918564,0.7727978543195934,0.4844409937888199,0.2684270624371677,0.8229594286826631,7,4,4,12614.285230636597,5.343437194824219,adult,3,0.35,0.01,0.15
metacog,0.795,0.5543478260869565,0.5392999606719479,0.29298753307495307,0.8045595708639187,0.49675191815856773,0.29144482238658037,0.9737562562239062,5,3,3,9176.631212234497,6.685972213745117,adult,4,0.35,0.01,0.15
metacog,0.3333333333333333,0.3333333333333333,0.16666666666666666,0.0,0.5,,1.0,0.9973710865078222,1,1,1,273.2715606689453,0.3495216369628906,iris,0,0.35,0.01,0.2
metacog,0.3333333333333333,0.3333333333333333,0.16666666666666666,0.0,0.5,,1.0,0.9970757773947009,1,1,1,268.73159408569336,0.36597251892089844,iris,1,0.35,0.01,0.2
metacog,0.3333333333333333,0.3333333333333333,0.16666666666666666,0.0,0.5,,1.0,0.9977269338811082,1,1,1,264.12200927734375,0.3807544708251953,iris,2,0.35,0.01,0.2
metacog,0.3333333333333333,0.3333333333333333,0.16666666666666666,0.0,0.5,,1.0,0.9961780853484691,1,1,1,244.80247497558594,0.6947517395019531,iris,3,0.35,0.01,0.2
metacog,0.3333333333333333,0.3333333333333333,0.16666666666666666,0.0,0.5,,0.8413882683090157,0.9971051500737994,1,1,1,302.685022354126,0.8327960968017578,iris,4,0.35,0.01,0.2
metacog,1.0,1.0,1.0,1.0,1.0,,0.2850215115593363,0.9703851012969208,7,4,3,6953.996658325195,1.2025833129882812,wine,0,0.35,0.01,0.2
metacog,0.9444444444444444,0.9523809523809524,0.9440559440559441,0.9209401941068135,0.9810855810855811,,0.09676720274524803,0.992956148927088,9,5,5,7581.147193908691,0.5679130554199219,wine,1,0.35,0.01,0.2
metacog,0.6111111111111112,0.6,0.5185185185185185,0.5167423893288018,0.7494949494949495,,0.3774030947679678,0.9761711209664234,5,3,3,4377.155542373657,1.0809898376464844,wine,2,0.35,0.01,0.2
metacog,0.6666666666666666,0.6666666666666666,0.5666666666666667,0.5995445191824106,0.8387445887445887,,0.28708262043670824,0.9870125191045439,5,3,3,4581.617116928101,0.5025863647460938,wine,3,0.35,0.01,0.2
metacog,0.8888888888888888,0.9047619047619048,0.8885003885003885,0.8457943925233645,0.9235070485070486,,0.24828160209775718,0.9703026118717079,7,4,3,6473.9086627960205,1.2388229370117188,wine,4,0.35,0.01,0.2
metacog,0.9473684210526315,0.9487012987012987,0.9449275362318841,0.8904905361044291,0.9512987012987013,0.9514896867838044,0.2128605955282232,0.9904241124341877,5,3,3,61204.91886138916,2.2149085998535156,breast_cancer,0,0.35,0.01,0.2
metacog,0.9649122807017544,0.9545454545454546,0.9623015873015872,0.9273353546322172,0.9318181818181818,0.9459459459459459,0.2972640601417964,0.9858737888548949,7,4,3,57867.18225479126,1.5728473663330078,breast_cancer,1,0.35,0.01,0.2
metacog,0.9298245614035088,0.9146825396825397,0.922972972972973,0.8486684247915055,0.9034391534391535,0.9130116959064327,0.2784189762127132,0.9902492992693803,5,3,3,55353.646993637085,1.5192031860351562,breast_cancer,2,0.35,0.01,0.2
metacog,0.8421052631578947,0.7956349206349207,0.8144665461121157,0.662595343916706,0.7982804232804233,0.8102115937789479,0.4125268785528514,0.9654808723040684,5,3,3,56993.53647232056,1.4743804931640625,breast_cancer,3,0.35,0.01,0.2
metacog,0.9298245614035088,0.9047619047619048,0.9210526315789473,0.8535639569308375,0.9047619047619048,0.9,0.32420614859132296,0.9799090550488756,5,3,3,53468.66583824158,1.7478466033935547,breast_cancer,4,0.35,0.01,0.2
metacog,0.805,0.5760869565217391,0.5758795062802458,0.34845909958918564,0.8530491247882552,0.5659558744201101,0.27640418328551447,0.7779513614860638,11,6,5,14298.184871673584,5.361080169677734,adult,0,0.35,0.01,0.2
metacog,0.805,0.5913325804630153,0.6010434248887525,0.3371846188159856,0.7637634105025409,0.46100790513833995,0.4402523890379214,0.8766580354991211,7,4,4,12474.631786346436,5.165338516235352,adult,1,0.35,0.01,0.2
metacog,0.8,0.5652173913043478,0.5579133510167993,0.32177789389368455,0.7644692264257482,0.47446754883427855,0.2522914703619224,0.9079405356615389,11,6,5,14267.456769943237,6.683826446533203,adult,2,0.35,0.01,0.2
metacog,0.805,0.5760869565217391,0.5758795062802458,0.34845909958918564,0.7727978543195934,0.4844409937888199,0.2684270624371677,0.8229594286826631,7,4,4,12534.192323684692,5.468130111694336,adult,3,0.35,0.01,0.2
metacog,0.795,0.5543478260869565,0.5392999606719479,0.29298753307495307,0.8045595708639187,0.49675191815856773,0.29144482238658037,0.9737562562239062,5,3,3,9409.24096107483,5.37872314453125,adult,4,0.35,0.01,0.2
metacog,0.3333333333333333,0.3333333333333333,0.16666666666666666,0.0,0.5,,1.0,0.9973710865078222,1,1,1,236.15193367004395,0.35834312438964844,iris,0,0.35,0.01,0.3
metacog,0.3333333333333333,0.3333333333333333,0.16666666666666666,0.0,0.5,,1.0,0.9970757773947009,1,1,1,225.73566436767578,0.34546852111816406,iris,1,0.35,0.01,0.3
metacog,0.3333333333333333,0.3333333333333333,0.16666666666666666,0.0,0.5,,1.0,0.9977269338811082,1,1,1,236.5427017211914,0.36525726318359375,iris,2,0.35,0.01,0.3
metacog,0.3333333333333333,0.3333333333333333,0.16666666666666666,0.0,0.5,,1.0,0.9961780853484691,1,1,1,248.45194816589355,0.3769397735595703,iris,3,0.35,0.01,0.3
metacog,0.3333333333333333,0.3333333333333333,0.16666666666666666,0.0,0.5,,0.8413882683090157,0.9971051500737994,1,1,1,267.11153984069824,0.3685951232910156,iris,4,0.35,0.01,0.3
metacog,1.0,1.0,1.0,1.0,1.0,,0.2850215115593363,0.9703851012969208,7,4,3,5837.280750274658,0.5681514739990234,wine,0,0.35,0.01,0.3
metacog,0.9444444444444444,0.9523809523809524,0.9440559440559441,0.9209401941068135,0.9810855810855811,,0.09676720274524803,0.992956148927088,9,5,5,6532.3731899261475,0.5886554718017578,wine,1,0.35,0.01,0.3
metacog,0.6111111111111112,0.6,0.5185185185185185,0.5167423893288018,0.7494949494949495,,0.3774030947679678,0.9761711209664234,5,3,3,3727.388620376587,0.5300045013427734,wine,2,0.35,0.01,0.3
metacog,0.6666666666666666,0.6666666666666666,0.5666666666666667,0.5995445191824106,0.8387445887445887,,0.28708262043670824,0.9870125191045439,5,3,3,3785.6757640838623,0.5998611450195312,wine,3,0.35,0.01,0.3
metacog,0.8888888888888888,0.9047619047619048,0.8885003885003885,0.8457943925233645,0.9235070485070486,,0.24828160209775718,0.9703026118717079,7,4,3,5187.868118286133,0.60272216796875,wine,4,0.35,0.01,0.3
metacog,0.9473684210526315,0.9487012987012987,0.9449275362318841,0.8904905361044291,0.9512987012987013,0.9514896867838044,0.2128605955282232,0.9904241124341877,5,3,3,51286.500215530396,1.4503002166748047,breast_cancer,0,0.35,0.01,0.3
metacog,0.9649122807017544,0.9545454545454546,0.9623015873015872,0.9273353546322172,0.9318181818181818,0.9459459459459459,0.2972640601417964,0.9858737888548949,7,4,3,52951.51901245117,3.147125244140625,breast_cancer,1,0.35,0.01,0.3
metacog,0.9298245614035088,0.9146825396825397,0.922972972972973,0.8486684247915055,0.9034391534391535,0.9130116959064327,0.2784189762127132,0.9902492992693803,5,3,3,52796.30756378174,1.5110969543457031,breast_cancer,2,0.35,0.01,0.3
metacog,0.8421052631578947,0.7956349206349207,0.8144665461121157,0.662595343916706,0.7982804232804233,0.8102115937789479,0.4125268785528514,0.9654808723040684,5,3,3,51903.54633331299,1.5399456024169922,breast_cancer,3,0.35,0.01,0.3
metacog,0.9298245614035088,0.9047619047619048,0.9210526315789473,0.8535639569308375,0.9047619047619048,0.9,0.32420614859132296,0.9799090550488756,5,3,3,51104.60329055786,1.4452934265136719,breast_cancer,4,0.35,0.01,0.3
metacog,0.805,0.5760869565217391,0.5758795062802458,0.34845909958918564,0.8462732919254659,0.5539805097451275,0.35224414805819054,0.8131964404977765,7,4,4,10709.178447723389,5.158662796020508,adult,0,0.35,0.01,0.3
metacog,0.805,0.5913325804630153,0.6010434248887525,0.3371846188159856,0.7637634105025409,0.46100790513833995,0.4402523890379214,0.8766580354991211,7,4,4,12546.215534210205,7.4787139892578125,adult,1,0.35,0.01,0.3
metacog,0.8,0.5652173913043478,0.5579133510167993,0.32177789389368455,0.7644692264257482,0.47446754883427855,0.2522914703619224,0.9079405356615389,11,6,5,14270.48373222351,5.3615570068359375,adult,2,0.35,0.01,0.3
metacog,0.805,0.5760869565217391,0.5758795062802458,0.34845909958918564,0.5760869565217391,0.3471739130434783,0.5289958634037956,0.9989156713474379,3,2,2,6418.964147567749,5.510568618774414,adult,3,0.35,0.01,0.3
metacog,0.795,0.5543478260869565,0.5392999606719479,0.29298753307495307,0.5543478260869565,0.31369565217391304,0.5123123594125598,1.0,3,2,2,6182.7850341796875,4.818916320800781,adult,4,0.35,0.01,0.3
metacog,0.3333333333333333,0.3333333333333333,0.16666666666666666,0.0,0.5,,1.0,0.9973710865078222,1,1,1,241.61267280578613,0.3676414489746094,iris,0,0.35,0.01,0.4
metacog,0.3333333333333333,0.3333333333333333,0.16666666666666666,0.0,0.5,,1.0,0.9970757773947009,1,1,1,244.6596622467041,0.36597251892089844,iris,1,0.35,0.01,0.4
metacog,0.3333333333333333,0.3333333333333333,0.16666666666666666,0.0,0.5,,1.0,0.9977269338811082,1,1,1,237.83540725708008,0.3612041473388672,iris,2,0.35,0.01,0.4
metacog,0.3333333333333333,0.3333333333333333,0.16666666666666666,0.0,0.5,,1.0,0.9961780853484691,1,1,1,243.4396743774414,0.5590915679931641,iris,3,0.35,0.01,0.4
metacog,0.3333333333333333,0.3333333333333333,0.16666666666666666,0.0,0.5,,0.8413882683090157,0.9971051500737994,1,1,1,265.55776596069336,0.4246234893798828,iris,4,0.35,0.01,0.4
metacog,1.0,1.0,1.0,1.0,1.0,,0.2850215115593363,0.9703851012969208,7,4,3,5955.156326293945,1.3020038604736328,wine,0,0.35,0.01,0.4
metacog,0.9444444444444444,0.9523809523809524,0.9440559440559441,0.9209401941068135,0.9810855810855811,,0.09676720274524803,0.992956148927088,7,4,4,6647.309064865112,0.5600452423095703,wine,1,0.35,0.01,0.4
metacog,0.6111111111111112,0.6,0.5185185185185185,0.5167423893288018,0.7494949494949495,,0.3774030947679678,0.9761711209664234,5,3,3,3807.6744079589844,0.5419254302978516,wine,2,0.35,0.01,0.4
metacog,0.6666666666666666,0.6666666666666666,0.5666666666666667,0.5995445191824106,0.8387445887445887,,0.28708262043670824,0.9870125191045439,5,3,3,3831.1142921447754,0.5495548248291016,wine,3,0.35,0.01,0.4
metacog,0.3888888888888889,0.3333333333333333,0.18666666666666668,0.0,0.5,,0.06047926749204607,0.8796421389376234,1,1,1,1810.2049827575684,0.4241466522216797,wine,4,0.35,0.01,0.4
metacog,0.9473684210526315,0.9487012987012987,0.9449275362318841,0.8904905361044291,0.9512987012987013,0.9514896867838044,0.2128605955282232,0.9904241124341877,5,3,3,51945.82676887512,2.0263195037841797,breast_cancer,0,0.35,0.01,0.4
metacog,0.9649122807017544,0.9545454545454546,0.9623015873015872,0.9273353546322172,0.9318181818181818,0.9459459459459459,0.2972640601417964,0.9858737888548949,7,4,3,53695.95122337341,1.5892982482910156,breast_cancer,1,0.35,0.01,0.4
metacog,0.9298245614035088,0.9146825396825397,0.922972972972973,0.8486684247915055,0.9034391534391535,0.9130116959064327,0.2784189762127132,0.9902492992693803,5,3,3,53315.26017189026,1.5017986297607422,breast_cancer,2,0.35,0.01,0.4
metacog,0.8421052631578947,0.7956349206349207,0.8144665461121157,0.662595343916706,0.7982804232804233,0.8102115937789479,0.4125268785528514,0.9654808723040684,5,3,3,52640.73348045349,2.102375030517578,breast_cancer,3,0.35,0.01,0.4
metacog,0.9298245614035088,0.9047619047619048,0.9210526315789473,0.8535639569308375,0.9047619047619048,0.9,0.32420614859132296,0.9799090550488756,5,3,3,51768.88823509216,1.5301704406738281,breast_cancer,4,0.35,0.01,0.4
metacog,0.805,0.5760869565217391,0.5758795062802458,0.34845909958918564,0.8462732919254659,0.5539805097451275,0.35224414805819054,0.8131964404977765,7,4,4,10791.085243225098,6.5021514892578125,adult,0,0.35,0.01,0.4
metacog,0.805,0.5913325804630153,0.6010434248887525,0.3371846188159856,0.7637634105025409,0.46100790513833995,0.4402523890379214,0.8766580354991211,7,4,4,12772.536754608154,6.493806838989258,adult,1,0.35,0.01,0.4
metacog,0.8,0.5652173913043478,0.5579133510167993,0.32177789389368455,0.7644692264257482,0.47446754883427855,0.2522914703619224,0.9079405356615389,11,6,5,14560.796737670898,5.61213493347168,adult,2,0.35,0.01,0.4
metacog,0.805,0.5760869565217391,0.5758795062802458,0.34845909958918564,0.5760869565217391,0.3471739130434783,0.5289958634037956,0.9989156713474379,3,2,2,6356.582403182983,4.420042037963867,adult,3,0.35,0.01,0.4
metacog,0.795,0.5543478260869565,0.5392999606719479,0.29298753307495307,0.5543478260869565,0.31369565217391304,0.5123123594125598,1.0,3,2,2,6200.70481300354,4.37617301940918,adult,4,0.35,0.01,0.4
metacog,0.3333333333333333,0.3333333333333333,0.16666666666666666,0.0,0.5,,1.0,0.9973710865078222,1,1,1,246.12665176391602,0.3490447998046875,iris,0,0.35,0.01,0.5
metacog,0.3333333333333333,0.3333333333333333,0.16666666666666666,0.0,0.5,,1.0,0.9970757773947009,1,1,1,241.94598197937012,0.3619194030761719,iris,1,0.35,0.01,0.5
metacog,0.3333333333333333,0.3333333333333333,0.16666666666666666,0.0,0.5,,1.0,0.9977269338811082,1,1,1,249.23133850097656,0.4897117614746094,iris,2,0.35,0.01,0.5
metacog,0.3333333333333333,0.3333333333333333,0.16666666666666666,0.0,0.5,,1.0,0.9961780853484691,1,1,1,242.27190017700195,0.3745555877685547,iris,3,0.35,0.01,0.5
metacog,0.3333333333333333,0.3333333333333333,0.16666666666666666,0.0,0.5,,0.8413882683090157,0.9971051500737994,1,1,1,260.8468532562256,0.36454200744628906,iris,4,0.35,0.01,0.5
metacog,0.3888888888888889,0.3333333333333333,0.18666666666666668,0.0,0.5,,0.05448551404923955,0.8356166464548431,1,1,1,1825.8640766143799,1.3942718505859375,wine,0,0.35,0.01,0.5
metacog,0.9444444444444444,0.9523809523809524,0.9440559440559441,0.9209401941068135,0.9810855810855811,,0.09676720274524803,0.992956148927088,7,4,4,6635.035753250122,0.8273124694824219,wine,1,0.35,0.01,0.5
metacog,0.6111111111111112,0.6,0.5185185185185185,0.5167423893288018,0.7494949494949495,,0.3774030947679678,0.9761711209664234,5,3,3,3801.9864559173584,0.8172988891601562,wine,2,0.35,0.01,0.5
metacog,0.6666666666666666,0.6666666666666666,0.5666666666666667,0.5995445191824106,0.8387445887445887,,0.28708262043670824,0.9870125191045439,5,3,3,3757.1260929107666,0.5257129669189453,wine,3,0.35,0.01,0.5
metacog,0.3888888888888889,0.3333333333333333,0.18666666666666668,0.0,0.5,,0.06047926749204607,0.8796421389376234,1,1,1,1799.3988990783691,0.4017353057861328,wine,4,0.35,0.01,0.5
metacog,0.9473684210526315,0.9487012987012987,0.9449275362318841,0.8904905361044291,0.9512987012987013,0.9514896867838044,0.2128605955282232,0.9904241124341877,5,3,3,51331.32314682007,1.4865398406982422,breast_cancer,0,0.35,0.01,0.5
metacog,0.9649122807017544,0.9545454545454546,0.9623015873015872,0.9273353546322172,0.9318181818181818,0.9459459459459459,0.2972640601417964,0.9858737888548949,7,4,3,52976.43256187439,2.455472946166992,breast_cancer,1,0.35,0.01,0.5
metacog,0.9298245614035088,0.9146825396825397,0.922972972972973,0.8486684247915055,0.9034391534391535,0.9130116959064327,0.2784189762127132,0.9902492992693803,5,3,3,52851.4142036438,1.5099048614501953,breast_cancer,2,0.35,0.01,0.5
metacog,0.8421052631578947,0.7956349206349207,0.8144665461121157,0.662595343916706,0.7982804232804233,0.8102115937789479,0.4125268785528514,0.9654808723040684,5,3,3,52182.141065597534,1.5513896942138672,breast_cancer,3,0.35,0.01,0.5
metacog,0.9298245614035088,0.9047619047619048,0.9210526315789473,0.8535639569308375,0.9047619047619048,0.9,0.32420614859132296,0.9799090550488756,5,3,3,51148.96297454834,1.5130043029785156,breast_cancer,4,0.35,0.01,0.5
metacog,0.805,0.5760869565217391,0.5758795062802458,0.34845909958918564,0.8462732919254659,0.5539805097451275,0.35224414805819054,0.8131964404977765,7,4,4,10676.804304122925,5.3195953369140625,adult,0,0.35,0.01,0.5
metacog,0.805,0.5913325804630153,0.6010434248887525,0.3371846188159856,0.7637634105025409,0.46100790513833995,0.4402523890379214,0.8766580354991211,7,4,4,12532.411098480225,5.471706390380859,adult,1,0.35,0.01,0.5
metacog,0.8,0.5652173913043478,0.5579133510167993,0.32177789389368455,0.7644692264257482,0.47446754883427855,0.2522914703619224,0.9079405356615389,11,6,5,14485.58759689331,5.914926528930664,adult,2,0.35,0.01,0.5
metacog,0.805,0.5760869565217391,0.5758795062802458,0.34845909958918564,0.5760869565217391,0.3471739130434783,0.5289958634037956,0.9989156713474379,3,2,2,6345.259428024292,4.630088806152344,adult,3,0.35,0.01,0.5
metacog,0.795,0.5543478260869565,0.5392999606719479,0.29298753307495307,0.5543478260869565,0.31369565217391304,0.5123123594125598,1.0,3,2,2,6400.59232711792,4.611492156982422,adult,4,0.35,0.01,0.5
metacog,0.6666666666666666,0.6666666666666666,0.5555555555555555,0.6123724356957945,0.8333333333333334,,0.5087148216635994,0.9931689782126119,3,2,2,421.17905616760254,0.6537437438964844,iris,0,0.35,0.03,0.0
metacog,0.6666666666666666,0.6666666666666666,0.5555555555555555,0.6123724356957945,0.8333333333333334,,0.5053783704402405,0.9846235543341044,3,2,2,425.07338523864746,0.44035911560058594,iris,1,0.35,0.03,0.0
metacog,0.6666666666666666,0.6666666666666666,0.5555555555555555,0.6123724356957945,0.8333333333333334,,0.5003001606412475,0.9925327311980254,3,2,2,454.068660736084,0.44846534729003906,iris,2,0.35,0.03,0.0
metacog,0.6666666666666666,0.6666666666666666,0.5555555555555555,0.6123724356957945,0.8333333333333334,,0.5053783704402405,0.9923855873540359,3,2,2,418.1373119354248,0.7104873657226562,iris,3,0.35,0.03,0.0
metacog,0.8666666666666667,0.8666666666666667,0.8666666666666667,0.8,0.9166666666666666,,0.3480481874205793,0.9787975908486728,7,4,4,680.4094314575195,0.5433559417724609,iris,4,0.35,0.03,0.0
metacog,1.0,1.0,1.0,1.0,1.0,,0.2877135249346605,0.9622918623199627,9,5,4,5795.369625091553,0.6575584411621094,wine,0,0.35,0.03,0.0
metacog,0.9444444444444444,0.9523809523809524,0.9440559440559441,0.9209401941068135,0.9810855810855811,,0.09676720274524803,0.992956148927088,7,4,4,6510.343074798584,0.6229877471923828,wine,1,0.35,0.03,0.0
metacog,0.6111111111111112,0.6,0.5185185185185185,0.5167423893288018,0.7494949494949495,,0.3774030947679678,0.9761711209664234,5,3,3,3759.5338821411133,0.5118846893310547,wine,2,0.35,0.03,0.0
metacog,0.6666666666666666,0.6666666666666666,0.5666666666666667,0.5995445191824106,0.8387445887445887,,0.28708262043670824,0.9870125191045439,5,3,3,3771.9926834106445,0.5633831024169922,wine,3,0.35,0.03,0.0
metacog,0.8888888888888888,0.9047619047619048,0.8885003885003885,0.8457943925233645,0.9235070485070486,,0.24828160209775718,0.9703026118717079,7,4,3,5183.236360549927,0.5967617034912109,wine,4,0.35,0.03,0.0
metacog,0.9473684210526315,0.9487012987012987,0.9449275362318841,0.8904905361044291,0.9512987012987013,0.9514896867838044,0.21358133163914025,0.9888872175996579,5,3,3,50873.78811836243,1.5032291412353516,breast_cancer,0,0.35,0.03,0.0
metacog,0.9649122807017544,0.9545454545454546,0.9623015873015872,0.9273353546322172,0.9318181818181818,0.9459459459459459,0.2977781401192274,0.9858737888548949,7,4,3,52712.958335876465,1.5635490417480469,breast_cancer,1,0.35,0.03,0.0
metacog,0.9298245614035088,0.9146825396825397,0.922972972972973,0.8486684247915055,0.9034391534391535,0.9130116959064327,0.2798662637828419,0.9830167275941617,5,3,3,52483.1964969635,1.516103744506836,breast_cancer,2,0.35,0.03,0.0
metacog,0.8421052631578947,0.7956349206349207,0.8144665461121157,0.662595343916706,0.7982804232804233,0.8102115937789479,0.4142019566762563,0.9709976809823655,5,3,3,51743.059396743774,2.5620460510253906,breast_cancer,3,0.35,0.03,0.0
metacog,0.9298245614035088,0.9047619047619048,0.9210526315789473,0.8535639569308375,0.9047619047619048,0.9,0.3303387131174819,0.959075996239208,5,3,3,50985.159158706665,2.710580825805664,breast_cancer,4,0.35,0.03,0.0
metacog,0.805,0.5760869565217391,0.5758795062802458,0.34845909958918564,0.8526962168266516,0.5659558744201101,0.21656486078295398,0.8518420713817623,13,7,6,16440.594911575317,5.740165710449219,adult,0,0.35,0.03,0.0
metacog,0.805,0.5913325804630153,0.6010434248887525,0.3371846188159856,0.7637634105025409,0.46100790513833995,0.44062217910693524,0.8797266491742846,7,4,4,12526.869297027588,5.507946014404297,adult,1,0.35,0.03,0.0
metacog,0.8,0.5652173913043478,0.5579133510167993,0.32177789389368455,0.5652173913043478,0.33043478260869563,0.5177485492624431,1.0,3,2,2,6309.709310531616,7.393836975097656,adult,2,0.35,0.03,0.0
metacog,0.805,0.5760869565217391,0.5758795062802458,0.34845909958918564,0.8018068887634104,0.5049458908782878,0.2326180300127681,0.8406603383318082,17,9,8,17892.837047576904,5.615234375,adult,3,0.35,0.03,0.0
metacog,0.795,0.5543478260869565,0.5392999606719479,0.29298753307495307,0.5543478260869565,0.31369565217391304,0.5123123594125598,1.0,3,2,2,5888.859510421753,5.177497863769531,adult,4,0.35,0.03,0.0
metacog,0.3333333333333333,0.3333333333333333,0.16666666666666666,0.0,0.5,,1.0,0.9973710865078222,1,1,1,238.5714054107666,0.35953521728515625,iris,0,0.35,0.03,0.1
metacog,0.3333333333333333,0.3333333333333333,0.16666666666666666,0.0,0.5,,1.0,0.9970757773947009,1,1,1,234.63845252990723,0.6861686706542969,iris,1,0.35,0.03,0.1
metacog,0.3333333333333333,0.3333333333333333,0.16666666666666666,0.0,0.5,,1.0,0.9977269338811082,1,1,1,248.93450736999512,0.37407875061035156,iris,2,0.35,0.03,0.1
metacog,0.3333333333333333,0.3333333333333333,0.16666666666666666,0.0,0.5,,1.0,0.9961780853484691,1,1,1,249.05037879943848,0.35572052001953125,iris,3,0.35,0.03,0.1
metacog,0.3333333333333333,0.3333333333333333,0.16666666666666666,0.0,0.5,,0.8413882683090157,0.9971051500737994,1,1,1,267.20643043518066,0.3921985626220703,iris,4,0.35,0.03,0.1
metacog,1.0,1.0,1.0,1.0,1.0,,0.2850215115593363,0.9703851012969208,7,4,3,5807.723045349121,0.5657672882080078,wine,0,0.35,0.03,0.1
metacog,0.9444444444444444,0.9523809523809524,0.9440559440559441,0.9209401941068135,0.9810855810855811,,0.09676720274524803,0.992956148927088,7,4,4,6628.824472427368,1.1410713195800781,wine,1,0.35,0.03,0.1
metacog,0.6111111111111112,0.6,0.5185185185185185,0.5167423893288018,0.7494949494949495,,0.3774030947679678,0.9761711209664234,5,3,3,3757.5106620788574,0.5218982696533203,wine,2,0.35,0.03,0.1
metacog,0.6666666666666666,0.6666666666666666,0.5666666666666667,0.5995445191824106,0.8387445887445887,,0.28708262043670824,0.9870125191045439,5,3,3,3782.0940017700195,1.1463165283203125,wine,3,0.35,0.03,0.1
metacog,0.8888888888888888,0.9047619047619048,0.8885003885003885,0.8457943925233645,0.9235070485070486,,0.24828160209775718,0.9703026118717079,7,4,3,5178.642988204956,1.352548599243164,wine,4,0.35,0.03,0.1
metacog,0.9473684210526315,0.9487012987012987,0.9449275362318841,0.8904905361044291,0.9512987012987013,0.9514896867838044,0.2128605955282232,0.9904241124341877,5,3,3,51900.75874328613,2.544403076171875,breast_cancer,0,0.35,0.03,0.1
metacog,0.9649122807017544,0.9545454545454546,0.9623015873015872,0.9273353546322172,0.9318181818181818,0.9459459459459459,0.2972640601417964,0.9858737888548949,7,4,3,53740.76437950134,2.4199485778808594,breast_cancer,1,0.35,0.03,0.1
metacog,0.9298245614035088,0.9146825396825397,0.922972972972973,0.8486684247915055,0.9034391534391535,0.9130116959064327,0.2784189762127132,0.9902492992693803,5,3,3,53094.6249961853,1.5118122100830078,breast_cancer,2,0.35,0.03,0.1
metacog,0.8421052631578947,0.7956349206349207,0.8144665461121157,0.662595343916706,0.7982804232804233,0.8102115937789479,0.4125268785528514,0.9654808723040684,5,3,3,54129.34398651123,1.455068588256836,breast_cancer,3,0.35,0.03,0.1
metacog,0.9298245614035088,0.9047619047619048,0.9210526315789473,0.8535639569308375,0.9047619047619048,0.9,0.32420614859132296,0.9799090550488756,5,3,3,59443.09997558594,3.000974655151367,breast_cancer,4,0.35,0.03,0.1
metacog,0.805,0.5760869565217391,0.5758795062802458,0.34845909958918564,0.8462732919254659,0.5539805097451275,0.35224414805819054,0.8131964404977765,7,4,4,11487.300395965576,5.570650100708008,adult,0,0.35,0.03,0.1
metacog,0.805,0.5913325804630153,0.6010434248887525,0.3371846188159856,0.7637634105025409,0.46100790513833995,0.4402523890379214,0.8766580354991211,7,4,4,13729.483366012573,10.38813591003418,adult,1,0.35,0.03,0.1
metacog,0.8,0.5652173913043478,0.5579133510167993,0.32177789389368455,0.5652173913043478,0.33043478260869563,0.5177485492624431,1.0,3,2,2,7039.370536804199,4.567861557006836,adult,2,0.35,0.03,0.1
metacog,0.805,0.5760869565217391,0.5758795062802458,0.34845909958918564,0.5760869565217391,0.3471739130434783,0.5289958634037956,0.9989156713474379,3,2,2,6778.993129730225,4.453182220458984,adult,3,0.35,0.03,0.1
metacog,0.795,0.5543478260869565,0.5392999606719479,0.29298753307495307,0.5543478260869565,0.31369565217391304,0.5123123594125598,1.0,3,2,2,6325.092315673828,4.294633865356445,adult,4,0.35,0.03,0.1
metacog,0.3333333333333333,0.3333333333333333,0.16666666666666666,0.0,0.5,,1.0,0.9973710865078222,1,1,1,248.08287620544434,0.47516822814941406,iris,0,0.35,0.03,0.15
metacog,0.3333333333333333,0.3333333333333333,0.16666666666666666,0.0,0.5,,1.0,0.9970757773947009,1,1,1,237.56837844848633,0.36025047302246094,iris,1,0.35,0.03,0.15
metacog,0.3333333333333333,0.3333333333333333,0.16666666666666666,0.0,0.5,,1.0,0.9977269338811082,1,1,1,243.78609657287598,0.3650188446044922,iris,2,0.35,0.03,0.15
metacog,0.3333333333333333,0.3333333333333333,0.16666666666666666,0.0,0.5,,1.0,0.9961780853484691,1,1,1,252.5331974029541,0.4417896270751953,iris,3,0.35,0.03,0.15
metacog,0.3333333333333333,0.3333333333333333,0.16666666666666666,0.0,0.5,,0.8413882683090157,0.9971051500737994,1,1,1,271.46434783935547,0.36716461181640625,iris,4,0.35,0.03,0.15
metacog,0.3888888888888889,0.3333333333333333,0.18666666666666668,0.0,0.5,,0.05448551404923955,0.8356166464548431,1,1,1,1829.392433166504,0.5629062652587891,wine,0,0.35,0.03,0.15
metacog,0.9444444444444444,0.9523809523809524,0.9440559440559441,0.9209401941068135,0.9810855810855811,,0.09676720274524803,0.992956148927088,7,4,4,6498.5058307647705,0.5977153778076172,wine,1,0.35,0.03,0.15
metacog,0.6111111111111112,0.6,0.5185185185185185,0.5167423893288018,0.7494949494949495,,0.3774030947679678,0.9761711209664234,5,3,3,3862.9696369171143,0.5271434783935547,wine,2,0.35,0.03,0.15
metacog,0.6666666666666666,0.6666666666666666,0.5666666666666667,0.5995445191824106,0.8387445887445887,,0.28708262043670824,0.9870125191045439,5,3,3,3773.4014987945557,0.5502700805664062,wine,3,0.35,0.03,0.15
metacog,0.3888888888888889,0.3333333333333333,0.18666666666666668,0.0,0.5,,0.06047926749204607,0.8796421389376234,1,1,1,1804.2981624603271,0.42629241943359375,wine,4,0.35,0.03,0.15
metacog,0.9473684210526315,0.9487012987012987,0.9449275362318841,0.8904905361044291,0.9512987012987013,0.9514896867838044,0.2128605955282232,0.9904241124341877,5,3,3,51514.811515808105,1.8758773803710938,breast_cancer,0,0.35,0.03,0.15
metacog,0.9649122807017544,0.9545454545454546,0.9623015873015872,0.9273353546322172,0.9318181818181818,0.9459459459459459,0.2972640601417964,0.9858737888548949,7,4,3,53449.84006881714,1.5850067138671875,breast_cancer,1,0.35,0.03,0.15
metacog,0.9298245614035088,0.9146825396825397,0.922972972972973,0.8486684247915055,0.9034391534391535,0.9130116959064327,0.2784189762127132,0.9902492992693803,5,3,3,53219.32411193848,1.5420913696289062,breast_cancer,2,0.35,0.03,0.15
metacog,0.8421052631578947,0.7956349206349207,0.8144665461121157,0.662595343916706,0.7982804232804233,0.8102115937789479,0.4125268785528514,0.9654808723040684,5,3,3,53016.334533691406,1.5895366668701172,breast_cancer,3,0.35,0.03,0.15
metacog,0.9298245614035088,0.9047619047619048,0.9210526315789473,0.8535639569308375,0.9047619047619048,0.9,0.32420614859132296,0.9799090550488756,5,3,3,59002.96425819397,1.4460086822509766,breast_cancer,4,0.35,0.03,0.15
metacog,0.805,0.5760869565217391,0.5758795062802458,0.34845909958918564,0.8462732919254659,0.5539805097451275,0.35224414805819054,0.8131964404977765,7,4,4,11929.964542388916,5.003929138183594,adult,0,0.35,0.03,0.15
metacog,0.805,0.5913325804630153,0.6010434248887525,0.3371846188159856,0.7637634105025409,0.46100790513833995,0.4402523890379214,0.8766580354991211,7,4,4,13774.224281311035,6.393194198608398,adult,1,0.35,0.03,0.15
metacog,0.8,0.5652173913043478,0.5579133510167993,0.32177789389368455,0.5652173913043478,0.33043478260869563,0.5177485492624431,1.0,3,2,2,6916.078805923462,5.024433135986328,adult,2,0.35,0.03,0.15
metacog,0.805,0.5760869565217391,0.5758795062802458,0.34845909958918564,0.5760869565217391,0.3471739130434783,0.5289958634037956,0.9989156713474379,3,2,2,7034.778356552124,8.015632629394531,adult,3,0.35,0.03,0.15
metacog,0.795,0.5543478260869565,0.5392999606719479,0.29298753307495307,0.5543478260869565,0.31369565217391304,0.5123123594125598,1.0,3,2,2,6969.0916538238525,5.328178405761719,adult,4,0.35,0.03,0.15
metacog,0.3333333333333333,0.3333333333333333,0.16666666666666666,0.0,0.5,,1.0,0.9973710865078222,1,1,1,248.57640266418457,0.5946159362792969,iris,0,0.35,0.03,0.2
metacog,0.3333333333333333,0.3333333333333333,0.16666666666666666,0.0,0.5,,1.0,0.9970757773947009,1,1,1,242.37513542175293,0.36716461181640625,iris,1,0.35,0.03,0.2
metacog,0.3333333333333333,0.3333333333333333,0.16666666666666666,0.0,0.5,,1.0,0.9977269338811082,1,1,1,247.7400302886963,0.3657341003417969,iris,2,0.35,0.03,0.2
metacog,0.3333333333333333,0.3333333333333333,0.16666666666666666,0.0,0.5,,1.0,0.9961780853484691,1,1,1,250.5173683166504,0.36144256591796875,iris,3,0.35,0.03,0.2
metacog,0.3333333333333333,0.3333333333333333,0.16666666666666666,0.0,0.5,,0.8413882683090157,0.9971051500737994,1,1,1,269.94967460632324,0.3705024719238281,iris,4,0.35,0.03,0.2
metacog,0.3888888888888889,0.3333333333333333,0.18666666666666668,0.0,0.5,,0.05448551404923955,0.8356166464548431,1,1,1,1878.9198398590088,0.42128562927246094,wine,0,0.35,0.03,0.2
metacog,0.9444444444444444,0.9523809523809524,0.9440559440559441,0.9209401941068135,0.9810855810855811,,0.09676720274524803,0.992956148927088,7,4,4,6616.470098495483,1.1544227600097656,wine,1,0.35,0.03,0.2
metacog,0.6111111111111112,0.6,0.5185185185185185,0.5167423893288018,0.7494949494949495,,0.3774030947679678,0.9761711209664234,5,3,3,3939.3792152404785,0.5457401275634766,wine,2,0.35,0.03,0.2
metacog,0.6666666666666666,0.6666666666666666,0.5666666666666667,0.5995445191824106,0.8387445887445887,,0.28708262043670824,0.9870125191045439,5,3,3,3826.585292816162,0.5209445953369141,wine,3,0.35,0.03,0.2
metacog,0.3888888888888889,0.3333333333333333,0.18666666666666668,0.0,0.5,,0.06047926749204607,0.8796421389376234,1,1,1,1833.9817523956299,0.4010200500488281,wine,4,0.35,0.03,0.2
metacog,0.9473684210526315,0.9487012987012987,0.9449275362318841,0.8904905361044291,0.9512987012987013,0.9514896867838044,0.2128605955282232,0.9904241124341877,5,3,3,52081.11596107483,1.852273941040039,breast_cancer,0,0.35,0.03,0.2
metacog,0.9649122807017544,0.9545454545454546,0.9623015873015872,0.9273353546322172,0.9318181818181818,0.9459459459459459,0.2972640601417964,0.9858737888548949,7,4,3,54347.21350669861,1.8210411071777344,breast_cancer,1,0.35,0.03,0.2
metacog,0.9298245614035088,0.9146825396825397,0.922972972972973,0.8486684247915055,0.9034391534391535,0.9130116959064327,0.2784189762127132,0.9902492992693803,5,3,3,53605.69977760315,1.5015602111816406,breast_cancer,2,0.35,0.03,0.2
metacog,0.8421052631578947,0.7956349206349207,0.8144665461121157,0.662595343916706,0.7982804232804233,0.8102115937789479,0.4125268785528514,0.9654808723040684,5,3,3,53938.9271736145,3.175020217895508,breast_cancer,3,0.35,0.03,0.2
metacog,0.9298245614035088,0.9047619047619048,0.9210526315789473,0.8535639569308375,0.9047619047619048,0.9,0.32420614859132296,0.9799090550488756,5,3,3,60331.00414276123,1.5840530395507812,breast_cancer,4,0.35,0.03,0.2
metacog,0.805,0.5760869565217391,0.5758795062802458,0.34845909958918564,0.8462732919254659,0.5539805097451275,0.35224414805819054,0.8131964404977765,7,4,4,11815.088510513306,4.9343109130859375,adult,0,0.35,0.03,0.2
metacog,0.805,0.5913325804630153,0.6010434248887525,0.3371846188159856,0.7637634105025409,0.46100790513833995,0.4402523890379214,0.8766580354991211,7,4,4,13985.621929168701,7.824420928955078,adult,1,0.35,0.03,0.2
metacog,0.8,0.5652173913043478,0.5579133510167993,0.32177789389368455,0.5652173913043478,0.33043478260869563,0.5177485492624431,1.0,3,2,2,7017.900228500366,5.720376968383789,adult,2,0.35,0.03,0.2
metacog,0.805,0.5760869565217391,0.5758795062802458,0.34845909958918564,0.5760869565217391,0.3471739130434783,0.5289958634037956,0.9989156713474379,3,2,2,7033.138751983643,5.059957504272461,adult,3,0.35,0.03,0.2
metacog,0.795,0.5543478260869565,0.5392999606719479,0.29298753307495307,0.5543478260869565,0.31369565217391304,0.5123123594125598,1.0,3,2,2,6741.402149200439,4.1446685791015625,adult,4,0.35,0.03,0.2
metacog,0.3333333333333333,0.3333333333333333,0.16666666666666666,0.0,0.5,,1.0,0.9973710865078222,1,1,1,244.05932426452637,0.3638267517089844,iris,0,0.35,0.03,0.3
metacog,0.3333333333333333,0.3333333333333333,0.16666666666666666,0.0,0.5,,1.0,0.9970757773947009,1,1,1,233.83855819702148,0.3695487976074219,iris,1,0.35,0.03,0.3
metacog,0.3333333333333333,0.3333333333333333,0.16666666666666666,0.0,0.5,,1.0,0.9977269338811082,1,1,1,246.77324295043945,0.3838539123535156,iris,2,0.35,0.03,0.3
metacog,0.3333333333333333,0.3333333333333333,0.16666666666666666,0.0,0.5,,1.0,0.9961780853484691,1,1,1,239.08376693725586,0.36144256591796875,iris,3,0.35,0.03,0.3
metacog,0.3333333333333333,0.3333333333333333,0.16666666666666666,0.0,0.5,,0.8413882683090157,0.9971051500737994,1,1,1,263.0877494812012,0.36644935607910156,iris,4,0.35,0.03,0.3
metacog,0.3888888888888889,0.3333333333333333,0.18666666666666668,0.0,0.5,,0.05448551404923955,0.8356166464548431,1,1,1,1839.8075103759766,0.4551410675048828,wine,0,0.35,0.03,0.3
metacog,0.6111111111111112,0.6190476190476191,0.5135566188197767,0.4785101489172643,0.7938561438561439,,0.1166620945266864,0.9923821235256528,5,3,3,5009.913206100464,0.5218982696533203,wine,1,0.35,0.03,0.3
metacog,0.6111111111111112,0.6,0.5185185185185185,0.5167423893288018,0.7494949494949495,,0.3774030947679678,0.9761711209664234,5,3,3,3760.7338428497314,0.5080699920654297,wine,2,0.35,0.03,0.3
metacog,0.3888888888888889,0.3333333333333333,0.18666666666666668,0.0,0.5,,0.08826130698690134,0.9716808402437557,1,1,1,1896.2385654449463,0.43773651123046875,wine,3,0.35,0.03,0.3
metacog,0.3888888888888889,0.3333333333333333,0.18666666666666668,0.0,0.5,,0.06047926749204607,0.8796421389376234,1,1,1,1793.8387393951416,1.0440349578857422,wine,4,0.35,0.03,0.3
metacog,0.9473684210526315,0.9487012987012987,0.9449275362318841,0.8904905361044291,0.9512987012987013,0.9514896867838044,0.2128605955282232,0.9904241124341877,5,3,3,51306.49280548096,1.4801025390625,breast_cancer,0,0.35,0.03,0.3
metacog,0.9824561403508771,0.9772727272727273,0.981329839502129,0.9633432944855655,0.9772727272727273,0.9722222222222222,0.2972640601417964,0.9858737888548949,5,3,3,52800.10175704956,2.251863479614258,breast_cancer,1,0.35,0.03,0.3
metacog,0.631578947368421,0.5,0.3870967741935484,0.0,0.5,0.631578947368421,0.0971257789267817,0.9978297494359547,1,1,1,20456.814289093018,1.203775405883789,breast_cancer,2,0.35,0.03,0.3
metacog,0.8421052631578947,0.7956349206349207,0.8144665461121157,0.662595343916706,0.7982804232804233,0.8102115937789479,0.4125268785528514,0.9654808723040684,5,3,3,52564.926862716675,1.5625953674316406,breast_cancer,3,0.35,0.03,0.3
metacog,0.9298245614035088,0.9047619047619048,0.9210526315789473,0.8535639569308375,0.9047619047619048,0.9,0.32420614859132296,0.9799090550488756,5,3,3,55024.664878845215,1.4700889587402344,breast_cancer,4,0.35,0.03,0.3
metacog,0.805,0.5760869565217391,0.5758795062802458,0.34845909958918564,0.8462732919254659,0.5539805097451275,0.35224414805819054,0.8131964404977765,7,4,4,11973.826885223389,7.067203521728516,adult,0,0.35,0.03,0.3
metacog,0.805,0.5913325804630153,0.6010434248887525,0.3371846188159856,0.7637634105025409,0.46100790513833995,0.4402523890379214,0.8766580354991211,7,4,4,14271.021366119385,5.494832992553711,adult,1,0.35,0.03,0.3
metacog,0.8,0.5652173913043478,0.5579133510167993,0.32177789389368455,0.5652173913043478,0.33043478260869563,0.5177485492624431,1.0,3,2,2,7406.090259552002,6.337642669677734,adult,2,0.35,0.03,0.3
metacog,0.805,0.5760869565217391,0.5758795062802458,0.34845909958918564,0.5760869565217391,0.3471739130434783,0.5289958634037956,0.9989156713474379,3,2,2,7441.781997680664,4.616022109985352,adult,3,0.35,0.03,0.3
metacog,0.795,0.5543478260869565,0.5392999606719479,0.29298753307495307,0.5543478260869565,0.31369565217391304,0.5123123594125598,1.0,3,2,2,7363.4138107299805,8.957624435424805,adult,4,0.35,0.03,0.3
metacog,0.3333333333333333,0.3333333333333333,0.16666666666666666,0.0,0.5,,1.0,0.9973710865078222,1,1,1,276.9005298614502,0.7064342498779297,iris,0,0.35,0.03,0.4
metacog,0.3333333333333333,0.3333333333333333,0.16666666666666666,0.0,0.5,,1.0,0.9970757773947009,1,1,1,285.17913818359375,0.6945133209228516,iris,1,0.35,0.03,0.4
metacog,0.3333333333333333,0.3333333333333333,0.16666666666666666,0.0,0.5,,1.0,0.9977269338811082,1,1,1,269.4375514984131,0.35881996154785156,iris,2,0.35,0.03,0.4
metacog,0.3333333333333333,0.3333333333333333,0.16666666666666666,0.0,0.5,,1.0,0.9961780853484691,1,1,1,278.05566787719727,0.40841102600097656,iris,3,0.35,0.03,0.4
metacog,0.3333333333333333,0.3333333333333333,0.16666666666666666,0.0,0.5,,0.8413882683090157,0.9971051500737994,1,1,1,294.323205947876,0.6663799285888672,iris,4,0.35,0.03,0.4
metacog,0.3888888888888889,0.3333333333333333,0.18666666666666668,0.0,0.5,,0.05448551404923955,0.8356166464548431,1,1,1,2144.3214416503906,0.40459632873535156,wine,0,0.35,0.03,0.4
metacog,0.3888888888888889,0.3333333333333333,0.18666666666666668,0.0,0.5,,0.10808918016984967,0.9836413568501193,1,1,1,2194.0295696258545,0.41031837463378906,wine,1,0.35,0.03,0.4
metacog,0.6111111111111112,0.6,0.5185185185185185,0.5167423893288018,0.7494949494949495,,0.3774030947679678,0.9761711209664234,5,3,3,4358.841419219971,1.0612010955810547,wine,2,0.35,0.03,0.4
metacog,0.3888888888888889,0.3333333333333333,0.18666666666666668,0.0,0.5,,0.08826130698690134,0.9716808402437557,1,1,1,2054.8932552337646,0.44536590576171875,wine,3,0.35,0.03,0.4
metacog,0.3888888888888889,0.3333333333333333,0.18666666666666668,0.0,0.5,,0.06047926749204607,0.8796421389376234,1,1,1,2053.7919998168945,0.4062652587890625,wine,4,0.35,0.03,0.4
metacog,0.9473684210526315,0.9487012987012987,0.9449275362318841,0.8904905361044291,0.9512987012987013,0.9514896867838044,0.2128605955282232,0.9904241124341877,5,3,3,59946.17748260498,1.5001296997070312,breast_cancer,0,0.35,0.03,0.4
metacog,0.9824561403508771,0.9772727272727273,0.981329839502129,0.9633432944855655,0.9772727272727273,0.9722222222222222,0.2972640601417964,0.9858737888548949,5,3,3,60136.55877113342,1.539468765258789,breast_cancer,1,0.35,0.03,0.4
metacog,0.631578947368421,0.5,0.3870967741935484,0.0,0.5,0.631578947368421,0.0971257789267817,0.9978297494359547,1,1,1,22862.4005317688,1.2362003326416016,breast_cancer,2,0.35,0.03,0.4
metacog,0.8421052631578947,0.7956349206349207,0.8144665461121157,0.662595343916706,0.7982804232804233,0.8102115937789479,0.4125268785528514,0.9654808723040684,5,3,3,59682.58810043335,3.0357837677001953,breast_cancer,3,0.35,0.03,0.4
metacog,0.9298245614035088,0.9047619047619048,0.9210526315789473,0.8535639569308375,0.9047619047619048,0.9,0.32420614859132296,0.9799090550488756,5,3,3,59007.64966011047,2.258777618408203,breast_cancer,4,0.35,0.03,0.4
metacog,0.8,0.5652173913043478,0.5579133510167993,0.32177789389368455,0.5652173913043478,0.33043478260869563,0.5541350673001662,1.0,3,2,2,6453.100681304932,4.562854766845703,adult,0,0.35,0.03,0.4
metacog,0.805,0.5913325804630153,0.6010434248887525,0.3371846188159856,0.7637634105025409,0.46100790513833995,0.4402523890379214,0.8766580354991211,7,4,4,13180.845260620117,11.547565460205078,adult,1,0.35,0.03,0.4
metacog,0.8,0.5652173913043478,0.5579133510167993,0.32177789389368455,0.5652173913043478,0.33043478260869563,0.5177485492624431,1.0,3,2,2,7027.0116329193115,4.545927047729492,adult,2,0.35,0.03,0.4
metacog,0.805,0.5760869565217391,0.5758795062802458,0.34845909958918564,0.5760869565217391,0.3471739130434783,0.5289958634037956,0.9989156713474379,3,2,2,7104.285717010498,4.662036895751953,adult,3,0.35,0.03,0.4
metacog,0.795,0.5543478260869565,0.5392999606719479,0.29298753307495307,0.5543478260869565,0.31369565217391304,0.5123123594125598,1.0,3,2,2,7071.159362792969,8.547306060791016,adult,4,0.35,0.03,0.4
metacog,0.3333333333333333,0.3333333333333333,0.16666666666666666,0.0,0.5,,1.0,0.9973710865078222,1,1,1,311.9685649871826,0.3955364227294922,iris,0,0.35,0.03,0.5
metacog,0.3333333333333333,0.3333333333333333,0.16666666666666666,0.0,0.5,,1.0,0.9970757773947009,1,1,1,290.5559539794922,0.3681182861328125,iris,1,0.35,0.03,0.5
metacog,0.3333333333333333,0.3333333333333333,0.16666666666666666,0.0,0.5,,1.0,0.9977269338811082,1,1,1,290.621280670166,0.5383491516113281,iris,2,0.35,0.03,0.5
metacog,0.3333333333333333,0.3333333333333333,0.16666666666666666,0.0,0.5,,1.0,0.9961780853484691,1,1,1,292.2632694244385,0.36787986755371094,iris,3,0.35,0.03,0.5
metacog,0.3333333333333333,0.3333333333333333,0.16666666666666666,0.0,0.5,,0.8413882683090157,0.9971051500737994,1,1,1,266.8614387512207,0.36263465881347656,iris,4,0.35,0.03,0.5
metacog,0.3888888888888889,0.3333333333333333,0.18666666666666668,0.0,0.5,,0.05448551404923955,0.8356166464548431,1,1,1,2120.056629180908,0.7948875427246094,wine,0,0.35,0.03,0.5
metacog,0.3888888888888889,0.3333333333333333,0.18666666666666668,0.0,0.5,,0.10808918016984967,0.9836413568501193,1,1,1,2212.5134468078613,0.4343986511230469,wine,1,0.35,0.03,0.5
metacog,0.6111111111111112,0.6,0.5185185185185185,0.5167423893288018,0.7494949494949495,,0.3774030947679678,0.9761711209664234,5,3,3,4391.660928726196,0.5707740783691406,wine,2,0.35,0.03,0.5
metacog,0.3888888888888889,0.3333333333333333,0.18666666666666668,0.0,0.5,,0.08826130698690134,0.9716808402437557,1,1,1,2088.498115539551,0.5586147308349609,wine,3,0.35,0.03,0.5
metacog,0.3888888888888889,0.3333333333333333,0.18666666666666668,0.0,0.5,,0.06047926749204607,0.8796421389376234,1,1,1,2138.79132270813,0.4620552062988281,wine,4,0.35,0.03,0.5
metacog,0.6140350877192983,0.5,0.3804347826086957,0.0,0.5,0.6140350877192983,0.16888261642988234,0.996438889669009,1,1,1,22657.15479850769,1.4121532440185547,breast_cancer,0,0.35,0.03,0.5
metacog,0.9824561403508771,0.9772727272727273,0.981329839502129,0.9633432944855655,0.9772727272727273,0.9722222222222222,0.2972640601417964,0.9858737888548949,5,3,3,60167.97399520874,3.118276596069336,breast_cancer,1,0.35,0.03,0.5
metacog,0.631578947368421,0.5,0.3870967741935484,0.0,0.5,0.631578947368421,0.0971257789267817,0.9978297494359547,1,1,1,22917.192459106445,1.203298568725586,breast_cancer,2,0.35,0.03,0.5
metacog,0.8421052631578947,0.7956349206349207,0.8144665461121157,0.662595343916706,0.7982804232804233,0.8102115937789479,0.4125268785528514,0.9654808723040684,5,3,3,59719.57325935364,3.2510757446289062,breast_cancer,3,0.35,0.03,0.5
metacog,0.9298245614035088,0.9047619047619048,0.9210526315789473,0.8535639569308375,0.9047619047619048,0.9,0.32420614859132296,0.9799090550488756,5,3,3,59582.67617225647,1.5170574188232422,breast_cancer,4,0.35,0.03,0.5
metacog,0.8,0.5652173913043478,0.5579133510167993,0.32177789389368455,0.5652173913043478,0.33043478260869563,0.5541350673001662,1.0,3,2,2,7427.590370178223,5.438566207885742,adult,0,0.35,0.03,0.5
metacog,0.805,0.5913325804630153,0.6010434248887525,0.3371846188159856,0.7637634105025409,0.46100790513833995,0.4402523890379214,0.8766580354991211,7,4,4,14476.24659538269,6.815195083618164,adult,1,0.35,0.03,0.5
metacog,0.8,0.5652173913043478,0.5579133510167993,0.32177789389368455,0.5652173913043478,0.33043478260869563,0.5177485492624431,1.0,3,2,2,7232.623100280762,4.800081253051758,adult,2,0.35,0.03,0.5
metacog,0.805,0.5760869565217391,0.5758795062802458,0.34845909958918564,0.5760869565217391,0.3471739130434783,0.5289958634037956,0.9989156713474379,3,2,2,7203.924179077148,4.563331604003906,adult,3,0.35,0.03,0.5
metacog,0.795,0.5543478260869565,0.5392999606719479,0.29298753307495307,0.5543478260869565,0.31369565217391304,0.5123123594125598,1.0,3,2,2,6462.976455688477,6.547212600708008,adult,4,0.35,0.03,0.5
metacog,0.6666666666666666,0.6666666666666666,0.5555555555555555,0.6123724356957945,0.8333333333333334,,0.5087148216635994,0.9931689782126119,3,2,2,532.1705341339111,0.4858970642089844,iris,0,0.35,0.05,0.0
metacog,0.6666666666666666,0.6666666666666666,0.5555555555555555,0.6123724356957945,0.8333333333333334,,0.5053783704402405,0.9846235543341044,3,2,2,493.4086799621582,0.44345855712890625,iris,1,0.35,0.05,0.0
metacog,0.6666666666666666,0.6666666666666666,0.5555555555555555,0.6123724356957945,0.8333333333333334,,0.5003001606412475,0.9925327311980254,3,2,2,524.7886180877686,0.4487037658691406,iris,2,0.35,0.05,0.0
metacog,0.6666666666666666,0.6666666666666666,0.5555555555555555,0.6123724356957945,0.8333333333333334,,0.5053783704402405,0.9923855873540359,3,2,2,475.88300704956055,0.4744529724121094,iris,3,0.35,0.05,0.0
metacog,0.8666666666666667,0.8666666666666667,0.8666666666666667,0.8,0.9166666666666666,,0.4295544454919649,0.9728009417627567,5,3,3,645.1656818389893,0.9214878082275391,iris,4,0.35,0.05,0.0
metacog,0.3888888888888889,0.3333333333333333,0.18666666666666668,0.0,0.5,,0.05448551404923955,0.8356166464548431,1,1,1,2248.056173324585,0.42939186096191406,wine,0,0.35,0.05,0.0
metacog,0.9444444444444444,0.9523809523809524,0.9440559440559441,0.9209401941068135,0.9810855810855811,,0.09676720274524803,0.992956148927088,7,4,4,7747.839689254761,0.5595684051513672,wine,1,0.35,0.05,0.0
metacog,0.6111111111111112,0.6,0.5185185185185185,0.5167423893288018,0.7494949494949495,,0.3774030947679678,0.9761711209664234,5,3,3,4487.403869628906,0.5474090576171875,wine,2,0.35,0.05,0.0
metacog,0.6666666666666666,0.6666666666666666,0.5666666666666667,0.5995445191824106,0.8387445887445887,,0.28708262043670824,0.9870125191045439,5,3,3,4559.880018234253,0.5431175231933594,wine,3,0.35,0.05,0.0
metacog,0.8888888888888888,0.9047619047619048,0.8885003885003885,0.8457943925233645,0.9235070485070486,,0.24828160209775718,0.9703026118717079,7,4,3,6146.339654922485,0.5724430084228516,wine,4,0.35,0.05,0.0
metacog,0.9473684210526315,0.9487012987012987,0.9449275362318841,0.8904905361044291,0.9512987012987013,0.9514896867838044,0.21358133163914025,0.9888872175996579,5,3,3,60680.320739746094,1.6696453094482422,breast_cancer,0,0.35,0.05,0.0
metacog,0.9824561403508771,0.9772727272727273,0.981329839502129,0.9633432944855655,0.9772727272727273,0.9722222222222222,0.2977781401192274,0.9858737888548949,5,3,3,60885.76149940491,1.5075206756591797,breast_cancer,1,0.35,0.05,0.0
metacog,0.9298245614035088,0.9146825396825397,0.922972972972973,0.8486684247915055,0.9034391534391535,0.9130116959064327,0.2798662637828419,0.9830167275941617,5,3,3,61042.69552230835,2.7151107788085938,breast_cancer,2,0.35,0.05,0.0
metacog,0.8421052631578947,0.7956349206349207,0.8144665461121157,0.662595343916706,0.7982804232804233,0.8102115937789479,0.4142019566762563,0.9709976809823655,5,3,3,60654.48617935181,2.9261112213134766,breast_cancer,3,0.35,0.05,0.0
metacog,0.9298245614035088,0.9047619047619048,0.9210526315789473,0.8535639569308375,0.9047619047619048,0.9,0.3303387131174819,0.959075996239208,5,3,3,55838.33813667297,1.5604496002197266,breast_cancer,4,0.35,0.05,0.0
metacog,0.805,0.5760869565217391,0.5758795062802458,0.34845909958918564,0.8526962168266516,0.5659558744201101,0.21656486078295398,0.8518420713817623,13,7,6,16425.009727478027,5.808591842651367,adult,0,0.35,0.05,0.0
metacog,0.805,0.5913325804630153,0.6010434248887525,0.3371846188159856,0.7637634105025409,0.46100790513833995,0.44062217910693524,0.8797266491742846,7,4,4,12290.696620941162,6.081581115722656,adult,1,0.35,0.05,0.0
metacog,0.8,0.5652173913043478,0.5579133510167993,0.32177789389368455,0.5652173913043478,0.33043478260869563,0.5177485492624431,1.0,3,2,2,6225.944995880127,6.105899810791016,adult,2,0.35,0.05,0.0
metacog,0.805,0.5760869565217391,0.5758795062802458,0.34845909958918564,0.5760869565217391,0.3471739130434783,0.5289958634037956,1.0,3,2,2,6134.586334228516,4.437923431396484,adult,3,0.35,0.05,0.0
metacog,0.795,0.5543478260869565,0.5392999606719479,0.29298753307495307,0.5543478260869565,0.31369565217391304,0.5123123594125598,1.0,3,2,2,6189.752817153931,4.559993743896484,adult,4,0.35,0.05,0.0
metacog,0.3333333333333333,0.3333333333333333,0.16666666666666666,0.0,0.5,,1.0,0.9973710865078222,1,1,1,288.58327865600586,0.36835670471191406,iris,0,0.35,0.05,0.1
metacog,0.3333333333333333,0.3333333333333333,0.16666666666666666,0.0,0.5,,1.0,0.9970757773947009,1,1,1,309.76033210754395,0.3643035888671875,iris,1,0.35,0.05,0.1
metacog,0.3333333333333333,0.3333333333333333,0.16666666666666666,0.0,0.5,,1.0,0.9977269338811082,1,1,1,276.69668197631836,0.7071495056152344,iris,2,0.35,0.05,0.1
metacog,0.3333333333333333,0.3333333333333333,0.16666666666666666,0.0,0.5,,1.0,0.9961780853484691,1,1,1,295.06587982177734,0.6961822509765625,iris,3,0.35,0.05,0.1
metacog,0.3333333333333333,0.3333333333333333,0.16666666666666666,0.0,0.5,,0.8413882683090157,0.9971051500737994,1,1,1,252.3214817047119,0.7910728454589844,iris,4,0.35,0.05,0.1
metacog,0.3888888888888889,0.3333333333333333,0.18666666666666668,0.0,0.5,,0.05448551404923955,0.8356166464548431,1,1,1,2089.4031524658203,0.8234977722167969,wine,0,0.35,0.05,0.1
metacog,0.6111111111111112,0.6190476190476191,0.5135566188197767,0.4785101489172643,0.7938561438561439,,0.1166620945266864,0.9923821235256528,5,3,3,5956.678152084351,0.5462169647216797,wine,1,0.35,0.05,0.1
metacog,0.6111111111111112,0.6,0.5185185185185185,0.5167423893288018,0.7494949494949495,,0.3774030947679678,0.9761711209664234,5,3,3,4352.125644683838,0.5970001220703125,wine,2,0.35,0.05,0.1
metacog,0.6666666666666666,0.6666666666666666,0.5666666666666667,0.5995445191824106,0.8387445887445887,,0.28708262043670824,0.9870125191045439,5,3,3,4362.499713897705,1.4216899871826172,wine,3,0.35,0.05,0.1
metacog,0.3888888888888889,0.3333333333333333,0.18666666666666668,0.0,0.5,,0.06047926749204607,0.8796421389376234,1,1,1,2129.441499710083,0.44345855712890625,wine,4,0.35,0.05,0.1
metacog,0.9473684210526315,0.9487012987012987,0.9449275362318841,0.8904905361044291,0.9512987012987013,0.9514896867838044,0.2128605955282232,0.9904241124341877,5,3,3,59765.43831825256,1.5039443969726562,breast_cancer,0,0.35,0.05,0.1
metacog,0.9824561403508771,0.9772727272727273,0.981329839502129,0.9633432944855655,0.9772727272727273,0.9722222222222222,0.2972640601417964,0.9858737888548949,5,3,3,60295.70817947388,1.5022754669189453,breast_cancer,1,0.35,0.05,0.1
metacog,0.9298245614035088,0.9146825396825397,0.922972972972973,0.8486684247915055,0.9034391534391535,0.9130116959064327,0.2784189762127132,0.9902492992693803,5,3,3,60432.69920349121,2.0821094512939453,breast_cancer,2,0.35,0.05,0.1
metacog,0.8421052631578947,0.7956349206349207,0.8144665461121157,0.662595343916706,0.7982804232804233,0.8102115937789479,0.4125268785528514,0.9654808723040684,5,3,3,59679.08954620361,3.1723976135253906,breast_cancer,3,0.35,0.05,0.1
metacog,0.9298245614035088,0.9047619047619048,0.9210526315789473,0.8535639569308375,0.9047619047619048,0.9,0.32420614859132296,0.9799090550488756,5,3,3,55749.51243400574,2.409696578979492,breast_cancer,4,0.35,0.05,0.1
metacog,0.805,0.5760869565217391,0.5758795062802458,0.34845909958918564,0.8462732919254659,0.5539805097451275,0.35224414805819054,0.8131964404977765,7,4,4,11240.918636322021,5.19871711730957,adult,0,0.35,0.05,0.1
metacog,0.805,0.5913325804630153,0.6010434248887525,0.3371846188159856,0.7637634105025409,0.46100790513833995,0.4402523890379214,0.8766580354991211,7,4,4,12477.074384689331,7.448911666870117,adult,1,0.35,0.05,0.1
metacog,0.8,0.5652173913043478,0.5579133510167993,0.32177789389368455,0.5652173913043478,0.33043478260869563,0.5177485492624431,1.0,3,2,2,6123.018980026245,4.258394241333008,adult,2,0.35,0.05,0.1
metacog,0.805,0.5760869565217391,0.5758795062802458,0.34845909958918564,0.5760869565217391,0.3471739130434783,0.5289958634037956,0.9989156713474379,3,2,2,6165.406227111816,4.3811798095703125,adult,3,0.35,0.05,0.1
metacog,0.795,0.5543478260869565,0.5392999606719479,0.29298753307495307,0.5543478260869565,0.31369565217391304,0.5123123594125598,1.0,3,2,2,6064.192056655884,4.378080368041992,adult,4,0.35,0.05,0.1
metacog,0.3333333333333333,0.3333333333333333,0.16666666666666666,0.0,0.5,,1.0,0.9973710865078222,1,1,1,263.59105110168457,0.3693103790283203,iris,0,0.35,0.05,0.15
metacog,0.3333333333333333,0.3333333333333333,0.16666666666666666,0.0,0.5,,1.0,0.9970757773947009,1,1,1,238.62099647521973,0.4086494445800781,iris,1,0.35,0.05,0.15
metacog,0.3333333333333333,0.3333333333333333,0.16666666666666666,0.0,0.5,,1.0,0.9977269338811082,1,1,1,268.13626289367676,0.37598609924316406,iris,2,0.35,0.05,0.15
metacog,0.3333333333333333,0.3333333333333333,0.16666666666666666,0.0,0.5,,1.0,0.9961780853484691,1,1,1,265.2130126953125,0.4322528839111328,iris,3,0.35,0.05,0.15
metacog,0.3333333333333333,0.3333333333333333,0.16666666666666666,0.0,0.5,,0.8413882683090157,0.9971051500737994,1,1,1,284.57140922546387,0.4162788391113281,iris,4,0.35,0.05,0.15
metacog,0.3888888888888889,0.3333333333333333,0.18666666666666668,0.0,0.5,,0.05448551404923955,0.8356166464548431,1,1,1,1845.870018005371,0.42700767517089844,wine,0,0.35,0.05,0.15
metacog,0.6111111111111112,0.6190476190476191,0.5135566188197767,0.4785101489172643,0.7938561438561439,,0.1166620945266864,0.9923821235256528,5,3,3,5245.0714111328125,0.5705356597900391,wine,1,0.35,0.05,0.15
metacog,0.6111111111111112,0.6,0.5185185185185185,0.5167423893288018,0.7494949494949495,,0.3774030947679678,0.9761711209664234,5,3,3,4074.866533279419,0.5350112915039062,wine,2,0.35,0.05,0.15
metacog,0.3888888888888889,0.3333333333333333,0.18666666666666668,0.0,0.5,,0.08826130698690134,0.9716808402437557,1,1,1,1976.7918586730957,0.4432201385498047,wine,3,0.35,0.05,0.15
metacog,0.3888888888888889,0.3333333333333333,0.18666666666666668,0.0,0.5,,0.06047926749204607,0.8796421389376234,1,1,1,1974.4346141815186,0.42819976806640625,wine,4,0.35,0.05,0.15
metacog,0.9473684210526315,0.9487012987012987,0.9449275362318841,0.8904905361044291,0.9512987012987013,0.9514896867838044,0.2128605955282232,0.9904241124341877,5,3,3,52533.69402885437,1.4071464538574219,breast_cancer,0,0.35,0.05,0.15
metacog,0.9824561403508771,0.9772727272727273,0.981329839502129,0.9633432944855655,0.9772727272727273,0.9722222222222222,0.2972640601417964,0.9858737888548949,5,3,3,51981.324911117554,1.5110969543457031,breast_cancer,1,0.35,0.05,0.15
metacog,0.9298245614035088,0.9146825396825397,0.922972972972973,0.8486684247915055,0.9034391534391535,0.9130116959064327,0.2784189762127132,0.9902492992693803,5,3,3,57815.2232170105,2.6047229766845703,breast_cancer,2,0.35,0.05,0.15
metacog,0.8421052631578947,0.7956349206349207,0.8144665461121157,0.662595343916706,0.7982804232804233,0.8102115937789479,0.4125268785528514,0.9654808723040684,5,3,3,53856.30965232849,1.5490055084228516,breast_cancer,3,0.35,0.05,0.15
metacog,0.9298245614035088,0.9047619047619048,0.9210526315789473,0.8535639569308375,0.9047619047619048,0.9,0.32420614859132296,0.9799090550488756,5,3,3,52320.62482833862,1.8482208251953125,breast_cancer,4,0.35,0.05,0.15
metacog,0.805,0.5760869565217391,0.5758795062802458,0.34845909958918564,0.8462732919254659,0.5539805097451275,0.35224414805819054,0.8131964404977765,7,4,4,10521.048545837402,7.143735885620117,adult,0,0.35,0.05,0.15
metacog,0.805,0.5913325804630153,0.6010434248887525,0.3371846188159856,0.7637634105025409,0.46100790513833995,0.4402523890379214,0.8766580354991211,7,4,4,12229.13384437561,5.331277847290039,adult,1,0.35,0.05,0.15
metacog,0.8,0.5652173913043478,0.5579133510167993,0.32177789389368455,0.5652173913043478,0.33043478260869563,0.5177485492624431,1.0,3,2,2,6102.6458740234375,5.643367767333984,adult,2,0.35,0.05,0.15
metacog,0.805,0.5760869565217391,0.5758795062802458,0.34845909958918564,0.5760869565217391,0.3471739130434783,0.5289958634037956,0.9989156713474379,3,2,2,6104.039192199707,7.411479949951172,adult,3,0.35,0.05,0.15
metacog,0.795,0.5543478260869565,0.5392999606719479,0.29298753307495307,0.5543478260869565,0.31369565217391304,0.5123123594125598,1.0,3,2,2,6064.045429229736,4.354238510131836,adult,4,0.35,0.05,0.15
metacog,0.3333333333333333,0.3333333333333333,0.16666666666666666,0.0,0.5,,1.0,0.9973710865078222,1,1,1,249.73750114440918,0.4456043243408203,iris,0,0.35,0.05,0.2
metacog,0.3333333333333333,0.3333333333333333,0.16666666666666666,0.0,0.5,,1.0,0.9970757773947009,1,1,1,239.9904727935791,0.3516674041748047,iris,1,0.35,0.05,0.2
metacog,0.3333333333333333,0.3333333333333333,0.16666666666666666,0.0,0.5,,1.0,0.9977269338811082,1,1,1,269.73557472229004,0.3895759582519531,iris,2,0.35,0.05,0.2
metacog,0.3333333333333333,0.3333333333333333,0.16666666666666666,0.0,0.5,,1.0,0.9961780853484691,1,1,1,254.74119186401367,0.38886070251464844,iris,3,0.35,0.05,0.2
metacog,0.3333333333333333,0.3333333333333333,0.16666666666666666,0.0,0.5,,0.8413882683090157,0.9971051500737994,1,1,1,286.9603633880615,0.3714561462402344,iris,4,0.35,0.05,0.2
metacog,0.3888888888888889,0.3333333333333333,0.18666666666666668,0.0,0.5,,0.05448551404923955,0.8356166464548431,1,1,1,1850.3458499908447,0.4260540008544922,wine,0,0.35,0.05,0.2
metacog,0.3888888888888889,0.3333333333333333,0.18666666666666668,0.0,0.5,,0.10808918016984967,0.9836413568501193,1,1,1,1846.498727798462,0.4374980926513672,wine,1,0.35,0.05,0.2
metacog,0.6111111111111112,0.6,0.5185185185185185,0.5167423893288018,0.7494949494949495,,0.3774030947679678,0.9761711209664234,5,3,3,3877.4681091308594,1.1539459228515625,wine,2,0.35,0.05,0.2
metacog,0.3888888888888889,0.3333333333333333,0.18666666666666668,0.0,0.5,,0.08826130698690134,0.9716808402437557,1,1,1,2050.450086593628,0.4189014434814453,wine,3,0.35,0.05,0.2
metacog,0.3888888888888889,0.3333333333333333,0.18666666666666668,0.0,0.5,,0.06047926749204607,0.8796421389376234,1,1,1,1826.6630172729492,0.7212162017822266,wine,4,0.35,0.05,0.2
metacog,0.9473684210526315,0.9487012987012987,0.9449275362318841,0.8904905361044291,0.9512987012987013,0.9514896867838044,0.2128605955282232,0.9904241124341877,5,3,3,52690.2494430542,1.592874526977539,breast_cancer,0,0.35,0.05,0.2
metacog,0.9824561403508771,0.9772727272727273,0.981329839502129,0.9633432944855655,0.9772727272727273,0.9722222222222222,0.2972640601417964,0.9858737888548949,5,3,3,51805.482387542725,1.4979839324951172,breast_cancer,1,0.35,0.05,0.2
metacog,0.631578947368421,0.5,0.3870967741935484,0.0,0.5,0.631578947368421,0.0971257789267817,0.9978297494359547,1,1,1,19996.276140213013,1.3418197631835938,breast_cancer,2,0.35,0.05,0.2
metacog,0.8421052631578947,0.7956349206349207,0.8144665461121157,0.662595343916706,0.7982804232804233,0.8102115937789479,0.4125268785528514,0.9654808723040684,5,3,3,58306.862115859985,2.2537708282470703,breast_cancer,3,0.35,0.05,0.2
metacog,0.9298245614035088,0.9047619047619048,0.9210526315789473,0.8535639569308375,0.9047619047619048,0.9,0.32420614859132296,0.9799090550488756,5,3,3,52951.31468772888,1.4317035675048828,breast_cancer,4,0.35,0.05,0.2
metacog,0.805,0.5760869565217391,0.5758795062802458,0.34845909958918564,0.8462732919254659,0.5539805097451275,0.35224414805819054,0.8131964404977765,7,4,4,10880.973100662231,5.206108093261719,adult,0,0.35,0.05,0.2
metacog,0.805,0.5913325804630153,0.6010434248887525,0.3371846188159856,0.7637634105025409,0.46100790513833995,0.4402523890379214,0.8766580354991211,7,4,4,12670.809984207153,6.335020065307617,adult,1,0.35,0.05,0.2
metacog,0.8,0.5652173913043478,0.5579133510167993,0.32177789389368455,0.5652173913043478,0.33043478260869563,0.5177485492624431,1.0,3,2,2,6413.177490234375,4.658937454223633,adult,2,0.35,0.05,0.2
metacog,0.805,0.5760869565217391,0.5758795062802458,0.34845909958918564,0.5760869565217391,0.3471739130434783,0.5289958634037956,0.9989156713474379,3,2,2,6453.06921005249,4.5833587646484375,adult,3,0.35,0.05,0.2
metacog,0.795,0.5543478260869565,0.5392999606719479,0.29298753307495307,0.5543478260869565,0.31369565217391304,0.5123123594125598,1.0,3,2,2,6285.770654678345,45.784950256347656,adult,4,0.35,0.05,0.2
metacog,0.3333333333333333,0.3333333333333333,0.16666666666666666,0.0,0.5,,1.0,0.9973710865078222,1,1,1,256.6990852355957,0.3771781921386719,iris,0,0.35,0.05,0.3
metacog,0.3333333333333333,0.3333333333333333,0.16666666666666666,0.0,0.5,,1.0,0.9970757773947009,1,1,1,239.37654495239258,0.3452301025390625,iris,1,0.35,0.05,0.3
metacog,0.3333333333333333,0.3333333333333333,0.16666666666666666,0.0,0.5,,1.0,0.9977269338811082,1,1,1,261.43407821655273,0.3650188446044922,iris,2,0.35,0.05,0.3
metacog,0.3333333333333333,0.3333333333333333,0.16666666666666666,0.0,0.5,,1.0,0.9961780853484691,1,1,1,261.43407821655273,0.48065185546875,iris,3,0.35,0.05,0.3
metacog,0.3333333333333333,0.3333333333333333,0.16666666666666666,0.0,0.5,,0.8413882683090157,0.9971051500737994,1,1,1,289.6873950958252,0.3643035888671875,iris,4,0.35,0.05,0.3
metacog,0.3888888888888889,0.3333333333333333,0.18666666666666668,0.0,0.5,,0.05448551404923955,0.8356166464548431,1,1,1,1862.1385097503662,0.7660388946533203,wine,0,0.35,0.05,0.3
metacog,0.3888888888888889,0.3333333333333333,0.18666666666666668,0.0,0.5,,0.10808918016984967,0.9836413568501193,1,1,1,1864.5520210266113,0.7917881011962891,wine,1,0.35,0.05,0.3
metacog,0.6111111111111112,0.6,0.5185185185185185,0.5167423893288018,0.7494949494949495,,0.3774030947679678,0.9761711209664234,5,3,3,3913.2816791534424,0.5555152893066406,wine,2,0.35,0.05,0.3
metacog,0.3888888888888889,0.3333333333333333,0.18666666666666668,0.0,0.5,,0.08826130698690134,0.9716808402437557,1,1,1,2043.5247421264648,0.41365623474121094,wine,3,0.35,0.05,0.3
metacog,0.3888888888888889,0.3333333333333333,0.18666666666666668,0.0,0.5,,0.06047926749204607,0.8796421389376234,1,1,1,1880.1822662353516,0.4355907440185547,wine,4,0.35,0.05,0.3
metacog,0.9473684210526315,0.9487012987012987,0.9449275362318841,0.8904905361044291,0.9512987012987013,0.9514896867838044,0.2128605955282232,0.9904241124341877,5,3,3,52856.22501373291,1.5878677368164062,breast_cancer,0,0.35,0.05,0.3
metacog,0.9824561403508771,0.9772727272727273,0.981329839502129,0.9633432944855655,0.9772727272727273,0.9722222222222222,0.2972640601417964,0.9858737888548949,5,3,3,52187.886238098145,3.008604049682617,breast_cancer,1,0.35,0.05,0.3
metacog,0.631578947368421,0.5,0.3870967741935484,0.0,0.5,0.631578947368421,0.0971257789267817,0.9978297494359547,1,1,1,20156.7223072052,1.2149810791015625,breast_cancer,2,0.35,0.05,0.3
metacog,0.8421052631578947,0.7956349206349207,0.8144665461121157,0.662595343916706,0.7982804232804233,0.8102115937789479,0.4125268785528514,0.9654808723040684,5,3,3,58599.783182144165,3.009796142578125,breast_cancer,3,0.35,0.05,0.3
metacog,0.9298245614035088,0.9047619047619048,0.9210526315789473,0.8535639569308375,0.9047619047619048,0.9,0.32420614859132296,0.9799090550488756,5,3,3,53281.52060508728,1.5773773193359375,breast_cancer,4,0.35,0.05,0.3
metacog,0.8,0.5652173913043478,0.5579133510167993,0.32177789389368455,0.5652173913043478,0.33043478260869563,0.5541350673001662,1.0,3,2,2,6536.033868789673,4.614591598510742,adult,0,0.35,0.05,0.3
metacog,0.805,0.5913325804630153,0.6010434248887525,0.3371846188159856,0.7637634105025409,0.46100790513833995,0.4402523890379214,0.8766580354991211,7,4,4,12755.57804107666,5.409955978393555,adult,1,0.35,0.05,0.3
metacog,0.8,0.5652173913043478,0.5579133510167993,0.32177789389368455,0.5652173913043478,0.33043478260869563,0.5177485492624431,1.0,3,2,2,6264.058351516724,4.300355911254883,adult,2,0.35,0.05,0.3
metacog,0.805,0.5760869565217391,0.5758795062802458,0.34845909958918564,0.5760869565217391,0.3471739130434783,0.5289958634037956,0.9989156713474379,3,2,2,6656.39853477478,5.907297134399414,adult,3,0.35,0.05,0.3
metacog,0.795,0.5543478260869565,0.5392999606719479,0.29298753307495307,0.5543478260869565,0.31369565217391304,0.5123123594125598,1.0,3,2,2,6407.090663909912,4.528045654296875,adult,4,0.35,0.05,0.3
metacog,0.3333333333333333,0.3333333333333333,0.16666666666666666,0.0,0.5,,1.0,0.9973710865078222,1,1,1,267.2114372253418,0.41604042053222656,iris,0,0.35,0.05,0.4
metacog,0.3333333333333333,0.3333333333333333,0.16666666666666666,0.0,0.5,,1.0,0.9970757773947009,1,1,1,245.6831932067871,0.5381107330322266,iris,1,0.35,0.05,0.4
metacog,0.3333333333333333,0.3333333333333333,0.16666666666666666,0.0,0.5,,1.0,0.9977269338811082,1,1,1,268.99075508117676,0.42939186096191406,iris,2,0.35,0.05,0.4
metacog,0.3333333333333333,0.3333333333333333,0.16666666666666666,0.0,0.5,,1.0,0.9961780853484691,1,1,1,267.0092582702637,0.3695487976074219,iris,3,0.35,0.05,0.4
metacog,0.3333333333333333,0.3333333333333333,0.16666666666666666,0.0,0.5,,0.8413882683090157,0.9971051500737994,1,1,1,295.24755477905273,0.38743019104003906,iris,4,0.35,0.05,0.4
metacog,0.3888888888888889,0.3333333333333333,0.18666666666666668,0.0,0.5,,0.05448551404923955,0.8356166464548431,1,1,1,1895.8690166473389,0.4608631134033203,wine,0,0.35,0.05,0.4
metacog,0.3888888888888889,0.3333333333333333,0.18666666666666668,0.0,0.5,,0.10808918016984967,0.9836413568501193,1,1,1,1871.6635704040527,0.8533000946044922,wine,1,0.35,0.05,0.4
metacog,0.3888888888888889,0.3333333333333333,0.18666666666666668,0.0,0.5,,0.12637829618825452,0.9628190126221114,1,1,1,1884.4542503356934,0.4410743713378906,wine,2,0.35,0.05,0.4
metacog,0.3888888888888889,0.3333333333333333,0.18666666666666668,0.0,0.5,,0.08826130698690134,0.9716808402437557,1,1,1,1949.1462707519531,0.42748451232910156,wine,3,0.35,0.05,0.4
metacog,0.3888888888888889,0.3333333333333333,0.18666666666666668,0.0,0.5,,0.06047926749204607,0.8796421389376234,1,1,1,2046.6303825378418,0.4303455352783203,wine,4,0.35,0.05,0.4
metacog,0.6140350877192983,0.5,0.3804347826086957,0.0,0.5,0.6140350877192983,0.16888261642988234,0.996438889669009,1,1,1,20584.4669342041,2.4023056030273438,breast_cancer,0,0.35,0.05,0.4
metacog,0.6140350877192983,0.5,0.3804347826086957,0.0,0.5,0.6140350877192983,0.17301101243890643,0.9800388511449721,1,1,1,20492.992162704468,1.201629638671875,breast_cancer,1,0.35,0.05,0.4
metacog,0.631578947368421,0.5,0.3870967741935484,0.0,0.5,0.631578947368421,0.0971257789267817,0.9978297494359547,1,1,1,20112.973928451538,1.7139911651611328,breast_cancer,2,0.35,0.05,0.4
metacog,0.8421052631578947,0.7956349206349207,0.8144665461121157,0.662595343916706,0.7982804232804233,0.8102115937789479,0.4125268785528514,0.9654808723040684,5,3,3,52108.997106552124,1.6617774963378906,breast_cancer,3,0.35,0.05,0.4
metacog,0.9298245614035088,0.9047619047619048,0.9210526315789473,0.8535639569308375,0.9047619047619048,0.9,0.32420614859132296,0.9799090550488756,5,3,3,58715.2156829834,1.766204833984375,breast_cancer,4,0.35,0.05,0.4
metacog,0.8,0.5652173913043478,0.5579133510167993,0.32177789389368455,0.5652173913043478,0.33043478260869563,0.5541350673001662,1.0,3,2,2,7034.258842468262,4.891157150268555,adult,0,0.35,0.05,0.4
metacog,0.805,0.5913325804630153,0.6010434248887525,0.3371846188159856,0.7637634105025409,0.46100790513833995,0.4402523890379214,0.8766580354991211,7,4,4,13352.543830871582,6.1206817626953125,adult,1,0.35,0.05,0.4
metacog,0.8,0.5652173913043478,0.5579133510167993,0.32177789389368455,0.5652173913043478,0.33043478260869563,0.5177485492624431,1.0,3,2,2,6696.265459060669,5.316972732543945,adult,2,0.35,0.05,0.4
metacog,0.805,0.5760869565217391,0.5758795062802458,0.34845909958918564,0.5760869565217391,0.3471739130434783,0.5289958634037956,0.9989156713474379,3,2,2,6785.063028335571,5.384922027587891,adult,3,0.35,0.05,0.4
metacog,0.795,0.5543478260869565,0.5392999606719479,0.29298753307495307,0.5543478260869565,0.31369565217391304,0.5123123594125598,1.0,3,2,2,6874.83549118042,5.584478378295898,adult,4,0.35,0.05,0.4
metacog,0.3333333333333333,0.3333333333333333,0.16666666666666666,0.0,0.5,,1.0,0.9973710865078222,1,1,1,264.17040824890137,0.3631114959716797,iris,0,0.35,0.05,0.5
metacog,0.3333333333333333,0.3333333333333333,0.16666666666666666,0.0,0.5,,1.0,0.9970757773947009,1,1,1,244.53496932983398,0.3936290740966797,iris,1,0.35,0.05,0.5
metacog,0.3333333333333333,0.3333333333333333,0.16666666666666666,0.0,0.5,,1.0,0.9977269338811082,1,1,1,254.1043758392334,0.3619194030761719,iris,2,0.35,0.05,0.5
metacog,0.3333333333333333,0.3333333333333333,0.16666666666666666,0.0,0.5,,1.0,0.9961780853484691,1,1,1,269.65999603271484,0.4017353057861328,iris,3,0.35,0.05,0.5
metacog,0.3333333333333333,0.3333333333333333,0.16666666666666666,0.0,0.5,,0.8413882683090157,0.9971051500737994,1,1,1,286.2372398376465,0.36263465881347656,iris,4,0.35,0.05,0.5
metacog,0.3888888888888889,0.3333333333333333,0.18666666666666668,0.0,0.5,,0.05448551404923955,0.8356166464548431,1,1,1,1949.3975639343262,0.9508132934570312,wine,0,0.35,0.05,0.5
metacog,0.3888888888888889,0.3333333333333333,0.18666666666666668,0.0,0.5,,0.10808918016984967,0.9836413568501193,1,1,1,1903.9931297302246,0.4286766052246094,wine,1,0.35,0.05,0.5
metacog,0.3888888888888889,0.3333333333333333,0.18666666666666668,0.0,0.5,,0.12637829618825452,0.9628190126221114,1,1,1,1939.7776126861572,0.446319580078125,wine,2,0.35,0.05,0.5
metacog,0.3888888888888889,0.3333333333333333,0.18666666666666668,0.0,0.5,,0.08826130698690134,0.9716808402437557,1,1,1,1960.0393772125244,0.5090236663818359,wine,3,0.35,0.05,0.5
metacog,0.3888888888888889,0.3333333333333333,0.18666666666666668,0.0,0.5,,0.06047926749204607,0.8796421389376234,1,1,1,2037.4455451965332,0.4420280456542969,wine,4,0.35,0.05,0.5
metacog,0.6140350877192983,0.5,0.3804347826086957,0.0,0.5,0.6140350877192983,0.16888261642988234,0.996438889669009,1,1,1,20324.661254882812,1.1756420135498047,breast_cancer,0,0.35,0.05,0.5
metacog,0.6140350877192983,0.5,0.3804347826086957,0.0,0.5,0.6140350877192983,0.17301101243890643,0.9800388511449721,1,1,1,20247.69878387451,1.1327266693115234,breast_cancer,1,0.35,0.05,0.5
metacog,0.631578947368421,0.5,0.3870967741935484,0.0,0.5,0.631578947368421,0.0971257789267817,0.9978297494359547,1,1,1,20951.83277130127,1.3244152069091797,breast_cancer,2,0.35,0.05,0.5
metacog,0.8421052631578947,0.7956349206349207,0.8144665461121157,0.662595343916706,0.7982804232804233,0.8102115937789479,0.4125268785528514,0.9654808723040684,5,3,3,54209.261655807495,1.45721435546875,breast_cancer,3,0.35,0.05,0.5
metacog,0.9298245614035088,0.9047619047619048,0.9210526315789473,0.8535639569308375,0.9047619047619048,0.9,0.32420614859132296,0.9799090550488756,5,3,3,54693.286418914795,1.983642578125,breast_cancer,4,0.35,0.05,0.5
metacog,0.8,0.5652173913043478,0.5579133510167993,0.32177789389368455,0.5652173913043478,0.33043478260869563,0.5541350673001662,1.0,3,2,2,6808.988332748413,6.61468505859375,adult,0,0.35,0.05,0.5
metacog,0.805,0.5913325804630153,0.6010434248887525,0.3371846188159856,0.7637634105025409,0.46100790513833995,0.4402523890379214,0.8766580354991211,7,4,4,13708.066940307617,5.396127700805664,adult,1,0.35,0.05,0.5
metacog,0.8,0.5652173913043478,0.5579133510167993,0.32177789389368455,0.5652173913043478,0.33043478260869563,0.5177485492624431,1.0,3,2,2,6831.593036651611,4.504203796386719,adult,2,0.35,0.05,0.5
metacog,0.805,0.5760869565217391,0.5758795062802458,0.34845909958918564,0.5760869565217391,0.3471739130434783,0.5289958634037956,0.9989156713474379,3,2,2,6687.6115798950195,7.2021484375,adult,3,0.35,0.05,0.5
metacog,0.795,0.5543478260869565,0.5392999606719479,0.29298753307495307,0.5543478260869565,0.31369565217391304,0.5123123594125598,1.0,3,2,2,6861.813545227051,4.481315612792969,adult,4,0.35,0.05,0.5
metacog,0.6666666666666666,0.6666666666666666,0.5555555555555555,0.6123724356957945,0.8333333333333334,,0.5087148216635994,0.9931689782126119,3,2,2,431.5826892852783,0.4749298095703125,iris,0,0.35,0.07,0.0
metacog,0.6666666666666666,0.6666666666666666,0.5555555555555555,0.6123724356957945,0.8333333333333334,,0.5053783704402405,0.9846235543341044,3,2,2,434.14759635925293,0.4513263702392578,iris,1,0.35,0.07,0.0
metacog,0.6666666666666666,0.6666666666666666,0.5555555555555555,0.6123724356957945,0.8333333333333334,,0.5003001606412475,0.9925327311980254,3,2,2,483.72507095336914,0.4515647888183594,iris,2,0.35,0.07,0.0
metacog,0.6666666666666666,0.6666666666666666,0.5555555555555555,0.6123724356957945,0.8333333333333334,,0.5053783704402405,0.9923855873540359,3,2,2,460.42418479919434,0.45752525329589844,iris,3,0.35,0.07,0.0
metacog,0.8666666666666667,0.8666666666666667,0.8666666666666667,0.8,0.9166666666666666,,0.4295544454919649,0.9728009417627567,5,3,3,595.7131385803223,1.0225772857666016,iris,4,0.35,0.07,0.0
metacog,0.3888888888888889,0.3333333333333333,0.18666666666666668,0.0,0.5,,0.05448551404923955,0.8356166464548431,1,1,1,1889.4164562225342,0.4153251647949219,wine,0,0.35,0.07,0.0
metacog,0.6111111111111112,0.6190476190476191,0.5135566188197767,0.4785101489172643,0.7938561438561439,,0.1166620945266864,0.9923821235256528,5,3,3,5480.401277542114,0.5958080291748047,wine,1,0.35,0.07,0.0
metacog,0.6111111111111112,0.6,0.5185185185185185,0.5167423893288018,0.7494949494949495,,0.3774030947679678,0.9761711209664234,5,3,3,3982.7277660369873,0.5087852478027344,wine,2,0.35,0.07,0.0
metacog,0.6666666666666666,0.6666666666666666,0.5666666666666667,0.5995445191824106,0.8387445887445887,,0.28708262043670824,0.9870125191045439,5,3,3,3884.925365447998,0.5326271057128906,wine,3,0.35,0.07,0.0
metacog,0.3888888888888889,0.3333333333333333,0.18666666666666668,0.0,0.5,,0.06047926749204607,0.8796421389376234,1,1,1,1816.183090209961,0.4055500030517578,wine,4,0.35,0.07,0.0
metacog,0.9473684210526315,0.9487012987012987,0.9449275362318841,0.8904905361044291,0.9512987012987013,0.9514896867838044,0.21358133163914025,0.9888872175996579,5,3,3,53162.53113746643,1.4951229095458984,breast_cancer,0,0.35,0.07,0.0
metacog,0.9824561403508771,0.9772727272727273,0.981329839502129,0.9633432944855655,0.9772727272727273,0.9722222222222222,0.2977781401192274,0.9858737888548949,5,3,3,54146.73972129822,1.497507095336914,breast_cancer,1,0.35,0.07,0.0
metacog,0.9298245614035088,0.9146825396825397,0.922972972972973,0.8486684247915055,0.9034391534391535,0.9130116959064327,0.2798662637828419,0.9830167275941617,5,3,3,54185.99057197571,1.5423297882080078,breast_cancer,2,0.35,0.07,0.0
metacog,0.8421052631578947,0.7956349206349207,0.8144665461121157,0.662595343916706,0.7982804232804233,0.8102115937789479,0.4142019566762563,0.9709976809823655,5,3,3,53643.101930618286,1.5020370483398438,breast_cancer,3,0.35,0.07,0.0
metacog,0.9298245614035088,0.9047619047619048,0.9210526315789473,0.8535639569308375,0.9047619047619048,0.9,0.3303387131174819,0.959075996239208,5,3,3,56283.038854599,1.5091896057128906,breast_cancer,4,0.35,0.07,0.0
metacog,0.805,0.5760869565217391,0.5758795062802458,0.34845909958918564,0.8462732919254659,0.5539805097451275,0.3610877650183528,0.8101232785846226,7,4,4,10337.028741836548,4.9610137939453125,adult,0,0.35,0.07,0.0
metacog,0.805,0.5913325804630153,0.6010434248887525,0.3371846188159856,0.7637634105025409,0.46100790513833995,0.44062217910693524,0.8797266491742846,7,4,4,11992.70486831665,5.14984130859375,adult,1,0.35,0.07,0.0
metacog,0.8,0.5652173913043478,0.5579133510167993,0.32177789389368455,0.5652173913043478,0.33043478260869563,0.5177485492624431,1.0,3,2,2,6141.607761383057,4.295110702514648,adult,2,0.35,0.07,0.0
metacog,0.805,0.5760869565217391,0.5758795062802458,0.34845909958918564,0.5760869565217391,0.3471739130434783,0.5289958634037956,1.0,3,2,2,6055.245161056519,4.303932189941406,adult,3,0.35,0.07,0.0
metacog,0.795,0.5543478260869565,0.5392999606719479,0.29298753307495307,0.5543478260869565,0.31369565217391304,0.5123123594125598,1.0,3,2,2,5923.805713653564,4.559993743896484,adult,4,0.35,0.07,0.0
metacog,0.3333333333333333,0.3333333333333333,0.16666666666666666,0.0,0.5,,1.0,0.9973710865078222,1,1,1,253.8440227508545,0.400543212890625,iris,0,0.35,0.07,0.1
metacog,0.3333333333333333,0.3333333333333333,0.16666666666666666,0.0,0.5,,1.0,0.9970757773947009,1,1,1,239.63403701782227,0.3886222839355469,iris,1,0.35,0.07,0.1
metacog,0.3333333333333333,0.3333333333333333,0.16666666666666666,0.0,0.5,,1.0,0.9977269338811082,1,1,1,253.41033935546875,0.36406517028808594,iris,2,0.35,0.07,0.1
metacog,0.3333333333333333,0.3333333333333333,0.16666666666666666,0.0,0.5,,1.0,0.9961780853484691,1,1,1,273.8804817199707,0.36215782165527344,iris,3,0.35,0.07,0.1
metacog,0.3333333333333333,0.3333333333333333,0.16666666666666666,0.0,0.5,,0.8413882683090157,0.9971051500737994,1,1,1,284.7933769226074,0.3540515899658203,iris,4,0.35,0.07,0.1
metacog,0.3888888888888889,0.3333333333333333,0.18666666666666668,0.0,0.5,,0.05448551404923955,0.8356166464548431,1,1,1,1865.8604621887207,0.42700767517089844,wine,0,0.35,0.07,0.1
metacog,0.6111111111111112,0.6190476190476191,0.5135566188197767,0.4785101489172643,0.7938561438561439,,0.1166620945266864,0.9923821235256528,5,3,3,5350.6176471710205,0.5545616149902344,wine,1,0.35,0.07,0.1
metacog,0.6111111111111112,0.6,0.5185185185185185,0.5167423893288018,0.7494949494949495,,0.3774030947679678,0.9761711209664234,5,3,3,4063.075065612793,1.0609626770019531,wine,2,0.35,0.07,0.1
metacog,0.3888888888888889,0.3333333333333333,0.18666666666666668,0.0,0.5,,0.08826130698690134,0.9716808402437557,1,1,1,1884.0222358703613,0.4515647888183594,wine,3,0.35,0.07,0.1
metacog,0.3888888888888889,0.3333333333333333,0.18666666666666668,0.0,0.5,,0.06047926749204607,0.8796421389376234,1,1,1,1862.7009391784668,0.4343986511230469,wine,4,0.35,0.07,0.1
metacog,0.9473684210526315,0.9487012987012987,0.9449275362318841,0.8904905361044291,0.9512987012987013,0.9514896867838044,0.2128605955282232,0.9904241124341877,5,3,3,52666.39566421509,1.9550323486328125,breast_cancer,0,0.35,0.07,0.1
metacog,0.9824561403508771,0.9772727272727273,0.981329839502129,0.9633432944855655,0.9772727272727273,0.9722222222222222,0.2972640601417964,0.9858737888548949,5,3,3,53838.32550048828,1.9953250885009766,breast_cancer,1,0.35,0.07,0.1
metacog,0.631578947368421,0.5,0.3870967741935484,0.0,0.5,0.631578947368421,0.0971257789267817,0.9978297494359547,1,1,1,20686.58947944641,1.2903213500976562,breast_cancer,2,0.35,0.07,0.1
metacog,0.8421052631578947,0.7956349206349207,0.8144665461121157,0.662595343916706,0.7982804232804233,0.8102115937789479,0.4125268785528514,0.9654808723040684,5,3,3,53654.50835227966,2.2096633911132812,breast_cancer,3,0.35,0.07,0.1
metacog,0.9298245614035088,0.9047619047619048,0.9210526315789473,0.8535639569308375,0.9047619047619048,0.9,0.32420614859132296,0.9799090550488756,5,3,3,53746.8900680542,1.5985965728759766,breast_cancer,4,0.35,0.07,0.1
metacog,0.8,0.5652173913043478,0.5579133510167993,0.32177789389368455,0.5652173913043478,0.33043478260869563,0.5541350673001662,1.0,3,2,2,7106.937646865845,9.195327758789062,adult,0,0.35,0.07,0.1
metacog,0.805,0.5913325804630153,0.6010434248887525,0.3371846188159856,0.7637634105025409,0.46100790513833995,0.4402523890379214,0.8766580354991211,7,4,4,13862.292766571045,5.391597747802734,adult,1,0.35,0.07,0.1
metacog,0.8,0.5652173913043478,0.5579133510167993,0.32177789389368455,0.5652173913043478,0.33043478260869563,0.5177485492624431,1.0,3,2,2,7128.632307052612,7.296562194824219,adult,2,0.35,0.07,0.1
metacog,0.805,0.5760869565217391,0.5758795062802458,0.34845909958918564,0.5760869565217391,0.3471739130434783,0.5289958634037956,0.9989156713474379,3,2,2,6902.839422225952,4.8580169677734375,adult,3,0.35,0.07,0.1
metacog,0.795,0.5543478260869565,0.5392999606719479,0.29298753307495307,0.5543478260869565,0.31369565217391304,0.5123123594125598,1.0,3,2,2,6366.525650024414,4.282474517822266,adult,4,0.35,0.07,0.1
metacog,0.3333333333333333,0.3333333333333333,0.16666666666666666,0.0,0.5,,1.0,0.9973710865078222,1,1,1,262.5868320465088,0.36406517028808594,iris,0,0.35,0.07,0.15
metacog,0.3333333333333333,0.3333333333333333,0.16666666666666666,0.0,0.5,,1.0,0.9970757773947009,1,1,1,242.32029914855957,0.354766845703125,iris,1,0.35,0.07,0.15
metacog,0.3333333333333333,0.3333333333333333,0.16666666666666666,0.0,0.5,,1.0,0.9977269338811082,1,1,1,250.70643424987793,0.3905296325683594,iris,2,0.35,0.07,0.15
metacog,0.3333333333333333,0.3333333333333333,0.16666666666666666,0.0,0.5,,1.0,0.9961780853484691,1,1,1,247.81489372253418,0.36716461181640625,iris,3,0.35,0.07,0.15
metacog,0.3333333333333333,0.3333333333333333,0.16666666666666666,0.0,0.5,,0.8413882683090157,0.9971051500737994,1,1,1,284.97910499572754,0.354766845703125,iris,4,0.35,0.07,0.15
metacog,0.3888888888888889,0.3333333333333333,0.18666666666666668,0.0,0.5,,0.05448551404923955,0.8356166464548431,1,1,1,1877.1207332611084,0.4432201385498047,wine,0,0.35,0.07,0.15
metacog,0.3888888888888889,0.3333333333333333,0.18666666666666668,0.0,0.5,,0.10808918016984967,0.9836413568501193,1,1,1,1862.4522686004639,0.4260540008544922,wine,1,0.35,0.07,0.15
metacog,0.6111111111111112,0.6,0.5185185185185185,0.5167423893288018,0.7494949494949495,,0.3774030947679678,0.9761711209664234,5,3,3,3977.388858795166,0.5407333374023438,wine,2,0.35,0.07,0.15
metacog,0.3888888888888889,0.3333333333333333,0.18666666666666668,0.0,0.5,,0.08826130698690134,0.9716808402437557,1,1,1,1994.800090789795,0.4246234893798828,wine,3,0.35,0.07,0.15
metacog,0.3888888888888889,0.3333333333333333,0.18666666666666668,0.0,0.5,,0.06047926749204607,0.8796421389376234,1,1,1,1933.0031871795654,0.4017353057861328,wine,4,0.35,0.07,0.15
metacog,0.9473684210526315,0.9487012987012987,0.9449275362318841,0.8904905361044291,0.9512987012987013,0.9514896867838044,0.2128605955282232,0.9904241124341877,5,3,3,52631.31260871887,1.6455650329589844,breast_cancer,0,0.35,0.07,0.15
metacog,0.9824561403508771,0.9772727272727273,0.981329839502129,0.9633432944855655,0.9772727272727273,0.9722222222222222,0.2972640601417964,0.9858737888548949,5,3,3,54289.98327255249,1.461029052734375,breast_cancer,1,0.35,0.07,0.15
metacog,0.631578947368421,0.5,0.3870967741935484,0.0,0.5,0.631578947368421,0.0971257789267817,0.9978297494359547,1,1,1,20818.097591400146,1.2273788452148438,breast_cancer,2,0.35,0.07,0.15
metacog,0.8421052631578947,0.7956349206349207,0.8144665461121157,0.662595343916706,0.7982804232804233,0.8102115937789479,0.4125268785528514,0.9654808723040684,5,3,3,53869.577407836914,1.5172958374023438,breast_cancer,3,0.35,0.07,0.15
metacog,0.9298245614035088,0.9047619047619048,0.9210526315789473,0.8535639569308375,0.9047619047619048,0.9,0.32420614859132296,0.9799090550488756,5,3,3,54348.514556884766,2.6633739471435547,breast_cancer,4,0.35,0.07,0.15
metacog,0.8,0.5652173913043478,0.5579133510167993,0.32177789389368455,0.5652173913043478,0.33043478260869563,0.5541350673001662,1.0,3,2,2,6909.9297523498535,4.573822021484375,adult,0,0.35,0.07,0.15
metacog,0.805,0.5913325804630153,0.6010434248887525,0.3371846188159856,0.7637634105025409,0.46100790513833995,0.4402523890379214,0.8766580354991211,7,4,4,13942.87371635437,6.115913391113281,adult,1,0.35,0.07,0.15
metacog,0.8,0.5652173913043478,0.5579133510167993,0.32177789389368455,0.5652173913043478,0.33043478260869563,0.5177485492624431,1.0,3,2,2,7098.584175109863,7.426261901855469,adult,2,0.35,0.07,0.15
metacog,0.805,0.5760869565217391,0.5758795062802458,0.34845909958918564,0.5760869565217391,0.3471739130434783,0.5289958634037956,0.9989156713474379,3,2,2,6985.207319259644,8.704185485839844,adult,3,0.35,0.07,0.15
metacog,0.795,0.5543478260869565,0.5392999606719479,0.29298753307495307,0.5543478260869565,0.31369565217391304,0.5123123594125598,1.0,3,2,2,6612.346649169922,5.463361740112305,adult,4,0.35,0.07,0.15
metacog,0.3333333333333333,0.3333333333333333,0.16666666666666666,0.0,0.5,,1.0,0.9973710865078222,1,1,1,251.6486644744873,0.3952980041503906,iris,0,0.35,0.07,0.2
metacog,0.3333333333333333,0.3333333333333333,0.16666666666666666,0.0,0.5,,1.0,0.9970757773947009,1,1,1,247.70569801330566,0.3788471221923828,iris,1,0.35,0.07,0.2
metacog,0.3333333333333333,0.3333333333333333,0.16666666666666666,0.0,0.5,,1.0,0.9977269338811082,1,1,1,250.12969970703125,0.3571510314941406,iris,2,0.35,0.07,0.2
metacog,0.3333333333333333,0.3333333333333333,0.16666666666666666,0.0,0.5,,1.0,0.9961780853484691,1,1,1,258.9373588562012,0.362396240234375,iris,3,0.35,0.07,0.2
metacog,0.3333333333333333,0.3333333333333333,0.16666666666666666,0.0,0.5,,0.8413882683090157,0.9971051500737994,1,1,1,269.1338062286377,0.45418739318847656,iris,4,0.35,0.07,0.2
metacog,0.3888888888888889,0.3333333333333333,0.18666666666666668,0.0,0.5,,0.05448551404923955,0.8356166464548431,1,1,1,1855.916976928711,0.4162788391113281,wine,0,0.35,0.07,0.2
metacog,0.3888888888888889,0.3333333333333333,0.18666666666666668,0.0,0.5,,0.10808918016984967,0.9836413568501193,1,1,1,1863.5013103485107,0.41866302490234375,wine,1,0.35,0.07,0.2
metacog,0.6111111111111112,0.6,0.5185185185185185,0.5167423893288018,0.7494949494949495,,0.3774030947679678,0.9761711209664234,5,3,3,3829.163074493408,0.5314350128173828,wine,2,0.35,0.07,0.2
metacog,0.3888888888888889,0.3333333333333333,0.18666666666666668,0.0,0.5,,0.08826130698690134,0.9716808402437557,1,1,1,1847.1786975860596,0.45752525329589844,wine,3,0.35,0.07,0.2
metacog,0.3888888888888889,0.3333333333333333,0.18666666666666668,0.0,0.5,,0.06047926749204607,0.8796421389376234,1,1,1,1975.3012657165527,0.42748451232910156,wine,4,0.35,0.07,0.2
metacog,0.9473684210526315,0.9487012987012987,0.9449275362318841,0.8904905361044291,0.9512987012987013,0.9514896867838044,0.2128605955282232,0.9904241124341877,5,3,3,52136.45935058594,1.7180442810058594,breast_cancer,0,0.35,0.07,0.2
metacog,0.9824561403508771,0.9772727272727273,0.981329839502129,0.9633432944855655,0.9772727272727273,0.9722222222222222,0.2972640601417964,0.9858737888548949,5,3,3,52615.49878120422,1.4095306396484375,breast_cancer,1,0.35,0.07,0.2
metacog,0.631578947368421,0.5,0.3870967741935484,0.0,0.5,0.631578947368421,0.0971257789267817,0.9978297494359547,1,1,1,20325.81377029419,1.1932849884033203,breast_cancer,2,0.35,0.07,0.2
metacog,0.8421052631578947,0.7956349206349207,0.8144665461121157,0.662595343916706,0.7982804232804233,0.8102115937789479,0.4125268785528514,0.9654808723040684,5,3,3,56464.372634887695,1.7278194427490234,breast_cancer,3,0.35,0.07,0.2
metacog,0.9298245614035088,0.9047619047619048,0.9210526315789473,0.8535639569308375,0.9047619047619048,0.9,0.32420614859132296,0.9799090550488756,5,3,3,52517.56525039673,1.4963150024414062,breast_cancer,4,0.35,0.07,0.2
metacog,0.8,0.5652173913043478,0.5579133510167993,0.32177789389368455,0.5652173913043478,0.33043478260869563,0.5541350673001662,1.0,3,2,2,6491.778373718262,5.064487457275391,adult,0,0.35,0.07,0.2
metacog,0.805,0.5913325804630153,0.6010434248887525,0.3371846188159856,0.7637634105025409,0.46100790513833995,0.4402523890379214,0.8766580354991211,7,4,4,12910.24899482727,5.598783493041992,adult,1,0.35,0.07,0.2
metacog,0.8,0.5652173913043478,0.5579133510167993,0.32177789389368455,0.5652173913043478,0.33043478260869563,0.5177485492624431,1.0,3,2,2,6318.378210067749,5.082368850708008,adult,2,0.35,0.07,0.2
metacog,0.805,0.5760869565217391,0.5758795062802458,0.34845909958918564,0.5760869565217391,0.3471739130434783,0.5289958634037956,0.9989156713474379,3,2,2,6279.010057449341,4.6558380126953125,adult,3,0.35,0.07,0.2
metacog,0.795,0.5543478260869565,0.5392999606719479,0.29298753307495307,0.5543478260869565,0.31369565217391304,0.5123123594125598,1.0,3,2,2,6149.147987365723,4.590034484863281,adult,4,0.35,0.07,0.2
metacog,0.3333333333333333,0.3333333333333333,0.16666666666666666,0.0,0.5,,1.0,0.9973710865078222,1,1,1,247.02930450439453,0.3616809844970703,iris,0,0.35,0.07,0.3
metacog,0.3333333333333333,0.3333333333333333,0.16666666666666666,0.0,0.5,,1.0,0.9970757773947009,1,1,1,236.58514022827148,0.36597251892089844,iris,1,0.35,0.07,0.3
metacog,0.3333333333333333,0.3333333333333333,0.16666666666666666,0.0,0.5,,1.0,0.9977269338811082,1,1,1,251.01137161254883,0.3650188446044922,iris,2,0.35,0.07,0.3
metacog,0.3333333333333333,0.3333333333333333,0.16666666666666666,0.0,0.5,,1.0,0.9961780853484691,1,1,1,259.3061923980713,0.3495216369628906,iris,3,0.35,0.07,0.3
metacog,0.3333333333333333,0.3333333333333333,0.16666666666666666,0.0,0.5,,0.8413882683090157,0.9971051500737994,1,1,1,267.58575439453125,0.3714561462402344,iris,4,0.35,0.07,0.3
metacog,0.3888888888888889,0.3333333333333333,0.18666666666666668,0.0,0.5,,0.05448551404923955,0.8356166464548431,1,1,1,1823.631763458252,0.45418739318847656,wine,0,0.35,0.07,0.3
metacog,0.3888888888888889,0.3333333333333333,0.18666666666666668,0.0,0.5,,0.10808918016984967,0.9836413568501193,1,1,1,1806.9589138031006,0.42557716369628906,wine,1,0.35,0.07,0.3
metacog,0.3888888888888889,0.3333333333333333,0.18666666666666668,0.0,0.5,,0.12637829618825452,0.9628190126221114,1,1,1,1800.4627227783203,0.4425048828125,wine,2,0.35,0.07,0.3
metacog,0.3888888888888889,0.3333333333333333,0.18666666666666668,0.0,0.5,,0.08826130698690134,0.9716808402437557,1,1,1,1828.8805484771729,0.5025863647460938,wine,3,0.35,0.07,0.3
metacog,0.3888888888888889,0.3333333333333333,0.18666666666666668,0.0,0.5,,0.06047926749204607,0.8796421389376234,1,1,1,1791.9738292694092,0.7719993591308594,wine,4,0.35,0.07,0.3
metacog,0.6140350877192983,0.5,0.3804347826086957,0.0,0.5,0.6140350877192983,0.16888261642988234,0.996438889669009,1,1,1,19700.963258743286,1.2199878692626953,breast_cancer,0,0.35,0.07,0.3
metacog,0.6140350877192983,0.5,0.3804347826086957,0.0,0.5,0.6140350877192983,0.17301101243890643,0.9800388511449721,1,1,1,19965.452909469604,1.2252330780029297,breast_cancer,1,0.35,0.07,0.3
metacog,0.631578947368421,0.5,0.3870967741935484,0.0,0.5,0.631578947368421,0.0971257789267817,0.9978297494359547,1,1,1,19821.683406829834,1.1997222900390625,breast_cancer,2,0.35,0.07,0.3
metacog,0.8421052631578947,0.7956349206349207,0.8144665461121157,0.662595343916706,0.7982804232804233,0.8102115937789479,0.4125268785528514,0.9654808723040684,5,3,3,51386.45434379578,1.54876708984375,breast_cancer,3,0.35,0.07,0.3
metacog,0.9298245614035088,0.9047619047619048,0.9210526315789473,0.8535639569308375,0.9047619047619048,0.9,0.32420614859132296,0.9799090550488756,5,3,3,54543.77102851868,1.5225410461425781,breast_cancer,4,0.35,0.07,0.3
metacog,0.8,0.5652173913043478,0.5579133510167993,0.32177789389368455,0.5652173913043478,0.33043478260869563,0.5541350673001662,1.0,3,2,2,7372.967958450317,7.407665252685547,adult,0,0.35,0.07,0.3
metacog,0.805,0.5913325804630153,0.6010434248887525,0.3371846188159856,0.7637634105025409,0.46100790513833995,0.4402523890379214,0.8766580354991211,7,4,4,13658.274173736572,6.047248840332031,adult,1,0.35,0.07,0.3
metacog,0.8,0.5652173913043478,0.5579133510167993,0.32177789389368455,0.5652173913043478,0.33043478260869563,0.5177485492624431,1.0,3,2,2,6774.820566177368,4.335880279541016,adult,2,0.35,0.07,0.3
metacog,0.805,0.5760869565217391,0.5758795062802458,0.34845909958918564,0.5760869565217391,0.3471739130434783,0.5289958634037956,0.9989156713474379,3,2,2,6671.223402023315,4.747867584228516,adult,3,0.35,0.07,0.3
metacog,0.795,0.5543478260869565,0.5392999606719479,0.29298753307495307,0.5543478260869565,0.31369565217391304,0.5123123594125598,1.0,3,2,2,6885.197639465332,4.430532455444336,adult,4,0.35,0.07,0.3
metacog,0.3333333333333333,0.3333333333333333,0.16666666666666666,0.0,0.5,,1.0,0.9973710865078222,1,1,1,246.77801132202148,0.36454200744628906,iris,0,0.35,0.07,0.4
metacog,0.3333333333333333,0.3333333333333333,0.16666666666666666,0.0,0.5,,1.0,0.9970757773947009,1,1,1,240.0801181793213,0.3573894500732422,iris,1,0.35,0.07,0.4
metacog,0.3333333333333333,0.3333333333333333,0.16666666666666666,0.0,0.5,,1.0,0.9977269338811082,1,1,1,244.9958324432373,0.38242340087890625,iris,2,0.35,0.07,0.4
metacog,0.3333333333333333,0.3333333333333333,0.16666666666666666,0.0,0.5,,1.0,0.9961780853484691,1,1,1,256.9160461425781,0.7112026214599609,iris,3,0.35,0.07,0.4
metacog,0.3333333333333333,0.3333333333333333,0.16666666666666666,0.0,0.5,,0.8413882683090157,0.9971051500737994,1,1,1,266.1454677581787,0.3829002380371094,iris,4,0.35,0.07,0.4
metacog,0.3888888888888889,0.3333333333333333,0.18666666666666668,0.0,0.5,,0.05448551404923955,0.8356166464548431,1,1,1,1827.693223953247,0.4267692565917969,wine,0,0.35,0.07,0.4
metacog,0.3888888888888889,0.3333333333333333,0.18666666666666668,0.0,0.5,,0.10808918016984967,0.9836413568501193,1,1,1,1792.9742336273193,0.4189014434814453,wine,1,0.35,0.07,0.4
metacog,0.3888888888888889,0.3333333333333333,0.18666666666666668,0.0,0.5,,0.12637829618825452,0.9628190126221114,1,1,1,1814.2611980438232,0.4444122314453125,wine,2,0.35,0.07,0.4
metacog,0.3888888888888889,0.3333333333333333,0.18666666666666668,0.0,0.5,,0.08826130698690134,0.9716808402437557,1,1,1,1808.7530136108398,0.41794776916503906,wine,3,0.35,0.07,0.4
metacog,0.3888888888888889,0.3333333333333333,0.18666666666666668,0.0,0.5,,0.06047926749204607,0.8796421389376234,1,1,1,1804.0847778320312,0.42510032653808594,wine,4,0.35,0.07,0.4
metacog,0.6140350877192983,0.5,0.3804347826086957,0.0,0.5,0.6140350877192983,0.16888261642988234,0.996438889669009,1,1,1,19509.50312614441,2.0890235900878906,breast_cancer,0,0.35,0.07,0.4
metacog,0.6140350877192983,0.5,0.3804347826086957,0.0,0.5,0.6140350877192983,0.17301101243890643,0.9800388511449721,1,1,1,19815.48762321472,2.299070358276367,breast_cancer,1,0.35,0.07,0.4
metacog,0.631578947368421,0.5,0.3870967741935484,0.0,0.5,0.631578947368421,0.0971257789267817,0.9978297494359547,1,1,1,19694.600582122803,2.086162567138672,breast_cancer,2,0.35,0.07,0.4
metacog,0.8421052631578947,0.7956349206349207,0.8144665461121157,0.662595343916706,0.7982804232804233,0.8102115937789479,0.4125268785528514,0.9654808723040684,5,3,3,51088.40799331665,1.531839370727539,breast_cancer,3,0.35,0.07,0.4
metacog,0.9298245614035088,0.9047619047619048,0.9210526315789473,0.8535639569308375,0.9047619047619048,0.9,0.32420614859132296,0.9799090550488756,5,3,3,54420.56369781494,2.8111934661865234,breast_cancer,4,0.35,0.07,0.4
metacog,0.8,0.5652173913043478,0.5579133510167993,0.32177789389368455,0.5652173913043478,0.33043478260869563,0.5541350673001662,1.0,3,2,2,7216.145753860474,5.883216857910156,adult,0,0.35,0.07,0.4
metacog,0.805,0.5913325804630153,0.6010434248887525,0.3371846188159856,0.7637634105025409,0.46100790513833995,0.4402523890379214,0.8766580354991211,7,4,4,13844.420909881592,5.62286376953125,adult,1,0.35,0.07,0.4
metacog,0.8,0.5652173913043478,0.5579133510167993,0.32177789389368455,0.5652173913043478,0.33043478260869563,0.5177485492624431,1.0,3,2,2,6671.56720161438,4.292011260986328,adult,2,0.35,0.07,0.4
metacog,0.805,0.5760869565217391,0.5758795062802458,0.34845909958918564,0.5760869565217391,0.3471739130434783,0.5289958634037956,0.9989156713474379,3,2,2,6688.11821937561,4.513740539550781,adult,3,0.35,0.07,0.4
metacog,0.795,0.5543478260869565,0.5392999606719479,0.29298753307495307,0.5543478260869565,0.31369565217391304,0.5123123594125598,1.0,3,2,2,6904.287815093994,6.403207778930664,adult,4,0.35,0.07,0.4
metacog,0.3333333333333333,0.3333333333333333,0.16666666666666666,0.0,0.5,,1.0,0.9973710865078222,1,1,1,236.5860939025879,0.3566741943359375,iris,0,0.35,0.07,0.5
metacog,0.3333333333333333,0.3333333333333333,0.16666666666666666,0.0,0.5,,1.0,0.9970757773947009,1,1,1,238.1882667541504,0.35953521728515625,iris,1,0.35,0.07,0.5
metacog,0.3333333333333333,0.3333333333333333,0.16666666666666666,0.0,0.5,,1.0,0.9977269338811082,1,1,1,244.54498291015625,0.36215782165527344,iris,2,0.35,0.07,0.5
metacog,0.3333333333333333,0.3333333333333333,0.16666666666666666,0.0,0.5,,1.0,0.9961780853484691,1,1,1,249.27163124084473,0.38123130798339844,iris,3,0.35,0.07,0.5
metacog,0.3333333333333333,0.3333333333333333,0.16666666666666666,0.0,0.5,,0.8413882683090157,0.9971051500737994,1,1,1,262.5713348388672,0.3609657287597656,iris,4,0.35,0.07,0.5
metacog,0.3888888888888889,0.3333333333333333,0.18666666666666668,0.0,0.5,,0.05448551404923955,0.8356166464548431,1,1,1,1835.663080215454,0.8227825164794922,wine,0,0.35,0.07,0.5
metacog,0.3888888888888889,0.3333333333333333,0.18666666666666668,0.0,0.5,,0.10808918016984967,0.9836413568501193,1,1,1,1819.4983005523682,0.4220008850097656,wine,1,0.35,0.07,0.5
metacog,0.3888888888888889,0.3333333333333333,0.18666666666666668,0.0,0.5,,0.12637829618825452,0.9628190126221114,1,1,1,1821.4614391326904,0.46443939208984375,wine,2,0.35,0.07,0.5
metacog,0.3888888888888889,0.3333333333333333,0.18666666666666668,0.0,0.5,,0.08826130698690134,0.9716808402437557,1,1,1,1794.6174144744873,0.4055500030517578,wine,3,0.35,0.07,0.5
metacog,0.3888888888888889,0.3333333333333333,0.18666666666666668,0.0,0.5,,0.06047926749204607,0.8796421389376234,1,1,1,1820.3325271606445,0.6060600280761719,wine,4,0.35,0.07,0.5
metacog,0.6140350877192983,0.5,0.3804347826086957,0.0,0.5,0.6140350877192983,0.16888261642988234,0.996438889669009,1,1,1,19736.290454864502,2.2439956665039062,breast_cancer,0,0.35,0.07,0.5
metacog,0.6140350877192983,0.5,0.3804347826086957,0.0,0.5,0.6140350877192983,0.17301101243890643,0.9800388511449721,1,1,1,19927.541971206665,1.7726421356201172,breast_cancer,1,0.35,0.07,0.5
metacog,0.631578947368421,0.5,0.3870967741935484,0.0,0.5,0.631578947368421,0.0971257789267817,0.9978297494359547,1,1,1,19768.208265304565,1.222848892211914,breast_cancer,2,0.35,0.07,0.5
metacog,0.8421052631578947,0.7956349206349207,0.8144665461121157,0.662595343916706,0.7982804232804233,0.8102115937789479,0.4125268785528514,0.9654808723040684,5,3,3,51539.79992866516,1.5053749084472656,breast_cancer,3,0.35,0.07,0.5
metacog,0.631578947368421,0.5,0.3870967741935484,0.0,0.5,0.631578947368421,0.26773643154259474,0.9718729874477393,1,1,1,20093.92762184143,1.1911392211914062,breast_cancer,4,0.35,0.07,0.5
metacog,0.8,0.5652173913043478,0.5579133510167993,0.32177789389368455,0.5652173913043478,0.33043478260869563,0.5541350673001662,1.0,3,2,2,6760.184764862061,5.677461624145508,adult,0,0.35,0.07,0.5
metacog,0.805,0.5913325804630153,0.6010434248887525,0.3371846188159856,0.5913325804630153,0.3450790513833992,0.6867096625830987,0.99993115173406,5,3,3,9842.272520065308,5.603790283203125,adult,1,0.35,0.07,0.5
metacog,0.8,0.5652173913043478,0.5579133510167993,0.32177789389368455,0.5652173913043478,0.33043478260869563,0.5177485492624431,1.0,3,2,2,6968.717813491821,4.52113151550293,adult,2,0.35,0.07,0.5
metacog,0.805,0.5760869565217391,0.5758795062802458,0.34845909958918564,0.5760869565217391,0.3471739130434783,0.5289958634037956,0.9989156713474379,3,2,2,7485.179662704468,4.990577697753906,adult,3,0.35,0.07,0.5
metacog,0.795,0.5543478260869565,0.5392999606719479,0.29298753307495307,0.5543478260869565,0.31369565217391304,0.5123123594125598,1.0,3,2,2,7292.210340499878,5.889177322387695,adult,4,0.35,0.07,0.5
metacog,0.6666666666666666,0.6666666666666666,0.5555555555555555,0.6123724356957945,0.8333333333333334,,0.5087148216635994,0.9931689782126119,3,2,2,633.9316368103027,0.47779083251953125,iris,0,0.35,0.1,0.0
metacog,0.6666666666666666,0.6666666666666666,0.5555555555555555,0.6123724356957945,0.8333333333333334,,0.5053783704402405,0.9846235543341044,3,2,2,465.90399742126465,0.6213188171386719,iris,1,0.35,0.1,0.0
metacog,0.6666666666666666,0.6666666666666666,0.5555555555555555,0.6123724356957945,0.8333333333333334,,0.5003001606412475,0.9925327311980254,3,2,2,503.5243034362793,0.8599758148193359,iris,2,0.35,0.1,0.0
metacog,0.6666666666666666,0.6666666666666666,0.5555555555555555,0.6123724356957945,0.8333333333333334,,0.5053783704402405,0.9923855873540359,3,2,2,494.640588760376,0.6444454193115234,iris,3,0.35,0.1,0.0
metacog,0.8666666666666667,0.8666666666666667,0.8666666666666667,0.8,0.9166666666666666,,0.4295544454919649,0.9728009417627567,5,3,3,670.1939105987549,0.49233436584472656,iris,4,0.35,0.1,0.0
metacog,0.3888888888888889,0.3333333333333333,0.18666666666666668,0.0,0.5,,0.05448551404923955,0.8356166464548431,1,1,1,2105.311155319214,0.44798851013183594,wine,0,0.35,0.1,0.0
metacog,0.5555555555555556,0.5523809523809523,0.4666666666666666,0.38370849227674275,0.7267538017538017,,0.10820492580432357,0.991473694230434,3,2,2,4455.448627471924,1.0480880737304688,wine,1,0.35,0.1,0.0
metacog,0.6111111111111112,0.6,0.5185185185185185,0.5167423893288018,0.7494949494949495,,0.3774030947679678,0.9761711209664234,5,3,3,4429.218292236328,0.5311965942382812,wine,2,0.35,0.1,0.0
metacog,0.3888888888888889,0.3333333333333333,0.18666666666666668,0.0,0.5,,0.08826130698690134,0.9716808402437557,1,1,1,2093.487024307251,0.7965564727783203,wine,3,0.35,0.1,0.0
metacog,0.3888888888888889,0.3333333333333333,0.18666666666666668,0.0,0.5,,0.06047926749204607,0.8796421389376234,1,1,1,2057.3670864105225,0.44274330139160156,wine,4,0.35,0.1,0.0
metacog,0.9473684210526315,0.9487012987012987,0.9449275362318841,0.8904905361044291,0.9512987012987013,0.9514896867838044,0.21358133163914025,0.9888872175996579,5,3,3,55985.56113243103,1.4650821685791016,breast_cancer,0,0.35,0.1,0.0
metacog,0.9824561403508771,0.9772727272727273,0.981329839502129,0.9633432944855655,0.9772727272727273,0.9722222222222222,0.2977781401192274,0.9858737888548949,5,3,3,56629.83965873718,1.4214515686035156,breast_cancer,1,0.35,0.1,0.0
metacog,0.631578947368421,0.5,0.3870967741935484,0.0,0.5,0.631578947368421,0.0971257789267817,0.9978297494359547,1,1,1,22728.597402572632,1.203298568725586,breast_cancer,2,0.35,0.1,0.0
metacog,0.8421052631578947,0.7956349206349207,0.8144665461121157,0.662595343916706,0.7982804232804233,0.8102115937789479,0.4142019566762563,0.9709976809823655,5,3,3,56893.8045501709,3.7882328033447266,breast_cancer,3,0.35,0.1,0.0
metacog,0.9298245614035088,0.9047619047619048,0.9210526315789473,0.8535639569308375,0.9047619047619048,0.9,0.3303387131174819,0.959075996239208,5,3,3,53979.47669029236,1.4159679412841797,breast_cancer,4,0.35,0.1,0.0
metacog,0.8,0.5652173913043478,0.5579133510167993,0.32177789389368455,0.5652173913043478,0.33043478260869563,0.5541350673001662,1.0,3,2,2,6413.750171661377,4.30607795715332,adult,0,0.35,0.1,0.0
metacog,0.805,0.5913325804630153,0.6010434248887525,0.3371846188159856,0.7637634105025409,0.46100790513833995,0.44062217910693524,0.8797266491742846,7,4,4,12158.071756362915,5.100488662719727,adult,1,0.35,0.1,0.0
metacog,0.8,0.5652173913043478,0.5579133510167993,0.32177789389368455,0.5652173913043478,0.33043478260869563,0.5177485492624431,1.0,3,2,2,6295.748472213745,6.304264068603516,adult,2,0.35,0.1,0.0
metacog,0.805,0.5760869565217391,0.5758795062802458,0.34845909958918564,0.5760869565217391,0.3471739130434783,0.5289958634037956,1.0,3,2,2,6198.808670043945,5.12385368347168,adult,3,0.35,0.1,0.0
metacog,0.795,0.5543478260869565,0.5392999606719479,0.29298753307495307,0.5543478260869565,0.31369565217391304,0.5123123594125598,1.0,3,2,2,5986.906051635742,4.334688186645508,adult,4,0.35,0.1,0.0
metacog,0.3333333333333333,0.3333333333333333,0.16666666666666666,0.0,0.5,,1.0,0.9973710865078222,1,1,1,272.5231647491455,0.7345676422119141,iris,0,0.35,0.1,0.1
metacog,0.3333333333333333,0.3333333333333333,0.16666666666666666,0.0,0.5,,1.0,0.9970757773947009,1,1,1,446.5796947479248,0.66375732421875,iris,1,0.35,0.1,0.1
metacog,0.3333333333333333,0.3333333333333333,0.16666666666666666,0.0,0.5,,1.0,0.9977269338811082,1,1,1,268.3420181274414,0.3902912139892578,iris,2,0.35,0.1,0.1
metacog,0.3333333333333333,0.3333333333333333,0.16666666666666666,0.0,0.5,,1.0,0.9961780853484691,1,1,1,286.01813316345215,0.36835670471191406,iris,3,0.35,0.1,0.1
metacog,0.3333333333333333,0.3333333333333333,0.16666666666666666,0.0,0.5,,0.8413882683090157,0.9971051500737994,1,1,1,257.53068923950195,0.42366981506347656,iris,4,0.35,0.1,0.1
metacog,0.3888888888888889,0.3333333333333333,0.18666666666666668,0.0,0.5,,0.05448551404923955,0.8356166464548431,1,1,1,2090.451955795288,0.8420944213867188,wine,0,0.35,0.1,0.1
metacog,0.3888888888888889,0.3333333333333333,0.18666666666666668,0.0,0.5,,0.10808918016984967,0.9836413568501193,1,1,1,2060.697317123413,0.8940696716308594,wine,1,0.35,0.1,0.1
metacog,0.3888888888888889,0.3333333333333333,0.18666666666666668,0.0,0.5,,0.12637829618825452,0.9628190126221114,1,1,1,2211.503028869629,0.4258155822753906,wine,2,0.35,0.1,0.1
metacog,0.3888888888888889,0.3333333333333333,0.18666666666666668,0.0,0.5,,0.08826130698690134,0.9716808402437557,1,1,1,2070.188283920288,0.42700767517089844,wine,3,0.35,0.1,0.1
metacog,0.3888888888888889,0.3333333333333333,0.18666666666666668,0.0,0.5,,0.06047926749204607,0.8796421389376234,1,1,1,2180.6652545928955,0.43201446533203125,wine,4,0.35,0.1,0.1
metacog,0.9473684210526315,0.9487012987012987,0.9449275362318841,0.8904905361044291,0.9512987012987013,0.9514896867838044,0.2128605955282232,0.9904241124341877,5,3,3,56199.612855911255,1.508474349975586,breast_cancer,0,0.35,0.1,0.1
metacog,0.9824561403508771,0.9772727272727273,0.981329839502129,0.9633432944855655,0.9772727272727273,0.9722222222222222,0.2972640601417964,0.9858737888548949,5,3,3,56150.47883987427,1.54876708984375,breast_cancer,1,0.35,0.1,0.1
metacog,0.631578947368421,0.5,0.3870967741935484,0.0,0.5,0.631578947368421,0.0971257789267817,0.9978297494359547,1,1,1,22253.27229499817,1.3740062713623047,breast_cancer,2,0.35,0.1,0.1
metacog,0.8421052631578947,0.7956349206349207,0.8144665461121157,0.662595343916706,0.7982804232804233,0.8102115937789479,0.4125268785528514,0.9654808723040684,5,3,3,56926.669120788574,1.5957355499267578,breast_cancer,3,0.35,0.1,0.1
metacog,0.9298245614035088,0.9047619047619048,0.9210526315789473,0.8535639569308375,0.9047619047619048,0.9,0.32420614859132296,0.9799090550488756,5,3,3,54558.69150161743,3.3676624298095703,breast_cancer,4,0.35,0.1,0.1
metacog,0.8,0.5652173913043478,0.5579133510167993,0.32177789389368455,0.5652173913043478,0.33043478260869563,0.5541350673001662,1.0,3,2,2,6497.382164001465,4.3849945068359375,adult,0,0.35,0.1,0.1
metacog,0.805,0.5913325804630153,0.6010434248887525,0.3371846188159856,0.7637634105025409,0.46100790513833995,0.4402523890379214,0.8766580354991211,7,4,4,12288.699865341187,7.315158843994141,adult,1,0.35,0.1,0.1
metacog,0.8,0.5652173913043478,0.5579133510167993,0.32177789389368455,0.5652173913043478,0.33043478260869563,0.5177485492624431,1.0,3,2,2,6195.734024047852,4.836320877075195,adult,2,0.35,0.1,0.1
metacog,0.805,0.5760869565217391,0.5758795062802458,0.34845909958918564,0.5760869565217391,0.3471739130434783,0.5289958634037956,0.9989156713474379,3,2,2,6246.450185775757,4.308462142944336,adult,3,0.35,0.1,0.1
metacog,0.795,0.5543478260869565,0.5392999606719479,0.29298753307495307,0.5543478260869565,0.31369565217391304,0.5123123594125598,1.0,3,2,2,6195.600748062134,4.291772842407227,adult,4,0.35,0.1,0.1
metacog,0.3333333333333333,0.3333333333333333,0.16666666666666666,0.0,0.5,,1.0,0.9973710865078222,1,1,1,263.0138397216797,0.35834312438964844,iris,0,0.35,0.1,0.15
metacog,0.3333333333333333,0.3333333333333333,0.16666666666666666,0.0,0.5,,1.0,0.9970757773947009,1,1,1,446.8560218811035,0.7014274597167969,iris,1,0.35,0.1,0.15
metacog,0.3333333333333333,0.3333333333333333,0.16666666666666666,0.0,0.5,,1.0,0.9977269338811082,1,1,1,259.6745491027832,0.3552436828613281,iris,2,0.35,0.1,0.15
metacog,0.3333333333333333,0.3333333333333333,0.16666666666666666,0.0,0.5,,1.0,0.9961780853484691,1,1,1,286.59939765930176,0.38242340087890625,iris,3,0.35,0.1,0.15
metacog,0.3333333333333333,0.3333333333333333,0.16666666666666666,0.0,0.5,,0.8413882683090157,0.9971051500737994,1,1,1,268.24259757995605,0.3578662872314453,iris,4,0.35,0.1,0.15
metacog,0.3888888888888889,0.3333333333333333,0.18666666666666668,0.0,0.5,,0.05448551404923955,0.8356166464548431,1,1,1,2088.317394256592,0.7250308990478516,wine,0,0.35,0.1,0.15
metacog,0.3888888888888889,0.3333333333333333,0.18666666666666668,0.0,0.5,,0.10808918016984967,0.9836413568501193,1,1,1,2057.4257373809814,0.4277229309082031,wine,1,0.35,0.1,0.15
metacog,0.3888888888888889,0.3333333333333333,0.18666666666666668,0.0,0.5,,0.12637829618825452,0.9628190126221114,1,1,1,2251.6884803771973,0.46181678771972656,wine,2,0.35,0.1,0.15
metacog,0.3888888888888889,0.3333333333333333,0.18666666666666668,0.0,0.5,,0.08826130698690134,0.9716808402437557,1,1,1,1999.511480331421,0.9832382202148438,wine,3,0.35,0.1,0.15
metacog,0.3888888888888889,0.3333333333333333,0.18666666666666668,0.0,0.5,,0.06047926749204607,0.8796421389376234,1,1,1,2204.1280269622803,0.4906654357910156,wine,4,0.35,0.1,0.15
metacog,0.6140350877192983,0.5,0.3804347826086957,0.0,0.5,0.6140350877192983,0.16888261642988234,0.996438889669009,1,1,1,21905.17568588257,1.155853271484375,breast_cancer,0,0.35,0.1,0.15
metacog,0.9824561403508771,0.9772727272727273,0.981329839502129,0.9633432944855655,0.9772727272727273,0.9722222222222222,0.2972640601417964,0.9858737888548949,5,3,3,56011.71684265137,2.2134780883789062,breast_cancer,1,0.35,0.1,0.15
metacog,0.631578947368421,0.5,0.3870967741935484,0.0,0.5,0.631578947368421,0.0971257789267817,0.9978297494359547,1,1,1,21557.1346282959,1.4004707336425781,breast_cancer,2,0.35,0.1,0.15
metacog,0.8421052631578947,0.7956349206349207,0.8144665461121157,0.662595343916706,0.7982804232804233,0.8102115937789479,0.4125268785528514,0.9654808723040684,5,3,3,57948.9631652832,1.4772415161132812,breast_cancer,3,0.35,0.1,0.15
metacog,0.9298245614035088,0.9047619047619048,0.9210526315789473,0.8535639569308375,0.9047619047619048,0.9,0.32420614859132296,0.9799090550488756,5,3,3,56269.30832862854,1.506805419921875,breast_cancer,4,0.35,0.1,0.15
metacog,0.8,0.5652173913043478,0.5579133510167993,0.32177789389368455,0.5652173913043478,0.33043478260869563,0.5541350673001662,1.0,3,2,2,6983.430624008179,7.016658782958984,adult,0,0.35,0.1,0.15
metacog,0.805,0.5913325804630153,0.6010434248887525,0.3371846188159856,0.7637634105025409,0.46100790513833995,0.4402523890379214,0.8766580354991211,7,4,4,12950.218200683594,5.253076553344727,adult,1,0.35,0.1,0.15
metacog,0.8,0.5652173913043478,0.5579133510167993,0.32177789389368455,0.5652173913043478,0.33043478260869563,0.5177485492624431,1.0,3,2,2,6823.882102966309,5.271434783935547,adult,2,0.35,0.1,0.15
metacog,0.805,0.5760869565217391,0.5758795062802458,0.34845909958918564,0.5760869565217391,0.3471739130434783,0.5289958634037956,0.9989156713474379,3,2,2,6416.186571121216,4.661083221435547,adult,3,0.35,0.1,0.15
metacog,0.795,0.5543478260869565,0.5392999606719479,0.29298753307495307,0.5543478260869565,0.31369565217391304,0.5123123594125598,1.0,3,2,2,6429.773569107056,4.517316818237305,adult,4,0.35,0.1,0.15
metacog,0.3333333333333333,0.3333333333333333,0.16666666666666666,0.0,0.5,,1.0,0.9973710865078222,1,1,1,310.08005142211914,0.7827281951904297,iris,0,0.35,0.1,0.2
metacog,0.3333333333333333,0.3333333333333333,0.16666666666666666,0.0,0.5,,1.0,0.9970757773947009,1,1,1,419.7227954864502,0.3647804260253906,iris,1,0.35,0.1,0.2
metacog,0.3333333333333333,0.3333333333333333,0.16666666666666666,0.0,0.5,,1.0,0.9977269338811082,1,1,1,266.2158012390137,0.3745555877685547,iris,2,0.35,0.1,0.2
metacog,0.3333333333333333,0.3333333333333333,0.16666666666666666,0.0,0.5,,1.0,0.9961780853484691,1,1,1,288.0685329437256,0.36454200744628906,iris,3,0.35,0.1,0.2
metacog,0.3333333333333333,0.3333333333333333,0.16666666666666666,0.0,0.5,,0.8413882683090157,0.9971051500737994,1,1,1,278.4106731414795,0.3619194030761719,iris,4,0.35,0.1,0.2
metacog,0.3888888888888889,0.3333333333333333,0.18666666666666668,0.0,0.5,,0.05448551404923955,0.8356166464548431,1,1,1,2141.458511352539,0.8087158203125,wine,0,0.35,0.1,0.2
metacog,0.3888888888888889,0.3333333333333333,0.18666666666666668,0.0,0.5,,0.10808918016984967,0.9836413568501193,1,1,1,2215.5494689941406,0.44155120849609375,wine,1,0.35,0.1,0.2
metacog,0.3888888888888889,0.3333333333333333,0.18666666666666668,0.0,0.5,,0.12637829618825452,0.9628190126221114,1,1,1,2107.9041957855225,0.4413127899169922,wine,2,0.35,0.1,0.2
metacog,0.3888888888888889,0.3333333333333333,0.18666666666666668,0.0,0.5,,0.08826130698690134,0.9716808402437557,1,1,1,1990.4999732971191,0.45037269592285156,wine,3,0.35,0.1,0.2
metacog,0.3888888888888889,0.3333333333333333,0.18666666666666668,0.0,0.5,,0.06047926749204607,0.8796421389376234,1,1,1,2237.6914024353027,0.8335113525390625,wine,4,0.35,0.1,0.2
metacog,0.6140350877192983,0.5,0.3804347826086957,0.0,0.5,0.6140350877192983,0.16888261642988234,0.996438889669009,1,1,1,22066.974878311157,1.3766288757324219,breast_cancer,0,0.35,0.1,0.2
metacog,0.6140350877192983,0.5,0.3804347826086957,0.0,0.5,0.6140350877192983,0.17301101243890643,0.9800388511449721,1,1,1,21504.273176193237,2.3009777069091797,breast_cancer,1,0.35,0.1,0.2
metacog,0.631578947368421,0.5,0.3870967741935484,0.0,0.5,0.631578947368421,0.0971257789267817,0.9978297494359547,1,1,1,21858.810901641846,1.2590885162353516,breast_cancer,2,0.35,0.1,0.2
metacog,0.8421052631578947,0.7956349206349207,0.8144665461121157,0.662595343916706,0.7982804232804233,0.8102115937789479,0.4125268785528514,0.9654808723040684,5,3,3,57197.824239730835,1.4989376068115234,breast_cancer,3,0.35,0.1,0.2
metacog,0.9298245614035088,0.9047619047619048,0.9210526315789473,0.8535639569308375,0.9047619047619048,0.9,0.32420614859132296,0.9799090550488756,5,3,3,58577.79598236084,1.520395278930664,breast_cancer,4,0.35,0.1,0.2
metacog,0.8,0.5652173913043478,0.5579133510167993,0.32177789389368455,0.5652173913043478,0.33043478260869563,0.5541350673001662,1.0,3,2,2,6962.864398956299,5.593538284301758,adult,0,0.35,0.1,0.2
metacog,0.805,0.5913325804630153,0.6010434248887525,0.3371846188159856,0.7637634105025409,0.46100790513833995,0.4402523890379214,0.8766580354991211,7,4,4,13921.944856643677,9.685993194580078,adult,1,0.35,0.1,0.2
metacog,0.8,0.5652173913043478,0.5579133510167993,0.32177789389368455,0.5652173913043478,0.33043478260869563,0.5177485492624431,1.0,3,2,2,6946.094512939453,4.61888313293457,adult,2,0.35,0.1,0.2
metacog,0.805,0.5760869565217391,0.5758795062802458,0.34845909958918564,0.5760869565217391,0.3471739130434783,0.5289958634037956,0.9989156713474379,3,2,2,7085.034608840942,4.496335983276367,adult,3,0.35,0.1,0.2
metacog,0.795,0.5543478260869565,0.5392999606719479,0.29298753307495307,0.5543478260869565,0.31369565217391304,0.5123123594125598,1.0,3,2,2,7117.756128311157,4.616260528564453,adult,4,0.35,0.1,0.2
metacog,0.3333333333333333,0.3333333333333333,0.16666666666666666,0.0,0.5,,1.0,0.9973710865078222,1,1,1,274.37567710876465,0.3619194030761719,iris,0,0.35,0.1,0.3
metacog,0.3333333333333333,0.3333333333333333,0.16666666666666666,0.0,0.5,,1.0,0.9970757773947009,1,1,1,262.7520561218262,0.42629241943359375,iris,1,0.35,0.1,0.3
metacog,0.3333333333333333,0.3333333333333333,0.16666666666666666,0.0,0.5,,1.0,0.9977269338811082,1,1,1,275.77924728393555,0.4754066467285156,iris,2,0.35,0.1,0.3
metacog,0.3333333333333333,0.3333333333333333,0.16666666666666666,0.0,0.5,,1.0,0.9961780853484691,1,1,1,263.5033130645752,0.4417896270751953,iris,3,0.35,0.1,0.3
metacog,0.3333333333333333,0.3333333333333333,0.16666666666666666,0.0,0.5,,0.8413882683090157,0.9971051500737994,1,1,1,291.492223739624,0.3635883331298828,iris,4,0.35,0.1,0.3
metacog,0.3888888888888889,0.3333333333333333,0.18666666666666668,0.0,0.5,,0.05448551404923955,0.8356166464548431,1,1,1,1986.0966205596924,0.8330345153808594,wine,0,0.35,0.1,0.3
metacog,0.3888888888888889,0.3333333333333333,0.18666666666666668,0.0,0.5,,0.10808918016984967,0.9836413568501193,1,1,1,2036.1931324005127,0.7073879241943359,wine,1,0.35,0.1,0.3
metacog,0.3888888888888889,0.3333333333333333,0.18666666666666668,0.0,0.5,,0.12637829618825452,0.9628190126221114,1,1,1,2156.555652618408,0.61798095703125,wine,2,0.35,0.1,0.3
metacog,0.3888888888888889,0.3333333333333333,0.18666666666666668,0.0,0.5,,0.08826130698690134,0.9716808402437557,1,1,1,2281.4643383026123,0.8130073547363281,wine,3,0.35,0.1,0.3
metacog,0.3888888888888889,0.3333333333333333,0.18666666666666668,0.0,0.5,,0.06047926749204607,0.8796421389376234,1,1,1,2098.989248275757,0.4277229309082031,wine,4,0.35,0.1,0.3
metacog,0.6140350877192983,0.5,0.3804347826086957,0.0,0.5,0.6140350877192983,0.16888261642988234,0.996438889669009,1,1,1,21028.22494506836,1.1496543884277344,breast_cancer,0,0.35,0.1,0.3
metacog,0.6140350877192983,0.5,0.3804347826086957,0.0,0.5,0.6140350877192983,0.17301101243890643,0.9800388511449721,1,1,1,20379.21643257141,2.1784305572509766,breast_cancer,1,0.35,0.1,0.3
metacog,0.631578947368421,0.5,0.3870967741935484,0.0,0.5,0.631578947368421,0.0971257789267817,0.9978297494359547,1,1,1,21961.148738861084,1.1987686157226562,breast_cancer,2,0.35,0.1,0.3
metacog,0.8421052631578947,0.7956349206349207,0.8144665461121157,0.662595343916706,0.7982804232804233,0.8102115937789479,0.4125268785528514,0.9654808723040684,5,3,3,54935.667514801025,1.5158653259277344,breast_cancer,3,0.35,0.1,0.3
metacog,0.9298245614035088,0.9047619047619048,0.9210526315789473,0.8535639569308375,0.9047619047619048,0.9,0.32420614859132296,0.9799090550488756,5,3,3,54989.70317840576,1.5561580657958984,breast_cancer,4,0.35,0.1,0.3
metacog,0.8,0.5652173913043478,0.5579133510167993,0.32177789389368455,0.5652173913043478,0.33043478260869563,0.5541350673001662,1.0,3,2,2,6188.146114349365,4.291296005249023,adult,0,0.35,0.1,0.3
metacog,0.805,0.5913325804630153,0.6010434248887525,0.3371846188159856,0.5913325804630153,0.3450790513833992,0.6867096625830987,0.99993115173406,5,3,3,8853.611707687378,4.55164909362793,adult,1,0.35,0.1,0.3
metacog,0.8,0.5652173913043478,0.5579133510167993,0.32177789389368455,0.5652173913043478,0.33043478260869563,0.5177485492624431,1.0,3,2,2,6004.780292510986,4.283666610717773,adult,2,0.35,0.1,0.3
metacog,0.805,0.5760869565217391,0.5758795062802458,0.34845909958918564,0.5760869565217391,0.3471739130434783,0.5289958634037956,0.9989156713474379,3,2,2,5983.3221435546875,4.29844856262207,adult,3,0.35,0.1,0.3
metacog,0.795,0.5543478260869565,0.5392999606719479,0.29298753307495307,0.5543478260869565,0.31369565217391304,0.5123123594125598,1.0,3,2,2,6008.906364440918,4.339456558227539,adult,4,0.35,0.1,0.3
metacog,0.3333333333333333,0.3333333333333333,0.16666666666666666,0.0,0.5,,1.0,0.9973710865078222,1,1,1,258.0304145812988,0.6923675537109375,iris,0,0.35,0.1,0.4
metacog,0.3333333333333333,0.3333333333333333,0.16666666666666666,0.0,0.5,,1.0,0.9970757773947009,1,1,1,257.54547119140625,0.3840923309326172,iris,1,0.35,0.1,0.4
metacog,0.3333333333333333,0.3333333333333333,0.16666666666666666,0.0,0.5,,1.0,0.9977269338811082,1,1,1,258.4702968597412,0.6849765777587891,iris,2,0.35,0.1,0.4
metacog,0.3333333333333333,0.3333333333333333,0.16666666666666666,0.0,0.5,,1.0,0.9961780853484691,1,1,1,246.85359001159668,0.34427642822265625,iris,3,0.35,0.1,0.4
metacog,0.3333333333333333,0.3333333333333333,0.16666666666666666,0.0,0.5,,0.8413882683090157,0.9971051500737994,1,1,1,278.87773513793945,0.34236907958984375,iris,4,0.35,0.1,0.4
metacog,0.3888888888888889,0.3333333333333333,0.18666666666666668,0.0,0.5,,0.05448551404923955,0.8356166464548431,1,1,1,2009.2408657073975,0.408172607421875,wine,0,0.35,0.1,0.4
metacog,0.3888888888888889,0.3333333333333333,0.18666666666666668,0.0,0.5,,0.10808918016984967,0.9836413568501193,1,1,1,2000.5979537963867,0.4181861877441406,wine,1,0.35,0.1,0.4
metacog,0.3888888888888889,0.3333333333333333,0.18666666666666668,0.0,0.5,,0.12637829618825452,0.9628190126221114,1,1,1,2174.6275424957275,0.8211135864257812,wine,2,0.35,0.1,0.4
metacog,0.3888888888888889,0.3333333333333333,0.18666666666666668,0.0,0.5,,0.08826130698690134,0.9716808402437557,1,1,1,2194.54026222229,0.42819976806640625,wine,3,0.35,0.1,0.4
metacog,0.3888888888888889,0.3333333333333333,0.18666666666666668,0.0,0.5,,0.06047926749204607,0.8796421389376234,1,1,1,2112.3318672180176,0.4227161407470703,wine,4,0.35,0.1,0.4
metacog,0.6140350877192983,0.5,0.3804347826086957,0.0,0.5,0.6140350877192983,0.16888261642988234,0.996438889669009,1,1,1,20858.867645263672,1.1866092681884766,breast_cancer,0,0.35,0.1,0.4
metacog,0.6140350877192983,0.5,0.3804347826086957,0.0,0.5,0.6140350877192983,0.17301101243890643,0.9800388511449721,1,1,1,20209.03491973877,1.2218952178955078,breast_cancer,1,0.35,0.1,0.4
metacog,0.631578947368421,0.5,0.3870967741935484,0.0,0.5,0.631578947368421,0.0971257789267817,0.9978297494359547,1,1,1,21849.71809387207,1.2209415435791016,breast_cancer,2,0.35,0.1,0.4
metacog,0.8421052631578947,0.7956349206349207,0.8144665461121157,0.662595343916706,0.7982804232804233,0.8102115937789479,0.4125268785528514,0.9654808723040684,5,3,3,54457.810163497925,1.5993118286132812,breast_cancer,3,0.35,0.1,0.4
metacog,0.631578947368421,0.5,0.3870967741935484,0.0,0.5,0.631578947368421,0.26773643154259474,0.9718729874477393,1,1,1,21153.507947921753,1.2214183807373047,breast_cancer,4,0.35,0.1,0.4
metacog,0.8,0.5652173913043478,0.5579133510167993,0.32177789389368455,0.5652173913043478,0.33043478260869563,0.5541350673001662,1.0,3,2,2,6591.7863845825195,4.634618759155273,adult,0,0.35,0.1,0.4
metacog,0.805,0.5913325804630153,0.6010434248887525,0.3371846188159856,0.5913325804630153,0.3450790513833992,0.6867096625830987,0.99993115173406,5,3,3,10512.57038116455,5.520343780517578,adult,1,0.35,0.1,0.4
metacog,0.8,0.5652173913043478,0.5579133510167993,0.32177789389368455,0.5652173913043478,0.33043478260869563,0.5177485492624431,1.0,3,2,2,6493.802070617676,5.2013397216796875,adult,2,0.35,0.1,0.4
metacog,0.805,0.5760869565217391,0.5758795062802458,0.34845909958918564,0.5760869565217391,0.3471739130434783,0.5289958634037956,0.9989156713474379,3,2,2,6454.500913619995,8.23521614074707,adult,3,0.35,0.1,0.4
metacog,0.795,0.5543478260869565,0.5392999606719479,0.29298753307495307,0.5543478260869565,0.31369565217391304,0.5123123594125598,1.0,3,2,2,6363.384485244751,7.563591003417969,adult,4,0.35,0.1,0.4
metacog,0.3333333333333333,0.3333333333333333,0.16666666666666666,0.0,0.5,,1.0,0.9973710865078222,1,1,1,272.1560001373291,0.3437995910644531,iris,0,0.35,0.1,0.5
metacog,0.3333333333333333,0.3333333333333333,0.16666666666666666,0.0,0.5,,1.0,0.9970757773947009,1,1,1,264.74833488464355,0.6053447723388672,iris,1,0.35,0.1,0.5
metacog,0.3333333333333333,0.3333333333333333,0.16666666666666666,0.0,0.5,,1.0,0.9977269338811082,1,1,1,261.50965690612793,0.3578662872314453,iris,2,0.35,0.1,0.5
metacog,0.3333333333333333,0.3333333333333333,0.16666666666666666,0.0,0.5,,1.0,0.9961780853484691,1,1,1,247.3742961883545,0.4291534423828125,iris,3,0.35,0.1,0.5
metacog,0.3333333333333333,0.3333333333333333,0.16666666666666666,0.0,0.5,,0.8413882683090157,0.9971051500737994,1,1,1,306.26893043518066,0.36907196044921875,iris,4,0.35,0.1,0.5
metacog,0.3888888888888889,0.3333333333333333,0.18666666666666668,0.0,0.5,,0.05448551404923955,0.8356166464548431,1,1,1,1985.321044921875,0.4267692565917969,wine,0,0.35,0.1,0.5
metacog,0.3888888888888889,0.3333333333333333,0.18666666666666668,0.0,0.5,,0.10808918016984967,0.9836413568501193,1,1,1,2049.3221282958984,0.9393692016601562,wine,1,0.35,0.1,0.5
metacog,0.3888888888888889,0.3333333333333333,0.18666666666666668,0.0,0.5,,0.12637829618825452,0.9628190126221114,1,1,1,2184.438943862915,0.4811286926269531,wine,2,0.35,0.1,0.5
metacog,0.3888888888888889,0.3333333333333333,0.18666666666666668,0.0,0.5,,0.08826130698690134,0.9716808402437557,1,1,1,2202.69775390625,0.8664131164550781,wine,3,0.35,0.1,0.5
metacog,0.3888888888888889,0.3333333333333333,0.18666666666666668,0.0,0.5,,0.06047926749204607,0.8796421389376234,1,1,1,2084.1968059539795,0.6380081176757812,wine,4,0.35,0.1,0.5
metacog,0.6140350877192983,0.5,0.3804347826086957,0.0,0.5,0.6140350877192983,0.16888261642988234,0.996438889669009,1,1,1,20906.702756881714,2.206087112426758,breast_cancer,0,0.35,0.1,0.5
metacog,0.6140350877192983,0.5,0.3804347826086957,0.0,0.5,0.6140350877192983,0.17301101243890643,0.9800388511449721,1,1,1,19949.877977371216,1.3260841369628906,breast_cancer,1,0.35,0.1,0.5
metacog,0.631578947368421,0.5,0.3870967741935484,0.0,0.5,0.631578947368421,0.0971257789267817,0.9978297494359547,1,1,1,21684.21173095703,1.3997554779052734,breast_cancer,2,0.35,0.1,0.5
metacog,0.8421052631578947,0.7956349206349207,0.8144665461121157,0.662595343916706,0.7982804232804233,0.8102115937789479,0.4125268785528514,0.9654808723040684,5,3,3,54186.1937046051,1.6922950744628906,breast_cancer,3,0.35,0.1,0.5
metacog,0.631578947368421,0.5,0.3870967741935484,0.0,0.5,0.631578947368421,0.26773643154259474,0.9718729874477393,1,1,1,21045.56179046631,1.7790794372558594,breast_cancer,4,0.35,0.1,0.5
metacog,0.8,0.5652173913043478,0.5579133510167993,0.32177789389368455,0.5652173913043478,0.33043478260869563,0.5541350673001662,1.0,3,2,2,6572.561979293823,4.763126373291016,adult,0,0.35,0.1,0.5
metacog,0.805,0.5913325804630153,0.6010434248887525,0.3371846188159856,0.5913325804630153,0.3450790513833992,0.6867096625830987,0.99993115173406,5,3,3,10413.583993911743,8.847951889038086,adult,1,0.35,0.1,0.5
metacog,0.8,0.5652173913043478,0.5579133510167993,0.32177789389368455,0.5652173913043478,0.33043478260869563,0.5177485492624431,1.0,3,2,2,6455.245018005371,4.770517349243164,adult,2,0.35,0.1,0.5
metacog,0.805,0.5760869565217391,0.5758795062802458,0.34845909958918564,0.5760869565217391,0.3471739130434783,0.5289958634037956,0.9989156713474379,3,2,2,6495.913028717041,4.848718643188477,adult,3,0.35,0.1,0.5
metacog,0.795,0.5543478260869565,0.5392999606719479,0.29298753307495307,0.5543478260869565,0.31369565217391304,0.5123123594125598,1.0,3,2,2,6411.91840171814,4.815340042114258,adult,4,0.35,0.1,0.5
metacog,0.6666666666666666,0.6666666666666666,0.5555555555555555,0.6123724356957945,0.8333333333333334,,0.5087148216635994,0.9931689782126119,3,2,2,450.8209228515625,0.4780292510986328,iris,0,0.35,0.12,0.0
metacog,0.6666666666666666,0.6666666666666666,0.5555555555555555,0.6123724356957945,0.8333333333333334,,0.5053783704402405,0.9846235543341044,3,2,2,444.16046142578125,0.43010711669921875,iris,1,0.35,0.12,0.0
metacog,0.6666666666666666,0.6666666666666666,0.5555555555555555,0.6123724356957945,0.8333333333333334,,0.5003001606412475,0.9925327311980254,3,2,2,452.95143127441406,0.8771419525146484,iris,2,0.35,0.12,0.0
metacog,0.6666666666666666,0.6666666666666666,0.5555555555555555,0.6123724356957945,0.8333333333333334,,0.5053783704402405,0.9923855873540359,3,2,2,481.0068607330322,0.4811286926269531,iris,3,0.35,0.12,0.0
metacog,0.8666666666666667,0.8666666666666667,0.8666666666666667,0.8,0.9166666666666666,,0.4295544454919649,0.9728009417627567,5,3,3,607.0139408111572,0.7746219635009766,iris,4,0.35,0.12,0.0
metacog,0.3888888888888889,0.3333333333333333,0.18666666666666668,0.0,0.5,,0.05448551404923955,0.8356166464548431,1,1,1,2021.6448307037354,0.8106231689453125,wine,0,0.35,0.12,0.0
metacog,0.3888888888888889,0.3333333333333333,0.18666666666666668,0.0,0.5,,0.10808918016984967,0.9836413568501193,1,1,1,2128.331184387207,4.342794418334961,wine,1,0.35,0.12,0.0
metacog,0.6111111111111112,0.6,0.5185185185185185,0.5167423893288018,0.7494949494949495,,0.3774030947679678,0.9761711209664234,5,3,3,4557.171106338501,0.5686283111572266,wine,2,0.35,0.12,0.0
metacog,0.3888888888888889,0.3333333333333333,0.18666666666666668,0.0,0.5,,0.08826130698690134,0.9716808402437557,1,1,1,1915.4260158538818,0.9169578552246094,wine,3,0.35,0.12,0.0
metacog,0.3888888888888889,0.3333333333333333,0.18666666666666668,0.0,0.5,,0.06047926749204607,0.8796421389376234,1,1,1,1875.4277229309082,0.44083595275878906,wine,4,0.35,0.12,0.0
metacog,0.9473684210526315,0.9487012987012987,0.9449275362318841,0.8904905361044291,0.9512987012987013,0.9514896867838044,0.21358133163914025,0.9888872175996579,5,3,3,54497.03240394592,1.5106201171875,breast_cancer,0,0.35,0.12,0.0
metacog,0.9824561403508771,0.9772727272727273,0.981329839502129,0.9633432944855655,0.9772727272727273,0.9722222222222222,0.2977781401192274,0.9858737888548949,5,3,3,55271.777868270874,2.7990341186523438,breast_cancer,1,0.35,0.12,0.0
metacog,0.631578947368421,0.5,0.3870967741935484,0.0,0.5,0.631578947368421,0.0971257789267817,0.9978297494359547,1,1,1,21013.780117034912,1.2674331665039062,breast_cancer,2,0.35,0.12,0.0
metacog,0.8421052631578947,0.7956349206349207,0.8144665461121157,0.662595343916706,0.7982804232804233,0.8102115937789479,0.4142019566762563,0.9709976809823655,5,3,3,52190.91773033142,1.3988018035888672,breast_cancer,3,0.35,0.12,0.0
metacog,0.9298245614035088,0.9047619047619048,0.9210526315789473,0.8535639569308375,0.9047619047619048,0.9,0.3303387131174819,0.959075996239208,5,3,3,47534.10196304321,1.5702247619628906,breast_cancer,4,0.35,0.12,0.0
metacog,0.8,0.5652173913043478,0.5579133510167993,0.32177789389368455,0.5652173913043478,0.33043478260869563,0.5541350673001662,1.0,3,2,2,5895.510196685791,4.441022872924805,adult,0,0.35,0.12,0.0
metacog,0.805,0.5913325804630153,0.6010434248887525,0.3371846188159856,0.7637634105025409,0.46100790513833995,0.44062217910693524,0.8797266491742846,7,4,4,11550.409317016602,5.502939224243164,adult,1,0.35,0.12,0.0
metacog,0.8,0.5652173913043478,0.5579133510167993,0.32177789389368455,0.5652173913043478,0.33043478260869563,0.5177485492624431,1.0,3,2,2,5877.360582351685,4.197835922241211,adult,2,0.35,0.12,0.0
metacog,0.805,0.5760869565217391,0.5758795062802458,0.34845909958918564,0.5760869565217391,0.3471739130434783,0.5289958634037956,1.0,3,2,2,5842.084884643555,6.613492965698242,adult,3,0.35,0.12,0.0
metacog,0.795,0.5543478260869565,0.5392999606719479,0.29298753307495307,0.5543478260869565,0.31369565217391304,0.5123123594125598,1.0,3,2,2,5855.829477310181,4.145383834838867,adult,4,0.35,0.12,0.0
metacog,0.3333333333333333,0.3333333333333333,0.16666666666666666,0.0,0.5,,1.0,0.9973710865078222,1,1,1,233.37173461914062,0.3459453582763672,iris,0,0.35,0.12,0.1
metacog,0.3333333333333333,0.3333333333333333,0.16666666666666666,0.0,0.5,,1.0,0.9970757773947009,1,1,1,240.84019660949707,0.37097930908203125,iris,1,0.35,0.12,0.1
metacog,0.3333333333333333,0.3333333333333333,0.16666666666666666,0.0,0.5,,1.0,0.9977269338811082,1,1,1,238.58213424682617,0.34809112548828125,iris,2,0.35,0.12,0.1
metacog,0.3333333333333333,0.3333333333333333,0.16666666666666666,0.0,0.5,,1.0,0.9961780853484691,1,1,1,244.34971809387207,0.35500526428222656,iris,3,0.35,0.12,0.1
metacog,0.3333333333333333,0.3333333333333333,0.16666666666666666,0.0,0.5,,0.8413882683090157,0.9971051500737994,1,1,1,263.7627124786377,0.37169456481933594,iris,4,0.35,0.12,0.1
metacog,0.3888888888888889,0.3333333333333333,0.18666666666666668,0.0,0.5,,0.05448551404923955,0.8356166464548431,1,1,1,1851.388931274414,0.4286766052246094,wine,0,0.35,0.12,0.1
metacog,0.3888888888888889,0.3333333333333333,0.18666666666666668,0.0,0.5,,0.10808918016984967,0.9836413568501193,1,1,1,1892.8942680358887,0.4200935363769531,wine,1,0.35,0.12,0.1
metacog,0.3888888888888889,0.3333333333333333,0.18666666666666668,0.0,0.5,,0.12637829618825452,0.9628190126221114,1,1,1,1780.3239822387695,0.3993511199951172,wine,2,0.35,0.12,0.1
metacog,0.3888888888888889,0.3333333333333333,0.18666666666666668,0.0,0.5,,0.08826130698690134,0.9716808402437557,1,1,1,1791.4423942565918,0.4410743713378906,wine,3,0.35,0.12,0.1
metacog,0.3888888888888889,0.3333333333333333,0.18666666666666668,0.0,0.5,,0.06047926749204607,0.8796421389376234,1,1,1,1785.8161926269531,0.42629241943359375,wine,4,0.35,0.12,0.1
metacog,0.6140350877192983,0.5,0.3804347826086957,0.0,0.5,0.6140350877192983,0.16888261642988234,0.996438889669009,1,1,1,20232.160806655884,1.2710094451904297,breast_cancer,0,0.35,0.12,0.1
metacog,0.9824561403508771,0.9772727272727273,0.981329839502129,0.9633432944855655,0.9772727272727273,0.9722222222222222,0.2972640601417964,0.9858737888548949,5,3,3,55828.07016372681,1.5192031860351562,breast_cancer,1,0.35,0.12,0.1
metacog,0.631578947368421,0.5,0.3870967741935484,0.0,0.5,0.631578947368421,0.0971257789267817,0.9978297494359547,1,1,1,20554.019927978516,1.241445541381836,breast_cancer,2,0.35,0.12,0.1
metacog,0.8421052631578947,0.7956349206349207,0.8144665461121157,0.662595343916706,0.7982804232804233,0.8102115937789479,0.4125268785528514,0.9654808723040684,5,3,3,53369.96412277222,1.5254020690917969,breast_cancer,3,0.35,0.12,0.1
metacog,0.9298245614035088,0.9047619047619048,0.9210526315789473,0.8535639569308375,0.9047619047619048,0.9,0.32420614859132296,0.9799090550488756,5,3,3,52367.92469024658,1.5087127685546875,breast_cancer,4,0.35,0.12,0.1
metacog,0.8,0.5652173913043478,0.5579133510167993,0.32177789389368455,0.5652173913043478,0.33043478260869563,0.5541350673001662,1.0,3,2,2,6278.919458389282,5.171775817871094,adult,0,0.35,0.12,0.1
metacog,0.805,0.5913325804630153,0.6010434248887525,0.3371846188159856,0.7637634105025409,0.46100790513833995,0.4402523890379214,0.8766580354991211,7,4,4,12565.003156661987,5.630970001220703,adult,1,0.35,0.12,0.1
metacog,0.8,0.5652173913043478,0.5579133510167993,0.32177789389368455,0.5652173913043478,0.33043478260869563,0.5177485492624431,1.0,3,2,2,6298.523426055908,4.3277740478515625,adult,2,0.35,0.12,0.1
metacog,0.805,0.5760869565217391,0.5758795062802458,0.34845909958918564,0.5760869565217391,0.3471739130434783,0.5289958634037956,0.9989156713474379,3,2,2,6545.8033084869385,7.874488830566406,adult,3,0.35,0.12,0.1
metacog,0.795,0.5543478260869565,0.5392999606719479,0.29298753307495307,0.5543478260869565,0.31369565217391304,0.5123123594125598,1.0,3,2,2,6132.556200027466,4.277229309082031,adult,4,0.35,0.12,0.1
metacog,0.3333333333333333,0.3333333333333333,0.16666666666666666,0.0,0.5,,1.0,0.9973710865078222,1,1,1,233.34670066833496,0.362396240234375,iris,0,0.35,0.12,0.15
metacog,0.3333333333333333,0.3333333333333333,0.16666666666666666,0.0,0.5,,1.0,0.9970757773947009,1,1,1,242.64812469482422,0.36406517028808594,iris,1,0.35,0.12,0.15
metacog,0.3333333333333333,0.3333333333333333,0.16666666666666666,0.0,0.5,,1.0,0.9977269338811082,1,1,1,242.4757480621338,0.34546852111816406,iris,2,0.35,0.12,0.15
metacog,0.3333333333333333,0.3333333333333333,0.16666666666666666,0.0,0.5,,1.0,0.9961780853484691,1,1,1,253.17692756652832,0.7262229919433594,iris,3,0.35,0.12,0.15
metacog,0.3333333333333333,0.3333333333333333,0.16666666666666666,0.0,0.5,,0.8413882683090157,0.9971051500737994,1,1,1,254.258394241333,0.3643035888671875,iris,4,0.35,0.12,0.15
metacog,0.3888888888888889,0.3333333333333333,0.18666666666666668,0.0,0.5,,0.05448551404923955,0.8356166464548431,1,1,1,1857.7649593353271,0.40411949157714844,wine,0,0.35,0.12,0.15
metacog,0.3888888888888889,0.3333333333333333,0.18666666666666668,0.0,0.5,,0.10808918016984967,0.9836413568501193,1,1,1,1872.910976409912,0.6732940673828125,wine,1,0.35,0.12,0.15
metacog,0.3888888888888889,0.3333333333333333,0.18666666666666668,0.0,0.5,,0.12637829618825452,0.9628190126221114,1,1,1,1790.6837463378906,0.40221214294433594,wine,2,0.35,0.12,0.15
metacog,0.3888888888888889,0.3333333333333333,0.18666666666666668,0.0,0.5,,0.08826130698690134,0.9716808402437557,1,1,1,1828.3369541168213,0.4985332489013672,wine,3,0.35,0.12,0.15
metacog,0.3888888888888889,0.3333333333333333,0.18666666666666668,0.0,0.5,,0.06047926749204607,0.8796421389376234,1,1,1,1765.4390335083008,0.4570484161376953,wine,4,0.35,0.12,0.15
metacog,0.6140350877192983,0.5,0.3804347826086957,0.0,0.5,0.6140350877192983,0.16888261642988234,0.996438889669009,1,1,1,20356.02307319641,1.3515949249267578,breast_cancer,0,0.35,0.12,0.15
metacog,0.6140350877192983,0.5,0.3804347826086957,0.0,0.5,0.6140350877192983,0.17301101243890643,0.9800388511449721,1,1,1,21483.695030212402,2.074003219604492,breast_cancer,1,0.35,0.12,0.15
metacog,0.631578947368421,0.5,0.3870967741935484,0.0,0.5,0.631578947368421,0.0971257789267817,0.9978297494359547,1,1,1,21899.46722984314,1.9562244415283203,breast_cancer,2,0.35,0.12,0.15
metacog,0.8421052631578947,0.7956349206349207,0.8144665461121157,0.662595343916706,0.7982804232804233,0.8102115937789479,0.4125268785528514,0.9654808723040684,5,3,3,53411.98968887329,1.476287841796875,breast_cancer,3,0.35,0.12,0.15
metacog,0.9298245614035088,0.9047619047619048,0.9210526315789473,0.8535639569308375,0.9047619047619048,0.9,0.32420614859132296,0.9799090550488756,5,3,3,54107.34677314758,1.794576644897461,breast_cancer,4,0.35,0.12,0.15
metacog,0.8,0.5652173913043478,0.5579133510167993,0.32177789389368455,0.5652173913043478,0.33043478260869563,0.5541350673001662,1.0,3,2,2,6490.984916687012,7.032871246337891,adult,0,0.35,0.12,0.15
metacog,0.805,0.5913325804630153,0.6010434248887525,0.3371846188159856,0.7637634105025409,0.46100790513833995,0.4402523890379214,0.8766580354991211,7,4,4,12652.170419692993,5.729913711547852,adult,1,0.35,0.12,0.15
metacog,0.8,0.5652173913043478,0.5579133510167993,0.32177789389368455,0.5652173913043478,0.33043478260869563,0.5177485492624431,1.0,3,2,2,6582.218408584595,4.957914352416992,adult,2,0.35,0.12,0.15
metacog,0.805,0.5760869565217391,0.5758795062802458,0.34845909958918564,0.5760869565217391,0.3471739130434783,0.5289958634037956,0.9989156713474379,3,2,2,6422.7705001831055,4.353046417236328,adult,3,0.35,0.12,0.15
metacog,0.795,0.5543478260869565,0.5392999606719479,0.29298753307495307,0.5543478260869565,0.31369565217391304,0.5123123594125598,1.0,3,2,2,6240.230321884155,4.81724739074707,adult,4,0.35,0.12,0.15
metacog,0.3333333333333333,0.3333333333333333,0.16666666666666666,0.0,0.5,,1.0,0.9973710865078222,1,1,1,242.06829071044922,0.3528594970703125,iris,0,0.35,0.12,0.2
metacog,0.3333333333333333,0.3333333333333333,0.16666666666666666,0.0,0.5,,1.0,0.9970757773947009,1,1,1,247.36905097961426,0.39124488830566406,iris,1,0.35,0.12,0.2
metacog,0.3333333333333333,0.3333333333333333,0.16666666666666666,0.0,0.5,,1.0,0.9977269338811082,1,1,1,241.17517471313477,0.3783702850341797,iris,2,0.35,0.12,0.2
metacog,0.3333333333333333,0.3333333333333333,0.16666666666666666,0.0,0.5,,1.0,0.9961780853484691,1,1,1,263.60225677490234,0.5931854248046875,iris,3,0.35,0.12,0.2
metacog,0.3333333333333333,0.3333333333333333,0.16666666666666666,0.0,0.5,,0.8413882683090157,0.9971051500737994,1,1,1,259.08803939819336,0.3635883331298828,iris,4,0.35,0.12,0.2
metacog,0.3888888888888889,0.3333333333333333,0.18666666666666668,0.0,0.5,,0.05448551404923955,0.8356166464548431,1,1,1,1885.0493431091309,0.4241466522216797,wine,0,0.35,0.12,0.2
metacog,0.3888888888888889,0.3333333333333333,0.18666666666666668,0.0,0.5,,0.10808918016984967,0.9836413568501193,1,1,1,1925.5900382995605,0.4410743713378906,wine,1,0.35,0.12,0.2
metacog,0.3888888888888889,0.3333333333333333,0.18666666666666668,0.0,0.5,,0.12637829618825452,0.9628190126221114,1,1,1,1804.189682006836,0.5977153778076172,wine,2,0.35,0.12,0.2
metacog,0.3888888888888889,0.3333333333333333,0.18666666666666668,0.0,0.5,,0.08826130698690134,0.9716808402437557,1,1,1,1852.0760536193848,0.4172325134277344,wine,3,0.35,0.12,0.2
metacog,0.3888888888888889,0.3333333333333333,0.18666666666666668,0.0,0.5,,0.06047926749204607,0.8796421389376234,1,1,1,1827.7573585510254,0.44798851013183594,wine,4,0.35,0.12,0.2
metacog,0.6140350877192983,0.5,0.3804347826086957,0.0,0.5,0.6140350877192983,0.16888261642988234,0.996438889669009,1,1,1,20617.607831954956,1.2407302856445312,breast_cancer,0,0.35,0.12,0.2
metacog,0.6140350877192983,0.5,0.3804347826086957,0.0,0.5,0.6140350877192983,0.17301101243890643,0.9800388511449721,1,1,1,21623.96192550659,1.2352466583251953,breast_cancer,1,0.35,0.12,0.2
metacog,0.631578947368421,0.5,0.3870967741935484,0.0,0.5,0.631578947368421,0.0971257789267817,0.9978297494359547,1,1,1,22149.994134902954,2.0818710327148438,breast_cancer,2,0.35,0.12,0.2
metacog,0.8421052631578947,0.7956349206349207,0.8144665461121157,0.662595343916706,0.7982804232804233,0.8102115937789479,0.4125268785528514,0.9654808723040684,5,3,3,54042.93608665466,1.5094280242919922,breast_cancer,3,0.35,0.12,0.2
metacog,0.9298245614035088,0.9047619047619048,0.9210526315789473,0.8535639569308375,0.9047619047619048,0.9,0.32420614859132296,0.9799090550488756,5,3,3,54646.52156829834,2.379179000854492,breast_cancer,4,0.35,0.12,0.2
metacog,0.8,0.5652173913043478,0.5579133510167993,0.32177789389368455,0.5652173913043478,0.33043478260869563,0.5541350673001662,1.0,3,2,2,6549.569368362427,4.375219345092773,adult,0,0.35,0.12,0.2
metacog,0.805,0.5913325804630153,0.6010434248887525,0.3371846188159856,0.5913325804630153,0.3450790513833992,0.6867096625830987,0.99993115173406,5,3,3,9602.222442626953,5.197763442993164,adult,1,0.35,0.12,0.2
metacog,0.8,0.5652173913043478,0.5579133510167993,0.32177789389368455,0.5652173913043478,0.33043478260869563,0.5177485492624431,1.0,3,2,2,6699.586391448975,6.196498870849609,adult,2,0.35,0.12,0.2
metacog,0.805,0.5760869565217391,0.5758795062802458,0.34845909958918564,0.5760869565217391,0.3471739130434783,0.5289958634037956,0.9989156713474379,3,2,2,6516.92271232605,4.779577255249023,adult,3,0.35,0.12,0.2
metacog,0.795,0.5543478260869565,0.5392999606719479,0.29298753307495307,0.5543478260869565,0.31369565217391304,0.5123123594125598,1.0,3,2,2,6336.5747928619385,5.018472671508789,adult,4,0.35,0.12,0.2
metacog,0.3333333333333333,0.3333333333333333,0.16666666666666666,0.0,0.5,,1.0,0.9973710865078222,1,1,1,234.8043918609619,0.5359649658203125,iris,0,0.35,0.12,0.3
metacog,0.3333333333333333,0.3333333333333333,0.16666666666666666,0.0,0.5,,1.0,0.9970757773947009,1,1,1,245.20444869995117,0.7102489471435547,iris,1,0.35,0.12,0.3
metacog,0.3333333333333333,0.3333333333333333,0.16666666666666666,0.0,0.5,,1.0,0.9977269338811082,1,1,1,246.2751865386963,0.3979206085205078,iris,2,0.35,0.12,0.3
metacog,0.3333333333333333,0.3333333333333333,0.16666666666666666,0.0,0.5,,1.0,0.9961780853484691,1,1,1,246.1240291595459,0.5898475646972656,iris,3,0.35,0.12,0.3
metacog,0.3333333333333333,0.3333333333333333,0.16666666666666666,0.0,0.5,,0.8413882683090157,0.9971051500737994,1,1,1,250.61655044555664,0.36787986755371094,iris,4,0.35,0.12,0.3
metacog,0.3888888888888889,0.3333333333333333,0.18666666666666668,0.0,0.5,,0.05448551404923955,0.8356166464548431,1,1,1,1875.5507469177246,0.4355907440185547,wine,0,0.35,0.12,0.3
metacog,0.3888888888888889,0.3333333333333333,0.18666666666666668,0.0,0.5,,0.10808918016984967,0.9836413568501193,1,1,1,1909.7046852111816,0.4584789276123047,wine,1,0.35,0.12,0.3
metacog,0.3888888888888889,0.3333333333333333,0.18666666666666668,0.0,0.5,,0.12637829618825452,0.9628190126221114,1,1,1,1809.7584247589111,0.7977485656738281,wine,2,0.35,0.12,0.3
metacog,0.3888888888888889,0.3333333333333333,0.18666666666666668,0.0,0.5,,0.08826130698690134,0.9716808402437557,1,1,1,1818.9795017242432,0.4036426544189453,wine,3,0.35,0.12,0.3
metacog,0.3888888888888889,0.3333333333333333,0.18666666666666668,0.0,0.5,,0.06047926749204607,0.8796421389376234,1,1,1,1782.7081680297852,0.4494190216064453,wine,4,0.35,0.12,0.3
metacog,0.6140350877192983,0.5,0.3804347826086957,0.0,0.5,0.6140350877192983,0.16888261642988234,0.996438889669009,1,1,1,20427.554845809937,1.2400150299072266,breast_cancer,0,0.35,0.12,0.3
metacog,0.6140350877192983,0.5,0.3804347826086957,0.0,0.5,0.6140350877192983,0.17301101243890643,0.9800388511449721,1,1,1,21506.596088409424,1.2333393096923828,breast_cancer,1,0.35,0.12,0.3
metacog,0.631578947368421,0.5,0.3870967741935484,0.0,0.5,0.631578947368421,0.0971257789267817,0.9978297494359547,1,1,1,21900.015592575073,1.2104511260986328,breast_cancer,2,0.35,0.12,0.3
metacog,0.8421052631578947,0.7956349206349207,0.8144665461121157,0.662595343916706,0.7982804232804233,0.8102115937789479,0.4125268785528514,0.9654808723040684,5,3,3,53762.943744659424,1.567840576171875,breast_cancer,3,0.35,0.12,0.3
metacog,0.631578947368421,0.5,0.3870967741935484,0.0,0.5,0.631578947368421,0.26773643154259474,0.9718729874477393,1,1,1,20763.436794281006,1.2278556823730469,breast_cancer,4,0.35,0.12,0.3
metacog,0.8,0.5652173913043478,0.5579133510167993,0.32177789389368455,0.5652173913043478,0.33043478260869563,0.5541350673001662,1.0,3,2,2,6842.175722122192,4.647731781005859,adult,0,0.35,0.12,0.3
metacog,0.805,0.5913325804630153,0.6010434248887525,0.3371846188159856,0.5913325804630153,0.3450790513833992,0.6867096625830987,0.99993115173406,5,3,3,9704.493522644043,5.840539932250977,adult,1,0.35,0.12,0.3
metacog,0.8,0.5652173913043478,0.5579133510167993,0.32177789389368455,0.5652173913043478,0.33043478260869563,0.5177485492624431,1.0,3,2,2,6473.92463684082,4.889726638793945,adult,2,0.35,0.12,0.3
metacog,0.805,0.5760869565217391,0.5758795062802458,0.34845909958918564,0.5760869565217391,0.3471739130434783,0.5289958634037956,0.9989156713474379,3,2,2,7087.214231491089,5.817890167236328,adult,3,0.35,0.12,0.3
metacog,0.795,0.5543478260869565,0.5392999606719479,0.29298753307495307,0.5543478260869565,0.31369565217391304,0.5123123594125598,1.0,3,2,2,6489.247560501099,4.552364349365234,adult,4,0.35,0.12,0.3
metacog,0.3333333333333333,0.3333333333333333,0.16666666666666666,0.0,0.5,,1.0,0.9973710865078222,1,1,1,239.30931091308594,0.3514289855957031,iris,0,0.35,0.12,0.4
metacog,0.3333333333333333,0.3333333333333333,0.16666666666666666,0.0,0.5,,1.0,0.9970757773947009,1,1,1,231.88328742980957,0.41031837463378906,iris,1,0.35,0.12,0.4
metacog,0.3333333333333333,0.3333333333333333,0.16666666666666666,0.0,0.5,,1.0,0.9977269338811082,1,1,1,249.40872192382812,0.7195472717285156,iris,2,0.35,0.12,0.4
metacog,0.3333333333333333,0.3333333333333333,0.16666666666666666,0.0,0.5,,1.0,0.9961780853484691,1,1,1,250.69785118103027,0.5350112915039062,iris,3,0.35,0.12,0.4
metacog,0.3333333333333333,0.3333333333333333,0.16666666666666666,0.0,0.5,,0.8413882683090157,0.9971051500737994,1,1,1,266.895055770874,0.5698204040527344,iris,4,0.35,0.12,0.4
metacog,0.3888888888888889,0.3333333333333333,0.18666666666666668,0.0,0.5,,0.05448551404923955,0.8356166464548431,1,1,1,1851.4776229858398,0.4146099090576172,wine,0,0.35,0.12,0.4
metacog,0.3888888888888889,0.3333333333333333,0.18666666666666668,0.0,0.5,,0.10808918016984967,0.9836413568501193,1,1,1,1839.5638465881348,0.42247772216796875,wine,1,0.35,0.12,0.4
metacog,0.3888888888888889,0.3333333333333333,0.18666666666666668,0.0,0.5,,0.12637829618825452,0.9628190126221114,1,1,1,1853.074550628662,0.44918060302734375,wine,2,0.35,0.12,0.4
metacog,0.3888888888888889,0.3333333333333333,0.18666666666666668,0.0,0.5,,0.08826130698690134,0.9716808402437557,1,1,1,1850.1977920532227,0.41985511779785156,wine,3,0.35,0.12,0.4
metacog,0.3888888888888889,0.3333333333333333,0.18666666666666668,0.0,0.5,,0.06047926749204607,0.8796421389376234,1,1,1,1927.3099899291992,0.4248619079589844,wine,4,0.35,0.12,0.4
metacog,0.6140350877192983,0.5,0.3804347826086957,0.0,0.5,0.6140350877192983,0.16888261642988234,0.996438889669009,1,1,1,20169.497966766357,2.4101734161376953,breast_cancer,0,0.35,0.12,0.4
metacog,0.6140350877192983,0.5,0.3804347826086957,0.0,0.5,0.6140350877192983,0.17301101243890643,0.9800388511449721,1,1,1,20305.729389190674,2.030611038208008,breast_cancer,1,0.35,0.12,0.4
metacog,0.631578947368421,0.5,0.3870967741935484,0.0,0.5,0.631578947368421,0.0971257789267817,0.9978297494359547,1,1,1,19643.11385154724,2.9022693634033203,breast_cancer,2,0.35,0.12,0.4
metacog,0.8421052631578947,0.7956349206349207,0.8144665461121157,0.662595343916706,0.7982804232804233,0.8102115937789479,0.4125268785528514,0.9654808723040684,5,3,3,52117.796182632446,1.8694400787353516,breast_cancer,3,0.35,0.12,0.4
metacog,0.631578947368421,0.5,0.3870967741935484,0.0,0.5,0.631578947368421,0.26773643154259474,0.9718729874477393,1,1,1,18830.981016159058,1.1501312255859375,breast_cancer,4,0.35,0.12,0.4
metacog,0.8,0.5652173913043478,0.5579133510167993,0.32177789389368455,0.5652173913043478,0.33043478260869563,0.5541350673001662,1.0,3,2,2,6259.971141815186,4.561424255371094,adult,0,0.35,0.12,0.4
metacog,0.805,0.5913325804630153,0.6010434248887525,0.3371846188159856,0.5913325804630153,0.3450790513833992,0.6867096625830987,0.99993115173406,5,3,3,9282.820463180542,5.0678253173828125,adult,1,0.35,0.12,0.4
metacog,0.8,0.5652173913043478,0.5579133510167993,0.32177789389368455,0.5652173913043478,0.33043478260869563,0.5177485492624431,1.0,3,2,2,6230.618238449097,5.030632019042969,adult,2,0.35,0.12,0.4
metacog,0.805,0.5760869565217391,0.5758795062802458,0.34845909958918564,0.5760869565217391,0.3471739130434783,0.5289958634037956,0.9989156713474379,3,2,2,6273.450613021851,5.068778991699219,adult,3,0.35,0.12,0.4
metacog,0.795,0.5543478260869565,0.5392999606719479,0.29298753307495307,0.5543478260869565,0.31369565217391304,0.5123123594125598,1.0,3,2,2,6271.575927734375,5.554676055908203,adult,4,0.35,0.12,0.4
metacog,0.3333333333333333,0.3333333333333333,0.16666666666666666,0.0,0.5,,1.0,0.9973710865078222,1,1,1,250.85783004760742,0.7443428039550781,iris,0,0.35,0.12,0.5
metacog,0.3333333333333333,0.3333333333333333,0.16666666666666666,0.0,0.5,,1.0,0.9970757773947009,1,1,1,249.04346466064453,0.3478527069091797,iris,1,0.35,0.12,0.5
metacog,0.3333333333333333,0.3333333333333333,0.16666666666666666,0.0,0.5,,1.0,0.9977269338811082,1,1,1,252.21824645996094,0.34618377685546875,iris,2,0.35,0.12,0.5
metacog,0.3333333333333333,0.3333333333333333,0.16666666666666666,0.0,0.5,,1.0,0.9961780853484691,1,1,1,259.44018363952637,0.6909370422363281,iris,3,0.35,0.12,0.5
metacog,0.3333333333333333,0.3333333333333333,0.16666666666666666,0.0,0.5,,0.8413882683090157,0.9971051500737994,1,1,1,274.2767333984375,0.7128715515136719,iris,4,0.35,0.12,0.5
metacog,0.3888888888888889,0.3333333333333333,0.18666666666666668,0.0,0.5,,0.05448551404923955,0.8356166464548431,1,1,1,1863.4932041168213,0.4794597625732422,wine,0,0.35,0.12,0.5
metacog,0.3888888888888889,0.3333333333333333,0.18666666666666668,0.0,0.5,,0.10808918016984967,0.9836413568501193,1,1,1,1846.2183475494385,0.4074573516845703,wine,1,0.35,0.12,0.5
metacog,0.3888888888888889,0.3333333333333333,0.18666666666666668,0.0,0.5,,0.12637829618825452,0.9628190126221114,1,1,1,1870.7120418548584,0.42176246643066406,wine,2,0.35,0.12,0.5
metacog,0.3888888888888889,0.3333333333333333,0.18666666666666668,0.0,0.5,,0.08826130698690134,0.9716808402437557,1,1,1,1900.7587432861328,0.8282661437988281,wine,3,0.35,0.12,0.5
metacog,0.3888888888888889,0.3333333333333333,0.18666666666666668,0.0,0.5,,0.06047926749204607,0.8796421389376234,1,1,1,1949.448585510254,0.4506111145019531,wine,4,0.35,0.12,0.5
metacog,0.6140350877192983,0.5,0.3804347826086957,0.0,0.5,0.6140350877192983,0.16888261642988234,0.996438889669009,1,1,1,20444.10514831543,1.192331314086914,breast_cancer,0,0.35,0.12,0.5
metacog,0.6140350877192983,0.5,0.3804347826086957,0.0,0.5,0.6140350877192983,0.17301101243890643,0.9800388511449721,1,1,1,20462.409496307373,1.1832714080810547,breast_cancer,1,0.35,0.12,0.5
metacog,0.631578947368421,0.5,0.3870967741935484,0.0,0.5,0.631578947368421,0.0971257789267817,0.9978297494359547,1,1,1,19825.361967086792,1.8329620361328125,breast_cancer,2,0.35,0.12,0.5
metacog,0.8421052631578947,0.7956349206349207,0.8144665461121157,0.662595343916706,0.7982804232804233,0.8102115937789479,0.4125268785528514,0.9654808723040684,5,3,3,52594.63858604431,1.5435218811035156,breast_cancer,3,0.35,0.12,0.5
metacog,0.631578947368421,0.5,0.3870967741935484,0.0,0.5,0.631578947368421,0.26773643154259474,0.9718729874477393,1,1,1,19281.40640258789,1.2009143829345703,breast_cancer,4,0.35,0.12,0.5
metacog,0.8,0.5652173913043478,0.5579133510167993,0.32177789389368455,0.5652173913043478,0.33043478260869563,0.5541350673001662,1.0,3,2,2,6393.068313598633,4.49061393737793,adult,0,0.35,0.12,0.5
metacog,0.805,0.5913325804630153,0.6010434248887525,0.3371846188159856,0.5913325804630153,0.3450790513833992,0.6867096625830987,0.99993115173406,5,3,3,9383.864164352417,6.916284561157227,adult,1,0.35,0.12,0.5
metacog,0.8,0.5652173913043478,0.5579133510167993,0.32177789389368455,0.5652173913043478,0.33043478260869563,0.5177485492624431,1.0,3,2,2,6272.755146026611,4.81867790222168,adult,2,0.35,0.12,0.5
metacog,0.805,0.5760869565217391,0.5758795062802458,0.34845909958918564,0.5760869565217391,0.3471739130434783,0.5289958634037956,0.9989156713474379,3,2,2,6365.752220153809,4.518032073974609,adult,3,0.35,0.12,0.5
metacog,0.795,0.5543478260869565,0.5392999606719479,0.29298753307495307,0.5543478260869565,0.31369565217391304,0.5123123594125598,1.0,3,2,2,6271.576642990112,4.526615142822266,adult,4,0.35,0.12,0.5
metacog,0.6666666666666666,0.6666666666666666,0.5555555555555555,0.6123724356957945,0.8333333333333334,,0.5087148216635994,0.9931689782126119,3,2,2,414.0357971191406,0.48351287841796875,iris,0,0.4,0.01,0.0
metacog,0.6666666666666666,0.6666666666666666,0.5555555555555555,0.6123724356957945,0.8333333333333334,,0.5053783704402405,0.9846235543341044,3,2,2,434.09276008605957,0.4837512969970703,iris,1,0.4,0.01,0.0
metacog,0.6666666666666666,0.6666666666666666,0.5555555555555555,0.6123724356957945,0.8333333333333334,,0.5003001606412475,0.9925327311980254,3,2,2,454.93292808532715,0.7867813110351562,iris,2,0.4,0.01,0.0
metacog,0.6666666666666666,0.6666666666666666,0.5555555555555555,0.6123724356957945,0.8333333333333334,,0.5053783704402405,0.9923855873540359,3,2,2,450.7606029510498,0.46706199645996094,iris,3,0.4,0.01,0.0
metacog,0.8666666666666667,0.8666666666666667,0.8666666666666667,0.8,0.9166666666666666,,0.28577510171176046,0.9820945677620531,9,5,5,814.9988651275635,0.5474090576171875,iris,4,0.4,0.01,0.0
metacog,1.0,1.0,1.0,1.0,1.0,,0.2877135249346605,0.9622918623199627,9,5,4,5858.874559402466,1.219034194946289,wine,0,0.4,0.01,0.0
metacog,0.9444444444444444,0.9523809523809524,0.9440559440559441,0.9209401941068135,0.9810855810855811,,0.09676720274524803,0.992956148927088,9,5,5,7022.459506988525,0.5671977996826172,wine,1,0.4,0.01,0.0
metacog,0.6111111111111112,0.6,0.5185185185185185,0.5167423893288018,0.7494949494949495,,0.3774030947679678,0.9761711209664234,5,3,3,3830.9109210968018,1.0764598846435547,wine,2,0.4,0.01,0.0
metacog,0.9444444444444444,0.9523809523809524,0.9487179487179488,0.9205607476635514,0.9731240981240982,,0.25335208604515086,0.990451244453784,11,6,5,6731.982231140137,1.0728836059570312,wine,3,0.4,0.01,0.0
metacog,0.8888888888888888,0.9047619047619048,0.8885003885003885,0.8457943925233645,0.9256715506715508,,0.24828160209775718,0.9703026118717079,9,5,4,5396.403074264526,0.5614757537841797,wine,4,0.4,0.01,0.0
metacog,0.9473684210526315,0.9487012987012987,0.9449275362318841,0.8904905361044291,0.9512987012987013,0.9514896867838044,0.21358133163914025,0.9888872175996579,5,3,3,51914.31140899658,2.824544906616211,breast_cancer,0,0.4,0.01,0.0
metacog,0.9649122807017544,0.9545454545454546,0.9623015873015872,0.9273353546322172,0.9318181818181818,0.9459459459459459,0.2977781401192274,0.9858737888548949,7,4,3,52027.18639373779,1.5096664428710938,breast_cancer,1,0.4,0.01,0.0
metacog,0.9298245614035088,0.9146825396825397,0.922972972972973,0.8486684247915055,0.9034391534391535,0.9130116959064327,0.2798662637828419,0.9830167275941617,5,3,3,50041.526317596436,1.737833023071289,breast_cancer,2,0.4,0.01,0.0
metacog,0.8947368421052632,0.876984126984127,0.8844594594594595,0.7715167498104596,0.8802910052910053,0.8822099765082221,0.21762724938439484,0.9801708000469725,13,7,6,84073.94337654114,1.6407966613769531,breast_cancer,3,0.4,0.01,0.0
metacog,0.9298245614035088,0.9047619047619048,0.9210526315789473,0.8535639569308375,0.9047619047619048,0.9,0.3303387131174819,0.959075996239208,5,3,3,50154.54816818237,2.0394325256347656,breast_cancer,4,0.4,0.01,0.0
metacog,0.805,0.5760869565217391,0.5758795062802458,0.34845909958918564,0.8526962168266516,0.5659558744201101,0.20325470725985334,0.8251385401844719,17,9,8,16643.22590827942,6.293058395385742,adult,0,0.4,0.01,0.0
metacog,0.805,0.5913325804630153,0.6010434248887525,0.3371846188159856,0.7637634105025409,0.46100790513833995,0.44062217910693524,0.8797266491742846,7,4,4,11839.27035331726,5.394935607910156,adult,1,0.4,0.01,0.0
metacog,0.8,0.5652173913043478,0.5579133510167993,0.32177789389368455,0.7643280632411067,0.48775257298886787,0.23414150369523062,0.8540920656312319,13,7,5,14683.969736099243,5.932807922363281,adult,2,0.4,0.01,0.0
metacog,0.805,0.5760869565217391,0.5758795062802458,0.34845909958918564,0.8018068887634104,0.5049458908782878,0.2326180300127681,0.8406603383318082,19,10,8,17395.729303359985,5.749225616455078,adult,3,0.4,0.01,0.0
metacog,0.79,0.5511010728402033,0.5358090185676393,0.2521289991115018,0.8025832862789386,0.5020017468283223,0.18768643195424034,0.8625809138503989,17,9,8,17669.394731521606,5.764245986938477,adult,4,0.4,0.01,0.0
metacog,0.3333333333333333,0.3333333333333333,0.16666666666666666,0.0,0.5,,1.0,0.9973710865078222,1,1,1,240.45848846435547,0.3483295440673828,iris,0,0.4,0.01,0.1
metacog,0.3333333333333333,0.3333333333333333,0.16666666666666666,0.0,0.5,,1.0,0.9970757773947009,1,1,1,239.6697998046875,0.7090568542480469,iris,1,0.4,0.01,0.1
metacog,0.3333333333333333,0.3333333333333333,0.16666666666666666,0.0,0.5,,1.0,0.9977269338811082,1,1,1,245.87583541870117,0.3943443298339844,iris,2,0.4,0.01,0.1
metacog,0.3333333333333333,0.3333333333333333,0.16666666666666666,0.0,0.5,,1.0,0.9961780853484691,1,1,1,246.22488021850586,0.41747093200683594,iris,3,0.4,0.01,0.1
metacog,0.3333333333333333,0.3333333333333333,0.16666666666666666,0.0,0.5,,0.8413882683090157,0.9971051500737994,1,1,1,276.7620086669922,0.36215782165527344,iris,4,0.4,0.01,0.1
metacog,1.0,1.0,1.0,1.0,1.0,,0.2850215115593363,0.9703851012969208,7,4,3,5835.356950759888,0.6058216094970703,wine,0,0.4,0.01,0.1
metacog,0.9444444444444444,0.9523809523809524,0.9440559440559441,0.9209401941068135,0.9810855810855811,,0.09676720274524803,0.992956148927088,9,5,5,7027.635335922241,0.5970001220703125,wine,1,0.4,0.01,0.1
metacog,0.6111111111111112,0.6,0.5185185185185185,0.5167423893288018,0.7494949494949495,,0.3774030947679678,0.9761711209664234,5,3,3,3803.36594581604,0.5304813385009766,wine,2,0.4,0.01,0.1
metacog,0.6666666666666666,0.6666666666666666,0.5666666666666667,0.5995445191824106,0.8387445887445887,,0.28708262043670824,0.9870125191045439,5,3,3,3841.1428928375244,0.5214214324951172,wine,3,0.4,0.01,0.1
metacog,0.8888888888888888,0.9047619047619048,0.8885003885003885,0.8457943925233645,0.9235070485070486,,0.24828160209775718,0.9703026118717079,7,4,3,5327.291488647461,0.5636215209960938,wine,4,0.4,0.01,0.1
metacog,0.9473684210526315,0.9487012987012987,0.9449275362318841,0.8904905361044291,0.9512987012987013,0.9514896867838044,0.2128605955282232,0.9904241124341877,5,3,3,51677.2198677063,1.5063285827636719,breast_cancer,0,0.4,0.01,0.1
metacog,0.9649122807017544,0.9545454545454546,0.9623015873015872,0.9273353546322172,0.9318181818181818,0.9459459459459459,0.2972640601417964,0.9858737888548949,7,4,3,51891.54148101807,2.3431777954101562,breast_cancer,1,0.4,0.01,0.1
metacog,0.9298245614035088,0.9146825396825397,0.922972972972973,0.8486684247915055,0.9034391534391535,0.9130116959064327,0.2784189762127132,0.9902492992693803,5,3,3,49582.79275894165,1.9495487213134766,breast_cancer,2,0.4,0.01,0.1
metacog,0.8421052631578947,0.7956349206349207,0.8144665461121157,0.662595343916706,0.7982804232804233,0.8102115937789479,0.4125268785528514,0.9654808723040684,5,3,3,48438.44819068909,1.4286041259765625,breast_cancer,3,0.4,0.01,0.1
metacog,0.9298245614035088,0.9047619047619048,0.9210526315789473,0.8535639569308375,0.9047619047619048,0.9,0.32420614859132296,0.9799090550488756,5,3,3,48355.04913330078,1.4362335205078125,breast_cancer,4,0.4,0.01,0.1
metacog,0.805,0.5760869565217391,0.5758795062802458,0.34845909958918564,0.8526962168266516,0.5659558744201101,0.2081333134198335,0.7837180233418739,19,10,9,19555.8922290802,7.002830505371094,adult,0,0.4,0.01,0.1
metacog,0.805,0.5913325804630153,0.6010434248887525,0.3371846188159856,0.7637634105025409,0.46100790513833995,0.4402523890379214,0.8766580354991211,7,4,4,12255.92303276062,5.266904830932617,adult,1,0.4,0.01,0.1
metacog,0.8,0.5652173913043478,0.5579133510167993,0.32177789389368455,0.7643280632411067,0.48775257298886787,0.23414150369523062,0.8540920656312319,13,7,5,14300.545692443848,6.587743759155273,adult,2,0.4,0.01,0.1
metacog,0.805,0.5760869565217391,0.5758795062802458,0.34845909958918564,0.7727978543195934,0.4844409937888199,0.2684270624371677,0.8229594286826631,7,4,4,11514.037132263184,5.394935607910156,adult,3,0.4,0.01,0.1
metacog,0.79,0.5511010728402033,0.5358090185676393,0.2521289991115018,0.8025832862789386,0.5020017468283223,0.20474645038841588,0.8460408415500065,19,10,9,18872.25866317749,6.807565689086914,adult,4,0.4,0.01,0.1
metacog,0.3333333333333333,0.3333333333333333,0.16666666666666666,0.0,0.5,,1.0,0.9973710865078222,1,1,1,242.3837184906006,0.6799697875976562,iris,0,0.4,0.01,0.15
metacog,0.3333333333333333,0.3333333333333333,0.16666666666666666,0.0,0.5,,1.0,0.9970757773947009,1,1,1,224.2755889892578,0.3681182861328125,iris,1,0.4,0.01,0.15
metacog,0.3333333333333333,0.3333333333333333,0.16666666666666666,0.0,0.5,,1.0,0.9977269338811082,1,1,1,238.6772632598877,0.3662109375,iris,2,0.4,0.01,0.15
metacog,0.3333333333333333,0.3333333333333333,0.16666666666666666,0.0,0.5,,1.0,0.9961780853484691,1,1,1,244.18997764587402,0.3681182861328125,iris,3,0.4,0.01,0.15
metacog,0.3333333333333333,0.3333333333333333,0.16666666666666666,0.0,0.5,,0.8413882683090157,0.9971051500737994,1,1,1,253.98898124694824,0.36716461181640625,iris,4,0.4,0.01,0.15
metacog,1.0,1.0,1.0,1.0,1.0,,0.2850215115593363,0.9703851012969208,7,4,3,5802.825927734375,0.5667209625244141,wine,0,0.4,0.01,0.15
metacog,0.9444444444444444,0.9523809523809524,0.9440559440559441,0.9209401941068135,0.9810855810855811,,0.09676720274524803,0.992956148927088,9,5,5,6438.4260177612305,0.5981922149658203,wine,1,0.4,0.01,0.15
metacog,0.6111111111111112,0.6,0.5185185185185185,0.5167423893288018,0.7494949494949495,,0.3774030947679678,0.9761711209664234,5,3,3,3696.0394382476807,1.239776611328125,wine,2,0.4,0.01,0.15
metacog,0.6666666666666666,0.6666666666666666,0.5666666666666667,0.5995445191824106,0.8387445887445887,,0.28708262043670824,0.9870125191045439,5,3,3,3718.471050262451,0.5292892456054688,wine,3,0.4,0.01,0.15
metacog,0.8888888888888888,0.9047619047619048,0.8885003885003885,0.8457943925233645,0.9235070485070486,,0.24828160209775718,0.9703026118717079,7,4,3,5088.4740352630615,0.5679130554199219,wine,4,0.4,0.01,0.15
metacog,0.9473684210526315,0.9487012987012987,0.9449275362318841,0.8904905361044291,0.9512987012987013,0.9514896867838044,0.2128605955282232,0.9904241124341877,5,3,3,52175.615549087524,1.4944076538085938,breast_cancer,0,0.4,0.01,0.15
metacog,0.9649122807017544,0.9545454545454546,0.9623015873015872,0.9273353546322172,0.9318181818181818,0.9459459459459459,0.2972640601417964,0.9858737888548949,7,4,3,53429.10599708557,1.6071796417236328,breast_cancer,1,0.4,0.01,0.15
metacog,0.9298245614035088,0.9146825396825397,0.922972972972973,0.8486684247915055,0.9034391534391535,0.9130116959064327,0.2784189762127132,0.9902492992693803,5,3,3,50784.411668777466,1.5268325805664062,breast_cancer,2,0.4,0.01,0.15
metacog,0.8421052631578947,0.7956349206349207,0.8144665461121157,0.662595343916706,0.7982804232804233,0.8102115937789479,0.4125268785528514,0.9654808723040684,5,3,3,49548.78044128418,1.6241073608398438,breast_cancer,3,0.4,0.01,0.15
metacog,0.9298245614035088,0.9047619047619048,0.9210526315789473,0.8535639569308375,0.9047619047619048,0.9,0.32420614859132296,0.9799090550488756,5,3,3,50987.993478775024,1.6541481018066406,breast_cancer,4,0.4,0.01,0.15
metacog,0.805,0.5760869565217391,0.5758795062802458,0.34845909958918564,0.8526962168266516,0.5659558744201101,0.2081333134198335,0.7837180233418739,19,10,9,19208.627462387085,6.28352165222168,adult,0,0.4,0.01,0.15
metacog,0.805,0.5913325804630153,0.6010434248887525,0.3371846188159856,0.7637634105025409,0.46100790513833995,0.4402523890379214,0.8766580354991211,7,4,4,12416.179895401001,5.127191543579102,adult,1,0.4,0.01,0.15
metacog,0.8,0.5652173913043478,0.5579133510167993,0.32177789389368455,0.7643280632411067,0.48775257298886787,0.23414150369523062,0.8540920656312319,13,7,5,15114.720582962036,5.845546722412109,adult,2,0.4,0.01,0.15
metacog,0.805,0.5760869565217391,0.5758795062802458,0.34845909958918564,0.7727978543195934,0.4844409937888199,0.2684270624371677,0.8229594286826631,7,4,4,12034.073114395142,5.404949188232422,adult,3,0.4,0.01,0.15
metacog,0.795,0.5543478260869565,0.5392999606719479,0.29298753307495307,0.8045595708639187,0.49675191815856773,0.29144482238658037,0.9737562562239062,5,3,3,9191.272258758545,5.351543426513672,adult,4,0.4,0.01,0.15
metacog,0.3333333333333333,0.3333333333333333,0.16666666666666666,0.0,0.5,,1.0,0.9973710865078222,1,1,1,241.86968803405762,0.6721019744873047,iris,0,0.4,0.01,0.2
metacog,0.3333333333333333,0.3333333333333333,0.16666666666666666,0.0,0.5,,1.0,0.9970757773947009,1,1,1,232.70773887634277,0.38814544677734375,iris,1,0.4,0.01,0.2
metacog,0.3333333333333333,0.3333333333333333,0.16666666666666666,0.0,0.5,,1.0,0.9977269338811082,1,1,1,240.89527130126953,0.3769397735595703,iris,2,0.4,0.01,0.2
metacog,0.3333333333333333,0.3333333333333333,0.16666666666666666,0.0,0.5,,1.0,0.9961780853484691,1,1,1,254.5645236968994,0.3695487976074219,iris,3,0.4,0.01,0.2
metacog,0.3333333333333333,0.3333333333333333,0.16666666666666666,0.0,0.5,,0.8413882683090157,0.9971051500737994,1,1,1,264.6746635437012,0.4246234893798828,iris,4,0.4,0.01,0.2
metacog,1.0,1.0,1.0,1.0,1.0,,0.2850215115593363,0.9703851012969208,7,4,3,5865.251541137695,0.5581378936767578,wine,0,0.4,0.01,0.2
metacog,0.9444444444444444,0.9523809523809524,0.9440559440559441,0.9209401941068135,0.9810855810855811,,0.09676720274524803,0.992956148927088,9,5,5,6583.809375762939,0.6070137023925781,wine,1,0.4,0.01,0.2
metacog,0.6111111111111112,0.6,0.5185185185185185,0.5167423893288018,0.7494949494949495,,0.3774030947679678,0.9761711209664234,5,3,3,3772.005796432495,1.1715888977050781,wine,2,0.4,0.01,0.2
metacog,0.6666666666666666,0.6666666666666666,0.5666666666666667,0.5995445191824106,0.8387445887445887,,0.28708262043670824,0.9870125191045439,5,3,3,3767.8093910217285,0.5071163177490234,wine,3,0.4,0.01,0.2
metacog,0.8888888888888888,0.9047619047619048,0.8885003885003885,0.8457943925233645,0.9235070485070486,,0.24828160209775718,0.9703026118717079,7,4,3,5145.50518989563,0.789642333984375,wine,4,0.4,0.01,0.2
metacog,0.9473684210526315,0.9487012987012987,0.9449275362318841,0.8904905361044291,0.9512987012987013,0.9514896867838044,0.2128605955282232,0.9904241124341877,5,3,3,52757.97414779663,1.8186569213867188,breast_cancer,0,0.4,0.01,0.2
metacog,0.9649122807017544,0.9545454545454546,0.9623015873015872,0.9273353546322172,0.9318181818181818,0.9459459459459459,0.2972640601417964,0.9858737888548949,7,4,3,54061.33794784546,1.5902519226074219,breast_cancer,1,0.4,0.01,0.2
metacog,0.9298245614035088,0.9146825396825397,0.922972972972973,0.8486684247915055,0.9034391534391535,0.9130116959064327,0.2784189762127132,0.9902492992693803,5,3,3,51185.71877479553,1.516580581665039,breast_cancer,2,0.4,0.01,0.2
metacog,0.8421052631578947,0.7956349206349207,0.8144665461121157,0.662595343916706,0.7982804232804233,0.8102115937789479,0.4125268785528514,0.9654808723040684,5,3,3,50098.03819656372,1.4913082122802734,breast_cancer,3,0.4,0.01,0.2
metacog,0.9298245614035088,0.9047619047619048,0.9210526315789473,0.8535639569308375,0.9047619047619048,0.9,0.32420614859132296,0.9799090550488756,5,3,3,51936.352491378784,1.4464855194091797,breast_cancer,4,0.4,0.01,0.2
metacog,0.805,0.5760869565217391,0.5758795062802458,0.34845909958918564,0.8530491247882552,0.5659558744201101,0.27640418328551447,0.7779513614860638,11,6,5,14079.160928726196,5.909442901611328,adult,0,0.4,0.01,0.2
metacog,0.805,0.5913325804630153,0.6010434248887525,0.3371846188159856,0.7637634105025409,0.46100790513833995,0.4402523890379214,0.8766580354991211,7,4,4,12527.08888053894,6.793737411499023,adult,1,0.4,0.01,0.2
metacog,0.8,0.5652173913043478,0.5579133510167993,0.32177789389368455,0.7644692264257482,0.47446754883427855,0.2522914703619224,0.9079405356615389,11,6,5,14172.991752624512,5.597591400146484,adult,2,0.4,0.01,0.2
metacog,0.805,0.5760869565217391,0.5758795062802458,0.34845909958918564,0.7727978543195934,0.4844409937888199,0.2684270624371677,0.8229594286826631,7,4,4,12178.49850654602,5.913019180297852,adult,3,0.4,0.01,0.2
metacog,0.795,0.5543478260869565,0.5392999606719479,0.29298753307495307,0.8045595708639187,0.49675191815856773,0.29144482238658037,0.9737562562239062,5,3,3,9215.954542160034,4.731416702270508,adult,4,0.4,0.01,0.2
metacog,0.3333333333333333,0.3333333333333333,0.16666666666666666,0.0,0.5,,1.0,0.9973710865078222,1,1,1,231.01472854614258,0.3609657287597656,iris,0,0.4,0.01,0.3
metacog,0.3333333333333333,0.3333333333333333,0.16666666666666666,0.0,0.5,,1.0,0.9970757773947009,1,1,1,234.43913459777832,0.39768218994140625,iris,1,0.4,0.01,0.3
metacog,0.3333333333333333,0.3333333333333333,0.16666666666666666,0.0,0.5,,1.0,0.9977269338811082,1,1,1,245.22900581359863,0.3609657287597656,iris,2,0.4,0.01,0.3
metacog,0.3333333333333333,0.3333333333333333,0.16666666666666666,0.0,0.5,,1.0,0.9961780853484691,1,1,1,236.6955280303955,0.41484832763671875,iris,3,0.4,0.01,0.3
metacog,0.3333333333333333,0.3333333333333333,0.16666666666666666,0.0,0.5,,0.8413882683090157,0.9971051500737994,1,1,1,245.28145790100098,0.37288665771484375,iris,4,0.4,0.01,0.3
metacog,1.0,1.0,1.0,1.0,1.0,,0.2850215115593363,0.9703851012969208,7,4,3,5757.741451263428,0.6468296051025391,wine,0,0.4,0.01,0.3
metacog,0.9444444444444444,0.9523809523809524,0.9440559440559441,0.9209401941068135,0.9810855810855811,,0.09676720274524803,0.992956148927088,9,5,5,6415.840148925781,0.8029937744140625,wine,1,0.4,0.01,0.3
metacog,0.6111111111111112,0.6,0.5185185185185185,0.5167423893288018,0.7494949494949495,,0.3774030947679678,0.9761711209664234,5,3,3,3692.4126148223877,0.5254745483398438,wine,2,0.4,0.01,0.3
metacog,0.6666666666666666,0.6666666666666666,0.5666666666666667,0.5995445191824106,0.8387445887445887,,0.28708262043670824,0.9870125191045439,5,3,3,3663.912296295166,0.5035400390625,wine,3,0.4,0.01,0.3
metacog,0.8888888888888888,0.9047619047619048,0.8885003885003885,0.8457943925233645,0.9235070485070486,,0.24828160209775718,0.9703026118717079,7,4,3,5039.41011428833,0.5693435668945312,wine,4,0.4,0.01,0.3
metacog,0.9473684210526315,0.9487012987012987,0.9449275362318841,0.8904905361044291,0.9512987012987013,0.9514896867838044,0.2128605955282232,0.9904241124341877,5,3,3,51773.73957633972,1.505136489868164,breast_cancer,0,0.4,0.01,0.3
metacog,0.9649122807017544,0.9545454545454546,0.9623015873015872,0.9273353546322172,0.9318181818181818,0.9459459459459459,0.2972640601417964,0.9858737888548949,7,4,3,52772.99618721008,1.5375614166259766,breast_cancer,1,0.4,0.01,0.3
metacog,0.9298245614035088,0.9146825396825397,0.922972972972973,0.8486684247915055,0.9034391534391535,0.9130116959064327,0.2784189762127132,0.9902492992693803,5,3,3,50410.95066070557,1.5430450439453125,breast_cancer,2,0.4,0.01,0.3
metacog,0.8421052631578947,0.7956349206349207,0.8144665461121157,0.662595343916706,0.7982804232804233,0.8102115937789479,0.4125268785528514,0.9654808723040684,5,3,3,49100.101470947266,1.5106201171875,breast_cancer,3,0.4,0.01,0.3
metacog,0.9298245614035088,0.9047619047619048,0.9210526315789473,0.8535639569308375,0.9047619047619048,0.9,0.32420614859132296,0.9799090550488756,5,3,3,50622.172355651855,1.5518665313720703,breast_cancer,4,0.4,0.01,0.3
metacog,0.805,0.5760869565217391,0.5758795062802458,0.34845909958918564,0.8462732919254659,0.5539805097451275,0.35224414805819054,0.8131964404977765,7,4,4,10339.54405784607,7.530450820922852,adult,0,0.4,0.01,0.3
metacog,0.805,0.5913325804630153,0.6010434248887525,0.3371846188159856,0.7637634105025409,0.46100790513833995,0.4402523890379214,0.8766580354991211,7,4,4,12154.516458511353,5.33747673034668,adult,1,0.4,0.01,0.3
metacog,0.8,0.5652173913043478,0.5579133510167993,0.32177789389368455,0.7644692264257482,0.47446754883427855,0.2522914703619224,0.9079405356615389,11,6,5,14101.24659538269,7.355690002441406,adult,2,0.4,0.01,0.3
metacog,0.805,0.5760869565217391,0.5758795062802458,0.34845909958918564,0.5760869565217391,0.3471739130434783,0.5289958634037956,0.9989156713474379,3,2,2,6167.24419593811,4.787206649780273,adult,3,0.4,0.01,0.3
metacog,0.795,0.5543478260869565,0.5392999606719479,0.29298753307495307,0.5543478260869565,0.31369565217391304,0.5123123594125598,1.0,3,2,2,6162.334680557251,4.9877166748046875,adult,4,0.4,0.01,0.3
metacog,0.3333333333333333,0.3333333333333333,0.16666666666666666,0.0,0.5,,1.0,0.9973710865078222,1,1,1,226.28068923950195,0.36263465881347656,iris,0,0.4,0.01,0.4
metacog,0.3333333333333333,0.3333333333333333,0.16666666666666666,0.0,0.5,,1.0,0.9970757773947009,1,1,1,232.61213302612305,0.6732940673828125,iris,1,0.4,0.01,0.4
metacog,0.3333333333333333,0.3333333333333333,0.16666666666666666,0.0,0.5,,1.0,0.9977269338811082,1,1,1,238.07764053344727,0.37169456481933594,iris,2,0.4,0.01,0.4
metacog,0.3333333333333333,0.3333333333333333,0.16666666666666666,0.0,0.5,,1.0,0.9961780853484691,1,1,1,250.0438690185547,0.36525726318359375,iris,3,0.4,0.01,0.4
metacog,0.3333333333333333,0.3333333333333333,0.16666666666666666,0.0,0.5,,0.8413882683090157,0.9971051500737994,1,1,1,256.95347785949707,0.3809928894042969,iris,4,0.4,0.01,0.4
metacog,1.0,1.0,1.0,1.0,1.0,,0.2850215115593363,0.9703851012969208,7,4,3,5749.201774597168,0.5655288696289062,wine,0,0.4,0.01,0.4
metacog,0.9444444444444444,0.9523809523809524,0.9440559440559441,0.9209401941068135,0.9810855810855811,,0.09676720274524803,0.992956148927088,7,4,4,6450.148820877075,0.5717277526855469,wine,1,0.4,0.01,0.4
metacog,0.6111111111111112,0.6,0.5185185185185185,0.5167423893288018,0.7494949494949495,,0.3774030947679678,0.9761711209664234,5,3,3,3690.8247470855713,0.5345344543457031,wine,2,0.4,0.01,0.4
metacog,0.6666666666666666,0.6666666666666666,0.5666666666666667,0.5995445191824106,0.8387445887445887,,0.28708262043670824,0.9870125191045439,5,3,3,3683.9799880981445,0.5340576171875,wine,3,0.4,0.01,0.4
metacog,0.3888888888888889,0.3333333333333333,0.18666666666666668,0.0,0.5,,0.06047926749204607,0.8796421389376234,1,1,1,1797.8975772857666,0.4093647003173828,wine,4,0.4,0.01,0.4
metacog,0.9473684210526315,0.9487012987012987,0.9449275362318841,0.8904905361044291,0.9512987012987013,0.9514896867838044,0.2128605955282232,0.9904241124341877,5,3,3,51745.856046676636,1.4979839324951172,breast_cancer,0,0.4,0.01,0.4
metacog,0.9649122807017544,0.9545454545454546,0.9623015873015872,0.9273353546322172,0.9318181818181818,0.9459459459459459,0.2972640601417964,0.9858737888548949,7,4,3,53756.229877471924,2.583026885986328,breast_cancer,1,0.4,0.01,0.4
metacog,0.9298245614035088,0.9146825396825397,0.922972972972973,0.8486684247915055,0.9034391534391535,0.9130116959064327,0.2784189762127132,0.9902492992693803,5,3,3,50972.72539138794,1.438140869140625,breast_cancer,2,0.4,0.01,0.4
metacog,0.8421052631578947,0.7956349206349207,0.8144665461121157,0.662595343916706,0.7982804232804233,0.8102115937789479,0.4125268785528514,0.9654808723040684,5,3,3,49449.94306564331,1.5323162078857422,breast_cancer,3,0.4,0.01,0.4
metacog,0.9298245614035088,0.9047619047619048,0.9210526315789473,0.8535639569308375,0.9047619047619048,0.9,0.32420614859132296,0.9799090550488756,5,3,3,51140.01131057739,1.435995101928711,breast_cancer,4,0.4,0.01,0.4
metacog,0.805,0.5760869565217391,0.5758795062802458,0.34845909958918564,0.8462732919254659,0.5539805097451275,0.35224414805819054,0.8131964404977765,7,4,4,10333.967208862305,5.65338134765625,adult,0,0.4,0.01,0.4
metacog,0.805,0.5913325804630153,0.6010434248887525,0.3371846188159856,0.7637634105025409,0.46100790513833995,0.4402523890379214,0.8766580354991211,7,4,4,12195.198774337769,7.660150527954102,adult,1,0.4,0.01,0.4
metacog,0.8,0.5652173913043478,0.5579133510167993,0.32177789389368455,0.7644692264257482,0.47446754883427855,0.2522914703619224,0.9079405356615389,11,6,5,14203.253984451294,5.709171295166016,adult,2,0.4,0.01,0.4
metacog,0.805,0.5760869565217391,0.5758795062802458,0.34845909958918564,0.5760869565217391,0.3471739130434783,0.5289958634037956,0.9989156713474379,3,2,2,6192.404270172119,4.762411117553711,adult,3,0.4,0.01,0.4
metacog,0.795,0.5543478260869565,0.5392999606719479,0.29298753307495307,0.5543478260869565,0.31369565217391304,0.5123123594125598,1.0,3,2,2,6126.276731491089,4.555940628051758,adult,4,0.4,0.01,0.4
metacog,0.3333333333333333,0.3333333333333333,0.16666666666666666,0.0,0.5,,1.0,0.9973710865078222,1,1,1,262.32314109802246,0.3757476806640625,iris,0,0.4,0.01,0.5
metacog,0.3333333333333333,0.3333333333333333,0.16666666666666666,0.0,0.5,,1.0,0.9970757773947009,1,1,1,248.1391429901123,0.36716461181640625,iris,1,0.4,0.01,0.5
metacog,0.3333333333333333,0.3333333333333333,0.16666666666666666,0.0,0.5,,1.0,0.9977269338811082,1,1,1,240.31805992126465,0.6947517395019531,iris,2,0.4,0.01,0.5
metacog,0.3333333333333333,0.3333333333333333,0.16666666666666666,0.0,0.5,,1.0,0.9961780853484691,1,1,1,238.98625373840332,0.3597736358642578,iris,3,0.4,0.01,0.5
metacog,0.3333333333333333,0.3333333333333333,0.16666666666666666,0.0,0.5,,0.8413882683090157,0.9971051500737994,1,1,1,258.24618339538574,0.7071495056152344,iris,4,0.4,0.01,0.5
metacog,0.3888888888888889,0.3333333333333333,0.18666666666666668,0.0,0.5,,0.05448551404923955,0.8356166464548431,1,1,1,1905.3707122802734,0.7851123809814453,wine,0,0.4,0.01,0.5
metacog,0.9444444444444444,0.9523809523809524,0.9440559440559441,0.9209401941068135,0.9810855810855811,,0.09676720274524803,0.992956148927088,7,4,4,6700.38914680481,0.6241798400878906,wine,1,0.4,0.01,0.5
metacog,0.6111111111111112,0.6,0.5185185185185185,0.5167423893288018,0.7494949494949495,,0.3774030947679678,0.9761711209664234,5,3,3,3696.101427078247,0.5388259887695312,wine,2,0.4,0.01,0.5
metacog,0.6666666666666666,0.6666666666666666,0.5666666666666667,0.5995445191824106,0.8387445887445887,,0.28708262043670824,0.9870125191045439,5,3,3,3667.123556137085,0.54931640625,wine,3,0.4,0.01,0.5
metacog,0.3888888888888889,0.3333333333333333,0.18666666666666668,0.0,0.5,,0.06047926749204607,0.8796421389376234,1,1,1,1928.1666278839111,0.4184246063232422,wine,4,0.4,0.01,0.5
metacog,0.9473684210526315,0.9487012987012987,0.9449275362318841,0.8904905361044291,0.9512987012987013,0.9514896867838044,0.2128605955282232,0.9904241124341877,5,3,3,53452.03948020935,1.7979145050048828,breast_cancer,0,0.4,0.01,0.5
metacog,0.9649122807017544,0.9545454545454546,0.9623015873015872,0.9273353546322172,0.9318181818181818,0.9459459459459459,0.2972640601417964,0.9858737888548949,7,4,3,51562.89339065552,1.5192031860351562,breast_cancer,1,0.4,0.01,0.5
metacog,0.9298245614035088,0.9146825396825397,0.922972972972973,0.8486684247915055,0.9034391534391535,0.9130116959064327,0.2784189762127132,0.9902492992693803,5,3,3,52781.27455711365,1.5110969543457031,breast_cancer,2,0.4,0.01,0.5
metacog,0.8421052631578947,0.7956349206349207,0.8144665461121157,0.662595343916706,0.7982804232804233,0.8102115937789479,0.4125268785528514,0.9654808723040684,5,3,3,51659.422397613525,1.4243125915527344,breast_cancer,3,0.4,0.01,0.5
metacog,0.9298245614035088,0.9047619047619048,0.9210526315789473,0.8535639569308375,0.9047619047619048,0.9,0.32420614859132296,0.9799090550488756,5,3,3,52083.45341682434,1.9998550415039062,breast_cancer,4,0.4,0.01,0.5
metacog,0.805,0.5760869565217391,0.5758795062802458,0.34845909958918564,0.8462732919254659,0.5539805097451275,0.35224414805819054,0.8131964404977765,7,4,4,10557.804584503174,6.5097808837890625,adult,0,0.4,0.01,0.5
metacog,0.805,0.5913325804630153,0.6010434248887525,0.3371846188159856,0.7637634105025409,0.46100790513833995,0.4402523890379214,0.8766580354991211,7,4,4,12387.409687042236,5.418539047241211,adult,1,0.4,0.01,0.5
metacog,0.8,0.5652173913043478,0.5579133510167993,0.32177789389368455,0.7644692264257482,0.47446754883427855,0.2522914703619224,0.9079405356615389,11,6,5,14049.851655960083,6.830453872680664,adult,2,0.4,0.01,0.5
metacog,0.805,0.5760869565217391,0.5758795062802458,0.34845909958918564,0.5760869565217391,0.3471739130434783,0.5289958634037956,0.9989156713474379,3,2,2,6399.864196777344,5.072593688964844,adult,3,0.4,0.01,0.5
metacog,0.795,0.5543478260869565,0.5392999606719479,0.29298753307495307,0.5543478260869565,0.31369565217391304,0.5123123594125598,1.0,3,2,2,6193.111419677734,4.7817230224609375,adult,4,0.4,0.01,0.5
metacog,0.6666666666666666,0.6666666666666666,0.5555555555555555,0.6123724356957945,0.8333333333333334,,0.5087148216635994,0.9931689782126119,3,2,2,456.97760581970215,0.6511211395263672,iris,0,0.4,0.03,0.0
metacog,0.6666666666666666,0.6666666666666666,0.5555555555555555,0.6123724356957945,0.8333333333333334,,0.5053783704402405,0.9846235543341044,3,2,2,432.4460029602051,0.44035911560058594,iris,1,0.4,0.03,0.0
metacog,0.6666666666666666,0.6666666666666666,0.5555555555555555,0.6123724356957945,0.8333333333333334,,0.5003001606412475,0.9925327311980254,3,2,2,436.0518455505371,0.4203319549560547,iris,2,0.4,0.03,0.0
metacog,0.6666666666666666,0.6666666666666666,0.5555555555555555,0.6123724356957945,0.8333333333333334,,0.5053783704402405,0.9923855873540359,3,2,2,487.6363277435303,0.4978179931640625,iris,3,0.4,0.03,0.0
metacog,0.8666666666666667,0.8666666666666667,0.8666666666666667,0.8,0.9166666666666666,,0.3480481874205793,0.9787975908486728,7,4,4,731.2891483306885,0.5104541778564453,iris,4,0.4,0.03,0.0
metacog,1.0,1.0,1.0,1.0,1.0,,0.2877135249346605,0.9622918623199627,9,5,4,5855.746746063232,0.5667209625244141,wine,0,0.4,0.03,0.0
metacog,0.9444444444444444,0.9523809523809524,0.9440559440559441,0.9209401941068135,0.9810855810855811,,0.09676720274524803,0.992956148927088,7,4,4,6456.986904144287,0.5693435668945312,wine,1,0.4,0.03,0.0
metacog,0.6111111111111112,0.6,0.5185185185185185,0.5167423893288018,0.7494949494949495,,0.3774030947679678,0.9761711209664234,5,3,3,3767.756700515747,0.5652904510498047,wine,2,0.4,0.03,0.0
metacog,0.6666666666666666,0.6666666666666666,0.5666666666666667,0.5995445191824106,0.8387445887445887,,0.28708262043670824,0.9870125191045439,5,3,3,3790.2889251708984,0.8590221405029297,wine,3,0.4,0.03,0.0
metacog,0.8888888888888888,0.9047619047619048,0.8885003885003885,0.8457943925233645,0.9235070485070486,,0.24828160209775718,0.9703026118717079,7,4,3,5211.422681808472,0.5934238433837891,wine,4,0.4,0.03,0.0
metacog,0.9473684210526315,0.9487012987012987,0.9449275362318841,0.8904905361044291,0.9512987012987013,0.9514896867838044,0.21358133163914025,0.9888872175996579,5,3,3,53386.69848442078,1.6283988952636719,breast_cancer,0,0.4,0.03,0.0
metacog,0.9649122807017544,0.9545454545454546,0.9623015873015872,0.9273353546322172,0.9318181818181818,0.9459459459459459,0.2977781401192274,0.9858737888548949,7,4,3,51767.16613769531,1.6002655029296875,breast_cancer,1,0.4,0.03,0.0
metacog,0.9298245614035088,0.9146825396825397,0.922972972972973,0.8486684247915055,0.9034391534391535,0.9130116959064327,0.2798662637828419,0.9830167275941617,5,3,3,52649.80697631836,1.5451908111572266,breast_cancer,2,0.4,0.03,0.0
metacog,0.8421052631578947,0.7956349206349207,0.8144665461121157,0.662595343916706,0.7982804232804233,0.8102115937789479,0.4142019566762563,0.9709976809823655,5,3,3,50911.288022994995,1.8038749694824219,breast_cancer,3,0.4,0.03,0.0
metacog,0.9298245614035088,0.9047619047619048,0.9210526315789473,0.8535639569308375,0.9047619047619048,0.9,0.3303387131174819,0.959075996239208,5,3,3,51973.573446273804,2.7399063110351562,breast_cancer,4,0.4,0.03,0.0
metacog,0.805,0.5760869565217391,0.5758795062802458,0.34845909958918564,0.8526962168266516,0.5659558744201101,0.21656486078295398,0.8518420713817623,13,7,6,16103.453636169434,6.381511688232422,adult,0,0.4,0.03,0.0
metacog,0.805,0.5913325804630153,0.6010434248887525,0.3371846188159856,0.7637634105025409,0.46100790513833995,0.44062217910693524,0.8797266491742846,7,4,4,12262.932538986206,6.225347518920898,adult,1,0.4,0.03,0.0
metacog,0.8,0.5652173913043478,0.5579133510167993,0.32177789389368455,0.5652173913043478,0.33043478260869563,0.5177485492624431,1.0,3,2,2,6352.571725845337,4.380464553833008,adult,2,0.4,0.03,0.0
metacog,0.805,0.5760869565217391,0.5758795062802458,0.34845909958918564,0.8018068887634104,0.5049458908782878,0.2326180300127681,0.8406603383318082,17,9,8,17297.0232963562,6.658077239990234,adult,3,0.4,0.03,0.0
metacog,0.795,0.5543478260869565,0.5392999606719479,0.29298753307495307,0.5543478260869565,0.31369565217391304,0.5123123594125598,1.0,3,2,2,5941.618919372559,4.861116409301758,adult,4,0.4,0.03,0.0
metacog,0.3333333333333333,0.3333333333333333,0.16666666666666666,0.0,0.5,,1.0,0.9973710865078222,1,1,1,262.44425773620605,0.3707408905029297,iris,0,0.4,0.03,0.1
metacog,0.3333333333333333,0.3333333333333333,0.16666666666666666,0.0,0.5,,1.0,0.9970757773947009,1,1,1,258.9242458343506,0.3662109375,iris,1,0.4,0.03,0.1
metacog,0.3333333333333333,0.3333333333333333,0.16666666666666666,0.0,0.5,,1.0,0.9977269338811082,1,1,1,247.4675178527832,0.37026405334472656,iris,2,0.4,0.03,0.1
metacog,0.3333333333333333,0.3333333333333333,0.16666666666666666,0.0,0.5,,1.0,0.9961780853484691,1,1,1,248.0616569519043,0.3502368927001953,iris,3,0.4,0.03,0.1
metacog,0.3333333333333333,0.3333333333333333,0.16666666666666666,0.0,0.5,,0.8413882683090157,0.9971051500737994,1,1,1,255.69748878479004,0.34618377685546875,iris,4,0.4,0.03,0.1
metacog,1.0,1.0,1.0,1.0,1.0,,0.2850215115593363,0.9703851012969208,7,4,3,6065.141677856445,0.5388259887695312,wine,0,0.4,0.03,0.1
metacog,0.9444444444444444,0.9523809523809524,0.9440559440559441,0.9209401941068135,0.9810855810855811,,0.09676720274524803,0.992956148927088,7,4,4,6594.66552734375,0.5764961242675781,wine,1,0.4,0.03,0.1
metacog,0.6111111111111112,0.6,0.5185185185185185,0.5167423893288018,0.7494949494949495,,0.3774030947679678,0.9761711209664234,5,3,3,3739.8219108581543,0.6985664367675781,wine,2,0.4,0.03,0.1
metacog,0.6666666666666666,0.6666666666666666,0.5666666666666667,0.5995445191824106,0.8387445887445887,,0.28708262043670824,0.9870125191045439,5,3,3,4051.7380237579346,0.5047321319580078,wine,3,0.4,0.03,0.1
metacog,0.8888888888888888,0.9047619047619048,0.8885003885003885,0.8457943925233645,0.9235070485070486,,0.24828160209775718,0.9703026118717079,7,4,3,5297.14560508728,0.5762577056884766,wine,4,0.4,0.03,0.1
metacog,0.9473684210526315,0.9487012987012987,0.9449275362318841,0.8904905361044291,0.9512987012987013,0.9514896867838044,0.2128605955282232,0.9904241124341877,5,3,3,54351.40895843506,1.4407634735107422,breast_cancer,0,0.4,0.03,0.1
metacog,0.9649122807017544,0.9545454545454546,0.9623015873015872,0.9273353546322172,0.9318181818181818,0.9459459459459459,0.2972640601417964,0.9858737888548949,7,4,3,52742.28525161743,3.1681060791015625,breast_cancer,1,0.4,0.03,0.1
metacog,0.9298245614035088,0.9146825396825397,0.922972972972973,0.8486684247915055,0.9034391534391535,0.9130116959064327,0.2784189762127132,0.9902492992693803,5,3,3,53654.61778640747,1.5170574188232422,breast_cancer,2,0.4,0.03,0.1
metacog,0.8421052631578947,0.7956349206349207,0.8144665461121157,0.662595343916706,0.7982804232804233,0.8102115937789479,0.4125268785528514,0.9654808723040684,5,3,3,52408.323526382446,1.508474349975586,breast_cancer,3,0.4,0.03,0.1
metacog,0.9298245614035088,0.9047619047619048,0.9210526315789473,0.8535639569308375,0.9047619047619048,0.9,0.32420614859132296,0.9799090550488756,5,3,3,52341.36724472046,3.0248165130615234,breast_cancer,4,0.4,0.03,0.1
metacog,0.805,0.5760869565217391,0.5758795062802458,0.34845909958918564,0.8462732919254659,0.5539805097451275,0.35224414805819054,0.8131964404977765,7,4,4,10543.260097503662,6.537199020385742,adult,0,0.4,0.03,0.1
metacog,0.805,0.5913325804630153,0.6010434248887525,0.3371846188159856,0.7637634105025409,0.46100790513833995,0.4402523890379214,0.8766580354991211,7,4,4,12508.473634719849,6.335973739624023,adult,1,0.4,0.03,0.1
metacog,0.8,0.5652173913043478,0.5579133510167993,0.32177789389368455,0.5652173913043478,0.33043478260869563,0.5177485492624431,1.0,3,2,2,6399.518013000488,5.095720291137695,adult,2,0.4,0.03,0.1
metacog,0.805,0.5760869565217391,0.5758795062802458,0.34845909958918564,0.5760869565217391,0.3471739130434783,0.5289958634037956,0.9989156713474379,3,2,2,6294.656276702881,9.914398193359375,adult,3,0.4,0.03,0.1
metacog,0.795,0.5543478260869565,0.5392999606719479,0.29298753307495307,0.5543478260869565,0.31369565217391304,0.5123123594125598,1.0,3,2,2,6070.6071853637695,5.13911247253418,adult,4,0.4,0.03,0.1
metacog,0.3333333333333333,0.3333333333333333,0.16666666666666666,0.0,0.5,,1.0,0.9973710865078222,1,1,1,269.7162628173828,0.6470680236816406,iris,0,0.4,0.03,0.15
metacog,0.3333333333333333,0.3333333333333333,0.16666666666666666,0.0,0.5,,1.0,0.9970757773947009,1,1,1,249.1757869720459,0.34236907958984375,iris,1,0.4,0.03,0.15
metacog,0.3333333333333333,0.3333333333333333,0.16666666666666666,0.0,0.5,,1.0,0.9977269338811082,1,1,1,241.55664443969727,0.3681182861328125,iris,2,0.4,0.03,0.15
metacog,0.3333333333333333,0.3333333333333333,0.16666666666666666,0.0,0.5,,1.0,0.9961780853484691,1,1,1,244.16041374206543,0.36263465881347656,iris,3,0.4,0.03,0.15
metacog,0.3333333333333333,0.3333333333333333,0.16666666666666666,0.0,0.5,,0.8413882683090157,0.9971051500737994,1,1,1,255.81645965576172,0.354766845703125,iris,4,0.4,0.03,0.15
metacog,0.3888888888888889,0.3333333333333333,0.18666666666666668,0.0,0.5,,0.05448551404923955,0.8356166464548431,1,1,1,1940.901517868042,0.4067420959472656,wine,0,0.4,0.03,0.15
metacog,0.9444444444444444,0.9523809523809524,0.9440559440559441,0.9209401941068135,0.9810855810855811,,0.09676720274524803,0.992956148927088,7,4,4,6686.342000961304,0.6034374237060547,wine,1,0.4,0.03,0.15
metacog,0.6111111111111112,0.6,0.5185185185185185,0.5167423893288018,0.7494949494949495,,0.3774030947679678,0.9761711209664234,5,3,3,3708.1456184387207,0.5223751068115234,wine,2,0.4,0.03,0.15
metacog,0.6666666666666666,0.6666666666666666,0.5666666666666667,0.5995445191824106,0.8387445887445887,,0.28708262043670824,0.9870125191045439,5,3,3,3657.2442054748535,0.7293224334716797,wine,3,0.4,0.03,0.15
metacog,0.3888888888888889,0.3333333333333333,0.18666666666666668,0.0,0.5,,0.06047926749204607,0.8796421389376234,1,1,1,1897.2969055175781,0.728607177734375,wine,4,0.4,0.03,0.15
metacog,0.9473684210526315,0.9487012987012987,0.9449275362318841,0.8904905361044291,0.9512987012987013,0.9514896867838044,0.2128605955282232,0.9904241124341877,5,3,3,53917.099952697754,1.4736652374267578,breast_cancer,0,0.4,0.03,0.15
metacog,0.9649122807017544,0.9545454545454546,0.9623015873015872,0.9273353546322172,0.9318181818181818,0.9459459459459459,0.2972640601417964,0.9858737888548949,7,4,3,51883.73112678528,1.5785694122314453,breast_cancer,1,0.4,0.03,0.15
metacog,0.9298245614035088,0.9146825396825397,0.922972972972973,0.8486684247915055,0.9034391534391535,0.9130116959064327,0.2784189762127132,0.9902492992693803,5,3,3,53152.7054309845,1.5277862548828125,breast_cancer,2,0.4,0.03,0.15
metacog,0.8421052631578947,0.7956349206349207,0.8144665461121157,0.662595343916706,0.7982804232804233,0.8102115937789479,0.4125268785528514,0.9654808723040684,5,3,3,51848.48380088806,1.4934539794921875,breast_cancer,3,0.4,0.03,0.15
metacog,0.9298245614035088,0.9047619047619048,0.9210526315789473,0.8535639569308375,0.9047619047619048,0.9,0.32420614859132296,0.9799090550488756,5,3,3,52285.44569015503,1.508951187133789,breast_cancer,4,0.4,0.03,0.15
metacog,0.805,0.5760869565217391,0.5758795062802458,0.34845909958918564,0.8462732919254659,0.5539805097451275,0.35224414805819054,0.8131964404977765,7,4,4,10542.304754257202,5.327939987182617,adult,0,0.4,0.03,0.15
metacog,0.805,0.5913325804630153,0.6010434248887525,0.3371846188159856,0.7637634105025409,0.46100790513833995,0.4402523890379214,0.8766580354991211,7,4,4,12420.098304748535,6.010770797729492,adult,1,0.4,0.03,0.15
metacog,0.8,0.5652173913043478,0.5579133510167993,0.32177789389368455,0.5652173913043478,0.33043478260869563,0.5177485492624431,1.0,3,2,2,6237.311601638794,4.656553268432617,adult,2,0.4,0.03,0.15
metacog,0.805,0.5760869565217391,0.5758795062802458,0.34845909958918564,0.5760869565217391,0.3471739130434783,0.5289958634037956,0.9989156713474379,3,2,2,6256.262302398682,5.281925201416016,adult,3,0.4,0.03,0.15
metacog,0.795,0.5543478260869565,0.5392999606719479,0.29298753307495307,0.5543478260869565,0.31369565217391304,0.5123123594125598,1.0,3,2,2,6368.610382080078,5.034208297729492,adult,4,0.4,0.03,0.15
metacog,0.3333333333333333,0.3333333333333333,0.16666666666666666,0.0,0.5,,1.0,0.9973710865078222,1,1,1,236.69862747192383,0.3554821014404297,iris,0,0.4,0.03,0.2
metacog,0.3333333333333333,0.3333333333333333,0.16666666666666666,0.0,0.5,,1.0,0.9970757773947009,1,1,1,225.4476547241211,0.34546852111816406,iris,1,0.4,0.03,0.2
metacog,0.3333333333333333,0.3333333333333333,0.16666666666666666,0.0,0.5,,1.0,0.9977269338811082,1,1,1,239.42112922668457,0.44918060302734375,iris,2,0.4,0.03,0.2
metacog,0.3333333333333333,0.3333333333333333,0.16666666666666666,0.0,0.5,,1.0,0.9961780853484691,1,1,1,237.4415397644043,0.36597251892089844,iris,3,0.4,0.03,0.2
metacog,0.3333333333333333,0.3333333333333333,0.16666666666666666,0.0,0.5,,0.8413882683090157,0.9971051500737994,1,1,1,271.93260192871094,0.37932395935058594,iris,4,0.4,0.03,0.2
metacog,0.3888888888888889,0.3333333333333333,0.18666666666666668,0.0,0.5,,0.05448551404923955,0.8356166464548431,1,1,1,1780.3866863250732,0.4036426544189453,wine,0,0.4,0.03,0.2
metacog,0.9444444444444444,0.9523809523809524,0.9440559440559441,0.9209401941068135,0.9810855810855811,,0.09676720274524803,0.992956148927088,7,4,4,6351.643800735474,0.6268024444580078,wine,1,0.4,0.03,0.2
metacog,0.6111111111111112,0.6,0.5185185185185185,0.5167423893288018,0.7494949494949495,,0.3774030947679678,0.9761711209664234,5,3,3,3789.457082748413,0.6124973297119141,wine,2,0.4,0.03,0.2
metacog,0.6666666666666666,0.6666666666666666,0.5666666666666667,0.5995445191824106,0.8387445887445887,,0.28708262043670824,0.9870125191045439,5,3,3,3846.2719917297363,0.5290508270263672,wine,3,0.4,0.03,0.2
metacog,0.3888888888888889,0.3333333333333333,0.18666666666666668,0.0,0.5,,0.06047926749204607,0.8796421389376234,1,1,1,1758.460283279419,0.39768218994140625,wine,4,0.4,0.03,0.2
metacog,0.9473684210526315,0.9487012987012987,0.9449275362318841,0.8904905361044291,0.9512987012987013,0.9514896867838044,0.2128605955282232,0.9904241124341877,5,3,3,49742.18845367432,1.4109611511230469,breast_cancer,0,0.4,0.03,0.2
metacog,0.9649122807017544,0.9545454545454546,0.9623015873015872,0.9273353546322172,0.9318181818181818,0.9459459459459459,0.2972640601417964,0.9858737888548949,7,4,3,50044.76499557495,1.5077590942382812,breast_cancer,1,0.4,0.03,0.2
metacog,0.9298245614035088,0.9146825396825397,0.922972972972973,0.8486684247915055,0.9034391534391535,0.9130116959064327,0.2784189762127132,0.9902492992693803,5,3,3,51483.68716239929,2.634286880493164,breast_cancer,2,0.4,0.03,0.2
metacog,0.8421052631578947,0.7956349206349207,0.8144665461121157,0.662595343916706,0.7982804232804233,0.8102115937789479,0.4125268785528514,0.9654808723040684,5,3,3,51051.14698410034,2.256631851196289,breast_cancer,3,0.4,0.03,0.2
metacog,0.9298245614035088,0.9047619047619048,0.9210526315789473,0.8535639569308375,0.9047619047619048,0.9,0.32420614859132296,0.9799090550488756,5,3,3,50453.19747924805,1.5206336975097656,breast_cancer,4,0.4,0.03,0.2
metacog,0.805,0.5760869565217391,0.5758795062802458,0.34845909958918564,0.8462732919254659,0.5539805097451275,0.35224414805819054,0.8131964404977765,7,4,4,10813.689708709717,4.95457649230957,adult,0,0.4,0.03,0.2
metacog,0.805,0.5913325804630153,0.6010434248887525,0.3371846188159856,0.7637634105025409,0.46100790513833995,0.4402523890379214,0.8766580354991211,7,4,4,12131.49118423462,5.402565002441406,adult,1,0.4,0.03,0.2
metacog,0.8,0.5652173913043478,0.5579133510167993,0.32177789389368455,0.5652173913043478,0.33043478260869563,0.5177485492624431,1.0,3,2,2,6168.1177616119385,4.953145980834961,adult,2,0.4,0.03,0.2
metacog,0.805,0.5760869565217391,0.5758795062802458,0.34845909958918564,0.5760869565217391,0.3471739130434783,0.5289958634037956,0.9989156713474379,3,2,2,5998.335599899292,4.554510116577148,adult,3,0.4,0.03,0.2
metacog,0.795,0.5543478260869565,0.5392999606719479,0.29298753307495307,0.5543478260869565,0.31369565217391304,0.5123123594125598,1.0,3,2,2,5965.52848815918,4.537105560302734,adult,4,0.4,0.03,0.2
metacog,0.3333333333333333,0.3333333333333333,0.16666666666666666,0.0,0.5,,1.0,0.9973710865078222,1,1,1,236.57965660095215,0.3669261932373047,iris,0,0.4,0.03,0.3
metacog,0.3333333333333333,0.3333333333333333,0.16666666666666666,0.0,0.5,,1.0,0.9970757773947009,1,1,1,234.3118190765381,0.3426074981689453,iris,1,0.4,0.03,0.3
metacog,0.3333333333333333,0.3333333333333333,0.16666666666666666,0.0,0.5,,1.0,0.9977269338811082,1,1,1,244.49920654296875,0.5323886871337891,iris,2,0.4,0.03,0.3
metacog,0.3333333333333333,0.3333333333333333,0.16666666666666666,0.0,0.5,,1.0,0.9961780853484691,1,1,1,235.80598831176758,0.3483295440673828,iris,3,0.4,0.03,0.3
metacog,0.3333333333333333,0.3333333333333333,0.16666666666666666,0.0,0.5,,0.8413882683090157,0.9971051500737994,1,1,1,260.04528999328613,0.3705024719238281,iris,4,0.4,0.03,0.3
metacog,0.3888888888888889,0.3333333333333333,0.18666666666666668,0.0,0.5,,0.05448551404923955,0.8356166464548431,1,1,1,1775.6977081298828,0.4088878631591797,wine,0,0.4,0.03,0.3
metacog,0.6111111111111112,0.6190476190476191,0.5135566188197767,0.4785101489172643,0.7938561438561439,,0.1166620945266864,0.9923821235256528,5,3,3,4923.770427703857,0.5218982696533203,wine,1,0.4,0.03,0.3
metacog,0.6111111111111112,0.6,0.5185185185185185,0.5167423893288018,0.7494949494949495,,0.3774030947679678,0.9761711209664234,5,3,3,3751.7876625061035,0.6487369537353516,wine,2,0.4,0.03,0.3
metacog,0.3888888888888889,0.3333333333333333,0.18666666666666668,0.0,0.5,,0.08826130698690134,0.9716808402437557,1,1,1,1805.6085109710693,0.4374980926513672,wine,3,0.4,0.03,0.3
metacog,0.3888888888888889,0.3333333333333333,0.18666666666666668,0.0,0.5,,0.06047926749204607,0.8796421389376234,1,1,1,1905.623435974121,0.41961669921875,wine,4,0.4,0.03,0.3
metacog,0.9473684210526315,0.9487012987012987,0.9449275362318841,0.8904905361044291,0.9512987012987013,0.9514896867838044,0.2128605955282232,0.9904241124341877,5,3,3,49685.55784225464,2.4912357330322266,breast_cancer,0,0.4,0.03,0.3
metacog,0.9824561403508771,0.9772727272727273,0.981329839502129,0.9633432944855655,0.9772727272727273,0.9722222222222222,0.2972640601417964,0.9858737888548949,5,3,3,50077.86178588867,1.4355182647705078,breast_cancer,1,0.4,0.03,0.3
metacog,0.631578947368421,0.5,0.3870967741935484,0.0,0.5,0.631578947368421,0.0971257789267817,0.9978297494359547,1,1,1,19038.925647735596,1.2297630310058594,breast_cancer,2,0.4,0.03,0.3
metacog,0.8421052631578947,0.7956349206349207,0.8144665461121157,0.662595343916706,0.7982804232804233,0.8102115937789479,0.4125268785528514,0.9654808723040684,5,3,3,51928.92360687256,1.7998218536376953,breast_cancer,3,0.4,0.03,0.3
metacog,0.9298245614035088,0.9047619047619048,0.9210526315789473,0.8535639569308375,0.9047619047619048,0.9,0.32420614859132296,0.9799090550488756,5,3,3,50865.368366241455,1.6283988952636719,breast_cancer,4,0.4,0.03,0.3
metacog,0.805,0.5760869565217391,0.5758795062802458,0.34845909958918564,0.8462732919254659,0.5539805097451275,0.35224414805819054,0.8131964404977765,7,4,4,10474.890947341919,5.741119384765625,adult,0,0.4,0.03,0.3
metacog,0.805,0.5913325804630153,0.6010434248887525,0.3371846188159856,0.7637634105025409,0.46100790513833995,0.4402523890379214,0.8766580354991211,7,4,4,12349.35450553894,5.599498748779297,adult,1,0.4,0.03,0.3
metacog,0.8,0.5652173913043478,0.5579133510167993,0.32177789389368455,0.5652173913043478,0.33043478260869563,0.5177485492624431,1.0,3,2,2,6163.67769241333,5.421638488769531,adult,2,0.4,0.03,0.3
metacog,0.805,0.5760869565217391,0.5758795062802458,0.34845909958918564,0.5760869565217391,0.3471739130434783,0.5289958634037956,0.9989156713474379,3,2,2,6185.011863708496,4.368782043457031,adult,3,0.4,0.03,0.3
metacog,0.795,0.5543478260869565,0.5392999606719479,0.29298753307495307,0.5543478260869565,0.31369565217391304,0.5123123594125598,1.0,3,2,2,6552.596807479858,4.2476654052734375,adult,4,0.4,0.03,0.3
metacog,0.3333333333333333,0.3333333333333333,0.16666666666666666,0.0,0.5,,1.0,0.9973710865078222,1,1,1,240.5252456665039,0.36644935607910156,iris,0,0.4,0.03,0.4
metacog,0.3333333333333333,0.3333333333333333,0.16666666666666666,0.0,0.5,,1.0,0.9970757773947009,1,1,1,236.65452003479004,0.3752708435058594,iris,1,0.4,0.03,0.4
metacog,0.3333333333333333,0.3333333333333333,0.16666666666666666,0.0,0.5,,1.0,0.9977269338811082,1,1,1,247.4048137664795,0.34999847412109375,iris,2,0.4,0.03,0.4
metacog,0.3333333333333333,0.3333333333333333,0.16666666666666666,0.0,0.5,,1.0,0.9961780853484691,1,1,1,238.4035587310791,0.6580352783203125,iris,3,0.4,0.03,0.4
metacog,0.3333333333333333,0.3333333333333333,0.16666666666666666,0.0,0.5,,0.8413882683090157,0.9971051500737994,1,1,1,267.9142951965332,0.3662109375,iris,4,0.4,0.03,0.4
metacog,0.3888888888888889,0.3333333333333333,0.18666666666666668,0.0,0.5,,0.05448551404923955,0.8356166464548431,1,1,1,1824.1138458251953,0.4057884216308594,wine,0,0.4,0.03,0.4
metacog,0.3888888888888889,0.3333333333333333,0.18666666666666668,0.0,0.5,,0.10808918016984967,0.9836413568501193,1,1,1,1766.6327953338623,0.4074573516845703,wine,1,0.4,0.03,0.4
metacog,0.6111111111111112,0.6,0.5185185185185185,0.5167423893288018,0.7494949494949495,,0.3774030947679678,0.9761711209664234,5,3,3,3745.3620433807373,0.560760498046875,wine,2,0.4,0.03,0.4
metacog,0.3888888888888889,0.3333333333333333,0.18666666666666668,0.0,0.5,,0.08826130698690134,0.9716808402437557,1,1,1,1797.0168590545654,0.4074573516845703,wine,3,0.4,0.03,0.4
metacog,0.3888888888888889,0.3333333333333333,0.18666666666666668,0.0,0.5,,0.06047926749204607,0.8796421389376234,1,1,1,1871.8581199645996,0.4515647888183594,wine,4,0.4,0.03,0.4
metacog,0.9473684210526315,0.9487012987012987,0.9449275362318841,0.8904905361044291,0.9512987012987013,0.9514896867838044,0.2128605955282232,0.9904241124341877,5,3,3,50462.90874481201,1.5077590942382812,breast_cancer,0,0.4,0.03,0.4
metacog,0.9824561403508771,0.9772727272727273,0.981329839502129,0.9633432944855655,0.9772727272727273,0.9722222222222222,0.2972640601417964,0.9858737888548949,5,3,3,50785.65263748169,1.4324188232421875,breast_cancer,1,0.4,0.03,0.4
metacog,0.631578947368421,0.5,0.3870967741935484,0.0,0.5,0.631578947368421,0.0971257789267817,0.9978297494359547,1,1,1,19322.436332702637,1.552581787109375,breast_cancer,2,0.4,0.03,0.4
metacog,0.8421052631578947,0.7956349206349207,0.8144665461121157,0.662595343916706,0.7982804232804233,0.8102115937789479,0.4125268785528514,0.9654808723040684,5,3,3,52632.19738006592,1.4736652374267578,breast_cancer,3,0.4,0.03,0.4
metacog,0.9298245614035088,0.9047619047619048,0.9210526315789473,0.8535639569308375,0.9047619047619048,0.9,0.32420614859132296,0.9799090550488756,5,3,3,51398.813009262085,1.5184879302978516,breast_cancer,4,0.4,0.03,0.4
metacog,0.8,0.5652173913043478,0.5579133510167993,0.32177789389368455,0.5652173913043478,0.33043478260869563,0.5541350673001662,1.0,3,2,2,6363.323211669922,5.70988655090332,adult,0,0.4,0.03,0.4
metacog,0.805,0.5913325804630153,0.6010434248887525,0.3371846188159856,0.7637634105025409,0.46100790513833995,0.4402523890379214,0.8766580354991211,7,4,4,12591.068029403687,5.81812858581543,adult,1,0.4,0.03,0.4
metacog,0.8,0.5652173913043478,0.5579133510167993,0.32177789389368455,0.5652173913043478,0.33043478260869563,0.5177485492624431,1.0,3,2,2,6229.330062866211,5.302906036376953,adult,2,0.4,0.03,0.4
metacog,0.805,0.5760869565217391,0.5758795062802458,0.34845909958918564,0.5760869565217391,0.3471739130434783,0.5289958634037956,0.9989156713474379,3,2,2,6129.115581512451,4.580497741699219,adult,3,0.4,0.03,0.4
metacog,0.795,0.5543478260869565,0.5392999606719479,0.29298753307495307,0.5543478260869565,0.31369565217391304,0.5123123594125598,1.0,3,2,2,6495.227098464966,4.632711410522461,adult,4,0.4,0.03,0.4
metacog,0.3333333333333333,0.3333333333333333,0.16666666666666666,0.0,0.5,,1.0,0.9973710865078222,1,1,1,240.89360237121582,0.36644935607910156,iris,0,0.4,0.03,0.5
metacog,0.3333333333333333,0.3333333333333333,0.16666666666666666,0.0,0.5,,1.0,0.9970757773947009,1,1,1,228.0268669128418,0.3485679626464844,iris,1,0.4,0.03,0.5
metacog,0.3333333333333333,0.3333333333333333,0.16666666666666666,0.0,0.5,,1.0,0.9977269338811082,1,1,1,242.0670986175537,0.3485679626464844,iris,2,0.4,0.03,0.5
metacog,0.3333333333333333,0.3333333333333333,0.16666666666666666,0.0,0.5,,1.0,0.9961780853484691,1,1,1,241.6059970855713,0.38123130798339844,iris,3,0.4,0.03,0.5
metacog,0.3333333333333333,0.3333333333333333,0.16666666666666666,0.0,0.5,,0.8413882683090157,0.9971051500737994,1,1,1,255.11479377746582,0.7891654968261719,iris,4,0.4,0.03,0.5
metacog,0.3888888888888889,0.3333333333333333,0.18666666666666668,0.0,0.5,,0.05448551404923955,0.8356166464548431,1,1,1,1783.0355167388916,0.4050731658935547,wine,0,0.4,0.03,0.5
metacog,0.3888888888888889,0.3333333333333333,0.18666666666666668,0.0,0.5,,0.10808918016984967,0.9836413568501193,1,1,1,1727.8387546539307,0.4088878631591797,wine,1,0.4,0.03,0.5
metacog,0.6111111111111112,0.6,0.5185185185185185,0.5167423893288018,0.7494949494949495,,0.3774030947679678,0.9761711209664234,5,3,3,3637.3283863067627,0.7226467132568359,wine,2,0.4,0.03,0.5
metacog,0.3888888888888889,0.3333333333333333,0.18666666666666668,0.0,0.5,,0.08826130698690134,0.9716808402437557,1,1,1,1762.3188495635986,0.4401206970214844,wine,3,0.4,0.03,0.5
metacog,0.3888888888888889,0.3333333333333333,0.18666666666666668,0.0,0.5,,0.06047926749204607,0.8796421389376234,1,1,1,1842.9267406463623,0.40340423583984375,wine,4,0.4,0.03,0.5
metacog,0.6140350877192983,0.5,0.3804347826086957,0.0,0.5,0.6140350877192983,0.16888261642988234,0.996438889669009,1,1,1,18930.59992790222,1.2333393096923828,breast_cancer,0,0.4,0.03,0.5
metacog,0.9824561403508771,0.9772727272727273,0.981329839502129,0.9633432944855655,0.9772727272727273,0.9722222222222222,0.2972640601417964,0.9858737888548949,5,3,3,49711.68041229248,2.261638641357422,breast_cancer,1,0.4,0.03,0.5
metacog,0.631578947368421,0.5,0.3870967741935484,0.0,0.5,0.631578947368421,0.0971257789267817,0.9978297494359547,1,1,1,18913.93518447876,1.2197494506835938,breast_cancer,2,0.4,0.03,0.5
metacog,0.8421052631578947,0.7956349206349207,0.8144665461121157,0.662595343916706,0.7982804232804233,0.8102115937789479,0.4125268785528514,0.9654808723040684,5,3,3,49803.84278297424,1.497030258178711,breast_cancer,3,0.4,0.03,0.5
metacog,0.9298245614035088,0.9047619047619048,0.9210526315789473,0.8535639569308375,0.9047619047619048,0.9,0.32420614859132296,0.9799090550488756,5,3,3,51774.23429489136,1.8243789672851562,breast_cancer,4,0.4,0.03,0.5
metacog,0.8,0.5652173913043478,0.5579133510167993,0.32177789389368455,0.5652173913043478,0.33043478260869563,0.5541350673001662,1.0,3,2,2,6273.299694061279,4.65703010559082,adult,0,0.4,0.03,0.5
metacog,0.805,0.5913325804630153,0.6010434248887525,0.3371846188159856,0.7637634105025409,0.46100790513833995,0.4402523890379214,0.8766580354991211,7,4,4,12414.485692977905,10.699987411499023,adult,1,0.4,0.03,0.5
metacog,0.8,0.5652173913043478,0.5579133510167993,0.32177789389368455,0.5652173913043478,0.33043478260869563,0.5177485492624431,1.0,3,2,2,6337.98885345459,4.590511322021484,adult,2,0.4,0.03,0.5
metacog,0.805,0.5760869565217391,0.5758795062802458,0.34845909958918564,0.5760869565217391,0.3471739130434783,0.5289958634037956,0.9989156713474379,3,2,2,6324.032545089722,4.5337677001953125,adult,3,0.4,0.03,0.5
metacog,0.795,0.5543478260869565,0.5392999606719479,0.29298753307495307,0.5543478260869565,0.31369565217391304,0.5123123594125598,1.0,3,2,2,6284.095287322998,4.8694610595703125,adult,4,0.4,0.03,0.5
metacog,0.6666666666666666,0.6666666666666666,0.5555555555555555,0.6123724356957945,0.8333333333333334,,0.5087148216635994,0.9931689782126119,3,2,2,458.93406867980957,0.8807182312011719,iris,0,0.4,0.05,0.0
metacog,0.6666666666666666,0.6666666666666666,0.5555555555555555,0.6123724356957945,0.8333333333333334,,0.5053783704402405,0.9846235543341044,3,2,2,478.29723358154297,0.5037784576416016,iris,1,0.4,0.05,0.0
metacog,0.6666666666666666,0.6666666666666666,0.5555555555555555,0.6123724356957945,0.8333333333333334,,0.5003001606412475,0.9925327311980254,3,2,2,479.33506965637207,0.44798851013183594,iris,2,0.4,0.05,0.0
metacog,0.6666666666666666,0.6666666666666666,0.5555555555555555,0.6123724356957945,0.8333333333333334,,0.5053783704402405,0.9923855873540359,3,2,2,476.3166904449463,0.4715919494628906,iris,3,0.4,0.05,0.0
metacog,0.8666666666666667,0.8666666666666667,0.8666666666666667,0.8,0.9166666666666666,,0.4295544454919649,0.9728009417627567,5,3,3,601.2144088745117,0.6401538848876953,iris,4,0.4,0.05,0.0
metacog,0.3888888888888889,0.3333333333333333,0.18666666666666668,0.0,0.5,,0.05448551404923955,0.8356166464548431,1,1,1,1985.43119430542,0.8313655853271484,wine,0,0.4,0.05,0.0
metacog,0.9444444444444444,0.9523809523809524,0.9440559440559441,0.9209401941068135,0.9810855810855811,,0.09676720274524803,0.992956148927088,7,4,4,7197.1611976623535,0.6041526794433594,wine,1,0.4,0.05,0.0
metacog,0.6111111111111112,0.6,0.5185185185185185,0.5167423893288018,0.7494949494949495,,0.3774030947679678,0.9761711209664234,5,3,3,4196.904182434082,1.0330677032470703,wine,2,0.4,0.05,0.0
metacog,0.6666666666666666,0.6666666666666666,0.5666666666666667,0.5995445191824106,0.8387445887445887,,0.28708262043670824,0.9870125191045439,5,3,3,4245.338678359985,0.7078647613525391,wine,3,0.4,0.05,0.0
metacog,0.8888888888888888,0.9047619047619048,0.8885003885003885,0.8457943925233645,0.9235070485070486,,0.24828160209775718,0.9703026118717079,7,4,3,5628.240346908569,1.0993480682373047,wine,4,0.4,0.05,0.0
metacog,0.9473684210526315,0.9487012987012987,0.9449275362318841,0.8904905361044291,0.9512987012987013,0.9514896867838044,0.21358133163914025,0.9888872175996579,5,3,3,56028.80120277405,2.1011829376220703,breast_cancer,0,0.4,0.05,0.0
metacog,0.9824561403508771,0.9772727272727273,0.981329839502129,0.9633432944855655,0.9772727272727273,0.9722222222222222,0.2977781401192274,0.9858737888548949,5,3,3,56745.78619003296,1.8644332885742188,breast_cancer,1,0.4,0.05,0.0
metacog,0.9298245614035088,0.9146825396825397,0.922972972972973,0.8486684247915055,0.9034391534391535,0.9130116959064327,0.2798662637828419,0.9830167275941617,5,3,3,56117.98167228699,1.8069744110107422,breast_cancer,2,0.4,0.05,0.0
metacog,0.8421052631578947,0.7956349206349207,0.8144665461121157,0.662595343916706,0.7982804232804233,0.8102115937789479,0.4142019566762563,0.9709976809823655,5,3,3,56155.24172782898,1.531839370727539,breast_cancer,3,0.4,0.05,0.0
metacog,0.9298245614035088,0.9047619047619048,0.9210526315789473,0.8535639569308375,0.9047619047619048,0.9,0.3303387131174819,0.959075996239208,5,3,3,56181.27799034119,1.5540122985839844,breast_cancer,4,0.4,0.05,0.0
metacog,0.805,0.5760869565217391,0.5758795062802458,0.34845909958918564,0.8526962168266516,0.5659558744201101,0.21656486078295398,0.8518420713817623,13,7,6,17031.404733657837,6.110906600952148,adult,0,0.4,0.05,0.0
metacog,0.805,0.5913325804630153,0.6010434248887525,0.3371846188159856,0.7637634105025409,0.46100790513833995,0.44062217910693524,0.8797266491742846,7,4,4,13029.739141464233,6.887912750244141,adult,1,0.4,0.05,0.0
metacog,0.8,0.5652173913043478,0.5579133510167993,0.32177789389368455,0.5652173913043478,0.33043478260869563,0.5177485492624431,1.0,3,2,2,6523.08464050293,4.327535629272461,adult,2,0.4,0.05,0.0
metacog,0.805,0.5760869565217391,0.5758795062802458,0.34845909958918564,0.5760869565217391,0.3471739130434783,0.5289958634037956,1.0,3,2,2,6339.687824249268,5.354166030883789,adult,3,0.4,0.05,0.0
metacog,0.795,0.5543478260869565,0.5392999606719479,0.29298753307495307,0.5543478260869565,0.31369565217391304,0.5123123594125598,1.0,3,2,2,5921.281337738037,5.294561386108398,adult,4,0.4,0.05,0.0
metacog,0.3333333333333333,0.3333333333333333,0.16666666666666666,0.0,0.5,,1.0,0.9973710865078222,1,1,1,255.56063652038574,0.3669261932373047,iris,0,0.4,0.05,0.1
metacog,0.3333333333333333,0.3333333333333333,0.16666666666666666,0.0,0.5,,1.0,0.9970757773947009,1,1,1,267.8534984588623,0.3571510314941406,iris,1,0.4,0.05,0.1
metacog,0.3333333333333333,0.3333333333333333,0.16666666666666666,0.0,0.5,,1.0,0.9977269338811082,1,1,1,269.7901725769043,0.6394386291503906,iris,2,0.4,0.05,0.1
metacog,0.3333333333333333,0.3333333333333333,0.16666666666666666,0.0,0.5,,1.0,0.9961780853484691,1,1,1,273.50473403930664,0.3635883331298828,iris,3,0.4,0.05,0.1
metacog,0.3333333333333333,0.3333333333333333,0.16666666666666666,0.0,0.5,,0.8413882683090157,0.9971051500737994,1,1,1,296.4792251586914,0.35309791564941406,iris,4,0.4,0.05,0.1
metacog,0.3888888888888889,0.3333333333333333,0.18666666666666668,0.0,0.5,,0.05448551404923955,0.8356166464548431,1,1,1,2014.7254467010498,0.45180320739746094,wine,0,0.4,0.05,0.1
metacog,0.6111111111111112,0.6190476190476191,0.5135566188197767,0.4785101489172643,0.7938561438561439,,0.1166620945266864,0.9923821235256528,5,3,3,5771.028518676758,0.5211830139160156,wine,1,0.4,0.05,0.1
metacog,0.6111111111111112,0.6,0.5185185185185185,0.5167423893288018,0.7494949494949495,,0.3774030947679678,0.9761711209664234,5,3,3,4087.0962142944336,1.1475086212158203,wine,2,0.4,0.05,0.1
metacog,0.6666666666666666,0.6666666666666666,0.5666666666666667,0.5995445191824106,0.8387445887445887,,0.28708262043670824,0.9870125191045439,5,3,3,4350.86464881897,0.5204677581787109,wine,3,0.4,0.05,0.1
metacog,0.3888888888888889,0.3333333333333333,0.18666666666666668,0.0,0.5,,0.06047926749204607,0.8796421389376234,1,1,1,2115.9441471099854,0.4131793975830078,wine,4,0.4,0.05,0.1
metacog,0.9473684210526315,0.9487012987012987,0.9449275362318841,0.8904905361044291,0.9512987012987013,0.9514896867838044,0.2128605955282232,0.9904241124341877,5,3,3,57243.52955818176,1.516103744506836,breast_cancer,0,0.4,0.05,0.1
metacog,0.9824561403508771,0.9772727272727273,0.981329839502129,0.9633432944855655,0.9772727272727273,0.9722222222222222,0.2972640601417964,0.9858737888548949,5,3,3,57786.067724227905,1.8932819366455078,breast_cancer,1,0.4,0.05,0.1
metacog,0.9298245614035088,0.9146825396825397,0.922972972972973,0.8486684247915055,0.9034391534391535,0.9130116959064327,0.2784189762127132,0.9902492992693803,5,3,3,57202.75044441223,1.7583370208740234,breast_cancer,2,0.4,0.05,0.1
metacog,0.8421052631578947,0.7956349206349207,0.8144665461121157,0.662595343916706,0.7982804232804233,0.8102115937789479,0.4125268785528514,0.9654808723040684,5,3,3,57528.68556976318,3.028392791748047,breast_cancer,3,0.4,0.05,0.1
metacog,0.9298245614035088,0.9047619047619048,0.9210526315789473,0.8535639569308375,0.9047619047619048,0.9,0.32420614859132296,0.9799090550488756,5,3,3,57273.1294631958,1.474142074584961,breast_cancer,4,0.4,0.05,0.1
metacog,0.805,0.5760869565217391,0.5758795062802458,0.34845909958918564,0.8462732919254659,0.5539805097451275,0.35224414805819054,0.8131964404977765,7,4,4,11434.1561794281,5.225658416748047,adult,0,0.4,0.05,0.1
metacog,0.805,0.5913325804630153,0.6010434248887525,0.3371846188159856,0.7637634105025409,0.46100790513833995,0.4402523890379214,0.8766580354991211,7,4,4,13239.75658416748,10.336637496948242,adult,1,0.4,0.05,0.1
metacog,0.8,0.5652173913043478,0.5579133510167993,0.32177789389368455,0.5652173913043478,0.33043478260869563,0.5177485492624431,1.0,3,2,2,6679.189205169678,4.327535629272461,adult,2,0.4,0.05,0.1
metacog,0.805,0.5760869565217391,0.5758795062802458,0.34845909958918564,0.5760869565217391,0.3471739130434783,0.5289958634037956,0.9989156713474379,3,2,2,6667.1600341796875,4.567146301269531,adult,3,0.4,0.05,0.1
metacog,0.795,0.5543478260869565,0.5392999606719479,0.29298753307495307,0.5543478260869565,0.31369565217391304,0.5123123594125598,1.0,3,2,2,6361.780643463135,5.082607269287109,adult,4,0.4,0.05,0.1
metacog,0.3333333333333333,0.3333333333333333,0.16666666666666666,0.0,0.5,,1.0,0.9973710865078222,1,1,1,253.17001342773438,0.7083415985107422,iris,0,0.4,0.05,0.15
metacog,0.3333333333333333,0.3333333333333333,0.16666666666666666,0.0,0.5,,1.0,0.9970757773947009,1,1,1,251.44553184509277,0.36263465881347656,iris,1,0.4,0.05,0.15
metacog,0.3333333333333333,0.3333333333333333,0.16666666666666666,0.0,0.5,,1.0,0.9977269338811082,1,1,1,259.94205474853516,0.3445148468017578,iris,2,0.4,0.05,0.15
metacog,0.3333333333333333,0.3333333333333333,0.16666666666666666,0.0,0.5,,1.0,0.9961780853484691,1,1,1,292.5431728363037,0.6999969482421875,iris,3,0.4,0.05,0.15
metacog,0.3333333333333333,0.3333333333333333,0.16666666666666666,0.0,0.5,,0.8413882683090157,0.9971051500737994,1,1,1,297.87254333496094,0.38504600524902344,iris,4,0.4,0.05,0.15
metacog,0.3888888888888889,0.3333333333333333,0.18666666666666668,0.0,0.5,,0.05448551404923955,0.8356166464548431,1,1,1,1995.3134059906006,0.8223056793212891,wine,0,0.4,0.05,0.15
metacog,0.6111111111111112,0.6190476190476191,0.5135566188197767,0.4785101489172643,0.7938561438561439,,0.1166620945266864,0.9923821235256528,5,3,3,5683.058500289917,0.9360313415527344,wine,1,0.4,0.05,0.15
metacog,0.6111111111111112,0.6,0.5185185185185185,0.5167423893288018,0.7494949494949495,,0.3774030947679678,0.9761711209664234,5,3,3,4204.529285430908,0.5393028259277344,wine,2,0.4,0.05,0.15
metacog,0.3888888888888889,0.3333333333333333,0.18666666666666668,0.0,0.5,,0.08826130698690134,0.9716808402437557,1,1,1,2011.340856552124,0.8802413940429688,wine,3,0.4,0.05,0.15
metacog,0.3888888888888889,0.3333333333333333,0.18666666666666668,0.0,0.5,,0.06047926749204607,0.8796421389376234,1,1,1,1952.1572589874268,0.4074573516845703,wine,4,0.4,0.05,0.15
metacog,0.9473684210526315,0.9487012987012987,0.9449275362318841,0.8904905361044291,0.9512987012987013,0.9514896867838044,0.2128605955282232,0.9904241124341877,5,3,3,56531.503438949585,2.4297237396240234,breast_cancer,0,0.4,0.05,0.15
metacog,0.9824561403508771,0.9772727272727273,0.981329839502129,0.9633432944855655,0.9772727272727273,0.9722222222222222,0.2972640601417964,0.9858737888548949,5,3,3,56796.40793800354,1.5828609466552734,breast_cancer,1,0.4,0.05,0.15
metacog,0.9298245614035088,0.9146825396825397,0.922972972972973,0.8486684247915055,0.9034391534391535,0.9130116959064327,0.2784189762127132,0.9902492992693803,5,3,3,56528.97834777832,1.470327377319336,breast_cancer,2,0.4,0.05,0.15
metacog,0.8421052631578947,0.7956349206349207,0.8144665461121157,0.662595343916706,0.7982804232804233,0.8102115937789479,0.4125268785528514,0.9654808723040684,5,3,3,56925.72212219238,1.528024673461914,breast_cancer,3,0.4,0.05,0.15
metacog,0.9298245614035088,0.9047619047619048,0.9210526315789473,0.8535639569308375,0.9047619047619048,0.9,0.32420614859132296,0.9799090550488756,5,3,3,56458.96291732788,1.5118122100830078,breast_cancer,4,0.4,0.05,0.15
metacog,0.805,0.5760869565217391,0.5758795062802458,0.34845909958918564,0.8462732919254659,0.5539805097451275,0.35224414805819054,0.8131964404977765,7,4,4,11555.394649505615,4.943609237670898,adult,0,0.4,0.05,0.15
metacog,0.805,0.5913325804630153,0.6010434248887525,0.3371846188159856,0.7637634105025409,0.46100790513833995,0.4402523890379214,0.8766580354991211,7,4,4,13018.082618713379,5.893945693969727,adult,1,0.4,0.05,0.15
metacog,0.8,0.5652173913043478,0.5579133510167993,0.32177789389368455,0.5652173913043478,0.33043478260869563,0.5177485492624431,1.0,3,2,2,6613.4352684021,4.497766494750977,adult,2,0.4,0.05,0.15
metacog,0.805,0.5760869565217391,0.5758795062802458,0.34845909958918564,0.5760869565217391,0.3471739130434783,0.5289958634037956,0.9989156713474379,3,2,2,6583.303928375244,4.584550857543945,adult,3,0.4,0.05,0.15
metacog,0.795,0.5543478260869565,0.5392999606719479,0.29298753307495307,0.5543478260869565,0.31369565217391304,0.5123123594125598,1.0,3,2,2,6509.050369262695,4.320621490478516,adult,4,0.4,0.05,0.15
metacog,0.3333333333333333,0.3333333333333333,0.16666666666666666,0.0,0.5,,1.0,0.9973710865078222,1,1,1,253.78727912902832,0.3523826599121094,iris,0,0.4,0.05,0.2
metacog,0.3333333333333333,0.3333333333333333,0.16666666666666666,0.0,0.5,,1.0,0.9970757773947009,1,1,1,277.8472900390625,0.3781318664550781,iris,1,0.4,0.05,0.2
metacog,0.3333333333333333,0.3333333333333333,0.16666666666666666,0.0,0.5,,1.0,0.9977269338811082,1,1,1,248.71134757995605,0.6988048553466797,iris,2,0.4,0.05,0.2
metacog,0.3333333333333333,0.3333333333333333,0.16666666666666666,0.0,0.5,,1.0,0.9961780853484691,1,1,1,296.14853858947754,0.6473064422607422,iris,3,0.4,0.05,0.2
metacog,0.3333333333333333,0.3333333333333333,0.16666666666666666,0.0,0.5,,0.8413882683090157,0.9971051500737994,1,1,1,283.00023078918457,0.5908012390136719,iris,4,0.4,0.05,0.2
metacog,0.3888888888888889,0.3333333333333333,0.18666666666666668,0.0,0.5,,0.05448551404923955,0.8356166464548431,1,1,1,1959.4457149505615,0.4215240478515625,wine,0,0.4,0.05,0.2
metacog,0.3888888888888889,0.3333333333333333,0.18666666666666668,0.0,0.5,,0.10808918016984967,0.9836413568501193,1,1,1,1980.3717136383057,0.40602684020996094,wine,1,0.4,0.05,0.2
metacog,0.6111111111111112,0.6,0.5185185185185185,0.5167423893288018,0.7494949494949495,,0.3774030947679678,0.9761711209664234,5,3,3,4107.44571685791,0.5779266357421875,wine,2,0.4,0.05,0.2
metacog,0.3888888888888889,0.3333333333333333,0.18666666666666668,0.0,0.5,,0.08826130698690134,0.9716808402437557,1,1,1,2024.095058441162,0.8361339569091797,wine,3,0.4,0.05,0.2
metacog,0.3888888888888889,0.3333333333333333,0.18666666666666668,0.0,0.5,,0.06047926749204607,0.8796421389376234,1,1,1,1980.1180362701416,0.6260871887207031,wine,4,0.4,0.05,0.2
metacog,0.9473684210526315,0.9487012987012987,0.9449275362318841,0.8904905361044291,0.9512987012987013,0.9514896867838044,0.2128605955282232,0.9904241124341877,5,3,3,56814.80622291565,1.4858245849609375,breast_cancer,0,0.4,0.05,0.2
metacog,0.9824561403508771,0.9772727272727273,0.981329839502129,0.9633432944855655,0.9772727272727273,0.9722222222222222,0.2972640601417964,0.9858737888548949,5,3,3,57635.11371612549,1.4331340789794922,breast_cancer,1,0.4,0.05,0.2
metacog,0.631578947368421,0.5,0.3870967741935484,0.0,0.5,0.631578947368421,0.0971257789267817,0.9978297494359547,1,1,1,21810.442447662354,2.1219253540039062,breast_cancer,2,0.4,0.05,0.2
metacog,0.8421052631578947,0.7956349206349207,0.8144665461121157,0.662595343916706,0.7982804232804233,0.8102115937789479,0.4125268785528514,0.9654808723040684,5,3,3,56345.62063217163,2.214193344116211,breast_cancer,3,0.4,0.05,0.2
metacog,0.9298245614035088,0.9047619047619048,0.9210526315789473,0.8535639569308375,0.9047619047619048,0.9,0.32420614859132296,0.9799090550488756,5,3,3,56891.11089706421,1.8012523651123047,breast_cancer,4,0.4,0.05,0.2
metacog,0.805,0.5760869565217391,0.5758795062802458,0.34845909958918564,0.8462732919254659,0.5539805097451275,0.35224414805819054,0.8131964404977765,7,4,4,11816.778659820557,5.314111709594727,adult,0,0.4,0.05,0.2
metacog,0.805,0.5913325804630153,0.6010434248887525,0.3371846188159856,0.7637634105025409,0.46100790513833995,0.4402523890379214,0.8766580354991211,7,4,4,13882.038593292236,9.630680084228516,adult,1,0.4,0.05,0.2
metacog,0.8,0.5652173913043478,0.5579133510167993,0.32177789389368455,0.5652173913043478,0.33043478260869563,0.5177485492624431,1.0,3,2,2,6979.980707168579,8.872032165527344,adult,2,0.4,0.05,0.2
metacog,0.805,0.5760869565217391,0.5758795062802458,0.34845909958918564,0.5760869565217391,0.3471739130434783,0.5289958634037956,0.9989156713474379,3,2,2,7025.557994842529,8.526086807250977,adult,3,0.4,0.05,0.2
metacog,0.795,0.5543478260869565,0.5392999606719479,0.29298753307495307,0.5543478260869565,0.31369565217391304,0.5123123594125598,1.0,3,2,2,6954.480886459351,4.299640655517578,adult,4,0.4,0.05,0.2
metacog,0.3333333333333333,0.3333333333333333,0.16666666666666666,0.0,0.5,,1.0,0.9973710865078222,1,1,1,307.2798252105713,0.400543212890625,iris,0,0.4,0.05,0.3
metacog,0.3333333333333333,0.3333333333333333,0.16666666666666666,0.0,0.5,,1.0,0.9970757773947009,1,1,1,258.1217288970947,0.6759166717529297,iris,1,0.4,0.05,0.3
metacog,0.3333333333333333,0.3333333333333333,0.16666666666666666,0.0,0.5,,1.0,0.9977269338811082,1,1,1,261.23690605163574,0.5342960357666016,iris,2,0.4,0.05,0.3
metacog,0.3333333333333333,0.3333333333333333,0.16666666666666666,0.0,0.5,,1.0,0.9961780853484691,1,1,1,245.61595916748047,0.3781318664550781,iris,3,0.4,0.05,0.3
metacog,0.3333333333333333,0.3333333333333333,0.16666666666666666,0.0,0.5,,0.8413882683090157,0.9971051500737994,1,1,1,312.26539611816406,0.6771087646484375,iris,4,0.4,0.05,0.3
metacog,0.3888888888888889,0.3333333333333333,0.18666666666666668,0.0,0.5,,0.05448551404923955,0.8356166464548431,1,1,1,1934.3671798706055,0.6499290466308594,wine,0,0.4,0.05,0.3
metacog,0.3888888888888889,0.3333333333333333,0.18666666666666668,0.0,0.5,,0.10808918016984967,0.9836413568501193,1,1,1,2016.4730548858643,0.42366981506347656,wine,1,0.4,0.05,0.3
metacog,0.6111111111111112,0.6,0.5185185185185185,0.5167423893288018,0.7494949494949495,,0.3774030947679678,0.9761711209664234,5,3,3,4119.308233261108,0.5550384521484375,wine,2,0.4,0.05,0.3
metacog,0.3888888888888889,0.3333333333333333,0.18666666666666668,0.0,0.5,,0.08826130698690134,0.9716808402437557,1,1,1,1976.456880569458,0.5061626434326172,wine,3,0.4,0.05,0.3
metacog,0.3888888888888889,0.3333333333333333,0.18666666666666668,0.0,0.5,,0.06047926749204607,0.8796421389376234,1,1,1,2005.3260326385498,0.4239082336425781,wine,4,0.4,0.05,0.3
metacog,0.9473684210526315,0.9487012987012987,0.9449275362318841,0.8904905361044291,0.9512987012987013,0.9514896867838044,0.2128605955282232,0.9904241124341877,5,3,3,56825.91891288757,3.011465072631836,breast_cancer,0,0.4,0.05,0.3
metacog,0.9824561403508771,0.9772727272727273,0.981329839502129,0.9633432944855655,0.9772727272727273,0.9722222222222222,0.2972640601417964,0.9858737888548949,5,3,3,57201.52568817139,1.5053749084472656,breast_cancer,1,0.4,0.05,0.3
metacog,0.631578947368421,0.5,0.3870967741935484,0.0,0.5,0.631578947368421,0.0971257789267817,0.9978297494359547,1,1,1,22047.194242477417,1.2214183807373047,breast_cancer,2,0.4,0.05,0.3
metacog,0.8421052631578947,0.7956349206349207,0.8144665461121157,0.662595343916706,0.7982804232804233,0.8102115937789479,0.4125268785528514,0.9654808723040684,5,3,3,57514.801025390625,3.315448760986328,breast_cancer,3,0.4,0.05,0.3
metacog,0.9298245614035088,0.9047619047619048,0.9210526315789473,0.8535639569308375,0.9047619047619048,0.9,0.32420614859132296,0.9799090550488756,5,3,3,54673.00319671631,1.4302730560302734,breast_cancer,4,0.4,0.05,0.3
metacog,0.8,0.5652173913043478,0.5579133510167993,0.32177789389368455,0.5652173913043478,0.33043478260869563,0.5541350673001662,1.0,3,2,2,6413.248062133789,4.5261383056640625,adult,0,0.4,0.05,0.3
metacog,0.805,0.5913325804630153,0.6010434248887525,0.3371846188159856,0.7637634105025409,0.46100790513833995,0.4402523890379214,0.8766580354991211,7,4,4,12765.515804290771,5.524873733520508,adult,1,0.4,0.05,0.3
metacog,0.8,0.5652173913043478,0.5579133510167993,0.32177789389368455,0.5652173913043478,0.33043478260869563,0.5177485492624431,1.0,3,2,2,6367.533445358276,4.307031631469727,adult,2,0.4,0.05,0.3
metacog,0.805,0.5760869565217391,0.5758795062802458,0.34845909958918564,0.5760869565217391,0.3471739130434783,0.5289958634037956,0.9989156713474379,3,2,2,6240.2448654174805,7.124662399291992,adult,3,0.4,0.05,0.3
metacog,0.795,0.5543478260869565,0.5392999606719479,0.29298753307495307,0.5543478260869565,0.31369565217391304,0.5123123594125598,1.0,3,2,2,6197.261333465576,6.429433822631836,adult,4,0.4,0.05,0.3
metacog,0.3333333333333333,0.3333333333333333,0.16666666666666666,0.0,0.5,,1.0,0.9973710865078222,1,1,1,290.8353805541992,0.34809112548828125,iris,0,0.4,0.05,0.4
metacog,0.3333333333333333,0.3333333333333333,0.16666666666666666,0.0,0.5,,1.0,0.9970757773947009,1,1,1,275.64382553100586,0.7452964782714844,iris,1,0.4,0.05,0.4
metacog,0.3333333333333333,0.3333333333333333,0.16666666666666666,0.0,0.5,,1.0,0.9977269338811082,1,1,1,254.7290325164795,0.7684230804443359,iris,2,0.4,0.05,0.4
metacog,0.3333333333333333,0.3333333333333333,0.16666666666666666,0.0,0.5,,1.0,0.9961780853484691,1,1,1,263.43488693237305,0.37169456481933594,iris,3,0.4,0.05,0.4
metacog,0.3333333333333333,0.3333333333333333,0.16666666666666666,0.0,0.5,,0.8413882683090157,0.9971051500737994,1,1,1,280.9903621673584,0.3676414489746094,iris,4,0.4,0.05,0.4
metacog,0.3888888888888889,0.3333333333333333,0.18666666666666668,0.0,0.5,,0.05448551404923955,0.8356166464548431,1,1,1,1927.5660514831543,0.965118408203125,wine,0,0.4,0.05,0.4
metacog,0.3888888888888889,0.3333333333333333,0.18666666666666668,0.0,0.5,,0.10808918016984967,0.9836413568501193,1,1,1,2004.3764114379883,0.40268898010253906,wine,1,0.4,0.05,0.4
metacog,0.3888888888888889,0.3333333333333333,0.18666666666666668,0.0,0.5,,0.12637829618825452,0.9628190126221114,1,1,1,1954.2670249938965,0.7786750793457031,wine,2,0.4,0.05,0.4
metacog,0.3888888888888889,0.3333333333333333,0.18666666666666668,0.0,0.5,,0.08826130698690134,0.9716808402437557,1,1,1,2026.7412662506104,0.8358955383300781,wine,3,0.4,0.05,0.4
metacog,0.3888888888888889,0.3333333333333333,0.18666666666666668,0.0,0.5,,0.06047926749204607,0.8796421389376234,1,1,1,2062.5550746917725,0.6723403930664062,wine,4,0.4,0.05,0.4
metacog,0.6140350877192983,0.5,0.3804347826086957,0.0,0.5,0.6140350877192983,0.16888261642988234,0.996438889669009,1,1,1,21605.842351913452,1.2180805206298828,breast_cancer,0,0.4,0.05,0.4
metacog,0.6140350877192983,0.5,0.3804347826086957,0.0,0.5,0.6140350877192983,0.17301101243890643,0.9800388511449721,1,1,1,21787.47797012329,1.1954307556152344,breast_cancer,1,0.4,0.05,0.4
metacog,0.631578947368421,0.5,0.3870967741935484,0.0,0.5,0.631578947368421,0.0971257789267817,0.9978297494359547,1,1,1,21644.936084747314,1.2040138244628906,breast_cancer,2,0.4,0.05,0.4
metacog,0.8421052631578947,0.7956349206349207,0.8144665461121157,0.662595343916706,0.7982804232804233,0.8102115937789479,0.4125268785528514,0.9654808723040684,5,3,3,56467.05889701843,3.072500228881836,breast_cancer,3,0.4,0.05,0.4
metacog,0.9298245614035088,0.9047619047619048,0.9210526315789473,0.8535639569308375,0.9047619047619048,0.9,0.32420614859132296,0.9799090550488756,5,3,3,56575.44183731079,1.5108585357666016,breast_cancer,4,0.4,0.05,0.4
metacog,0.8,0.5652173913043478,0.5579133510167993,0.32177789389368455,0.5652173913043478,0.33043478260869563,0.5541350673001662,1.0,3,2,2,7413.409233093262,5.123376846313477,adult,0,0.4,0.05,0.4
metacog,0.805,0.5913325804630153,0.6010434248887525,0.3371846188159856,0.7637634105025409,0.46100790513833995,0.4402523890379214,0.8766580354991211,7,4,4,14254.128694534302,5.497217178344727,adult,1,0.4,0.05,0.4
metacog,0.8,0.5652173913043478,0.5579133510167993,0.32177789389368455,0.5652173913043478,0.33043478260869563,0.5177485492624431,1.0,3,2,2,7307.265758514404,5.158424377441406,adult,2,0.4,0.05,0.4
metacog,0.805,0.5760869565217391,0.5758795062802458,0.34845909958918564,0.5760869565217391,0.3471739130434783,0.5289958634037956,0.9989156713474379,3,2,2,7322.203636169434,8.127927780151367,adult,3,0.4,0.05,0.4
metacog,0.795,0.5543478260869565,0.5392999606719479,0.29298753307495307,0.5543478260869565,0.31369565217391304,0.5123123594125598,1.0,3,2,2,7052.639484405518,4.5928955078125,adult,4,0.4,0.05,0.4
metacog,0.3333333333333333,0.3333333333333333,0.16666666666666666,0.0,0.5,,1.0,0.9973710865078222,1,1,1,318.88556480407715,0.3459453582763672,iris,0,0.4,0.05,0.5
metacog,0.3333333333333333,0.3333333333333333,0.16666666666666666,0.0,0.5,,1.0,0.9970757773947009,1,1,1,265.92421531677246,0.4000663757324219,iris,1,0.4,0.05,0.5
metacog,0.3333333333333333,0.3333333333333333,0.16666666666666666,0.0,0.5,,1.0,0.9977269338811082,1,1,1,251.75929069519043,0.3712177276611328,iris,2,0.4,0.05,0.5
metacog,0.3333333333333333,0.3333333333333333,0.16666666666666666,0.0,0.5,,1.0,0.9961780853484691,1,1,1,274.26791191101074,0.3781318664550781,iris,3,0.4,0.05,0.5
metacog,0.3333333333333333,0.3333333333333333,0.16666666666666666,0.0,0.5,,0.8413882683090157,0.9971051500737994,1,1,1,282.8505039215088,0.38695335388183594,iris,4,0.4,0.05,0.5
metacog,0.3888888888888889,0.3333333333333333,0.18666666666666668,0.0,0.5,,0.05448551404923955,0.8356166464548431,1,1,1,1995.6481456756592,0.8242130279541016,wine,0,0.4,0.05,0.5
metacog,0.3888888888888889,0.3333333333333333,0.18666666666666668,0.0,0.5,,0.10808918016984967,0.9836413568501193,1,1,1,2008.8717937469482,0.9310245513916016,wine,1,0.4,0.05,0.5
metacog,0.3888888888888889,0.3333333333333333,0.18666666666666668,0.0,0.5,,0.12637829618825452,0.9628190126221114,1,1,1,1998.4970092773438,0.8482933044433594,wine,2,0.4,0.05,0.5
metacog,0.3888888888888889,0.3333333333333333,0.18666666666666668,0.0,0.5,,0.08826130698690134,0.9716808402437557,1,1,1,2070.8529949188232,0.4184246063232422,wine,3,0.4,0.05,0.5
metacog,0.3888888888888889,0.3333333333333333,0.18666666666666668,0.0,0.5,,0.06047926749204607,0.8796421389376234,1,1,1,2036.2279415130615,0.41937828063964844,wine,4,0.4,0.05,0.5
metacog,0.6140350877192983,0.5,0.3804347826086957,0.0,0.5,0.6140350877192983,0.16888261642988234,0.996438889669009,1,1,1,21825.13189315796,2.3636817932128906,breast_cancer,0,0.4,0.05,0.5
metacog,0.6140350877192983,0.5,0.3804347826086957,0.0,0.5,0.6140350877192983,0.17301101243890643,0.9800388511449721,1,1,1,22001.960039138794,1.6140937805175781,breast_cancer,1,0.4,0.05,0.5
metacog,0.631578947368421,0.5,0.3870967741935484,0.0,0.5,0.631578947368421,0.0971257789267817,0.9978297494359547,1,1,1,22060.24670600891,1.257181167602539,breast_cancer,2,0.4,0.05,0.5
metacog,0.8421052631578947,0.7956349206349207,0.8144665461121157,0.662595343916706,0.7982804232804233,0.8102115937789479,0.4125268785528514,0.9654808723040684,5,3,3,57134.29093360901,2.986431121826172,breast_cancer,3,0.4,0.05,0.5
metacog,0.9298245614035088,0.9047619047619048,0.9210526315789473,0.8535639569308375,0.9047619047619048,0.9,0.32420614859132296,0.9799090550488756,5,3,3,57797.152042388916,1.7044544219970703,breast_cancer,4,0.4,0.05,0.5
metacog,0.8,0.5652173913043478,0.5579133510167993,0.32177789389368455,0.5652173913043478,0.33043478260869563,0.5541350673001662,1.0,3,2,2,7718.954801559448,4.922628402709961,adult,0,0.4,0.05,0.5
metacog,0.805,0.5913325804630153,0.6010434248887525,0.3371846188159856,0.7637634105025409,0.46100790513833995,0.4402523890379214,0.8766580354991211,7,4,4,14374.268054962158,6.26373291015625,adult,1,0.4,0.05,0.5
metacog,0.8,0.5652173913043478,0.5579133510167993,0.32177789389368455,0.5652173913043478,0.33043478260869563,0.5177485492624431,1.0,3,2,2,7474.4322299957275,4.5604705810546875,adult,2,0.4,0.05,0.5
metacog,0.805,0.5760869565217391,0.5758795062802458,0.34845909958918564,0.5760869565217391,0.3471739130434783,0.5289958634037956,0.9989156713474379,3,2,2,7342.819452285767,5.94329833984375,adult,3,0.4,0.05,0.5
metacog,0.795,0.5543478260869565,0.5392999606719479,0.29298753307495307,0.5543478260869565,0.31369565217391304,0.5123123594125598,1.0,3,2,2,7029.75606918335,4.745721817016602,adult,4,0.4,0.05,0.5
metacog,0.6666666666666666,0.6666666666666666,0.5555555555555555,0.6123724356957945,0.8333333333333334,,0.5087148216635994,0.9931689782126119,3,2,2,490.2667999267578,0.44417381286621094,iris,0,0.4,0.07,0.0
metacog,0.6666666666666666,0.6666666666666666,0.5555555555555555,0.6123724356957945,0.8333333333333334,,0.5053783704402405,0.9846235543341044,3,2,2,440.1688575744629,0.4673004150390625,iris,1,0.4,0.07,0.0
metacog,0.6666666666666666,0.6666666666666666,0.5555555555555555,0.6123724356957945,0.8333333333333334,,0.5003001606412475,0.9925327311980254,3,2,2,519.120454788208,0.8676052093505859,iris,2,0.4,0.07,0.0
metacog,0.6666666666666666,0.6666666666666666,0.5555555555555555,0.6123724356957945,0.8333333333333334,,0.5053783704402405,0.9923855873540359,3,2,2,441.4546489715576,0.4451274871826172,iris,3,0.4,0.07,0.0
metacog,0.8666666666666667,0.8666666666666667,0.8666666666666667,0.8,0.9166666666666666,,0.4295544454919649,0.9728009417627567,5,3,3,592.0219421386719,0.6258487701416016,iris,4,0.4,0.07,0.0
metacog,0.3888888888888889,0.3333333333333333,0.18666666666666668,0.0,0.5,,0.05448551404923955,0.8356166464548431,1,1,1,2005.5620670318604,0.6570816040039062,wine,0,0.4,0.07,0.0
metacog,0.6111111111111112,0.6190476190476191,0.5135566188197767,0.4785101489172643,0.7938561438561439,,0.1166620945266864,0.9923821235256528,5,3,3,5514.396190643311,0.5278587341308594,wine,1,0.4,0.07,0.0
metacog,0.6111111111111112,0.6,0.5185185185185185,0.5167423893288018,0.7494949494949495,,0.3774030947679678,0.9761711209664234,5,3,3,4257.78865814209,0.5364418029785156,wine,2,0.4,0.07,0.0
metacog,0.6666666666666666,0.6666666666666666,0.5666666666666667,0.5995445191824106,0.8387445887445887,,0.28708262043670824,0.9870125191045439,5,3,3,4226.1412143707275,0.5450248718261719,wine,3,0.4,0.07,0.0
metacog,0.3888888888888889,0.3333333333333333,0.18666666666666668,0.0,0.5,,0.06047926749204607,0.8796421389376234,1,1,1,2080.1796913146973,0.42724609375,wine,4,0.4,0.07,0.0
metacog,0.9473684210526315,0.9487012987012987,0.9449275362318841,0.8904905361044291,0.9512987012987013,0.9514896867838044,0.21358133163914025,0.9888872175996579,5,3,3,56201.73645019531,1.5125274658203125,breast_cancer,0,0.4,0.07,0.0
metacog,0.9824561403508771,0.9772727272727273,0.981329839502129,0.9633432944855655,0.9772727272727273,0.9722222222222222,0.2977781401192274,0.9858737888548949,5,3,3,56939.62860107422,2.9680728912353516,breast_cancer,1,0.4,0.07,0.0
metacog,0.9298245614035088,0.9146825396825397,0.922972972972973,0.8486684247915055,0.9034391534391535,0.9130116959064327,0.2798662637828419,0.9830167275941617,5,3,3,56455.01971244812,3.1523704528808594,breast_cancer,2,0.4,0.07,0.0
metacog,0.8421052631578947,0.7956349206349207,0.8144665461121157,0.662595343916706,0.7982804232804233,0.8102115937789479,0.4142019566762563,0.9709976809823655,5,3,3,56385.62226295471,1.6970634460449219,breast_cancer,3,0.4,0.07,0.0
metacog,0.9298245614035088,0.9047619047619048,0.9210526315789473,0.8535639569308375,0.9047619047619048,0.9,0.3303387131174819,0.959075996239208,5,3,3,50733.62112045288,1.7931461334228516,breast_cancer,4,0.4,0.07,0.0
metacog,0.805,0.5760869565217391,0.5758795062802458,0.34845909958918564,0.8462732919254659,0.5539805097451275,0.3610877650183528,0.8101232785846226,7,4,4,9934.565544128418,5.475282669067383,adult,0,0.4,0.07,0.0
metacog,0.805,0.5913325804630153,0.6010434248887525,0.3371846188159856,0.7637634105025409,0.46100790513833995,0.44062217910693524,0.8797266491742846,7,4,4,11691.989183425903,5.146503448486328,adult,1,0.4,0.07,0.0
metacog,0.8,0.5652173913043478,0.5579133510167993,0.32177789389368455,0.5652173913043478,0.33043478260869563,0.5177485492624431,1.0,3,2,2,5868.138790130615,4.488229751586914,adult,2,0.4,0.07,0.0
metacog,0.805,0.5760869565217391,0.5758795062802458,0.34845909958918564,0.5760869565217391,0.3471739130434783,0.5289958634037956,1.0,3,2,2,5896.130323410034,5.510568618774414,adult,3,0.4,0.07,0.0
metacog,0.795,0.5543478260869565,0.5392999606719479,0.29298753307495307,0.5543478260869565,0.31369565217391304,0.5123123594125598,1.0,3,2,2,5900.0513553619385,4.773616790771484,adult,4,0.4,0.07,0.0
metacog,0.3333333333333333,0.3333333333333333,0.16666666666666666,0.0,0.5,,1.0,0.9973710865078222,1,1,1,253.19814682006836,0.5080699920654297,iris,0,0.4,0.07,0.1
metacog,0.3333333333333333,0.3333333333333333,0.16666666666666666,0.0,0.5,,1.0,0.9970757773947009,1,1,1,296.22912406921387,0.44226646423339844,iris,1,0.4,0.07,0.1
metacog,0.3333333333333333,0.3333333333333333,0.16666666666666666,0.0,0.5,,1.0,0.9977269338811082,1,1,1,316.1814212799072,0.3845691680908203,iris,2,0.4,0.07,0.1
metacog,0.3333333333333333,0.3333333333333333,0.16666666666666666,0.0,0.5,,1.0,0.9961780853484691,1,1,1,282.6728820800781,0.7059574127197266,iris,3,0.4,0.07,0.1
metacog,0.3333333333333333,0.3333333333333333,0.16666666666666666,0.0,0.5,,0.8413882683090157,0.9971051500737994,1,1,1,290.77792167663574,0.38504600524902344,iris,4,0.4,0.07,0.1
metacog,0.3888888888888889,0.3333333333333333,0.18666666666666668,0.0,0.5,,0.05448551404923955,0.8356166464548431,1,1,1,2046.4136600494385,0.4220008850097656,wine,0,0.4,0.07,0.1
metacog,0.6111111111111112,0.6190476190476191,0.5135566188197767,0.4785101489172643,0.7938561438561439,,0.1166620945266864,0.9923821235256528,5,3,3,5782.022476196289,0.5590915679931641,wine,1,0.4,0.07,0.1
metacog,0.6111111111111112,0.6,0.5185185185185185,0.5167423893288018,0.7494949494949495,,0.3774030947679678,0.9761711209664234,5,3,3,4165.670156478882,1.1951923370361328,wine,2,0.4,0.07,0.1
metacog,0.3888888888888889,0.3333333333333333,0.18666666666666668,0.0,0.5,,0.08826130698690134,0.9716808402437557,1,1,1,1994.8394298553467,0.4215240478515625,wine,3,0.4,0.07,0.1
metacog,0.3888888888888889,0.3333333333333333,0.18666666666666668,0.0,0.5,,0.06047926749204607,0.8796421389376234,1,1,1,2014.9176120758057,0.4138946533203125,wine,4,0.4,0.07,0.1
metacog,0.9473684210526315,0.9487012987012987,0.9449275362318841,0.8904905361044291,0.9512987012987013,0.9514896867838044,0.2128605955282232,0.9904241124341877,5,3,3,56834.15341377258,2.706289291381836,breast_cancer,0,0.4,0.07,0.1
metacog,0.9824561403508771,0.9772727272727273,0.981329839502129,0.9633432944855655,0.9772727272727273,0.9722222222222222,0.2972640601417964,0.9858737888548949,5,3,3,56969.987869262695,1.4357566833496094,breast_cancer,1,0.4,0.07,0.1
metacog,0.631578947368421,0.5,0.3870967741935484,0.0,0.5,0.631578947368421,0.0971257789267817,0.9978297494359547,1,1,1,21810.20450592041,1.1515617370605469,breast_cancer,2,0.4,0.07,0.1
metacog,0.8421052631578947,0.7956349206349207,0.8144665461121157,0.662595343916706,0.7982804232804233,0.8102115937789479,0.4125268785528514,0.9654808723040684,5,3,3,56260.04862785339,1.556396484375,breast_cancer,3,0.4,0.07,0.1
metacog,0.9298245614035088,0.9047619047619048,0.9210526315789473,0.8535639569308375,0.9047619047619048,0.9,0.32420614859132296,0.9799090550488756,5,3,3,54565.837144851685,1.5549659729003906,breast_cancer,4,0.4,0.07,0.1
metacog,0.8,0.5652173913043478,0.5579133510167993,0.32177789389368455,0.5652173913043478,0.33043478260869563,0.5541350673001662,1.0,3,2,2,6478.888511657715,8.481025695800781,adult,0,0.4,0.07,0.1
metacog,0.805,0.5913325804630153,0.6010434248887525,0.3371846188159856,0.7637634105025409,0.46100790513833995,0.4402523890379214,0.8766580354991211,7,4,4,13026.161432266235,5.428552627563477,adult,1,0.4,0.07,0.1
metacog,0.8,0.5652173913043478,0.5579133510167993,0.32177789389368455,0.5652173913043478,0.33043478260869563,0.5177485492624431,1.0,3,2,2,6431.444883346558,4.411458969116211,adult,2,0.4,0.07,0.1
metacog,0.805,0.5760869565217391,0.5758795062802458,0.34845909958918564,0.5760869565217391,0.3471739130434783,0.5289958634037956,0.9989156713474379,3,2,2,6510.129451751709,8.315324783325195,adult,3,0.4,0.07,0.1
metacog,0.795,0.5543478260869565,0.5392999606719479,0.29298753307495307,0.5543478260869565,0.31369565217391304,0.5123123594125598,1.0,3,2,2,6467.715740203857,4.222393035888672,adult,4,0.4,0.07,0.1
metacog,0.3333333333333333,0.3333333333333333,0.16666666666666666,0.0,0.5,,1.0,0.9973710865078222,1,1,1,275.42901039123535,0.37407875061035156,iris,0,0.4,0.07,0.15
metacog,0.3333333333333333,0.3333333333333333,0.16666666666666666,0.0,0.5,,1.0,0.9970757773947009,1,1,1,291.7134761810303,0.3495216369628906,iris,1,0.4,0.07,0.15
metacog,0.3333333333333333,0.3333333333333333,0.16666666666666666,0.0,0.5,,1.0,0.9977269338811082,1,1,1,335.0684642791748,0.9889602661132812,iris,2,0.4,0.07,0.15
metacog,0.3333333333333333,0.3333333333333333,0.16666666666666666,0.0,0.5,,1.0,0.9961780853484691,1,1,1,272.5553512573242,0.9026527404785156,iris,3,0.4,0.07,0.15
metacog,0.3333333333333333,0.3333333333333333,0.16666666666666666,0.0,0.5,,0.8413882683090157,0.9971051500737994,1,1,1,257.9355239868164,0.3829002380371094,iris,4,0.4,0.07,0.15
metacog,0.3888888888888889,0.3333333333333333,0.18666666666666668,0.0,0.5,,0.05448551404923955,0.8356166464548431,1,1,1,2031.4950942993164,0.9298324584960938,wine,0,0.4,0.07,0.15
metacog,0.3888888888888889,0.3333333333333333,0.18666666666666668,0.0,0.5,,0.10808918016984967,0.9836413568501193,1,1,1,2098.2046127319336,0.4131793975830078,wine,1,0.4,0.07,0.15
metacog,0.6111111111111112,0.6,0.5185185185185185,0.5167423893288018,0.7494949494949495,,0.3774030947679678,0.9761711209664234,5,3,3,4224.778413772583,0.5950927734375,wine,2,0.4,0.07,0.15
metacog,0.3888888888888889,0.3333333333333333,0.18666666666666668,0.0,0.5,,0.08826130698690134,0.9716808402437557,1,1,1,2007.6277256011963,0.4506111145019531,wine,3,0.4,0.07,0.15
metacog,0.3888888888888889,0.3333333333333333,0.18666666666666668,0.0,0.5,,0.06047926749204607,0.8796421389376234,1,1,1,2123.453140258789,0.7853507995605469,wine,4,0.4,0.07,0.15
metacog,0.9473684210526315,0.9487012987012987,0.9449275362318841,0.8904905361044291,0.9512987012987013,0.9514896867838044,0.2128605955282232,0.9904241124341877,5,3,3,57236.93537712097,1.4200210571289062,breast_cancer,0,0.4,0.07,0.15
metacog,0.9824561403508771,0.9772727272727273,0.981329839502129,0.9633432944855655,0.9772727272727273,0.9722222222222222,0.2972640601417964,0.9858737888548949,5,3,3,57943.03631782532,3.0090808868408203,breast_cancer,1,0.4,0.07,0.15
metacog,0.631578947368421,0.5,0.3870967741935484,0.0,0.5,0.631578947368421,0.0971257789267817,0.9978297494359547,1,1,1,21956.98642730713,2.264738082885742,breast_cancer,2,0.4,0.07,0.15
metacog,0.8421052631578947,0.7956349206349207,0.8144665461121157,0.662595343916706,0.7982804232804233,0.8102115937789479,0.4125268785528514,0.9654808723040684,5,3,3,56970.82710266113,1.8770694732666016,breast_cancer,3,0.4,0.07,0.15
metacog,0.9298245614035088,0.9047619047619048,0.9210526315789473,0.8535639569308375,0.9047619047619048,0.9,0.32420614859132296,0.9799090550488756,5,3,3,55485.46886444092,1.4426708221435547,breast_cancer,4,0.4,0.07,0.15
metacog,0.8,0.5652173913043478,0.5579133510167993,0.32177789389368455,0.5652173913043478,0.33043478260869563,0.5541350673001662,1.0,3,2,2,6780.098438262939,4.695415496826172,adult,0,0.4,0.07,0.15
metacog,0.805,0.5913325804630153,0.6010434248887525,0.3371846188159856,0.7637634105025409,0.46100790513833995,0.4402523890379214,0.8766580354991211,7,4,4,13158.637285232544,7.607221603393555,adult,1,0.4,0.07,0.15
metacog,0.8,0.5652173913043478,0.5579133510167993,0.32177789389368455,0.5652173913043478,0.33043478260869563,0.5177485492624431,1.0,3,2,2,6627.768516540527,4.6901702880859375,adult,2,0.4,0.07,0.15
metacog,0.805,0.5760869565217391,0.5758795062802458,0.34845909958918564,0.5760869565217391,0.3471739130434783,0.5289958634037956,0.9989156713474379,3,2,2,6585.495233535767,6.649255752563477,adult,3,0.4,0.07,0.15
metacog,0.795,0.5543478260869565,0.5392999606719479,0.29298753307495307,0.5543478260869565,0.31369565217391304,0.5123123594125598,1.0,3,2,2,6486.919641494751,4.303455352783203,adult,4,0.4,0.07,0.15
metacog,0.3333333333333333,0.3333333333333333,0.16666666666666666,0.0,0.5,,1.0,0.9973710865078222,1,1,1,287.28485107421875,0.3685951232910156,iris,0,0.4,0.07,0.2
metacog,0.3333333333333333,0.3333333333333333,0.16666666666666666,0.0,0.5,,1.0,0.9970757773947009,1,1,1,273.64587783813477,0.3440380096435547,iris,1,0.4,0.07,0.2
metacog,0.3333333333333333,0.3333333333333333,0.16666666666666666,0.0,0.5,,1.0,0.9977269338811082,1,1,1,309.19504165649414,0.8115768432617188,iris,2,0.4,0.07,0.2
metacog,0.3333333333333333,0.3333333333333333,0.16666666666666666,0.0,0.5,,1.0,0.9961780853484691,1,1,1,276.99923515319824,0.7104873657226562,iris,3,0.4,0.07,0.2
metacog,0.3333333333333333,0.3333333333333333,0.16666666666666666,0.0,0.5,,0.8413882683090157,0.9971051500737994,1,1,1,289.5500659942627,0.42366981506347656,iris,4,0.4,0.07,0.2
metacog,0.3888888888888889,0.3333333333333333,0.18666666666666668,0.0,0.5,,0.05448551404923955,0.8356166464548431,1,1,1,2068.1731700897217,0.4913806915283203,wine,0,0.4,0.07,0.2
metacog,0.3888888888888889,0.3333333333333333,0.18666666666666668,0.0,0.5,,0.10808918016984967,0.9836413568501193,1,1,1,2014.7557258605957,0.7879734039306641,wine,1,0.4,0.07,0.2
metacog,0.6111111111111112,0.6,0.5185185185185185,0.5167423893288018,0.7494949494949495,,0.3774030947679678,0.9761711209664234,5,3,3,4151.82900428772,0.5104541778564453,wine,2,0.4,0.07,0.2
metacog,0.3888888888888889,0.3333333333333333,0.18666666666666668,0.0,0.5,,0.08826130698690134,0.9716808402437557,1,1,1,1967.829704284668,0.5006790161132812,wine,3,0.4,0.07,0.2
metacog,0.3888888888888889,0.3333333333333333,0.18666666666666668,0.0,0.5,,0.06047926749204607,0.8796421389376234,1,1,1,1981.264591217041,0.8492469787597656,wine,4,0.4,0.07,0.2
metacog,0.9473684210526315,0.9487012987012987,0.9449275362318841,0.8904905361044291,0.9512987012987013,0.9514896867838044,0.2128605955282232,0.9904241124341877,5,3,3,56731.196880340576,1.5392303466796875,breast_cancer,0,0.4,0.07,0.2
metacog,0.9824561403508771,0.9772727272727273,0.981329839502129,0.9633432944855655,0.9772727272727273,0.9722222222222222,0.2972640601417964,0.9858737888548949,5,3,3,57106.84156417847,1.5099048614501953,breast_cancer,1,0.4,0.07,0.2
metacog,0.631578947368421,0.5,0.3870967741935484,0.0,0.5,0.631578947368421,0.0971257789267817,0.9978297494359547,1,1,1,21546.658277511597,1.3077259063720703,breast_cancer,2,0.4,0.07,0.2
metacog,0.8421052631578947,0.7956349206349207,0.8144665461121157,0.662595343916706,0.7982804232804233,0.8102115937789479,0.4125268785528514,0.9654808723040684,5,3,3,56299.4430065155,1.5208721160888672,breast_cancer,3,0.4,0.07,0.2
metacog,0.9298245614035088,0.9047619047619048,0.9210526315789473,0.8535639569308375,0.9047619047619048,0.9,0.32420614859132296,0.9799090550488756,5,3,3,54729.03490066528,1.4200210571289062,breast_cancer,4,0.4,0.07,0.2
metacog,0.8,0.5652173913043478,0.5579133510167993,0.32177789389368455,0.5652173913043478,0.33043478260869563,0.5541350673001662,1.0,3,2,2,6659.175872802734,4.899501800537109,adult,0,0.4,0.07,0.2
metacog,0.805,0.5913325804630153,0.6010434248887525,0.3371846188159856,0.7637634105025409,0.46100790513833995,0.4402523890379214,0.8766580354991211,7,4,4,13023.342609405518,5.970478057861328,adult,1,0.4,0.07,0.2
metacog,0.8,0.5652173913043478,0.5579133510167993,0.32177789389368455,0.5652173913043478,0.33043478260869563,0.5177485492624431,1.0,3,2,2,6537.730693817139,4.304170608520508,adult,2,0.4,0.07,0.2
metacog,0.805,0.5760869565217391,0.5758795062802458,0.34845909958918564,0.5760869565217391,0.3471739130434783,0.5289958634037956,0.9989156713474379,3,2,2,6439.052581787109,4.48155403137207,adult,3,0.4,0.07,0.2
metacog,0.795,0.5543478260869565,0.5392999606719479,0.29298753307495307,0.5543478260869565,0.31369565217391304,0.5123123594125598,1.0,3,2,2,6641.654014587402,5.517721176147461,adult,4,0.4,0.07,0.2
metacog,0.3333333333333333,0.3333333333333333,0.16666666666666666,0.0,0.5,,1.0,0.9973710865078222,1,1,1,262.25876808166504,0.38123130798339844,iris,0,0.4,0.07,0.3
metacog,0.3333333333333333,0.3333333333333333,0.16666666666666666,0.0,0.5,,1.0,0.9970757773947009,1,1,1,279.7205448150635,0.3669261932373047,iris,1,0.4,0.07,0.3
metacog,0.3333333333333333,0.3333333333333333,0.16666666666666666,0.0,0.5,,1.0,0.9977269338811082,1,1,1,316.23244285583496,0.3819465637207031,iris,2,0.4,0.07,0.3
metacog,0.3333333333333333,0.3333333333333333,0.16666666666666666,0.0,0.5,,1.0,0.9961780853484691,1,1,1,271.7926502227783,0.3724098205566406,iris,3,0.4,0.07,0.3
metacog,0.3333333333333333,0.3333333333333333,0.16666666666666666,0.0,0.5,,0.8413882683090157,0.9971051500737994,1,1,1,312.5011920928955,0.5486011505126953,iris,4,0.4,0.07,0.3
metacog,0.3888888888888889,0.3333333333333333,0.18666666666666668,0.0,0.5,,0.05448551404923955,0.8356166464548431,1,1,1,1990.7097816467285,0.6740093231201172,wine,0,0.4,0.07,0.3
metacog,0.3888888888888889,0.3333333333333333,0.18666666666666668,0.0,0.5,,0.10808918016984967,0.9836413568501193,1,1,1,2006.725549697876,0.4076957702636719,wine,1,0.4,0.07,0.3
metacog,0.3888888888888889,0.3333333333333333,0.18666666666666668,0.0,0.5,,0.12637829618825452,0.9628190126221114,1,1,1,1973.6294746398926,0.5052089691162109,wine,2,0.4,0.07,0.3
metacog,0.3888888888888889,0.3333333333333333,0.18666666666666668,0.0,0.5,,0.08826130698690134,0.9716808402437557,1,1,1,1923.4035015106201,0.43654441833496094,wine,3,0.4,0.07,0.3
metacog,0.3888888888888889,0.3333333333333333,0.18666666666666668,0.0,0.5,,0.06047926749204607,0.8796421389376234,1,1,1,1976.8972396850586,0.40268898010253906,wine,4,0.4,0.07,0.3
metacog,0.6140350877192983,0.5,0.3804347826086957,0.0,0.5,0.6140350877192983,0.16888261642988234,0.996438889669009,1,1,1,21357.600688934326,1.2359619140625,breast_cancer,0,0.4,0.07,0.3
metacog,0.6140350877192983,0.5,0.3804347826086957,0.0,0.5,0.6140350877192983,0.17301101243890643,0.9800388511449721,1,1,1,21711.76528930664,2.3009777069091797,breast_cancer,1,0.4,0.07,0.3
metacog,0.631578947368421,0.5,0.3870967741935484,0.0,0.5,0.631578947368421,0.0971257789267817,0.9978297494359547,1,1,1,21887.888193130493,1.4643669128417969,breast_cancer,2,0.4,0.07,0.3
metacog,0.8421052631578947,0.7956349206349207,0.8144665461121157,0.662595343916706,0.7982804232804233,0.8102115937789479,0.4125268785528514,0.9654808723040684,5,3,3,55620.35608291626,2.3488998413085938,breast_cancer,3,0.4,0.07,0.3
metacog,0.9298245614035088,0.9047619047619048,0.9210526315789473,0.8535639569308375,0.9047619047619048,0.9,0.32420614859132296,0.9799090550488756,5,3,3,56082.985162734985,1.4140605926513672,breast_cancer,4,0.4,0.07,0.3
metacog,0.8,0.5652173913043478,0.5579133510167993,0.32177789389368455,0.5652173913043478,0.33043478260869563,0.5541350673001662,1.0,3,2,2,6965.675592422485,5.937099456787109,adult,0,0.4,0.07,0.3
metacog,0.805,0.5913325804630153,0.6010434248887525,0.3371846188159856,0.7637634105025409,0.46100790513833995,0.4402523890379214,0.8766580354991211,7,4,4,13818.205833435059,7.220983505249023,adult,1,0.4,0.07,0.3
metacog,0.8,0.5652173913043478,0.5579133510167993,0.32177789389368455,0.5652173913043478,0.33043478260869563,0.5177485492624431,1.0,3,2,2,6956.809282302856,4.871606826782227,adult,2,0.4,0.07,0.3
metacog,0.805,0.5760869565217391,0.5758795062802458,0.34845909958918564,0.5760869565217391,0.3471739130434783,0.5289958634037956,0.9989156713474379,3,2,2,7050.003290176392,4.583835601806641,adult,3,0.4,0.07,0.3
metacog,0.795,0.5543478260869565,0.5392999606719479,0.29298753307495307,0.5543478260869565,0.31369565217391304,0.5123123594125598,1.0,3,2,2,7240.8812046051025,4.557609558105469,adult,4,0.4,0.07,0.3
metacog,0.3333333333333333,0.3333333333333333,0.16666666666666666,0.0,0.5,,1.0,0.9973710865078222,1,1,1,309.3421459197998,0.3612041473388672,iris,0,0.4,0.07,0.4
metacog,0.3333333333333333,0.3333333333333333,0.16666666666666666,0.0,0.5,,1.0,0.9970757773947009,1,1,1,257.3873996734619,0.43511390686035156,iris,1,0.4,0.07,0.4
metacog,0.3333333333333333,0.3333333333333333,0.16666666666666666,0.0,0.5,,1.0,0.9977269338811082,1,1,1,279.5758247375488,0.362396240234375,iris,2,0.4,0.07,0.4
metacog,0.3333333333333333,0.3333333333333333,0.16666666666666666,0.0,0.5,,1.0,0.9961780853484691,1,1,1,258.63122940063477,0.6136894226074219,iris,3,0.4,0.07,0.4
metacog,0.3333333333333333,0.3333333333333333,0.16666666666666666,0.0,0.5,,0.8413882683090157,0.9971051500737994,1,1,1,284.06357765197754,0.37360191345214844,iris,4,0.4,0.07,0.4
metacog,0.3888888888888889,0.3333333333333333,0.18666666666666668,0.0,0.5,,0.05448551404923955,0.8356166464548431,1,1,1,1995.1283931732178,0.4291534423828125,wine,0,0.4,0.07,0.4
metacog,0.3888888888888889,0.3333333333333333,0.18666666666666668,0.0,0.5,,0.10808918016984967,0.9836413568501193,1,1,1,2021.4650630950928,0.4291534423828125,wine,1,0.4,0.07,0.4
metacog,0.3888888888888889,0.3333333333333333,0.18666666666666668,0.0,0.5,,0.12637829618825452,0.9628190126221114,1,1,1,1976.2487411499023,0.5443096160888672,wine,2,0.4,0.07,0.4
metacog,0.3888888888888889,0.3333333333333333,0.18666666666666668,0.0,0.5,,0.08826130698690134,0.9716808402437557,1,1,1,1993.969440460205,0.42057037353515625,wine,3,0.4,0.07,0.4
metacog,0.3888888888888889,0.3333333333333333,0.18666666666666668,0.0,0.5,,0.06047926749204607,0.8796421389376234,1,1,1,1977.248191833496,0.42748451232910156,wine,4,0.4,0.07,0.4
metacog,0.6140350877192983,0.5,0.3804347826086957,0.0,0.5,0.6140350877192983,0.16888261642988234,0.996438889669009,1,1,1,21499.84359741211,2.3784637451171875,breast_cancer,0,0.4,0.07,0.4
metacog,0.6140350877192983,0.5,0.3804347826086957,0.0,0.5,0.6140350877192983,0.17301101243890643,0.9800388511449721,1,1,1,21498.839616775513,1.1959075927734375,breast_cancer,1,0.4,0.07,0.4
metacog,0.631578947368421,0.5,0.3870967741935484,0.0,0.5,0.631578947368421,0.0971257789267817,0.9978297494359547,1,1,1,21722.522974014282,1.1484622955322266,breast_cancer,2,0.4,0.07,0.4
metacog,0.8421052631578947,0.7956349206349207,0.8144665461121157,0.662595343916706,0.7982804232804233,0.8102115937789479,0.4125268785528514,0.9654808723040684,5,3,3,54791.81504249573,1.4755725860595703,breast_cancer,3,0.4,0.07,0.4
metacog,0.9298245614035088,0.9047619047619048,0.9210526315789473,0.8535639569308375,0.9047619047619048,0.9,0.32420614859132296,0.9799090550488756,5,3,3,51881.85620307922,2.290964126586914,breast_cancer,4,0.4,0.07,0.4
metacog,0.8,0.5652173913043478,0.5579133510167993,0.32177789389368455,0.5652173913043478,0.33043478260869563,0.5541350673001662,1.0,3,2,2,6374.894857406616,4.569768905639648,adult,0,0.4,0.07,0.4
metacog,0.805,0.5913325804630153,0.6010434248887525,0.3371846188159856,0.7637634105025409,0.46100790513833995,0.4402523890379214,0.8766580354991211,7,4,4,12345.155000686646,5.48863410949707,adult,1,0.4,0.07,0.4
metacog,0.8,0.5652173913043478,0.5579133510167993,0.32177789389368455,0.5652173913043478,0.33043478260869563,0.5177485492624431,1.0,3,2,2,6206.686735153198,5.898475646972656,adult,2,0.4,0.07,0.4
metacog,0.805,0.5760869565217391,0.5758795062802458,0.34845909958918564,0.5760869565217391,0.3471739130434783,0.5289958634037956,0.9989156713474379,3,2,2,6164.564609527588,5.029439926147461,adult,3,0.4,0.07,0.4
metacog,0.795,0.5543478260869565,0.5392999606719479,0.29298753307495307,0.5543478260869565,0.31369565217391304,0.5123123594125598,1.0,3,2,2,6196.005821228027,4.543781280517578,adult,4,0.4,0.07,0.4
metacog,0.3333333333333333,0.3333333333333333,0.16666666666666666,0.0,0.5,,1.0,0.9973710865078222,1,1,1,303.88498306274414,0.35190582275390625,iris,0,0.4,0.07,0.5
metacog,0.3333333333333333,0.3333333333333333,0.16666666666666666,0.0,0.5,,1.0,0.9970757773947009,1,1,1,261.8708610534668,0.7340908050537109,iris,1,0.4,0.07,0.5
metacog,0.3333333333333333,0.3333333333333333,0.16666666666666666,0.0,0.5,,1.0,0.9977269338811082,1,1,1,256.87170028686523,0.5049705505371094,iris,2,0.4,0.07,0.5
metacog,0.3333333333333333,0.3333333333333333,0.16666666666666666,0.0,0.5,,1.0,0.9961780853484691,1,1,1,286.7286205291748,0.7007122039794922,iris,3,0.4,0.07,0.5
metacog,0.3333333333333333,0.3333333333333333,0.16666666666666666,0.0,0.5,,0.8413882683090157,0.9971051500737994,1,1,1,307.37781524658203,0.7066726684570312,iris,4,0.4,0.07,0.5
metacog,0.3888888888888889,0.3333333333333333,0.18666666666666668,0.0,0.5,,0.05448551404923955,0.8356166464548431,1,1,1,1978.4300327301025,0.42319297790527344,wine,0,0.4,0.07,0.5
metacog,0.3888888888888889,0.3333333333333333,0.18666666666666668,0.0,0.5,,0.10808918016984967,0.9836413568501193,1,1,1,2035.4104042053223,0.438690185546875,wine,1,0.4,0.07,0.5
metacog,0.3888888888888889,0.3333333333333333,0.18666666666666668,0.0,0.5,,0.12637829618825452,0.9628190126221114,1,1,1,1934.842586517334,0.4966259002685547,wine,2,0.4,0.07,0.5
metacog,0.3888888888888889,0.3333333333333333,0.18666666666666668,0.0,0.5,,0.08826130698690134,0.9716808402437557,1,1,1,2005.138635635376,0.8330345153808594,wine,3,0.4,0.07,0.5
metacog,0.3888888888888889,0.3333333333333333,0.18666666666666668,0.0,0.5,,0.06047926749204607,0.8796421389376234,1,1,1,1990.7007217407227,0.4203319549560547,wine,4,0.4,0.07,0.5
metacog,0.6140350877192983,0.5,0.3804347826086957,0.0,0.5,0.6140350877192983,0.16888261642988234,0.996438889669009,1,1,1,21546.24652862549,1.4672279357910156,breast_cancer,0,0.4,0.07,0.5
metacog,0.6140350877192983,0.5,0.3804347826086957,0.0,0.5,0.6140350877192983,0.17301101243890643,0.9800388511449721,1,1,1,21407.62972831726,1.2509822845458984,breast_cancer,1,0.4,0.07,0.5
metacog,0.631578947368421,0.5,0.3870967741935484,0.0,0.5,0.631578947368421,0.0971257789267817,0.9978297494359547,1,1,1,21715.21544456482,2.2897720336914062,breast_cancer,2,0.4,0.07,0.5
metacog,0.8421052631578947,0.7956349206349207,0.8144665461121157,0.662595343916706,0.7982804232804233,0.8102115937789479,0.4125268785528514,0.9654808723040684,5,3,3,55382.32135772705,1.5456676483154297,breast_cancer,3,0.4,0.07,0.5
metacog,0.631578947368421,0.5,0.3870967741935484,0.0,0.5,0.631578947368421,0.26773643154259474,0.9718729874477393,1,1,1,20176.41854286194,1.16729736328125,breast_cancer,4,0.4,0.07,0.5
metacog,0.8,0.5652173913043478,0.5579133510167993,0.32177789389368455,0.5652173913043478,0.33043478260869563,0.5541350673001662,1.0,3,2,2,6640.347242355347,7.26008415222168,adult,0,0.4,0.07,0.5
metacog,0.805,0.5913325804630153,0.6010434248887525,0.3371846188159856,0.5913325804630153,0.3450790513833992,0.6867096625830987,0.99993115173406,5,3,3,9551.325798034668,5.411624908447266,adult,1,0.4,0.07,0.5
metacog,0.8,0.5652173913043478,0.5579133510167993,0.32177789389368455,0.5652173913043478,0.33043478260869563,0.5177485492624431,1.0,3,2,2,6597.2394943237305,5.889654159545898,adult,2,0.4,0.07,0.5
metacog,0.805,0.5760869565217391,0.5758795062802458,0.34845909958918564,0.5760869565217391,0.3471739130434783,0.5289958634037956,0.9989156713474379,3,2,2,6308.434247970581,4.924774169921875,adult,3,0.4,0.07,0.5
metacog,0.795,0.5543478260869565,0.5392999606719479,0.29298753307495307,0.5543478260869565,0.31369565217391304,0.5123123594125598,1.0,3,2,2,6427.002429962158,4.7397613525390625,adult,4,0.4,0.07,0.5
metacog,0.6666666666666666,0.6666666666666666,0.5555555555555555,0.6123724356957945,0.8333333333333334,,0.5087148216635994,0.9931689782126119,3,2,2,503.08799743652344,0.4515647888183594,iris,0,0.4,0.1,0.0
metacog,0.6666666666666666,0.6666666666666666,0.5555555555555555,0.6123724356957945,0.8333333333333334,,0.5053783704402405,0.9846235543341044,3,2,2,478.2264232635498,0.4489421844482422,iris,1,0.4,0.1,0.0
metacog,0.6666666666666666,0.6666666666666666,0.5555555555555555,0.6123724356957945,0.8333333333333334,,0.5003001606412475,0.9925327311980254,3,2,2,487.24818229675293,0.8733272552490234,iris,2,0.4,0.1,0.0
metacog,0.6666666666666666,0.6666666666666666,0.5555555555555555,0.6123724356957945,0.8333333333333334,,0.5053783704402405,0.9923855873540359,3,2,2,488.2326126098633,0.6258487701416016,iris,3,0.4,0.1,0.0
metacog,0.8666666666666667,0.8666666666666667,0.8666666666666667,0.8,0.9166666666666666,,0.4295544454919649,0.9728009417627567,5,3,3,578.4735679626465,0.9233951568603516,iris,4,0.4,0.1,0.0
metacog,0.3888888888888889,0.3333333333333333,0.18666666666666668,0.0,0.5,,0.05448551404923955,0.8356166464548431,1,1,1,2006.2897205352783,0.5061626434326172,wine,0,0.4,0.1,0.0
metacog,0.5555555555555556,0.5523809523809523,0.4666666666666666,0.38370849227674275,0.7267538017538017,,0.10820492580432357,0.991473694230434,3,2,2,4207.8869342803955,1.0607242584228516,wine,1,0.4,0.1,0.0
metacog,0.6111111111111112,0.6,0.5185185185185185,0.5167423893288018,0.7494949494949495,,0.3774030947679678,0.9761711209664234,5,3,3,4119.098424911499,0.5044937133789062,wine,2,0.4,0.1,0.0
metacog,0.3888888888888889,0.3333333333333333,0.18666666666666668,0.0,0.5,,0.08826130698690134,0.9716808402437557,1,1,1,2022.4814414978027,0.7772445678710938,wine,3,0.4,0.1,0.0
metacog,0.3888888888888889,0.3333333333333333,0.18666666666666668,0.0,0.5,,0.06047926749204607,0.8796421389376234,1,1,1,2027.3778438568115,0.4858970642089844,wine,4,0.4,0.1,0.0
metacog,0.9473684210526315,0.9487012987012987,0.9449275362318841,0.8904905361044291,0.9512987012987013,0.9514896867838044,0.21358133163914025,0.9888872175996579,5,3,3,56180.362939834595,1.4181137084960938,breast_cancer,0,0.4,0.1,0.0
metacog,0.9824561403508771,0.9772727272727273,0.981329839502129,0.9633432944855655,0.9772727272727273,0.9722222222222222,0.2977781401192274,0.9858737888548949,5,3,3,55963.36221694946,1.4939308166503906,breast_cancer,1,0.4,0.1,0.0
metacog,0.631578947368421,0.5,0.3870967741935484,0.0,0.5,0.631578947368421,0.0971257789267817,0.9978297494359547,1,1,1,20131.375789642334,1.2352466583251953,breast_cancer,2,0.4,0.1,0.0
metacog,0.8421052631578947,0.7956349206349207,0.8144665461121157,0.662595343916706,0.7982804232804233,0.8102115937789479,0.4142019566762563,0.9709976809823655,5,3,3,51308.454751968384,1.6832351684570312,breast_cancer,3,0.4,0.1,0.0
metacog,0.9298245614035088,0.9047619047619048,0.9210526315789473,0.8535639569308375,0.9047619047619048,0.9,0.3303387131174819,0.959075996239208,5,3,3,49768.696784973145,1.7170906066894531,breast_cancer,4,0.4,0.1,0.0
metacog,0.8,0.5652173913043478,0.5579133510167993,0.32177789389368455,0.5652173913043478,0.33043478260869563,0.5541350673001662,1.0,3,2,2,5838.298797607422,4.316806793212891,adult,0,0.4,0.1,0.0
metacog,0.805,0.5913325804630153,0.6010434248887525,0.3371846188159856,0.7637634105025409,0.46100790513833995,0.44062217910693524,0.8797266491742846,7,4,4,11871.590852737427,6.476402282714844,adult,1,0.4,0.1,0.0
metacog,0.8,0.5652173913043478,0.5579133510167993,0.32177789389368455,0.5652173913043478,0.33043478260869563,0.5177485492624431,1.0,3,2,2,6262.143850326538,5.252838134765625,adult,2,0.4,0.1,0.0
metacog,0.805,0.5760869565217391,0.5758795062802458,0.34845909958918564,0.5760869565217391,0.3471739130434783,0.5289958634037956,1.0,3,2,2,6545.308828353882,4.31060791015625,adult,3,0.4,0.1,0.0
metacog,0.795,0.5543478260869565,0.5392999606719479,0.29298753307495307,0.5543478260869565,0.31369565217391304,0.5123123594125598,1.0,3,2,2,5993.167877197266,4.283428192138672,adult,4,0.4,0.1,0.0
metacog,0.3333333333333333,0.3333333333333333,0.16666666666666666,0.0,0.5,,1.0,0.9973710865078222,1,1,1,307.76524543762207,0.3657341003417969,iris,0,0.4,0.1,0.1
metacog,0.3333333333333333,0.3333333333333333,0.16666666666666666,0.0,0.5,,1.0,0.9970757773947009,1,1,1,294.4304943084717,0.3485679626464844,iris,1,0.4,0.1,0.1
metacog,0.3333333333333333,0.3333333333333333,0.16666666666666666,0.0,0.5,,1.0,0.9977269338811082,1,1,1,288.4554862976074,0.5388259887695312,iris,2,0.4,0.1,0.1
metacog,0.3333333333333333,0.3333333333333333,0.16666666666666666,0.0,0.5,,1.0,0.9961780853484691,1,1,1,287.40596771240234,0.7278919219970703,iris,3,0.4,0.1,0.1
metacog,0.3333333333333333,0.3333333333333333,0.16666666666666666,0.0,0.5,,0.8413882683090157,0.9971051500737994,1,1,1,288.30575942993164,0.34356117248535156,iris,4,0.4,0.1,0.1
metacog,0.3888888888888889,0.3333333333333333,0.18666666666666668,0.0,0.5,,0.05448551404923955,0.8356166464548431,1,1,1,1997.642993927002,0.7829666137695312,wine,0,0.4,0.1,0.1
metacog,0.3888888888888889,0.3333333333333333,0.18666666666666668,0.0,0.5,,0.10808918016984967,0.9836413568501193,1,1,1,2042.025089263916,0.4215240478515625,wine,1,0.4,0.1,0.1
metacog,0.3888888888888889,0.3333333333333333,0.18666666666666668,0.0,0.5,,0.12637829618825452,0.9628190126221114,1,1,1,2029.7231674194336,0.4241466522216797,wine,2,0.4,0.1,0.1
metacog,0.3888888888888889,0.3333333333333333,0.18666666666666668,0.0,0.5,,0.08826130698690134,0.9716808402437557,1,1,1,2067.4173831939697,0.4494190216064453,wine,3,0.4,0.1,0.1
metacog,0.3888888888888889,0.3333333333333333,0.18666666666666668,0.0,0.5,,0.06047926749204607,0.8796421389376234,1,1,1,1996.8996047973633,0.4773139953613281,wine,4,0.4,0.1,0.1
metacog,0.9473684210526315,0.9487012987012987,0.9449275362318841,0.8904905361044291,0.9512987012987013,0.9514896867838044,0.2128605955282232,0.9904241124341877,5,3,3,57202.1005153656,1.4302730560302734,breast_cancer,0,0.4,0.1,0.1
metacog,0.9824561403508771,0.9772727272727273,0.981329839502129,0.9633432944855655,0.9772727272727273,0.9722222222222222,0.2972640601417964,0.9858737888548949,5,3,3,56874.76897239685,1.544952392578125,breast_cancer,1,0.4,0.1,0.1
metacog,0.631578947368421,0.5,0.3870967741935484,0.0,0.5,0.631578947368421,0.0971257789267817,0.9978297494359547,1,1,1,20321.876525878906,1.94549560546875,breast_cancer,2,0.4,0.1,0.1
metacog,0.8421052631578947,0.7956349206349207,0.8144665461121157,0.662595343916706,0.7982804232804233,0.8102115937789479,0.4125268785528514,0.9654808723040684,5,3,3,52267.86923408508,1.458883285522461,breast_cancer,3,0.4,0.1,0.1
metacog,0.9298245614035088,0.9047619047619048,0.9210526315789473,0.8535639569308375,0.9047619047619048,0.9,0.32420614859132296,0.9799090550488756,5,3,3,50471.24409675598,1.4336109161376953,breast_cancer,4,0.4,0.1,0.1
metacog,0.8,0.5652173913043478,0.5579133510167993,0.32177789389368455,0.5652173913043478,0.33043478260869563,0.5541350673001662,1.0,3,2,2,5974.398374557495,5.646944046020508,adult,0,0.4,0.1,0.1
metacog,0.805,0.5913325804630153,0.6010434248887525,0.3371846188159856,0.7637634105025409,0.46100790513833995,0.4402523890379214,0.8766580354991211,7,4,4,11948.723077774048,6.415843963623047,adult,1,0.4,0.1,0.1
metacog,0.8,0.5652173913043478,0.5579133510167993,0.32177789389368455,0.5652173913043478,0.33043478260869563,0.5177485492624431,1.0,3,2,2,6209.035396575928,4.3506622314453125,adult,2,0.4,0.1,0.1
metacog,0.805,0.5760869565217391,0.5758795062802458,0.34845909958918564,0.5760869565217391,0.3471739130434783,0.5289958634037956,0.9989156713474379,3,2,2,6753.276109695435,4.346609115600586,adult,3,0.4,0.1,0.1
metacog,0.795,0.5543478260869565,0.5392999606719479,0.29298753307495307,0.5543478260869565,0.31369565217391304,0.5123123594125598,1.0,3,2,2,6035.120964050293,4.555225372314453,adult,4,0.4,0.1,0.1
metacog,0.3333333333333333,0.3333333333333333,0.16666666666666666,0.0,0.5,,1.0,0.9973710865078222,1,1,1,252.5479793548584,0.40411949157714844,iris,0,0.4,0.1,0.15
metacog,0.3333333333333333,0.3333333333333333,0.16666666666666666,0.0,0.5,,1.0,0.9970757773947009,1,1,1,251.39665603637695,0.3638267517089844,iris,1,0.4,0.1,0.15
metacog,0.3333333333333333,0.3333333333333333,0.16666666666666666,0.0,0.5,,1.0,0.9977269338811082,1,1,1,240.18287658691406,0.38123130798339844,iris,2,0.4,0.1,0.15
metacog,0.3333333333333333,0.3333333333333333,0.16666666666666666,0.0,0.5,,1.0,0.9961780853484691,1,1,1,237.0460033416748,0.3502368927001953,iris,3,0.4,0.1,0.15
metacog,0.3333333333333333,0.3333333333333333,0.16666666666666666,0.0,0.5,,0.8413882683090157,0.9971051500737994,1,1,1,264.2817497253418,0.37980079650878906,iris,4,0.4,0.1,0.15
metacog,0.3888888888888889,0.3333333333333333,0.18666666666666668,0.0,0.5,,0.05448551404923955,0.8356166464548431,1,1,1,1823.909044265747,0.4184246063232422,wine,0,0.4,0.1,0.15
metacog,0.3888888888888889,0.3333333333333333,0.18666666666666668,0.0,0.5,,0.10808918016984967,0.9836413568501193,1,1,1,1819.425344467163,0.4239082336425781,wine,1,0.4,0.1,0.15
metacog,0.3888888888888889,0.3333333333333333,0.18666666666666668,0.0,0.5,,0.12637829618825452,0.9628190126221114,1,1,1,1831.2573432922363,0.9279251098632812,wine,2,0.4,0.1,0.15
metacog,0.3888888888888889,0.3333333333333333,0.18666666666666668,0.0,0.5,,0.08826130698690134,0.9716808402437557,1,1,1,1811.13600730896,0.8025169372558594,wine,3,0.4,0.1,0.15
metacog,0.3888888888888889,0.3333333333333333,0.18666666666666668,0.0,0.5,,0.06047926749204607,0.8796421389376234,1,1,1,1840.9104347229004,0.44536590576171875,wine,4,0.4,0.1,0.15
metacog,0.6140350877192983,0.5,0.3804347826086957,0.0,0.5,0.6140350877192983,0.16888261642988234,0.996438889669009,1,1,1,20159.560918807983,1.2164115905761719,breast_cancer,0,0.4,0.1,0.15
metacog,0.9824561403508771,0.9772727272727273,0.981329839502129,0.9633432944855655,0.9772727272727273,0.9722222222222222,0.2972640601417964,0.9858737888548949,5,3,3,51914.51692581177,1.4140605926513672,breast_cancer,1,0.4,0.1,0.15
metacog,0.631578947368421,0.5,0.3870967741935484,0.0,0.5,0.631578947368421,0.0971257789267817,0.9978297494359547,1,1,1,19191.387176513672,1.3217926025390625,breast_cancer,2,0.4,0.1,0.15
metacog,0.8421052631578947,0.7956349206349207,0.8144665461121157,0.662595343916706,0.7982804232804233,0.8102115937789479,0.4125268785528514,0.9654808723040684,5,3,3,51271.93379402161,3.687143325805664,breast_cancer,3,0.4,0.1,0.15
metacog,0.9298245614035088,0.9047619047619048,0.9210526315789473,0.8535639569308375,0.9047619047619048,0.9,0.32420614859132296,0.9799090550488756,5,3,3,50323.81510734558,1.523733139038086,breast_cancer,4,0.4,0.1,0.15
metacog,0.8,0.5652173913043478,0.5579133510167993,0.32177789389368455,0.5652173913043478,0.33043478260869563,0.5541350673001662,1.0,3,2,2,6009.883880615234,4.562139511108398,adult,0,0.4,0.1,0.15
metacog,0.805,0.5913325804630153,0.6010434248887525,0.3371846188159856,0.7637634105025409,0.46100790513833995,0.4402523890379214,0.8766580354991211,7,4,4,12069.406270980835,5.617380142211914,adult,1,0.4,0.1,0.15
metacog,0.8,0.5652173913043478,0.5579133510167993,0.32177789389368455,0.5652173913043478,0.33043478260869563,0.5177485492624431,1.0,3,2,2,5887.889623641968,4.156351089477539,adult,2,0.4,0.1,0.15
metacog,0.805,0.5760869565217391,0.5758795062802458,0.34845909958918564,0.5760869565217391,0.3471739130434783,0.5289958634037956,0.9989156713474379,3,2,2,6340.487480163574,4.631280899047852,adult,3,0.4,0.1,0.15
metacog,0.795,0.5543478260869565,0.5392999606719479,0.29298753307495307,0.5543478260869565,0.31369565217391304,0.5123123594125598,1.0,3,2,2,6230.493783950806,4.628658294677734,adult,4,0.4,0.1,0.15
metacog,0.3333333333333333,0.3333333333333333,0.16666666666666666,0.0,0.5,,1.0,0.9973710865078222,1,1,1,250.21862983703613,0.3654956817626953,iris,0,0.4,0.1,0.2
metacog,0.3333333333333333,0.3333333333333333,0.16666666666666666,0.0,0.5,,1.0,0.9970757773947009,1,1,1,236.95087432861328,0.3638267517089844,iris,1,0.4,0.1,0.2
metacog,0.3333333333333333,0.3333333333333333,0.16666666666666666,0.0,0.5,,1.0,0.9977269338811082,1,1,1,239.84003067016602,0.3821849822998047,iris,2,0.4,0.1,0.2
metacog,0.3333333333333333,0.3333333333333333,0.16666666666666666,0.0,0.5,,1.0,0.9961780853484691,1,1,1,233.10160636901855,0.7421970367431641,iris,3,0.4,0.1,0.2
metacog,0.3333333333333333,0.3333333333333333,0.16666666666666666,0.0,0.5,,0.8413882683090157,0.9971051500737994,1,1,1,265.9485340118408,0.38051605224609375,iris,4,0.4,0.1,0.2
metacog,0.3888888888888889,0.3333333333333333,0.18666666666666668,0.0,0.5,,0.05448551404923955,0.8356166464548431,1,1,1,1799.1321086883545,0.4429817199707031,wine,0,0.4,0.1,0.2
metacog,0.3888888888888889,0.3333333333333333,0.18666666666666668,0.0,0.5,,0.10808918016984967,0.9836413568501193,1,1,1,1788.771152496338,0.4227161407470703,wine,1,0.4,0.1,0.2
metacog,0.3888888888888889,0.3333333333333333,0.18666666666666668,0.0,0.5,,0.12637829618825452,0.9628190126221114,1,1,1,1802.3982048034668,0.4429817199707031,wine,2,0.4,0.1,0.2
metacog,0.3888888888888889,0.3333333333333333,0.18666666666666668,0.0,0.5,,0.08826130698690134,0.9716808402437557,1,1,1,1754.4214725494385,0.44727325439453125,wine,3,0.4,0.1,0.2
metacog,0.3888888888888889,0.3333333333333333,0.18666666666666668,0.0,0.5,,0.06047926749204607,0.8796421389376234,1,1,1,1814.8376941680908,4.166603088378906,wine,4,0.4,0.1,0.2
metacog,0.6140350877192983,0.5,0.3804347826086957,0.0,0.5,0.6140350877192983,0.16888261642988234,0.996438889669009,1,1,1,20110.44216156006,1.2590885162353516,breast_cancer,0,0.4,0.1,0.2
metacog,0.6140350877192983,0.5,0.3804347826086957,0.0,0.5,0.6140350877192983,0.17301101243890643,0.9800388511449721,1,1,1,20086.939811706543,1.7371177673339844,breast_cancer,1,0.4,0.1,0.2
metacog,0.631578947368421,0.5,0.3870967741935484,0.0,0.5,0.631578947368421,0.0971257789267817,0.9978297494359547,1,1,1,19599.932432174683,1.1606216430664062,breast_cancer,2,0.4,0.1,0.2
metacog,0.8421052631578947,0.7956349206349207,0.8144665461121157,0.662595343916706,0.7982804232804233,0.8102115937789479,0.4125268785528514,0.9654808723040684,5,3,3,49960.55793762207,1.4815330505371094,breast_cancer,3,0.4,0.1,0.2
metacog,0.9298245614035088,0.9047619047619048,0.9210526315789473,0.8535639569308375,0.9047619047619048,0.9,0.32420614859132296,0.9799090550488756,5,3,3,51849.56955909729,1.5223026275634766,breast_cancer,4,0.4,0.1,0.2
metacog,0.8,0.5652173913043478,0.5579133510167993,0.32177789389368455,0.5652173913043478,0.33043478260869563,0.5541350673001662,1.0,3,2,2,6112.987756729126,4.420995712280273,adult,0,0.4,0.1,0.2
metacog,0.805,0.5913325804630153,0.6010434248887525,0.3371846188159856,0.7637634105025409,0.46100790513833995,0.4402523890379214,0.8766580354991211,7,4,4,11797.914505004883,5.795717239379883,adult,1,0.4,0.1,0.2
metacog,0.8,0.5652173913043478,0.5579133510167993,0.32177789389368455,0.5652173913043478,0.33043478260869563,0.5177485492624431,1.0,3,2,2,5951.822280883789,5.237817764282227,adult,2,0.4,0.1,0.2
metacog,0.805,0.5760869565217391,0.5758795062802458,0.34845909958918564,0.5760869565217391,0.3471739130434783,0.5289958634037956,0.9989156713474379,3,2,2,6305.94277381897,4.741907119750977,adult,3,0.4,0.1,0.2
metacog,0.795,0.5543478260869565,0.5392999606719479,0.29298753307495307,0.5543478260869565,0.31369565217391304,0.5123123594125598,1.0,3,2,2,6030.5516719818115,4.414081573486328,adult,4,0.4,0.1,0.2
metacog,0.3333333333333333,0.3333333333333333,0.16666666666666666,0.0,0.5,,1.0,0.9973710865078222,1,1,1,254.1663646697998,0.3604888916015625,iris,0,0.4,0.1,0.3
metacog,0.3333333333333333,0.3333333333333333,0.16666666666666666,0.0,0.5,,1.0,0.9970757773947009,1,1,1,253.22699546813965,0.3592967987060547,iris,1,0.4,0.1,0.3
metacog,0.3333333333333333,0.3333333333333333,0.16666666666666666,0.0,0.5,,1.0,0.9977269338811082,1,1,1,242.38896369934082,0.3762245178222656,iris,2,0.4,0.1,0.3
metacog,0.3333333333333333,0.3333333333333333,0.16666666666666666,0.0,0.5,,1.0,0.9961780853484691,1,1,1,237.12730407714844,0.3681182861328125,iris,3,0.4,0.1,0.3
metacog,0.3333333333333333,0.3333333333333333,0.16666666666666666,0.0,0.5,,0.8413882683090157,0.9971051500737994,1,1,1,270.63989639282227,0.38123130798339844,iris,4,0.4,0.1,0.3
metacog,0.3888888888888889,0.3333333333333333,0.18666666666666668,0.0,0.5,,0.05448551404923955,0.8356166464548431,1,1,1,1844.6550369262695,0.4477500915527344,wine,0,0.4,0.1,0.3
metacog,0.3888888888888889,0.3333333333333333,0.18666666666666668,0.0,0.5,,0.10808918016984967,0.9836413568501193,1,1,1,1846.259593963623,0.43392181396484375,wine,1,0.4,0.1,0.3
metacog,0.3888888888888889,0.3333333333333333,0.18666666666666668,0.0,0.5,,0.12637829618825452,0.9628190126221114,1,1,1,1855.611801147461,0.5578994750976562,wine,2,0.4,0.1,0.3
metacog,0.3888888888888889,0.3333333333333333,0.18666666666666668,0.0,0.5,,0.08826130698690134,0.9716808402437557,1,1,1,1812.1311664581299,0.4277229309082031,wine,3,0.4,0.1,0.3
metacog,0.3888888888888889,0.3333333333333333,0.18666666666666668,0.0,0.5,,0.06047926749204607,0.8796421389376234,1,1,1,1882.0958137512207,0.43773651123046875,wine,4,0.4,0.1,0.3
metacog,0.6140350877192983,0.5,0.3804347826086957,0.0,0.5,0.6140350877192983,0.16888261642988234,0.996438889669009,1,1,1,20392.120361328125,2.2966861724853516,breast_cancer,0,0.4,0.1,0.3
metacog,0.6140350877192983,0.5,0.3804347826086957,0.0,0.5,0.6140350877192983,0.17301101243890643,0.9800388511449721,1,1,1,20429.079294204712,2.1970272064208984,breast_cancer,1,0.4,0.1,0.3
metacog,0.631578947368421,0.5,0.3870967741935484,0.0,0.5,0.631578947368421,0.0971257789267817,0.9978297494359547,1,1,1,19938.93265724182,1.2166500091552734,breast_cancer,2,0.4,0.1,0.3
metacog,0.8421052631578947,0.7956349206349207,0.8144665461121157,0.662595343916706,0.7982804232804233,0.8102115937789479,0.4125268785528514,0.9654808723040684,5,3,3,51019.9978351593,1.4598369598388672,breast_cancer,3,0.4,0.1,0.3
metacog,0.9298245614035088,0.9047619047619048,0.9210526315789473,0.8535639569308375,0.9047619047619048,0.9,0.32420614859132296,0.9799090550488756,5,3,3,52462.433099746704,1.5289783477783203,breast_cancer,4,0.4,0.1,0.3
metacog,0.8,0.5652173913043478,0.5579133510167993,0.32177789389368455,0.5652173913043478,0.33043478260869563,0.5541350673001662,1.0,3,2,2,6099.677562713623,4.526615142822266,adult,0,0.4,0.1,0.3
metacog,0.805,0.5913325804630153,0.6010434248887525,0.3371846188159856,0.5913325804630153,0.3450790513833992,0.6867096625830987,0.99993115173406,5,3,3,9087.287425994873,5.296468734741211,adult,1,0.4,0.1,0.3
metacog,0.8,0.5652173913043478,0.5579133510167993,0.32177789389368455,0.5652173913043478,0.33043478260869563,0.5177485492624431,1.0,3,2,2,6060.412406921387,4.478931427001953,adult,2,0.4,0.1,0.3
metacog,0.805,0.5760869565217391,0.5758795062802458,0.34845909958918564,0.5760869565217391,0.3471739130434783,0.5289958634037956,0.9989156713474379,3,2,2,6420.171022415161,6.28662109375,adult,3,0.4,0.1,0.3
metacog,0.795,0.5543478260869565,0.5392999606719479,0.29298753307495307,0.5543478260869565,0.31369565217391304,0.5123123594125598,1.0,3,2,2,6099.163055419922,4.8313140869140625,adult,4,0.4,0.1,0.3
metacog,0.3333333333333333,0.3333333333333333,0.16666666666666666,0.0,0.5,,1.0,0.9973710865078222,1,1,1,253.4942626953125,0.3566741943359375,iris,0,0.4,0.1,0.4
metacog,0.3333333333333333,0.3333333333333333,0.16666666666666666,0.0,0.5,,1.0,0.9970757773947009,1,1,1,247.07412719726562,0.3685951232910156,iris,1,0.4,0.1,0.4
metacog,0.3333333333333333,0.3333333333333333,0.16666666666666666,0.0,0.5,,1.0,0.9977269338811082,1,1,1,239.98069763183594,0.3654956817626953,iris,2,0.4,0.1,0.4
metacog,0.3333333333333333,0.3333333333333333,0.16666666666666666,0.0,0.5,,1.0,0.9961780853484691,1,1,1,235.44645309448242,0.3857612609863281,iris,3,0.4,0.1,0.4
metacog,0.3333333333333333,0.3333333333333333,0.16666666666666666,0.0,0.5,,0.8413882683090157,0.9971051500737994,1,1,1,265.2616500854492,0.362396240234375,iris,4,0.4,0.1,0.4
metacog,0.3888888888888889,0.3333333333333333,0.18666666666666668,0.0,0.5,,0.05448551404923955,0.8356166464548431,1,1,1,1806.469440460205,0.42176246643066406,wine,0,0.4,0.1,0.4
metacog,0.3888888888888889,0.3333333333333333,0.18666666666666668,0.0,0.5,,0.10808918016984967,0.9836413568501193,1,1,1,1819.5993900299072,0.4260540008544922,wine,1,0.4,0.1,0.4
metacog,0.3888888888888889,0.3333333333333333,0.18666666666666668,0.0,0.5,,0.12637829618825452,0.9628190126221114,1,1,1,1814.1379356384277,0.4417896270751953,wine,2,0.4,0.1,0.4
metacog,0.3888888888888889,0.3333333333333333,0.18666666666666668,0.0,0.5,,0.08826130698690134,0.9716808402437557,1,1,1,1780.8384895324707,0.4248619079589844,wine,3,0.4,0.1,0.4
metacog,0.3888888888888889,0.3333333333333333,0.18666666666666668,0.0,0.5,,0.06047926749204607,0.8796421389376234,1,1,1,1853.8105487823486,0.5731582641601562,wine,4,0.4,0.1,0.4
metacog,0.6140350877192983,0.5,0.3804347826086957,0.0,0.5,0.6140350877192983,0.16888261642988234,0.996438889669009,1,1,1,20148.21982383728,1.3606548309326172,breast_cancer,0,0.4,0.1,0.4
metacog,0.6140350877192983,0.5,0.3804347826086957,0.0,0.5,0.6140350877192983,0.17301101243890643,0.9800388511449721,1,1,1,20207.02290534973,1.2280941009521484,breast_cancer,1,0.4,0.1,0.4
metacog,0.631578947368421,0.5,0.3870967741935484,0.0,0.5,0.631578947368421,0.0971257789267817,0.9978297494359547,1,1,1,19567.920684814453,1.218557357788086,breast_cancer,2,0.4,0.1,0.4
metacog,0.8421052631578947,0.7956349206349207,0.8144665461121157,0.662595343916706,0.7982804232804233,0.8102115937789479,0.4125268785528514,0.9654808723040684,5,3,3,50272.38988876343,1.5251636505126953,breast_cancer,3,0.4,0.1,0.4
metacog,0.631578947368421,0.5,0.3870967741935484,0.0,0.5,0.631578947368421,0.26773643154259474,0.9718729874477393,1,1,1,19645.40386199951,2.866029739379883,breast_cancer,4,0.4,0.1,0.4
metacog,0.8,0.5652173913043478,0.5579133510167993,0.32177789389368455,0.5652173913043478,0.33043478260869563,0.5541350673001662,1.0,3,2,2,6508.143186569214,4.567146301269531,adult,0,0.4,0.1,0.4
metacog,0.805,0.5913325804630153,0.6010434248887525,0.3371846188159856,0.5913325804630153,0.3450790513833992,0.6867096625830987,0.99993115173406,5,3,3,9648.435354232788,8.75401496887207,adult,1,0.4,0.1,0.4
metacog,0.8,0.5652173913043478,0.5579133510167993,0.32177789389368455,0.5652173913043478,0.33043478260869563,0.5177485492624431,1.0,3,2,2,6435.850381851196,4.814863204956055,adult,2,0.4,0.1,0.4
metacog,0.805,0.5760869565217391,0.5758795062802458,0.34845909958918564,0.5760869565217391,0.3471739130434783,0.5289958634037956,0.9989156713474379,3,2,2,6666.678428649902,5.784749984741211,adult,3,0.4,0.1,0.4
metacog,0.795,0.5543478260869565,0.5392999606719479,0.29298753307495307,0.5543478260869565,0.31369565217391304,0.5123123594125598,1.0,3,2,2,6234.1468334198,5.702495574951172,adult,4,0.4,0.1,0.4
metacog,0.3333333333333333,0.3333333333333333,0.16666666666666666,0.0,0.5,,1.0,0.9973710865078222,1,1,1,264.21475410461426,0.3619194030761719,iris,0,0.4,0.1,0.5
metacog,0.3333333333333333,0.3333333333333333,0.16666666666666666,0.0,0.5,,1.0,0.9970757773947009,1,1,1,239.74323272705078,0.3867149353027344,iris,1,0.4,0.1,0.5
metacog,0.3333333333333333,0.3333333333333333,0.16666666666666666,0.0,0.5,,1.0,0.9977269338811082,1,1,1,241.68634414672852,0.34308433532714844,iris,2,0.4,0.1,0.5
metacog,0.3333333333333333,0.3333333333333333,0.16666666666666666,0.0,0.5,,1.0,0.9961780853484691,1,1,1,267.9791450500488,0.6821155548095703,iris,3,0.4,0.1,0.5
metacog,0.3333333333333333,0.3333333333333333,0.16666666666666666,0.0,0.5,,0.8413882683090157,0.9971051500737994,1,1,1,266.1876678466797,0.36334991455078125,iris,4,0.4,0.1,0.5
metacog,0.3888888888888889,0.3333333333333333,0.18666666666666668,0.0,0.5,,0.05448551404923955,0.8356166464548431,1,1,1,1827.7297019958496,0.43082237243652344,wine,0,0.4,0.1,0.5
metacog,0.3888888888888889,0.3333333333333333,0.18666666666666668,0.0,0.5,,0.10808918016984967,0.9836413568501193,1,1,1,1777.2130966186523,0.42176246643066406,wine,1,0.4,0.1,0.5
metacog,0.3888888888888889,0.3333333333333333,0.18666666666666668,0.0,0.5,,0.12637829618825452,0.9628190126221114,1,1,1,1773.9009857177734,0.4954338073730469,wine,2,0.4,0.1,0.5
metacog,0.3888888888888889,0.3333333333333333,0.18666666666666668,0.0,0.5,,0.08826130698690134,0.9716808402437557,1,1,1,1768.2709693908691,0.4897117614746094,wine,3,0.4,0.1,0.5
metacog,0.3888888888888889,0.3333333333333333,0.18666666666666668,0.0,0.5,,0.06047926749204607,0.8796421389376234,1,1,1,1817.73042678833,0.42557716369628906,wine,4,0.4,0.1,0.5
metacog,0.6140350877192983,0.5,0.3804347826086957,0.0,0.5,0.6140350877192983,0.16888261642988234,0.996438889669009,1,1,1,19677.735805511475,1.4505386352539062,breast_cancer,0,0.4,0.1,0.5
metacog,0.6140350877192983,0.5,0.3804347826086957,0.0,0.5,0.6140350877192983,0.17301101243890643,0.9800388511449721,1,1,1,19599.52664375305,1.2106895446777344,breast_cancer,1,0.4,0.1,0.5
metacog,0.631578947368421,0.5,0.3870967741935484,0.0,0.5,0.631578947368421,0.0971257789267817,0.9978297494359547,1,1,1,19563.7686252594,1.2004375457763672,breast_cancer,2,0.4,0.1,0.5
metacog,0.8421052631578947,0.7956349206349207,0.8144665461121157,0.662595343916706,0.7982804232804233,0.8102115937789479,0.4125268785528514,0.9654808723040684,5,3,3,51015.07544517517,1.4619827270507812,breast_cancer,3,0.4,0.1,0.5
metacog,0.631578947368421,0.5,0.3870967741935484,0.0,0.5,0.631578947368421,0.26773643154259474,0.9718729874477393,1,1,1,18993.104696273804,1.1985301971435547,breast_cancer,4,0.4,0.1,0.5
metacog,0.8,0.5652173913043478,0.5579133510167993,0.32177789389368455,0.5652173913043478,0.33043478260869563,0.5541350673001662,1.0,3,2,2,6201.224327087402,4.567861557006836,adult,0,0.4,0.1,0.5
metacog,0.805,0.5913325804630153,0.6010434248887525,0.3371846188159856,0.5913325804630153,0.3450790513833992,0.6867096625830987,0.99993115173406,5,3,3,10224.076747894287,5.356311798095703,adult,1,0.4,0.1,0.5
metacog,0.8,0.5652173913043478,0.5579133510167993,0.32177789389368455,0.5652173913043478,0.33043478260869563,0.5177485492624431,1.0,3,2,2,6976.56774520874,5.362510681152344,adult,2,0.4,0.1,0.5
metacog,0.805,0.5760869565217391,0.5758795062802458,0.34845909958918564,0.5760869565217391,0.3471739130434783,0.5289958634037956,0.9989156713474379,3,2,2,6637.973785400391,4.53495979309082,adult,3,0.4,0.1,0.5
metacog,0.795,0.5543478260869565,0.5392999606719479,0.29298753307495307,0.5543478260869565,0.31369565217391304,0.5123123594125598,1.0,3,2,2,6258.739709854126,4.555940628051758,adult,4,0.4,0.1,0.5
metacog,0.6666666666666666,0.6666666666666666,0.5555555555555555,0.6123724356957945,0.8333333333333334,,0.5087148216635994,0.9931689782126119,3,2,2,446.63190841674805,0.7379055023193359,iris,0,0.4,0.12,0.0
metacog,0.6666666666666666,0.6666666666666666,0.5555555555555555,0.6123724356957945,0.8333333333333334,,0.5053783704402405,0.9846235543341044,3,2,2,420.3026294708252,0.46372413635253906,iris,1,0.4,0.12,0.0
metacog,0.6666666666666666,0.6666666666666666,0.5555555555555555,0.6123724356957945,0.8333333333333334,,0.5003001606412475,0.9925327311980254,3,2,2,484.01927947998047,0.9362697601318359,iris,2,0.4,0.12,0.0
metacog,0.6666666666666666,0.6666666666666666,0.5555555555555555,0.6123724356957945,0.8333333333333334,,0.5053783704402405,0.9923855873540359,3,2,2,472.25213050842285,0.4532337188720703,iris,3,0.4,0.12,0.0
metacog,0.8666666666666667,0.8666666666666667,0.8666666666666667,0.8,0.9166666666666666,,0.4295544454919649,0.9728009417627567,5,3,3,553.9107322692871,0.713348388671875,iris,4,0.4,0.12,0.0
metacog,0.3888888888888889,0.3333333333333333,0.18666666666666668,0.0,0.5,,0.05448551404923955,0.8356166464548431,1,1,1,1765.3076648712158,0.40078163146972656,wine,0,0.4,0.12,0.0
metacog,0.3888888888888889,0.3333333333333333,0.18666666666666668,0.0,0.5,,0.10808918016984967,0.9836413568501193,1,1,1,1745.4254627227783,0.42438507080078125,wine,1,0.4,0.12,0.0
metacog,0.6111111111111112,0.6,0.5185185185185185,0.5167423893288018,0.7494949494949495,,0.3774030947679678,0.9761711209664234,5,3,3,3678.222894668579,0.537872314453125,wine,2,0.4,0.12,0.0
metacog,0.3888888888888889,0.3333333333333333,0.18666666666666668,0.0,0.5,,0.08826130698690134,0.9716808402437557,1,1,1,1835.3016376495361,0.7910728454589844,wine,3,0.4,0.12,0.0
metacog,0.3888888888888889,0.3333333333333333,0.18666666666666668,0.0,0.5,,0.06047926749204607,0.8796421389376234,1,1,1,1779.6578407287598,0.48232078552246094,wine,4,0.4,0.12,0.0
metacog,0.9473684210526315,0.9487012987012987,0.9449275362318841,0.8904905361044291,0.9512987012987013,0.9514896867838044,0.21358133163914025,0.9888872175996579,5,3,3,51122.33281135559,1.4438629150390625,breast_cancer,0,0.4,0.12,0.0
metacog,0.9824561403508771,0.9772727272727273,0.981329839502129,0.9633432944855655,0.9772727272727273,0.9722222222222222,0.2977781401192274,0.9858737888548949,5,3,3,51184.73768234253,1.6455650329589844,breast_cancer,1,0.4,0.12,0.0
metacog,0.631578947368421,0.5,0.3870967741935484,0.0,0.5,0.631578947368421,0.0971257789267817,0.9978297494359547,1,1,1,19097.21875190735,1.1570453643798828,breast_cancer,2,0.4,0.12,0.0
metacog,0.8421052631578947,0.7956349206349207,0.8144665461121157,0.662595343916706,0.7982804232804233,0.8102115937789479,0.4142019566762563,0.9709976809823655,5,3,3,51679.77237701416,1.5332698822021484,breast_cancer,3,0.4,0.12,0.0
metacog,0.9298245614035088,0.9047619047619048,0.9210526315789473,0.8535639569308375,0.9047619047619048,0.9,0.3303387131174819,0.959075996239208,5,3,3,47897.97830581665,2.4900436401367188,breast_cancer,4,0.4,0.12,0.0
metacog,0.8,0.5652173913043478,0.5579133510167993,0.32177789389368455,0.5652173913043478,0.33043478260869563,0.5541350673001662,1.0,3,2,2,5865.870952606201,4.81104850769043,adult,0,0.4,0.12,0.0
metacog,0.805,0.5913325804630153,0.6010434248887525,0.3371846188159856,0.7637634105025409,0.46100790513833995,0.44062217910693524,0.8797266491742846,7,4,4,11656.620025634766,5.198478698730469,adult,1,0.4,0.12,0.0
metacog,0.8,0.5652173913043478,0.5579133510167993,0.32177789389368455,0.5652173913043478,0.33043478260869563,0.5177485492624431,1.0,3,2,2,6021.492958068848,5.346059799194336,adult,2,0.4,0.12,0.0
metacog,0.805,0.5760869565217391,0.5758795062802458,0.34845909958918564,0.5760869565217391,0.3471739130434783,0.5289958634037956,1.0,3,2,2,5790.0824546813965,4.109382629394531,adult,3,0.4,0.12,0.0
metacog,0.795,0.5543478260869565,0.5392999606719479,0.29298753307495307,0.5543478260869565,0.31369565217391304,0.5123123594125598,1.0,3,2,2,5912.7256870269775,5.02324104309082,adult,4,0.4,0.12,0.0
metacog,0.3333333333333333,0.3333333333333333,0.16666666666666666,0.0,0.5,,1.0,0.9973710865078222,1,1,1,270.1070308685303,0.36644935607910156,iris,0,0.4,0.12,0.1
metacog,0.3333333333333333,0.3333333333333333,0.16666666666666666,0.0,0.5,,1.0,0.9970757773947009,1,1,1,243.50237846374512,0.37384033203125,iris,1,0.4,0.12,0.1
metacog,0.3333333333333333,0.3333333333333333,0.16666666666666666,0.0,0.5,,1.0,0.9977269338811082,1,1,1,245.50676345825195,0.36334991455078125,iris,2,0.4,0.12,0.1
metacog,0.3333333333333333,0.3333333333333333,0.16666666666666666,0.0,0.5,,1.0,0.9961780853484691,1,1,1,266.1631107330322,0.8120536804199219,iris,3,0.4,0.12,0.1
metacog,0.3333333333333333,0.3333333333333333,0.16666666666666666,0.0,0.5,,0.8413882683090157,0.9971051500737994,1,1,1,271.53992652893066,0.4189014434814453,iris,4,0.4,0.12,0.1
metacog,0.3888888888888889,0.3333333333333333,0.18666666666666668,0.0,0.5,,0.05448551404923955,0.8356166464548431,1,1,1,1862.7705574035645,0.7410049438476562,wine,0,0.4,0.12,0.1
metacog,0.3888888888888889,0.3333333333333333,0.18666666666666668,0.0,0.5,,0.10808918016984967,0.9836413568501193,1,1,1,1778.58304977417,0.41747093200683594,wine,1,0.4,0.12,0.1
metacog,0.3888888888888889,0.3333333333333333,0.18666666666666668,0.0,0.5,,0.12637829618825452,0.9628190126221114,1,1,1,1812.1426105499268,0.5373954772949219,wine,2,0.4,0.12,0.1
metacog,0.3888888888888889,0.3333333333333333,0.18666666666666668,0.0,0.5,,0.08826130698690134,0.9716808402437557,1,1,1,1811.38014793396,0.43201446533203125,wine,3,0.4,0.12,0.1
metacog,0.3888888888888889,0.3333333333333333,0.18666666666666668,0.0,0.5,,0.06047926749204607,0.8796421389376234,1,1,1,1848.04105758667,0.42366981506347656,wine,4,0.4,0.12,0.1
metacog,0.6140350877192983,0.5,0.3804347826086957,0.0,0.5,0.6140350877192983,0.16888261642988234,0.996438889669009,1,1,1,19804.340839385986,1.2612342834472656,breast_cancer,0,0.4,0.12,0.1
metacog,0.9824561403508771,0.9772727272727273,0.981329839502129,0.9633432944855655,0.9772727272727273,0.9722222222222222,0.2972640601417964,0.9858737888548949,5,3,3,52250.47969818115,1.4927387237548828,breast_cancer,1,0.4,0.12,0.1
metacog,0.631578947368421,0.5,0.3870967741935484,0.0,0.5,0.631578947368421,0.0971257789267817,0.9978297494359547,1,1,1,19634.457111358643,1.161813735961914,breast_cancer,2,0.4,0.12,0.1
metacog,0.8421052631578947,0.7956349206349207,0.8144665461121157,0.662595343916706,0.7982804232804233,0.8102115937789479,0.4125268785528514,0.9654808723040684,5,3,3,51455.08575439453,4.412412643432617,breast_cancer,3,0.4,0.12,0.1
metacog,0.9298245614035088,0.9047619047619048,0.9210526315789473,0.8535639569308375,0.9047619047619048,0.9,0.32420614859132296,0.9799090550488756,5,3,3,51572.70622253418,1.7778873443603516,breast_cancer,4,0.4,0.12,0.1
metacog,0.8,0.5652173913043478,0.5579133510167993,0.32177789389368455,0.5652173913043478,0.33043478260869563,0.5541350673001662,1.0,3,2,2,6537.939548492432,4.575252532958984,adult,0,0.4,0.12,0.1
metacog,0.805,0.5913325804630153,0.6010434248887525,0.3371846188159856,0.7637634105025409,0.46100790513833995,0.4402523890379214,0.8766580354991211,7,4,4,11632.7383518219,5.108356475830078,adult,1,0.4,0.12,0.1
metacog,0.8,0.5652173913043478,0.5579133510167993,0.32177789389368455,0.5652173913043478,0.33043478260869563,0.5177485492624431,1.0,3,2,2,5946.9592571258545,4.744529724121094,adult,2,0.4,0.12,0.1
metacog,0.805,0.5760869565217391,0.5758795062802458,0.34845909958918564,0.5760869565217391,0.3471739130434783,0.5289958634037956,0.9989156713474379,3,2,2,5890.792608261108,4.323482513427734,adult,3,0.4,0.12,0.1
metacog,0.795,0.5543478260869565,0.5392999606719479,0.29298753307495307,0.5543478260869565,0.31369565217391304,0.5123123594125598,1.0,3,2,2,5952.291250228882,4.58216667175293,adult,4,0.4,0.12,0.1
metacog,0.3333333333333333,0.3333333333333333,0.16666666666666666,0.0,0.5,,1.0,0.9973710865078222,1,1,1,264.007568359375,0.3859996795654297,iris,0,0.4,0.12,0.15
metacog,0.3333333333333333,0.3333333333333333,0.16666666666666666,0.0,0.5,,1.0,0.9970757773947009,1,1,1,241.39976501464844,0.5829334259033203,iris,1,0.4,0.12,0.15
metacog,0.3333333333333333,0.3333333333333333,0.16666666666666666,0.0,0.5,,1.0,0.9977269338811082,1,1,1,240.42773246765137,0.3402233123779297,iris,2,0.4,0.12,0.15
metacog,0.3333333333333333,0.3333333333333333,0.16666666666666666,0.0,0.5,,1.0,0.9961780853484691,1,1,1,260.21552085876465,0.38361549377441406,iris,3,0.4,0.12,0.15
metacog,0.3333333333333333,0.3333333333333333,0.16666666666666666,0.0,0.5,,0.8413882683090157,0.9971051500737994,1,1,1,272.6271152496338,0.3638267517089844,iris,4,0.4,0.12,0.15
metacog,0.3888888888888889,0.3333333333333333,0.18666666666666668,0.0,0.5,,0.05448551404923955,0.8356166464548431,1,1,1,1830.6455612182617,0.5643367767333984,wine,0,0.4,0.12,0.15
metacog,0.3888888888888889,0.3333333333333333,0.18666666666666668,0.0,0.5,,0.10808918016984967,0.9836413568501193,1,1,1,1752.9239654541016,0.3962516784667969,wine,1,0.4,0.12,0.15
metacog,0.3888888888888889,0.3333333333333333,0.18666666666666668,0.0,0.5,,0.12637829618825452,0.9628190126221114,1,1,1,1787.6410484313965,0.4177093505859375,wine,2,0.4,0.12,0.15
metacog,0.3888888888888889,0.3333333333333333,0.18666666666666668,0.0,0.5,,0.08826130698690134,0.9716808402437557,1,1,1,1782.8481197357178,0.4420280456542969,wine,3,0.4,0.12,0.15
metacog,0.3888888888888889,0.3333333333333333,0.18666666666666668,0.0,0.5,,0.06047926749204607,0.8796421389376234,1,1,1,1820.4054832458496,0.42748451232910156,wine,4,0.4,0.12,0.15
metacog,0.6140350877192983,0.5,0.3804347826086957,0.0,0.5,0.6140350877192983,0.16888261642988234,0.996438889669009,1,1,1,19670.900344848633,1.3010501861572266,breast_cancer,0,0.4,0.12,0.15
metacog,0.6140350877192983,0.5,0.3804347826086957,0.0,0.5,0.6140350877192983,0.17301101243890643,0.9800388511449721,1,1,1,19558.783292770386,1.6937255859375,breast_cancer,1,0.4,0.12,0.15
metacog,0.631578947368421,0.5,0.3870967741935484,0.0,0.5,0.631578947368421,0.0971257789267817,0.9978297494359547,1,1,1,19478.440284729004,1.2264251708984375,breast_cancer,2,0.4,0.12,0.15
metacog,0.8421052631578947,0.7956349206349207,0.8144665461121157,0.662595343916706,0.7982804232804233,0.8102115937789479,0.4125268785528514,0.9654808723040684,5,3,3,51114.25971984863,1.505136489868164,breast_cancer,3,0.4,0.12,0.15
metacog,0.9298245614035088,0.9047619047619048,0.9210526315789473,0.8535639569308375,0.9047619047619048,0.9,0.32420614859132296,0.9799090550488756,5,3,3,52083.229303359985,1.4469623565673828,breast_cancer,4,0.4,0.12,0.15
metacog,0.8,0.5652173913043478,0.5579133510167993,0.32177789389368455,0.5652173913043478,0.33043478260869563,0.5541350673001662,1.0,3,2,2,6268.220663070679,4.679441452026367,adult,0,0.4,0.12,0.15
metacog,0.805,0.5913325804630153,0.6010434248887525,0.3371846188159856,0.7637634105025409,0.46100790513833995,0.4402523890379214,0.8766580354991211,7,4,4,12157.573461532593,5.409955978393555,adult,1,0.4,0.12,0.15
metacog,0.8,0.5652173913043478,0.5579133510167993,0.32177789389368455,0.5652173913043478,0.33043478260869563,0.5177485492624431,1.0,3,2,2,5957.32569694519,4.507303237915039,adult,2,0.4,0.12,0.15
metacog,0.805,0.5760869565217391,0.5758795062802458,0.34845909958918564,0.5760869565217391,0.3471739130434783,0.5289958634037956,0.9989156713474379,3,2,2,6065.673828125,5.704641342163086,adult,3,0.4,0.12,0.15
metacog,0.795,0.5543478260869565,0.5392999606719479,0.29298753307495307,0.5543478260869565,0.31369565217391304,0.5123123594125598,1.0,3,2,2,6615.543365478516,5.570411682128906,adult,4,0.4,0.12,0.15
metacog,0.3333333333333333,0.3333333333333333,0.16666666666666666,0.0,0.5,,1.0,0.9973710865078222,1,1,1,245.82529067993164,0.34356117248535156,iris,0,0.4,0.12,0.2
metacog,0.3333333333333333,0.3333333333333333,0.16666666666666666,0.0,0.5,,1.0,0.9970757773947009,1,1,1,227.2953987121582,0.3979206085205078,iris,1,0.4,0.12,0.2
metacog,0.3333333333333333,0.3333333333333333,0.16666666666666666,0.0,0.5,,1.0,0.9977269338811082,1,1,1,231.5216064453125,0.3638267517089844,iris,2,0.4,0.12,0.2
metacog,0.3333333333333333,0.3333333333333333,0.16666666666666666,0.0,0.5,,1.0,0.9961780853484691,1,1,1,245.5899715423584,0.3726482391357422,iris,3,0.4,0.12,0.2
metacog,0.3333333333333333,0.3333333333333333,0.16666666666666666,0.0,0.5,,0.8413882683090157,0.9971051500737994,1,1,1,262.5420093536377,0.5333423614501953,iris,4,0.4,0.12,0.2
metacog,0.3888888888888889,0.3333333333333333,0.18666666666666668,0.0,0.5,,0.05448551404923955,0.8356166464548431,1,1,1,1735.504150390625,0.4458427429199219,wine,0,0.4,0.12,0.2
metacog,0.3888888888888889,0.3333333333333333,0.18666666666666668,0.0,0.5,,0.10808918016984967,0.9836413568501193,1,1,1,1750.089168548584,0.42176246643066406,wine,1,0.4,0.12,0.2
metacog,0.3888888888888889,0.3333333333333333,0.18666666666666668,0.0,0.5,,0.12637829618825452,0.9628190126221114,1,1,1,1760.3785991668701,0.4360675811767578,wine,2,0.4,0.12,0.2
metacog,0.3888888888888889,0.3333333333333333,0.18666666666666668,0.0,0.5,,0.08826130698690134,0.9716808402437557,1,1,1,1734.2593669891357,0.45752525329589844,wine,3,0.4,0.12,0.2
metacog,0.3888888888888889,0.3333333333333333,0.18666666666666668,0.0,0.5,,0.06047926749204607,0.8796421389376234,1,1,1,1735.5563640594482,0.4131793975830078,wine,4,0.4,0.12,0.2
metacog,0.6140350877192983,0.5,0.3804347826086957,0.0,0.5,0.6140350877192983,0.16888261642988234,0.996438889669009,1,1,1,18788.62428665161,2.4919509887695312,breast_cancer,0,0.4,0.12,0.2
metacog,0.6140350877192983,0.5,0.3804347826086957,0.0,0.5,0.6140350877192983,0.17301101243890643,0.9800388511449721,1,1,1,18885.98132133484,1.1730194091796875,breast_cancer,1,0.4,0.12,0.2
metacog,0.631578947368421,0.5,0.3870967741935484,0.0,0.5,0.631578947368421,0.0971257789267817,0.9978297494359547,1,1,1,18912.068843841553,1.2125968933105469,breast_cancer,2,0.4,0.12,0.2
metacog,0.8421052631578947,0.7956349206349207,0.8144665461121157,0.662595343916706,0.7982804232804233,0.8102115937789479,0.4125268785528514,0.9654808723040684,5,3,3,49575.23775100708,1.4984607696533203,breast_cancer,3,0.4,0.12,0.2
metacog,0.9298245614035088,0.9047619047619048,0.9210526315789473,0.8535639569308375,0.9047619047619048,0.9,0.32420614859132296,0.9799090550488756,5,3,3,51211.61413192749,1.4736652374267578,breast_cancer,4,0.4,0.12,0.2
metacog,0.8,0.5652173913043478,0.5579133510167993,0.32177789389368455,0.5652173913043478,0.33043478260869563,0.5541350673001662,1.0,3,2,2,6691.701650619507,4.596948623657227,adult,0,0.4,0.12,0.2
metacog,0.805,0.5913325804630153,0.6010434248887525,0.3371846188159856,0.5913325804630153,0.3450790513833992,0.6867096625830987,0.99993115173406,5,3,3,9081.013917922974,4.779815673828125,adult,1,0.4,0.12,0.2
metacog,0.8,0.5652173913043478,0.5579133510167993,0.32177789389368455,0.5652173913043478,0.33043478260869563,0.5177485492624431,1.0,3,2,2,6201.945781707764,5.171775817871094,adult,2,0.4,0.12,0.2
metacog,0.805,0.5760869565217391,0.5758795062802458,0.34845909958918564,0.5760869565217391,0.3471739130434783,0.5289958634037956,0.9989156713474379,3,2,2,6808.235883712769,4.82940673828125,adult,3,0.4,0.12,0.2
metacog,0.795,0.5543478260869565,0.5392999606719479,0.29298753307495307,0.5543478260869565,0.31369565217391304,0.5123123594125598,1.0,3,2,2,6579.907655715942,4.59742546081543,adult,4,0.4,0.12,0.2
metacog,0.3333333333333333,0.3333333333333333,0.16666666666666666,0.0,0.5,,1.0,0.9973710865078222,1,1,1,244.26889419555664,0.3437995910644531,iris,0,0.4,0.12,0.3
metacog,0.3333333333333333,0.3333333333333333,0.16666666666666666,0.0,0.5,,1.0,0.9970757773947009,1,1,1,225.84772109985352,0.3483295440673828,iris,1,0.4,0.12,0.3
metacog,0.3333333333333333,0.3333333333333333,0.16666666666666666,0.0,0.5,,1.0,0.9977269338811082,1,1,1,227.87880897521973,0.36263465881347656,iris,2,0.4,0.12,0.3
metacog,0.3333333333333333,0.3333333333333333,0.16666666666666666,0.0,0.5,,1.0,0.9961780853484691,1,1,1,240.05436897277832,0.43487548828125,iris,3,0.4,0.12,0.3
metacog,0.3333333333333333,0.3333333333333333,0.16666666666666666,0.0,0.5,,0.8413882683090157,0.9971051500737994,1,1,1,267.0004367828369,0.4372596740722656,iris,4,0.4,0.12,0.3
metacog,0.3888888888888889,0.3333333333333333,0.18666666666666668,0.0,0.5,,0.05448551404923955,0.8356166464548431,1,1,1,1768.6152458190918,0.4086494445800781,wine,0,0.4,0.12,0.3
metacog,0.3888888888888889,0.3333333333333333,0.18666666666666668,0.0,0.5,,0.10808918016984967,0.9836413568501193,1,1,1,1768.6481475830078,0.41961669921875,wine,1,0.4,0.12,0.3
metacog,0.3888888888888889,0.3333333333333333,0.18666666666666668,0.0,0.5,,0.12637829618825452,0.9628190126221114,1,1,1,1759.8090171813965,0.4248619079589844,wine,2,0.4,0.12,0.3
metacog,0.3888888888888889,0.3333333333333333,0.18666666666666668,0.0,0.5,,0.08826130698690134,0.9716808402437557,1,1,1,1735.4719638824463,0.4227161407470703,wine,3,0.4,0.12,0.3
metacog,0.3888888888888889,0.3333333333333333,0.18666666666666668,0.0,0.5,,0.06047926749204607,0.8796421389376234,1,1,1,1729.1932106018066,0.4563331604003906,wine,4,0.4,0.12,0.3
metacog,0.6140350877192983,0.5,0.3804347826086957,0.0,0.5,0.6140350877192983,0.16888261642988234,0.996438889669009,1,1,1,19014.7647857666,1.646280288696289,breast_cancer,0,0.4,0.12,0.3
metacog,0.6140350877192983,0.5,0.3804347826086957,0.0,0.5,0.6140350877192983,0.17301101243890643,0.9800388511449721,1,1,1,18982.12242126465,1.1324882507324219,breast_cancer,1,0.4,0.12,0.3
metacog,0.631578947368421,0.5,0.3870967741935484,0.0,0.5,0.631578947368421,0.0971257789267817,0.9978297494359547,1,1,1,18927.322387695312,1.1363029479980469,breast_cancer,2,0.4,0.12,0.3
metacog,0.8421052631578947,0.7956349206349207,0.8144665461121157,0.662595343916706,0.7982804232804233,0.8102115937789479,0.4125268785528514,0.9654808723040684,5,3,3,49622.36976623535,1.5110969543457031,breast_cancer,3,0.4,0.12,0.3
metacog,0.631578947368421,0.5,0.3870967741935484,0.0,0.5,0.631578947368421,0.26773643154259474,0.9718729874477393,1,1,1,18986.918449401855,1.1584758758544922,breast_cancer,4,0.4,0.12,0.3
metacog,0.8,0.5652173913043478,0.5579133510167993,0.32177789389368455,0.5652173913043478,0.33043478260869563,0.5541350673001662,1.0,3,2,2,6107.148170471191,4.518270492553711,adult,0,0.4,0.12,0.3
metacog,0.805,0.5913325804630153,0.6010434248887525,0.3371846188159856,0.5913325804630153,0.3450790513833992,0.6867096625830987,0.99993115173406,5,3,3,9201.359510421753,5.004405975341797,adult,1,0.4,0.12,0.3
metacog,0.8,0.5652173913043478,0.5579133510167993,0.32177789389368455,0.5652173913043478,0.33043478260869563,0.5177485492624431,1.0,3,2,2,6413.932323455811,8.699893951416016,adult,2,0.4,0.12,0.3
metacog,0.805,0.5760869565217391,0.5758795062802458,0.34845909958918564,0.5760869565217391,0.3471739130434783,0.5289958634037956,0.9989156713474379,3,2,2,7194.908618927002,4.978656768798828,adult,3,0.4,0.12,0.3
metacog,0.795,0.5543478260869565,0.5392999606719479,0.29298753307495307,0.5543478260869565,0.31369565217391304,0.5123123594125598,1.0,3,2,2,7179.69536781311,7.938385009765625,adult,4,0.4,0.12,0.3
metacog,0.3333333333333333,0.3333333333333333,0.16666666666666666,0.0,0.5,,1.0,0.9973710865078222,1,1,1,243.20268630981445,0.35691261291503906,iris,0,0.4,0.12,0.4
metacog,0.3333333333333333,0.3333333333333333,0.16666666666666666,0.0,0.5,,1.0,0.9970757773947009,1,1,1,233.50167274475098,0.5352497100830078,iris,1,0.4,0.12,0.4
metacog,0.3333333333333333,0.3333333333333333,0.16666666666666666,0.0,0.5,,1.0,0.9977269338811082,1,1,1,237.7784252166748,0.3476142883300781,iris,2,0.4,0.12,0.4
metacog,0.3333333333333333,0.3333333333333333,0.16666666666666666,0.0,0.5,,1.0,0.9961780853484691,1,1,1,236.49024963378906,0.35953521728515625,iris,3,0.4,0.12,0.4
metacog,0.3333333333333333,0.3333333333333333,0.16666666666666666,0.0,0.5,,0.8413882683090157,0.9971051500737994,1,1,1,268.51844787597656,0.37741661071777344,iris,4,0.4,0.12,0.4
metacog,0.3888888888888889,0.3333333333333333,0.18666666666666668,0.0,0.5,,0.05448551404923955,0.8356166464548431,1,1,1,1765.7625675201416,0.42819976806640625,wine,0,0.4,0.12,0.4
metacog,0.3888888888888889,0.3333333333333333,0.18666666666666668,0.0,0.5,,0.10808918016984967,0.9836413568501193,1,1,1,1768.273115158081,0.4448890686035156,wine,1,0.4,0.12,0.4
metacog,0.3888888888888889,0.3333333333333333,0.18666666666666668,0.0,0.5,,0.12637829618825452,0.9628190126221114,1,1,1,1780.0004482269287,0.4229545593261719,wine,2,0.4,0.12,0.4
metacog,0.3888888888888889,0.3333333333333333,0.18666666666666668,0.0,0.5,,0.08826130698690134,0.9716808402437557,1,1,1,1766.3755416870117,0.42176246643066406,wine,3,0.4,0.12,0.4
metacog,0.3888888888888889,0.3333333333333333,0.18666666666666668,0.0,0.5,,0.06047926749204607,0.8796421389376234,1,1,1,1771.8932628631592,0.4265308380126953,wine,4,0.4,0.12,0.4
metacog,0.6140350877192983,0.5,0.3804347826086957,0.0,0.5,0.6140350877192983,0.16888261642988234,0.996438889669009,1,1,1,19091.544151306152,1.1992454528808594,breast_cancer,0,0.4,0.12,0.4
metacog,0.6140350877192983,0.5,0.3804347826086957,0.0,0.5,0.6140350877192983,0.17301101243890643,0.9800388511449721,1,1,1,19062.904596328735,1.1677742004394531,breast_cancer,1,0.4,0.12,0.4
metacog,0.631578947368421,0.5,0.3870967741935484,0.0,0.5,0.631578947368421,0.0971257789267817,0.9978297494359547,1,1,1,19230.86142539978,1.4286041259765625,breast_cancer,2,0.4,0.12,0.4
metacog,0.8421052631578947,0.7956349206349207,0.8144665461121157,0.662595343916706,0.7982804232804233,0.8102115937789479,0.4125268785528514,0.9654808723040684,5,3,3,50149.527072906494,1.4557838439941406,breast_cancer,3,0.4,0.12,0.4
metacog,0.631578947368421,0.5,0.3870967741935484,0.0,0.5,0.631578947368421,0.26773643154259474,0.9718729874477393,1,1,1,19107.88655281067,1.1458396911621094,breast_cancer,4,0.4,0.12,0.4
metacog,0.8,0.5652173913043478,0.5579133510167993,0.32177789389368455,0.5652173913043478,0.33043478260869563,0.5541350673001662,1.0,3,2,2,6236.0968589782715,5.675792694091797,adult,0,0.4,0.12,0.4
metacog,0.805,0.5913325804630153,0.6010434248887525,0.3371846188159856,0.5913325804630153,0.3450790513833992,0.6867096625830987,0.99993115173406,5,3,3,9222.203254699707,5.162954330444336,adult,1,0.4,0.12,0.4
metacog,0.8,0.5652173913043478,0.5579133510167993,0.32177789389368455,0.5652173913043478,0.33043478260869563,0.5177485492624431,1.0,3,2,2,6671.781778335571,5.385637283325195,adult,2,0.4,0.12,0.4
metacog,0.805,0.5760869565217391,0.5758795062802458,0.34845909958918564,0.5760869565217391,0.3471739130434783,0.5289958634037956,0.9989156713474379,3,2,2,7314.144849777222,5.888700485229492,adult,3,0.4,0.12,0.4
metacog,0.795,0.5543478260869565,0.5392999606719479,0.29298753307495307,0.5543478260869565,0.31369565217391304,0.5123123594125598,1.0,3,2,2,6913.943767547607,4.590511322021484,adult,4,0.4,0.12,0.4
metacog,0.3333333333333333,0.3333333333333333,0.16666666666666666,0.0,0.5,,1.0,0.9973710865078222,1,1,1,242.96092987060547,0.34999847412109375,iris,0,0.4,0.12,0.5
metacog,0.3333333333333333,0.3333333333333333,0.16666666666666666,0.0,0.5,,1.0,0.9970757773947009,1,1,1,223.91295433044434,0.3540515899658203,iris,1,0.4,0.12,0.5
metacog,0.3333333333333333,0.3333333333333333,0.16666666666666666,0.0,0.5,,1.0,0.9977269338811082,1,1,1,229.04562950134277,0.3628730773925781,iris,2,0.4,0.12,0.5
metacog,0.3333333333333333,0.3333333333333333,0.16666666666666666,0.0,0.5,,1.0,0.9961780853484691,1,1,1,238.93475532531738,0.370025634765625,iris,3,0.4,0.12,0.5
metacog,0.3333333333333333,0.3333333333333333,0.16666666666666666,0.0,0.5,,0.8413882683090157,0.9971051500737994,1,1,1,241.67704582214355,0.49304962158203125,iris,4,0.4,0.12,0.5
metacog,0.3888888888888889,0.3333333333333333,0.18666666666666668,0.0,0.5,,0.05448551404923955,0.8356166464548431,1,1,1,1737.333059310913,0.42319297790527344,wine,0,0.4,0.12,0.5
metacog,0.3888888888888889,0.3333333333333333,0.18666666666666668,0.0,0.5,,0.10808918016984967,0.9836413568501193,1,1,1,1742.1875,0.40268898010253906,wine,1,0.4,0.12,0.5
metacog,0.3888888888888889,0.3333333333333333,0.18666666666666668,0.0,0.5,,0.12637829618825452,0.9628190126221114,1,1,1,1746.3505268096924,0.4763603210449219,wine,2,0.4,0.12,0.5
metacog,0.3888888888888889,0.3333333333333333,0.18666666666666668,0.0,0.5,,0.08826130698690134,0.9716808402437557,1,1,1,1748.7294673919678,0.4038810729980469,wine,3,0.4,0.12,0.5
metacog,0.3888888888888889,0.3333333333333333,0.18666666666666668,0.0,0.5,,0.06047926749204607,0.8796421389376234,1,1,1,1730.670690536499,0.40340423583984375,wine,4,0.4,0.12,0.5
metacog,0.6140350877192983,0.5,0.3804347826086957,0.0,0.5,0.6140350877192983,0.16888261642988234,0.996438889669009,1,1,1,18737.433195114136,2.1986961364746094,breast_cancer,0,0.4,0.12,0.5
metacog,0.6140350877192983,0.5,0.3804347826086957,0.0,0.5,0.6140350877192983,0.17301101243890643,0.9800388511449721,1,1,1,18671.148538589478,1.2269020080566406,breast_cancer,1,0.4,0.12,0.5
metacog,0.631578947368421,0.5,0.3870967741935484,0.0,0.5,0.631578947368421,0.0971257789267817,0.9978297494359547,1,1,1,18831.674814224243,1.2197494506835938,breast_cancer,2,0.4,0.12,0.5
metacog,0.8421052631578947,0.7956349206349207,0.8144665461121157,0.662595343916706,0.7982804232804233,0.8102115937789479,0.4125268785528514,0.9654808723040684,5,3,3,49422.6815700531,1.5001296997070312,breast_cancer,3,0.4,0.12,0.5
metacog,0.631578947368421,0.5,0.3870967741935484,0.0,0.5,0.631578947368421,0.26773643154259474,0.9718729874477393,1,1,1,18797.68657684326,1.1680126190185547,breast_cancer,4,0.4,0.12,0.5
metacog,0.8,0.5652173913043478,0.5579133510167993,0.32177789389368455,0.5652173913043478,0.33043478260869563,0.5541350673001662,1.0,3,2,2,6106.565237045288,5.87916374206543,adult,0,0.4,0.12,0.5
metacog,0.805,0.5913325804630153,0.6010434248887525,0.3371846188159856,0.5913325804630153,0.3450790513833992,0.6867096625830987,0.99993115173406,5,3,3,9093.636751174927,5.022764205932617,adult,1,0.4,0.12,0.5
metacog,0.8,0.5652173913043478,0.5579133510167993,0.32177789389368455,0.5652173913043478,0.33043478260869563,0.5177485492624431,1.0,3,2,2,6230.967998504639,5.630731582641602,adult,2,0.4,0.12,0.5
metacog,0.805,0.5760869565217391,0.5758795062802458,0.34845909958918564,0.5760869565217391,0.3471739130434783,0.5289958634037956,0.9989156713474379,3,2,2,6981.522560119629,4.360437393188477,adult,3,0.4,0.12,0.5
metacog,0.795,0.5543478260869565,0.5392999606719479,0.29298753307495307,0.5543478260869565,0.31369565217391304,0.5123123594125598,1.0,3,2,2,7193.541526794434,5.223274230957031,adult,4,0.4,0.12,0.5
