mode,accuracy,balanced_accuracy,f1_macro,mcc,roc_auc,pr_auc,avg_ns,avg_ts,nodes,leaves,depth,train_ms,infer_ms,dataset,fold
classic,0.77,0.6912087912087912,0.7047875754075215,0.4747723007967709,0.7516483516483515,0.6598519407763106,0.0,0.0,79,40,21,66525.50888061523,17.569541931152344,MagicTelescope,0
metacog,0.65,0.5,0.3939393939393939,0.0,0.5,0.35,0.0316724494807344,0.9087863193289344,1,1,1,381501.7378330231,4.32133674621582,MagicTelescope,0
classic,0.76,0.676923076923077,0.6881496881496881,0.4493054359813343,0.7701098901098901,0.6376543087170113,0.0,0.0,99,50,21,67368.97134780884,15.093564987182615,MagicTelescope,1
metacog,0.65,0.5,0.3939393939393939,0.0,0.5,0.35,0.044363333452697,0.9514530753494882,1,1,1,393977.767944336,4.195690155029297,MagicTelescope,1
classic,0.77,0.6912087912087912,0.7047875754075215,0.4747723007967709,0.8021978021978022,0.6864069540859823,0.0,0.0,73,37,21,63027.33278274536,13.094186782836914,MagicTelescope,2
metacog,0.65,0.5,0.3939393939393939,0.0,0.5,0.35,0.0468804302236977,0.9319829644042468,1,1,1,404949.1732120514,4.038810729980469,MagicTelescope,2
classic,0.79,0.732967032967033,0.7475658131987017,0.5203586134220901,0.8281318681318681,0.6793650793650794,0.0,0.0,91,46,21,63013.69762420654,13.30876350402832,MagicTelescope,3
metacog,0.65,0.5,0.3939393939393939,0.0,0.5,0.35,0.0991432267588758,0.9297002156445836,1,1,1,393625.2987384796,4.235744476318359,MagicTelescope,3
classic,0.78,0.7120879120879121,0.7271825396825397,0.4967220278519846,0.845054945054945,0.6939402774096652,0.0,0.0,83,42,21,65954.185962677,12.81285285949707,MagicTelescope,4
metacog,0.65,0.5,0.3939393939393939,0.0,0.5,0.35,0.1677549226889918,0.9420058241309246,1,1,1,391177.7086257935,4.181385040283203,MagicTelescope,4
classic,0.73,0.667032967032967,0.6754417598269022,0.3730873077365929,0.758021978021978,0.5875893775847615,0.0,0.0,93,47,21,63600.68893432617,13.196945190429688,MagicTelescope,5
metacog,0.65,0.5,0.3939393939393939,0.0,0.5,0.35,0.009541776396624,0.9319835427236046,1,1,1,392875.7390975952,4.227399826049805,MagicTelescope,5
classic,0.78,0.7049910873440286,0.7209538305428715,0.4855303805588614,0.8484848484848485,0.6832244154025692,0.0,0.0,73,37,21,66342.6034450531,13.094425201416016,MagicTelescope,6
metacog,0.66,0.5,0.3975903614457831,0.0,0.5,0.34,0.0021604349985638,0.9969238503648248,1,1,1,391370.6946372986,4.346609115600586,MagicTelescope,6
classic,0.69,0.679590017825312,0.6693333333333333,0.3459439033483779,0.7417557932263815,0.5794917768335478,0.0,0.0,81,41,21,63570.65105438232,12.956857681274414,MagicTelescope,7
metacog,0.66,0.5,0.3975903614457831,0.0,0.5,0.34,0.1040754163967059,0.938006033233182,1,1,1,403801.68986320496,4.150629043579102,MagicTelescope,7
classic,0.8,0.7344028520499108,0.751984126984127,0.5360998327910006,0.7450980392156863,0.6500381970970206,0.0,0.0,87,44,21,63718.24169158936,12.765169143676758,MagicTelescope,8
metacog,0.66,0.5,0.3975903614457831,0.0,0.5,0.34,0.0921312282339746,0.89113363143695,1,1,1,392068.3977603912,4.530668258666992,MagicTelescope,8
classic,0.77,0.6902852049910874,0.7047875754075215,0.4595440363323629,0.8308823529411764,0.658908414624431,0.0,0.0,67,34,21,65771.71087265015,13.217926025390623,MagicTelescope,9
metacog,0.66,0.5,0.3975903614457831,0.0,0.5,0.34,0.3071799741019244,0.9570858550254476,1,1,1,380892.6434516907,4.677772521972656,MagicTelescope,9
classic,0.82,0.7494505494505495,0.7716894977168949,0.6065768774742287,0.9015384615384616,0.7960498029241316,0.0,0.0,77,39,21,67482.25808143616,12.835979461669922,MagicTelescope,10
metacog,0.65,0.5,0.3939393939393939,0.0,0.5,0.35,0.0417189929394044,0.946805761403543,1,1,1,403928.2810688019,4.304409027099609,MagicTelescope,10
classic,0.74,0.6483516483516484,0.6533333333333333,0.3963309423975692,0.7503296703296704,0.6208357027021335,0.0,0.0,77,39,21,61521.45791053772,12.670278549194336,MagicTelescope,11
metacog,0.65,0.5,0.3939393939393939,0.0,0.5,0.35,0.0159292394737089,0.9726863089703852,1,1,1,365473.6750125885,4.175901412963867,MagicTelescope,11
classic,0.79,0.7395604395604396,0.7523292841136926,0.5209946499548523,0.7881318681318681,0.6582319541432842,0.0,0.0,85,43,21,66357.2633266449,13.586044311523438,MagicTelescope,12
metacog,0.65,0.5,0.3939393939393939,0.0,0.5,0.35,0.0691767034765872,0.9482746036357445,1,1,1,363327.7137279511,4.414558410644531,MagicTelescope,12
classic,0.74,0.654945054945055,0.6621621621621622,0.3934910961078766,0.709010989010989,0.572480705002634,0.0,0.0,83,42,21,65591.2606716156,13.549089431762695,MagicTelescope,13
metacog,0.65,0.5,0.3939393939393939,0.0,0.5,0.35,0.0242255529573228,0.9368522675006228,1,1,1,374821.346282959,4.235982894897461,MagicTelescope,13
classic,0.68,0.589010989010989,0.5841995841995842,0.2260480764875036,0.7037362637362637,0.5341262707330123,0.0,0.0,81,41,21,63434.2200756073,12.955904006958008,MagicTelescope,14
metacog,0.65,0.5,0.3939393939393939,0.0,0.5,0.35,0.0098204159231035,0.9925592569177611,1,1,1,364665.98081588745,4.157304763793945,MagicTelescope,14
classic,0.78,0.7186813186813187,0.7328800388538126,0.4957047718940179,0.7628571428571429,0.6302241791510986,0.0,0.0,89,45,21,62518.18919181824,12.396574020385742,MagicTelescope,15
metacog,0.65,0.5,0.3939393939393939,0.0,0.5,0.35,0.2561367758347762,0.993187731619094,1,1,1,375244.8465824127,4.219532012939453,MagicTelescope,15
classic,0.76,0.661319073083779,0.6710526315789473,0.440467527420641,0.8137254901960784,0.6559059687704869,0.0,0.0,79,40,21,63268.61667633057,14.523744583129885,MagicTelescope,16
metacog,0.66,0.5,0.3975903614457831,0.0,0.5,0.34,0.0725436109670727,0.9336099341834572,1,1,1,362471.27199172974,4.653215408325195,MagicTelescope,16
classic,0.79,0.7268270944741533,0.7423629002576371,0.5106543915352408,0.8184046345811052,0.7018200717718175,0.0,0.0,85,43,21,62802.90985107422,13.56363296508789,MagicTelescope,17
metacog,0.66,0.5,0.3975903614457831,0.0,0.5,0.34,0.0551514941814562,0.961565596338856,1,1,1,378520.37382125854,4.2133331298828125,MagicTelescope,17
classic,0.77,0.6760249554367201,0.6891471820516286,0.4670469847381044,0.7508912655971478,0.6173813762792173,0.0,0.0,77,39,21,65527.53376960754,12.996435165405272,MagicTelescope,18
metacog,0.66,0.5,0.3975903614457831,0.0,0.5,0.34,0.0627726301844751,0.9922579719547542,1,1,1,372030.4400920868,4.210948944091797,MagicTelescope,18
classic,0.72,0.6452762923351159,0.6527777777777778,0.3322595921860574,0.7511140819964348,0.5809373962350898,0.0,0.0,87,44,21,62850.651025772095,19.512176513671875,MagicTelescope,19
metacog,0.66,0.5,0.3975903614457831,0.0,0.5,0.34,0.0962519865733015,0.910405788663803,1,1,1,367808.1052303314,4.184484481811523,MagicTelescope,19
classic,0.79,0.732967032967033,0.7475658131987017,0.5203586134220901,0.7573626373626373,0.6678010142306163,0.0,0.0,99,50,21,62257.7269077301,12.575387954711914,MagicTelescope,20
metacog,0.65,0.5,0.3939393939393939,0.0,0.5,0.35,0.0451636039352681,0.9623330464763376,1,1,1,363868.7949180603,4.197359085083008,MagicTelescope,20
classic,0.81,0.7483516483516484,0.7668997668997668,0.5719118579265684,0.854945054945055,0.7189023790854454,0.0,0.0,89,45,21,66379.98652458191,12.8173828125,MagicTelescope,21
metacog,0.65,0.5,0.3939393939393939,0.0,0.5,0.35,0.0627726301844751,0.8736758517261377,1,1,1,369956.40230178833,4.302740097045898,MagicTelescope,21
classic,0.78,0.6989010989010989,0.7141372141372141,0.505119775854792,0.807032967032967,0.6901823586577489,0.0,0.0,83,42,21,60117.855072021484,12.918949127197266,MagicTelescope,22
metacog,0.65,0.5,0.3939393939393939,0.0,0.5,0.35,0.123084559714144,0.903036813858349,1,1,1,363419.3592071533,4.261970520019531,MagicTelescope,22
classic,0.71,0.6186813186813187,0.6183708382681932,0.3088185823383823,0.7276923076923076,0.5428407793377399,0.0,0.0,77,39,21,61508.84008407593,12.818098068237305,MagicTelescope,23
metacog,0.65,0.5,0.3939393939393939,0.0,0.5,0.35,0.0633448989614688,0.9448315437882678,1,1,1,368976.26972198486,4.196882247924805,MagicTelescope,23
classic,0.72,0.6395604395604395,0.6448503297818367,0.3393623940054054,0.7013186813186814,0.552360021030235,0.0,0.0,95,48,21,63782.82332420349,15.66457748413086,MagicTelescope,24
metacog,0.65,0.5,0.3939393939393939,0.0,0.5,0.35,0.1271273836005776,0.9133630394652344,1,1,1,370922.315120697,4.114866256713867,MagicTelescope,24
classic,0.73,0.6538461538461539,0.6614420062695925,0.3668996928526714,0.7364835164835166,0.5660302887035032,0.0,0.0,93,47,21,58871.25039100647,12.847185134887695,MagicTelescope,25
metacog,0.65,0.5,0.3939393939393939,0.0,0.5,0.35,0.2216098552067258,0.9485206418072388,1,1,1,366770.7703113556,5.444049835205078,MagicTelescope,25
classic,0.77,0.6760249554367201,0.6891471820516286,0.4670469847381044,0.8562834224598931,0.7152397929752732,0.0,0.0,75,38,21,66654.52265739441,13.054132461547852,MagicTelescope,26
metacog,0.66,0.5,0.3975903614457831,0.0,0.5,0.34,0.1010377431427386,0.9968320551537032,1,1,1,369447.51954078674,5.932331085205078,MagicTelescope,26
classic,0.84,0.786096256684492,0.8057309373482273,0.6346600775346786,0.8836898395721925,0.8042139631060565,0.0,0.0,81,41,21,60151.9615650177,12.68935203552246,MagicTelescope,27
metacog,0.66,0.5,0.3975903614457831,0.0,0.5,0.34,0.0991432267588758,0.9147257781009086,1,1,1,374156.8331718445,8.902311325073242,MagicTelescope,27
classic,0.72,0.6167557932263815,0.6162280701754386,0.3187914148735026,0.786096256684492,0.59480930833872,0.0,0.0,75,38,21,60354.92038726807,12.984037399291992,MagicTelescope,28
metacog,0.66,0.5,0.3975903614457831,0.0,0.5,0.34,0.1133224647139935,0.9968514181833404,1,1,1,366327.7816772461,4.399538040161133,MagicTelescope,28
classic,0.77,0.6974153297682709,0.7115987460815048,0.459197063960513,0.7751782531194296,0.6266943373093918,0.0,0.0,75,38,21,64626.18112564087,12.94255256652832,MagicTelescope,29
metacog,0.66,0.5,0.3975903614457831,0.0,0.5,0.34,0.4779039657696469,0.9601371811409268,1,1,1,365132.5731277466,4.189252853393555,MagicTelescope,29
classic,0.77,0.6912087912087912,0.7047875754075215,0.4747723007967709,0.8074725274725274,0.6763122823784691,0.0,0.0,101,51,21,60102.06747055054,12.62807846069336,MagicTelescope,30
metacog,0.65,0.5,0.3939393939393939,0.0,0.5,0.35,0.0282725833704746,0.9586517252789364,1,1,1,361046.1094379425,4.220724105834961,MagicTelescope,30
classic,0.77,0.7043956043956044,0.7178260336155073,0.4706885202404501,0.7426373626373626,0.6358011289622232,0.0,0.0,97,49,21,64325.10256767273,16.06440544128418,MagicTelescope,31
metacog,0.65,0.5,0.3939393939393939,0.0,0.5,0.35,0.0710971718201291,0.94388858294335,1,1,1,366715.3420448303,4.105329513549805,MagicTelescope,31
classic,0.71,0.6120879120879121,0.6080551425868361,0.3081528808046927,0.7461538461538461,0.5753559155621011,0.0,0.0,75,38,21,62130.43689727783,15.021800994873049,MagicTelescope,32
metacog,0.65,0.5,0.3939393939393939,0.0,0.5,0.35,0.1511137903665449,0.9557725184119292,1,1,1,369017.2743797302,3.562450408935547,MagicTelescope,32
classic,0.72,0.6065934065934067,0.592074592074592,0.3553113553113553,0.7474725274725276,0.6086205234782085,0.0,0.0,81,41,21,59442.31343269348,13.306140899658203,MagicTelescope,33
metacog,0.65,0.5,0.3939393939393939,0.0,0.5,0.35,0.0513452331021451,0.9574752693672754,1,1,1,360056.6668510437,4.242897033691406,MagicTelescope,33
classic,0.8,0.7274725274725274,0.7463216641298833,0.553133980780464,0.7819780219780219,0.7020393511408711,0.0,0.0,79,40,21,65438.5883808136,13.62919807434082,MagicTelescope,34
metacog,0.65,0.5,0.3939393939393939,0.0,0.5,0.35,0.0127533526797265,0.952528398705858,1,1,1,365522.399187088,4.156827926635742,MagicTelescope,34
classic,0.73,0.6538461538461539,0.6614420062695925,0.3668996928526714,0.6914285714285714,0.5562271062271062,0.0,0.0,97,49,21,63948.62318038941,15.740394592285156,MagicTelescope,35
metacog,0.65,0.5,0.3939393939393939,0.0,0.5,0.35,0.1133686286135165,0.95855664778077,1,1,1,365890.5835151672,4.105329513549805,MagicTelescope,35
classic,0.73,0.6528520499108734,0.6614420062695925,0.3555408418475304,0.7468805704099822,0.568688155494756,0.0,0.0,85,43,21,62091.25208854675,12.668132781982422,MagicTelescope,36
metacog,0.66,0.5,0.3975903614457831,0.0,0.5,0.34,0.0113983668609432,0.950078050899956,1,1,1,370418.58959198,4.118680953979492,MagicTelescope,36
classic,0.79,0.7339572192513368,0.7475658131987017,0.5118906968889915,0.8355614973262032,0.6834519339650753,0.0,0.0,89,45,21,59782.34934806824,12.415885925292969,MagicTelescope,37
metacog,0.66,0.5,0.3975903614457831,0.0,0.5,0.34,0.0372686607050933,0.9457849198742032,1,1,1,359391.0362720489,4.305601119995117,MagicTelescope,37
classic,0.73,0.6314616755793226,0.6350858224084336,0.3488072417664324,0.7736185383244206,0.5955047385921367,0.0,0.0,77,39,21,60239.32147026062,13.244867324829102,MagicTelescope,38
metacog,0.66,0.5,0.3975903614457831,0.0,0.5,0.34,0.0700712373878127,0.8897890361177201,1,1,1,363096.1589813232,4.1961669921875,MagicTelescope,38
classic,0.82,0.7566844919786097,0.7767857142857143,0.5870598929422364,0.8589572192513368,0.7416008660741903,0.0,0.0,85,43,21,59062.554121017456,12.319564819335938,MagicTelescope,39
metacog,0.66,0.5,0.3975903614457831,0.0,0.5,0.34,0.0391593246430964,0.9972974814902092,1,1,1,375492.7089214325,4.235744476318359,MagicTelescope,39
classic,0.76,0.6835164835164835,0.69558599695586,0.4462481873929347,0.7345054945054945,0.6031865913435417,0.0,0.0,103,52,21,62579.66899871826,12.53199577331543,MagicTelescope,40
metacog,0.65,0.5,0.3939393939393939,0.0,0.5,0.35,0.0451636039352681,0.9390173078529216,1,1,1,372959.75494384766,4.131793975830078,MagicTelescope,40
classic,0.73,0.6736263736263737,0.6815662224318906,0.3776016270314984,0.7435164835164835,0.5692100167997398,0.0,0.0,101,51,21,60292.49405860901,14.70184326171875,MagicTelescope,41
metacog,0.65,0.5,0.3939393939393939,0.0,0.5,0.35,0.0476819996959609,0.9531763435534149,1,1,1,375742.419719696,2.058267593383789,MagicTelescope,41
classic,0.79,0.7263736263736263,0.7423629002576371,0.5213001890835093,0.847032967032967,0.6979567449739341,0.0,0.0,73,37,21,61263.31949234009,12.376070022583008,MagicTelescope,42
metacog,0.65,0.5,0.3939393939393939,0.0,0.5,0.35,0.2151251029357726,0.9543636747051614,1,1,1,359865.2639389038,4.116535186767578,MagicTelescope,42
classic,0.82,0.7494505494505495,0.7716894977168949,0.6065768774742287,0.7960439560439561,0.749553264604811,0.0,0.0,85,43,21,60116.16134643555,12.644767761230469,MagicTelescope,43
metacog,0.65,0.5,0.3939393939393939,0.0,0.5,0.35,0.0282725833704746,0.946071488496084,1,1,1,364622.2195625305,4.089117050170898,MagicTelescope,43
classic,0.77,0.6780219780219781,0.6891471820516286,0.4894192812780414,0.8474725274725274,0.7310165851134478,0.0,0.0,75,38,21,55868.31760406494,11.873006820678713,MagicTelescope,44
metacog,0.65,0.5,0.3939393939393939,0.0,0.5,0.35,0.0551514941814562,0.9027499280078324,1,1,1,251355.655670166,4.086494445800781,MagicTelescope,44
classic,0.76,0.676923076923077,0.6881496881496881,0.4493054359813343,0.7054945054945055,0.6068181673103317,0.0,0.0,79,40,21,50330.23118972778,12.866973876953123,MagicTelescope,45
metacog,0.65,0.5,0.3939393939393939,0.0,0.5,0.35,0.0962519865733015,0.8749632569959879,1,1,1,250606.4739227295,2.050161361694336,MagicTelescope,45
classic,0.74,0.7531194295900179,0.7291666666666667,0.4811617650373572,0.749331550802139,0.6178261423146334,0.0,0.0,71,36,21,50089.2972946167,10.828495025634766,MagicTelescope,46
metacog,0.66,0.5,0.3975903614457831,0.0,0.5,0.34,0.2593960589017444,0.9441758276632132,1,1,1,251512.27021217343,3.6869049072265625,MagicTelescope,46
classic,0.71,0.6091800356506238,0.6080551425868361,0.2896873702805964,0.7185828877005347,0.52945530152817,0.0,0.0,77,39,21,49325.46186447144,6.047964096069336,MagicTelescope,47
metacog,0.66,0.5,0.3975903614457831,0.0,0.5,0.34,0.2964615227909402,0.9449633546635834,1,1,1,250904.6671390533,2.087116241455078,MagicTelescope,47
classic,0.73,0.6528520499108734,0.6614420062695925,0.3555408418475304,0.7738413547237076,0.5910457516339869,0.0,0.0,83,42,21,47884.31811332703,5.976200103759766,MagicTelescope,48
metacog,0.66,0.5,0.3975903614457831,0.0,0.5,0.34,0.0042260896277861,0.91510823491918,1,1,1,251862.79916763303,1.8620491027832031,MagicTelescope,48
classic,0.78,0.6907308377896613,0.7066666666666668,0.4929044102669807,0.8106060606060604,0.6996828876823413,0.0,0.0,91,46,21,44913.72632980347,12.64810562133789,MagicTelescope,49
metacog,0.66,0.5,0.3975903614457831,0.0,0.5,0.34,0.3065086227754972,0.964063551481778,1,1,1,247903.4006595612,1.924753189086914,MagicTelescope,49
classic,0.795,0.7525409373235461,0.7319473047628386,0.4708641363515957,0.8414737436476567,0.4924009444988945,0.0,0.0,277,139,21,14111.45305633545,25.537729263305664,adult,0
metacog,0.8,0.5652173913043478,0.5579133510167993,0.3217778938936845,0.5652173913043478,0.3304347826086956,0.5541350673001662,1.0,3,2,2,167699.95951652527,9.881258010864258,adult,0
classic,0.77,0.7363071710897797,0.7082699137493658,0.4300419130036369,0.7783738001129306,0.4566276592552585,0.0,0.0,237,119,21,13434.4642162323,22.35579490661621,adult,1
metacog,0.805,0.5913325804630153,0.6010434248887525,0.3371846188159856,0.5913325804630153,0.3450790513833992,0.6867096625830987,0.99993115173406,5,3,3,260137.49384880063,10.885953903198242,adult,1
classic,0.795,0.6153303218520609,0.6324682891847071,0.3166479006827506,0.7885375494071146,0.4597584001634467,0.0,0.0,235,118,21,12767.31777191162,23.55837821960449,adult,2
metacog,0.8,0.5652173913043478,0.5579133510167993,0.3217778938936845,0.5652173913043478,0.3304347826086956,0.5177485492624431,1.0,3,2,2,164945.89471817017,10.341405868530272,adult,2
classic,0.77,0.5762281197063805,0.5826528760660498,0.2138618054347908,0.7551524562394127,0.4115283006690618,0.0,0.0,245,123,21,13088.924646377563,23.596763610839844,adult,3
metacog,0.805,0.5760869565217391,0.5758795062802458,0.3484590995891856,0.5760869565217391,0.3471739130434783,0.5289958634037956,0.998915671347438,3,2,2,168205.9714794159,9.940385818481444,adult,3
classic,0.805,0.7285431959345003,0.7268046653357151,0.4536729900227803,0.7643280632411067,0.4776936338407199,0.0,0.0,229,115,21,13037.655353546144,23.07271957397461,adult,4
metacog,0.795,0.5543478260869565,0.5392999606719479,0.292987533074953,0.5543478260869565,0.313695652173913,0.5123123594125598,1.0,3,2,2,166350.30341148376,9.668827056884766,adult,4
classic,0.845,0.8078769057029926,0.7919393268230477,0.5871509701580412,0.8612365894974591,0.627372189431016,0.0,0.0,211,106,21,12598.160982131958,22.66812324523925,adult,5
metacog,0.815,0.5978260869565217,0.6100131752305665,0.3971787600668156,0.5978260869565217,0.3806521739130435,0.598035159554147,1.0,3,2,2,170215.60144424438,14.852523803710938,adult,5
classic,0.815,0.7426595143986449,0.740814682497986,0.4816947929889804,0.7980660643704124,0.4911594258060708,0.0,0.0,225,113,21,12995.395421981812,23.329973220825195,adult,6
metacog,0.795,0.5543478260869565,0.5392999606719479,0.292987533074953,0.5543478260869565,0.313695652173913,0.5363583552709889,0.99974301249997,3,2,2,163935.79006195068,9.874105453491213,adult,6
classic,0.8,0.717673630717109,0.717673630717109,0.435347261434218,0.8116883116883117,0.5069553036403824,0.0,0.0,275,138,21,13874.780893325806,21.70085906982422,adult,7
metacog,0.81,0.5869565217391304,0.5932348533504603,0.3734872870971492,0.5869565217391304,0.3639130434782608,0.5833692402180064,0.998682165718022,3,2,2,169544.80385780334,9.629487991333008,adult,7
classic,0.805,0.761994159365874,0.7450230459939198,0.4948128736033296,0.8020442219440969,0.4952781950368167,0.0,0.0,247,124,21,13769.830703735352,26.03912353515625,adult,8
metacog,0.8,0.574468085106383,0.5718261614215371,0.3436110739901573,0.574468085106383,0.3489361702127659,0.5167964231973616,1.0,3,2,2,173104.45737838745,8.236885070800781,adult,8
classic,0.825,0.6718815185648728,0.7003296373988612,0.4485303832338286,0.8089973578083715,0.5486618141097424,0.0,0.0,245,123,21,12886.374235153198,21.865129470825195,adult,9
metacog,0.82,0.6170212765957447,0.6370235934664247,0.4352734993659197,0.6170212765957447,0.4140425531914893,0.5235639139344918,1.0,3,2,2,164124.58562850952,9.82522964477539,adult,9
classic,0.81,0.7699040090344438,0.7499671009343334,0.5059450459494215,0.8033596837944664,0.5084315371271892,0.0,0.0,241,121,21,12655.198335647585,22.08542823791504,adult,10
metacog,0.805,0.5760869565217391,0.5758795062802458,0.3484590995891856,0.5760869565217391,0.3471739130434783,0.6638192919025178,0.9994221785777244,3,2,2,165898.45752716064,10.14399528503418,adult,10
classic,0.77,0.7363071710897797,0.7082699137493658,0.4300419130036369,0.8010304912478825,0.4833662395993156,0.0,0.0,233,117,21,12221.423864364624,22.78447151184082,adult,11
metacog,0.795,0.5543478260869565,0.5392999606719479,0.292987533074953,0.5543478260869565,0.313695652173913,0.5342211025091295,1.0,3,2,2,162081.20203018188,11.419057846069336,adult,11
classic,0.765,0.5729813664596274,0.578683160772713,0.2003757217294762,0.7527526821005083,0.4166356107660455,0.0,0.0,229,115,21,13076.508045196531,25.308847427368164,adult,12
metacog,0.81,0.5869565217391304,0.5932348533504603,0.3734872870971492,0.5869565217391304,0.3639130434782608,0.544086551727854,1.0,3,2,2,161507.5981616974,9.677648544311523,adult,12
classic,0.835,0.778514963297572,0.7722174288179465,0.5450436584216708,0.8372388481084133,0.5562597424321412,0.0,0.0,231,116,21,13067.21568107605,22.811412811279297,adult,13
metacog,0.8,0.5652173913043478,0.5579133510167993,0.3217778938936845,0.5652173913043478,0.3304347826086956,0.5398131515639322,1.0,3,2,2,162715.05403518677,9.977340698242188,adult,13
classic,0.825,0.7796442687747036,0.7650927883486023,0.5333086070073726,0.8409090909090909,0.557884398701482,0.0,0.0,243,122,21,13421.249151229858,23.53692054748535,adult,14
metacog,0.805,0.5760869565217391,0.5758795062802458,0.3484590995891856,0.5760869565217391,0.3471739130434783,0.60667561604184,1.0,3,2,2,163556.87499046326,10.089397430419922,adult,14
classic,0.795,0.7601637492941841,0.735270379338176,0.4801539351020719,0.8354037267080745,0.526541796306669,0.0,0.0,257,129,21,12674.137592315674,22.52507209777832,adult,15
metacog,0.795,0.5543478260869565,0.5392999606719479,0.292987533074953,0.5543478260869565,0.313695652173913,0.5404924214937099,1.0,3,2,2,163871.5341091156,9.705305099487305,adult,15
classic,0.845,0.7926312817617165,0.7860224331320104,0.572668780490686,0.8316629023150762,0.6285731763060955,0.0,0.0,231,116,21,12631.525754928589,31.995058059692383,adult,16
metacog,0.82,0.6086956521739131,0.6262458471760798,0.4197634726815944,0.6086956521739131,0.3973913043478261,0.554383540935585,1.0,3,2,2,162942.65270233154,10.07366180419922,adult,16
classic,0.795,0.7296725014116319,0.7210030281378653,0.4435065621744377,0.8040654997176736,0.5025249875473119,0.0,0.0,257,129,21,12545.793056488035,23.104190826416016,adult,17
metacog,0.805,0.5760869565217391,0.5758795062802458,0.3484590995891856,0.5760869565217391,0.3471739130434783,0.5132268778018805,1.0,3,2,2,166202.33750343323,11.24262809753418,adult,17
classic,0.805,0.7325128633013489,0.7308024158757549,0.4616674033972615,0.784313725490196,0.4923798535852848,0.0,0.0,227,114,21,13416.755437850952,30.267953872680664,adult,18
metacog,0.815,0.6063829787234043,0.6215027364329191,0.4139234069077445,0.6063829787234043,0.3977659574468085,0.5588057984828143,1.0,3,2,2,171154.67619895935,10.207414627075195,adult,18
classic,0.78,0.6129884577944653,0.6273712737127372,0.2897141400294976,0.763384786538729,0.4485106382978723,0.0,0.0,219,110,21,13266.30401611328,23.175477981567383,adult,19
metacog,0.805,0.5851063829787234,0.5889328063241106,0.3682910504917821,0.5851063829787234,0.3652127659574468,0.5370730419585145,0.9982246963989542,3,2,2,170255.7725906372,12.77470588684082,adult,19
classic,0.8,0.6033314511575382,0.6182477572055736,0.320577396557923,0.818464144551101,0.5042957202643903,0.0,0.0,245,123,21,13039.288759231567,23.177146911621094,adult,20
metacog,0.795,0.5543478260869565,0.5392999606719479,0.292987533074953,0.5543478260869565,0.313695652173913,0.5356570049083086,1.0,3,2,2,167103.21593284607,9.864091873168944,adult,20
classic,0.775,0.7166854884246189,0.7019768866518759,0.4084451592825365,0.7948193111236589,0.4790287972896668,0.0,0.0,249,125,21,14245.336055755615,24.90544319152832,adult,21
metacog,0.805,0.5760869565217391,0.5758795062802458,0.3484590995891856,0.5760869565217391,0.3471739130434783,0.5592017339668328,1.0,3,2,2,172805.84812164307,16.053199768066406,adult,21
classic,0.785,0.7765386787125919,0.7348216212882736,0.4931305785716126,0.8351919819311124,0.5384889762718582,0.0,0.0,247,124,21,13112.179279327393,21.367549896240234,adult,22
metacog,0.835,0.6413043478260869,0.6719518862766539,0.4824277903376065,0.6413043478260869,0.4476086956521739,0.5429441085231462,1.0,3,2,2,161922.53232002258,10.929346084594728,adult,22
classic,0.775,0.5870976849237719,0.5966115369100444,0.239133114713901,0.7614342179559571,0.4175328153813068,0.0,0.0,223,112,21,12514.44411277771,22.044658660888672,adult,23
metacog,0.8,0.5652173913043478,0.5579133510167993,0.3217778938936845,0.5652173913043478,0.3304347826086956,0.5694288420782971,1.0,3,2,2,162416.8152809143,9.958982467651367,adult,23
classic,0.815,0.7807735742518351,0.7580987872250009,0.5235040621594879,0.8070299265951439,0.5158250245178163,0.0,0.0,243,122,21,12770.094633102415,23.39816093444824,adult,24
metacog,0.8,0.5652173913043478,0.5579133510167993,0.3217778938936845,0.5652173913043478,0.3304347826086956,0.5401532840835576,1.0,3,2,2,162275.35438537598,9.934425354003906,adult,24
classic,0.835,0.8090062111801242,0.7842502696871629,0.5761439879673801,0.8369565217391304,0.5615594583972477,0.0,0.0,249,125,21,12621.610403060911,23.76103401184082,adult,25
metacog,0.81,0.5869565217391304,0.5932348533504603,0.3734872870971492,0.5869565217391304,0.3639130434782608,0.5220382160628734,1.0,3,2,2,163517.6203250885,10.075807571411133,adult,25
classic,0.775,0.739553924336533,0.7129278172945042,0.4379255096728415,0.7823969508752117,0.4398020828618404,0.0,0.0,237,119,21,13134.883642196655,25.3145694732666,adult,26
metacog,0.815,0.5978260869565217,0.6100131752305665,0.3971787600668156,0.5978260869565217,0.3806521739130435,0.5869746810781014,1.0,3,2,2,163935.85562705994,12.208938598632812,adult,26
classic,0.78,0.5827216261998871,0.5907738095238095,0.2432855915660758,0.7734330886504801,0.4465571749915262,0.0,0.0,227,114,21,13369.98200416565,23.6818790435791,adult,27
metacog,0.8,0.5652173913043478,0.5579133510167993,0.3217778938936845,0.5652173913043478,0.3304347826086956,0.5427105219704301,0.9979016712857074,3,2,2,161428.82442474365,9.798049926757812,adult,27
classic,0.825,0.8045473508552357,0.7767216356735032,0.5635595622271021,0.8699763593380615,0.5815059110355862,0.0,0.0,259,130,21,14418.72501373291,24.726152420043945,adult,28
metacog,0.795,0.5638297872340425,0.5541297373715405,0.3173010773357668,0.5638297872340425,0.3326595744680851,0.6156045120903196,0.9966141425611312,3,2,2,171396.06761932373,9.898900985717772,adult,28
classic,0.825,0.7676957307745793,0.7618318532884216,0.5242463958819695,0.7972465581977473,0.5211321844613459,0.0,0.0,243,122,21,13660.950183868408,23.58365058898925,adult,29
metacog,0.8,0.574468085106383,0.5718261614215371,0.3436110739901573,0.574468085106383,0.3489361702127659,0.6026336889822305,0.9998526846904012,3,2,2,168506.1318874359,9.569168090820312,adult,29
classic,0.81,0.7775268210050819,0.753118503118503,0.5147733603051349,0.8245341614906833,0.5111441621810354,0.0,0.0,225,113,21,12567.903518676758,22.419452667236328,adult,30
metacog,0.81,0.5869565217391304,0.5932348533504603,0.3734872870971492,0.5869565217391304,0.3639130434782608,0.525617863365229,1.0,3,2,2,162201.15160942078,10.002851486206056,adult,30
classic,0.84,0.7893845285149632,0.7807017543859649,0.5624888898248213,0.8380858272162619,0.5676475825272971,0.0,0.0,239,120,21,13680.721759796144,39.16573524475098,adult,31
metacog,0.815,0.5978260869565217,0.6100131752305665,0.3971787600668156,0.5978260869565217,0.3806521739130435,0.5269772173622165,1.0,3,2,2,172025.29907226562,9.950876235961914,adult,31
classic,0.795,0.73729531338227,0.7248229806369342,0.4525450622813696,0.7961603613777527,0.4812419544183879,0.0,0.0,245,123,21,13598.22416305542,23.15711975097656,adult,32
metacog,0.805,0.5760869565217391,0.5758795062802458,0.3484590995891856,0.5760869565217391,0.3471739130434783,0.5636319169772633,1.0,3,2,2,167345.85976600647,9.680509567260742,adult,32
classic,0.795,0.607707509881423,0.6234213547646383,0.3091712981248604,0.7771033314511575,0.4740123190123799,0.0,0.0,217,109,21,13410.65788269043,24.54686164855957,adult,33
metacog,0.82,0.6086956521739131,0.6262458471760798,0.4197634726815944,0.6086956521739131,0.3973913043478261,0.6401850912861916,0.9994217073733596,3,2,2,166131.8325996399,9.85574722290039,adult,33
classic,0.81,0.7622811970638057,0.7466666666666666,0.4972366378757117,0.8255223037831734,0.5288423857391399,0.0,0.0,265,133,21,12742.64669418335,24.50847625732422,adult,34
metacog,0.82,0.6086956521739131,0.6262458471760798,0.4197634726815944,0.6086956521739131,0.3973913043478261,0.6256174736024064,0.9993714251189344,3,2,2,163294.6617603302,9.870290756225586,adult,34
classic,0.75,0.7233201581027668,0.6899801587301587,0.3997356035490466,0.7345426312817618,0.3965776369836472,0.0,0.0,241,121,21,13615.08584022522,24.241924285888672,adult,35
metacog,0.79,0.5434782608695652,0.52,0.2613866510869666,0.5434782608695652,0.2969565217391304,0.5166813154134262,1.0,3,2,2,171716.61949157715,9.686946868896484,adult,35
classic,0.84,0.8046301524562394,0.7866666666666666,0.5775224244003153,0.8743647656691136,0.6221341219809453,0.0,0.0,235,118,21,13118.766069412231,23.567676544189453,adult,36
metacog,0.815,0.5978260869565217,0.6100131752305665,0.3971787600668156,0.5978260869565217,0.3806521739130435,0.5377200359784609,0.998977929015642,3,2,2,162486.1192703247,9.833097457885742,adult,36
classic,0.805,0.7209203839638623,0.7226074895977808,0.4452797604138698,0.8194522868435912,0.5066194900830954,0.0,0.0,255,128,21,13010.632514953611,23.17070960998535,adult,37
metacog,0.815,0.5978260869565217,0.6100131752305665,0.3971787600668156,0.5978260869565217,0.3806521739130435,0.5633526795229044,1.0,3,2,2,163631.2427520752,9.916067123413086,adult,37
classic,0.75,0.5638993185926853,0.5670995670995671,0.1698518634224265,0.7288972326519261,0.3788481885059128,0.0,0.0,229,115,21,12661.605834960938,25.12073516845703,adult,38
metacog,0.785,0.5425531914893617,0.5168267880217989,0.2577500430109891,0.5425531914893617,0.3001063829787234,0.5386283159736268,1.0,3,2,2,164987.4653816223,9.981870651245115,adult,38
classic,0.75,0.5417883465442914,0.5349702380952381,0.1270661355806152,0.7641496314837991,0.4130070573323653,0.0,0.0,231,116,21,12536.675930023192,23.1020450592041,adult,39
metacog,0.78,0.5319148936170213,0.4971428571428571,0.2226508209166666,0.5319148936170213,0.2838297872340425,0.5079354166347375,1.0,3,2,2,168542.25397109985,12.102365493774414,adult,39
classic,0.845,0.8154997176736307,0.7946951885824034,0.5947067954374392,0.8767645398080182,0.673466099118273,0.0,0.0,239,120,21,13758.535861968994,23.53358268737793,adult,40
metacog,0.815,0.5978260869565217,0.6100131752305665,0.3971787600668156,0.5978260869565217,0.3806521739130435,0.5276729103919869,0.9988081025322756,3,2,2,163726.9365787506,10.024070739746094,adult,40
classic,0.78,0.7275550536420101,0.7104882221344914,0.4265603630075666,0.785643704121965,0.4783195307108351,0.0,0.0,259,130,21,13385.218381881714,23.340463638305664,adult,41
metacog,0.81,0.5869565217391304,0.5932348533504603,0.3734872870971492,0.5869565217391304,0.3639130434782608,0.548688648274328,1.0,3,2,2,161994.8890209198,9.467363357543944,adult,41
classic,0.77,0.5762281197063805,0.5826528760660498,0.2138618054347908,0.7440005646527386,0.4034321086056617,0.0,0.0,231,116,21,13732.42735862732,29.834747314453125,adult,42
metacog,0.81,0.5869565217391304,0.5932348533504603,0.3734872870971492,0.5869565217391304,0.3639130434782608,0.6528538544042839,0.9989722476995556,3,2,2,168816.43748283386,9.59157943725586,adult,42
classic,0.785,0.6012140033879164,0.6145399130473758,0.2778905076983258,0.7931253529079616,0.4684740273106675,0.0,0.0,233,117,21,13012.32886314392,22.47905731201172,adult,43
metacog,0.8,0.5652173913043478,0.5579133510167993,0.3217778938936845,0.5652173913043478,0.3304347826086956,0.5140725320728896,1.0,3,2,2,141757.95674324036,9.968996047973633,adult,43
classic,0.81,0.7317899491812536,0.7317899491812536,0.463579898362507,0.7671513269339357,0.4564030199047529,0.0,0.0,225,113,21,13004.086256027222,22.581100463867188,adult,44
metacog,0.795,0.5543478260869565,0.5392999606719479,0.292987533074953,0.5543478260869565,0.313695652173913,0.6372093316773801,0.9982421852342924,3,2,2,122570.38831710815,7.740020751953125,adult,44
classic,0.81,0.7546583850931676,0.7432085416948236,0.4886464219984092,0.8450028232636928,0.5240967782757089,0.0,0.0,269,135,21,12924.514770507812,24.15800094604492,adult,45
metacog,0.82,0.6086956521739131,0.6262458471760798,0.4197634726815944,0.6086956521739131,0.3973913043478261,0.5391760313609266,1.0,3,2,2,121499.13382530212,4.613161087036133,adult,45
classic,0.77,0.5686053077357426,0.5721726190476191,0.2017692790121379,0.7613636363636365,0.430196703208983,0.0,0.0,227,114,21,12658.761024475098,22.66144752502441,adult,46
metacog,0.795,0.5543478260869565,0.5392999606719479,0.292987533074953,0.5543478260869565,0.313695652173913,0.5629273167223845,1.0,3,2,2,120328.1021118164,7.2021484375,adult,46
classic,0.795,0.744918125352908,0.728467830060598,0.4616627696125087,0.8236871823828346,0.536372386516764,0.0,0.0,245,123,21,13068.69339942932,23.56576919555664,adult,47
metacog,0.8,0.5652173913043478,0.5579133510167993,0.3217778938936845,0.5652173913043478,0.3304347826086956,0.5673352691064799,1.0,3,2,2,121025.99883079527,4.538536071777344,adult,47
classic,0.82,0.6465025726602698,0.673380511703865,0.4236954530397295,0.831525518008622,0.5766499273159773,0.0,0.0,235,118,21,12884.763956069946,22.85289764404297,adult,48
metacog,0.815,0.6063829787234043,0.6215027364329191,0.4139234069077445,0.6063829787234043,0.3977659574468085,0.5364812866054038,1.0,3,2,2,120376.39451026917,4.382133483886719,adult,48
classic,0.82,0.7939090529828953,0.7689641894493646,0.5465149432844895,0.8460575719649561,0.5570986712530167,0.0,0.0,241,121,21,12999.149322509766,21.41809463500977,adult,49
metacog,0.795,0.5638297872340425,0.5541297373715405,0.3173010773357668,0.5638297872340425,0.3326595744680851,0.537615181693712,1.0,3,2,2,118222.92280197144,9.213685989379885,adult,49
classic,0.6984126984126984,0.560919540229885,0.5723976608187135,0.5335843922113052,0.7074712643678162,,0.0,0.0,153,77,13,312.0877742767334,5.61070442199707,balance-scale,0
metacog,0.4603174603174603,0.3333333333333333,0.2101449275362319,0.0,0.5,,0.0364577268574745,1.0,1,1,1,1409.245252609253,2.201080322265625,balance-scale,0
classic,0.7777777777777778,0.5632183908045977,0.5695203400121432,0.6176931109168295,0.7268424611223798,,0.0,0.0,161,81,14,320.7888603210449,5.783319473266602,balance-scale,1
metacog,0.4603174603174603,0.3333333333333333,0.2101449275362319,0.0,0.5,,0.0060202459388988,1.0,1,1,1,1397.5729942321775,2.758026123046875,balance-scale,1
classic,0.8253968253968254,0.5977011494252874,0.6027424884049203,0.6971906806556257,0.7461122379986477,,0.0,0.0,163,82,15,361.2120151519776,7.109880447387695,balance-scale,2
metacog,0.4603174603174603,0.3333333333333333,0.2101449275362319,0.0,0.5,,0.0014062699055918,0.9620359117234784,1,1,1,1320.0852870941162,2.6865005493164062,balance-scale,2
classic,0.8412698412698413,0.6091954022988505,0.604093567251462,0.7195155919908751,0.7523664638269101,,0.0,0.0,153,77,13,301.1188507080078,5.698680877685547,balance-scale,3
metacog,0.4603174603174603,0.3333333333333333,0.2101449275362319,0.0,0.5,,0.0236599662167297,0.7927748817661089,1,1,1,1263.4665966033936,2.724647521972656,balance-scale,3
classic,0.6507936507936508,0.5264367816091954,0.5408237369021682,0.4697189280398405,0.7132183908045976,,0.0,0.0,149,75,13,292.5570011138916,5.653142929077148,balance-scale,4
metacog,0.4603174603174603,0.3333333333333333,0.2101449275362319,0.0,0.5,,0.0446088998896811,0.8866093019926319,1,1,1,1367.7597045898438,7.682561874389648,balance-scale,4
classic,0.7903225806451613,0.5734811165845649,0.5781119465329991,0.6376668044288247,0.724447180015932,,0.0,0.0,155,78,15,315.6867027282715,5.706310272216797,balance-scale,5
metacog,0.4516129032258064,0.3333333333333333,0.2074074074074074,0.0,0.5,,0.0012081534425029,0.9591396890326808,1,1,1,1429.1906356811523,2.489328384399414,balance-scale,5
classic,0.7903225806451613,0.5743021346469622,0.5619275189167662,0.6340544116363752,0.7933483768583054,,0.0,0.0,157,79,15,307.7418804168701,5.650520324707031,balance-scale,6
metacog,0.4516129032258064,0.3333333333333333,0.2074074074074074,0.0,0.5,,0.0165304073162208,0.877424307304173,1,1,1,1361.764669418335,2.312660217285156,balance-scale,6
classic,0.7419354838709677,0.59376026272578,0.5906768837803321,0.561013211404961,0.7619868868187433,,0.0,0.0,157,79,15,300.22239685058594,6.91676139831543,balance-scale,7
metacog,0.4516129032258064,0.3333333333333333,0.2074074074074074,0.0,0.5,,0.1941536993551653,0.7743057694978058,1,1,1,1261.5561485290527,2.176523208618164,balance-scale,7
classic,0.7096774193548387,0.5155993431855501,0.5378531073446328,0.5298235404523202,0.7436125618921605,,0.0,0.0,147,74,14,298.1255054473877,5.728721618652344,balance-scale,8
metacog,0.4516129032258064,0.3333333333333333,0.2074074074074074,0.0,0.5,,0.0146026800953189,0.8383284602700416,1,1,1,1357.755422592163,2.7008056640625,balance-scale,8
classic,0.8225806451612904,0.5862068965517241,0.5912482355313572,0.6862170860635762,0.7621037965865552,,0.0,0.0,159,80,15,334.96785163879395,6.105899810791016,balance-scale,9
metacog,0.4677419354838709,0.3333333333333333,0.2124542124542124,0.0,0.5,,0.0037949939231419,0.9228848389088908,1,1,1,1289.0524864196775,3.9260387420654297,balance-scale,9
classic,0.8095238095238095,0.5862068965517241,0.5857142857142857,0.666962959709413,0.737998647734956,,0.0,0.0,151,76,15,321.7124938964844,5.678653717041016,balance-scale,10
metacog,0.4603174603174603,0.3333333333333333,0.2101449275362319,0.0,0.5,,0.0201416273655334,1.0,1,1,1,1403.8691520690918,2.713203430175781,balance-scale,10
classic,0.7936507936507936,0.5747126436781609,0.5797539826577939,0.6420456550670453,0.7649763353617308,,0.0,0.0,153,77,13,296.795129776001,6.045341491699219,balance-scale,11
metacog,0.4603174603174603,0.3333333333333333,0.2101449275362319,0.0,0.5,,0.0121971254216597,0.9734188681399136,1,1,1,1263.6487483978271,2.721786499023437,balance-scale,11
classic,0.7301587301587301,0.5287356321839081,0.5637915543575921,0.5692104781160657,0.7212643678160919,,0.0,0.0,157,79,13,308.3438873291016,5.922079086303711,balance-scale,12
metacog,0.4603174603174603,0.3333333333333333,0.2101449275362319,0.0,0.5,,0.0059243120732888,0.9253108170105648,1,1,1,1351.1085510253906,2.916097640991211,balance-scale,12
classic,0.6825396825396826,0.4942528735632184,0.5156284153005465,0.4811487091228507,0.6911764705882352,,0.0,0.0,155,78,15,355.7734489440918,6.470441818237305,balance-scale,13
metacog,0.4603174603174603,0.3333333333333333,0.2101449275362319,0.0,0.5,,0.0411691302770368,0.9412887841729046,1,1,1,1434.315204620361,2.63214111328125,balance-scale,13
classic,0.7936507936507936,0.6298850574712643,0.630306851618327,0.6568219742290375,0.803313049357674,,0.0,0.0,159,80,15,361.42420768737793,7.263422012329102,balance-scale,14
metacog,0.4603174603174603,0.3333333333333333,0.2101449275362319,0.0,0.5,,0.0004630270418192,0.9625305935914265,1,1,1,1267.7927017211914,3.232717514038086,balance-scale,14
classic,0.8548387096774194,0.7298029556650247,0.7182539682539684,0.7526030179293972,0.8194956608282645,,0.0,0.0,157,79,14,319.1697597503662,6.416559219360352,balance-scale,15
metacog,0.4516129032258064,0.3333333333333333,0.2074074074074074,0.0,0.5,,0.0046777019799444,0.8835625388615117,1,1,1,1252.7117729187012,2.7513504028320312,balance-scale,15
classic,0.7419354838709677,0.5933497536945812,0.5923794271224331,0.5675330080117119,0.7524487581976639,,0.0,0.0,157,79,12,319.17452812194824,7.541418075561523,balance-scale,16
metacog,0.4516129032258064,0.3333333333333333,0.2074074074074074,0.0,0.5,,0.0656374840531158,0.7766520712649603,1,1,1,1404.2794704437256,3.554582595825196,balance-scale,16
classic,0.7741935483870968,0.5615763546798029,0.5716108452950558,0.6136127931217711,0.7208605600299846,,0.0,0.0,155,78,12,314.7904872894287,5.24139404296875,balance-scale,17
metacog,0.4516129032258064,0.3333333333333333,0.2074074074074074,0.0,0.5,,0.0223393176027068,1.0,1,1,1,1430.5832386016846,2.699613571166992,balance-scale,17
classic,0.7580645161290323,0.6052545155993432,0.6036630036630036,0.5921669352368075,0.7407033087667229,,0.0,0.0,155,78,11,310.413122177124,5.224943161010742,balance-scale,18
metacog,0.4516129032258064,0.3333333333333333,0.2074074074074074,0.0,0.5,,0.0475480644416043,0.9515371035007968,1,1,1,1391.442060470581,3.456592559814453,balance-scale,18
classic,0.7741935483870968,0.6235632183908045,0.6162271805273835,0.6405103709488862,0.7747082897944967,,0.0,0.0,157,79,15,345.9138870239258,5.927085876464844,balance-scale,19
metacog,0.4677419354838709,0.3333333333333333,0.2124542124542124,0.0,0.5,,0.0195808475389262,0.9319817499099748,1,1,1,1515.8870220184326,7.298946380615234,balance-scale,19
classic,0.8095238095238095,0.6413793103448276,0.6403508771929824,0.6737302626745375,0.7851926977687627,,0.0,0.0,155,78,13,328.3848762512207,9.311199188232422,balance-scale,20
metacog,0.4603174603174603,0.3333333333333333,0.2101449275362319,0.0,0.5,,0.0688821564872904,0.9784192545191414,1,1,1,1498.0146884918213,8.291959762573242,balance-scale,20
classic,0.7301587301587301,0.5839080459770115,0.5928978428978429,0.5767506686729755,0.7458755916159566,,0.0,0.0,153,77,13,297.0449924468994,5.430221557617188,balance-scale,21
metacog,0.4603174603174603,0.3333333333333333,0.2101449275362319,0.0,0.5,,0.0278415026719569,0.8071773230478966,1,1,1,1512.5305652618408,2.562999725341797,balance-scale,21
classic,0.746031746031746,0.5402298850574713,0.5682951146560319,0.5921619792823024,0.707741717376606,,0.0,0.0,159,80,14,357.9216003417969,4.890203475952148,balance-scale,22
metacog,0.4603174603174603,0.3333333333333333,0.2101449275362319,0.0,0.5,,0.0121971254216597,0.91358345653731,1,1,1,1334.2313766479492,2.730607986450196,balance-scale,22
classic,0.746031746031746,0.5402298850574713,0.554649947753396,0.5705320714628284,0.747870182555781,,0.0,0.0,157,79,15,472.5832939147949,5.850553512573242,balance-scale,23
metacog,0.4603174603174603,0.3333333333333333,0.2101449275362319,0.0,0.5,,0.0037949939231419,0.8781124335273405,1,1,1,1483.4659099578855,2.452611923217773,balance-scale,23
classic,0.873015873015873,0.6873563218390805,0.689278752436647,0.7758955450946377,0.7923597025016904,,0.0,0.0,153,77,12,318.35150718688965,5.6476593017578125,balance-scale,24
metacog,0.4603174603174603,0.3333333333333333,0.2101449275362319,0.0,0.5,,0.0945764119136803,0.8903957253224992,1,1,1,1283.9539051055908,2.982616424560547,balance-scale,24
classic,0.7258064516129032,0.5266830870279146,0.5506172839506173,0.5491383087513318,0.723145617208551,,0.0,0.0,157,79,15,318.92895698547363,5.7373046875,balance-scale,25
metacog,0.4516129032258064,0.3333333333333333,0.2074074074074074,0.0,0.5,,0.0150509253827355,0.8711734198293802,1,1,1,1320.08957862854,2.6657581329345703,balance-scale,25
classic,0.7419354838709677,0.5389983579638752,0.5466155810983397,0.561013211404961,0.7142178064098103,,0.0,0.0,153,77,14,416.4290428161621,5.834817886352539,balance-scale,26
metacog,0.4516129032258064,0.3333333333333333,0.2074074074074074,0.0,0.5,,0.1304577859963192,0.9832495621060732,1,1,1,1455.7955265045166,2.650737762451172,balance-scale,26
classic,0.7741935483870968,0.6715106732348112,0.6516901659335992,0.6430967127507143,0.7727130422096793,,0.0,0.0,149,75,15,367.032527923584,6.355047225952148,balance-scale,27
metacog,0.4516129032258064,0.3333333333333333,0.2074074074074074,0.0,0.5,,0.0278415026719569,1.0,1,1,1,1411.1323356628418,2.6590824127197266,balance-scale,27
classic,0.8387096774193549,0.6083743842364532,0.5978788779859253,0.7124139037988713,0.7479278132635665,,0.0,0.0,151,76,13,376.1658668518066,5.190134048461914,balance-scale,28
metacog,0.4516129032258064,0.3333333333333333,0.2074074074074074,0.0,0.5,,0.0251111090840721,0.975416066525237,1,1,1,1436.2218379974363,2.5968551635742188,balance-scale,28
classic,0.7580645161290323,0.6120689655172414,0.6060728744939271,0.6116510841964489,0.764650818530129,,0.0,0.0,155,78,14,373.0051517486572,5.598068237304688,balance-scale,29
metacog,0.4677419354838709,0.3333333333333333,0.2124542124542124,0.0,0.5,,0.0654526507087477,0.8793836510801127,1,1,1,1442.6400661468506,2.567291259765625,balance-scale,29
classic,0.7777777777777778,0.5632183908045977,0.5723738626964433,0.6257909057326763,0.7415483434753211,,0.0,0.0,155,78,13,375.17714500427246,5.355119705200195,balance-scale,30
metacog,0.4603174603174603,0.3333333333333333,0.2101449275362319,0.0,0.5,,0.0094866531057352,0.8309652736201145,1,1,1,1479.8400402069092,2.7594566345214844,balance-scale,30
classic,0.7777777777777778,0.5632183908045977,0.5728395061728395,0.6214861880428951,0.7364773495605138,,0.0,0.0,155,78,14,374.0024566650391,6.736516952514648,balance-scale,31
metacog,0.4603174603174603,0.3333333333333333,0.2101449275362319,0.0,0.5,,0.0004051426704764,0.9275313284573355,1,1,1,1411.3788604736328,4.3182373046875,balance-scale,31
classic,0.7777777777777778,0.5632183908045977,0.5733949666153055,0.6201590753004766,0.7392832995267072,,0.0,0.0,163,82,12,301.8803596496582,8.842945098876953,balance-scale,32
metacog,0.4603174603174603,0.3333333333333333,0.2101449275362319,0.0,0.5,,0.0223393176027068,0.9768184652520392,1,1,1,1457.700252532959,4.499673843383789,balance-scale,32
classic,0.8412698412698413,0.6091954022988505,0.5988700564971752,0.7166085761829019,0.7694388100067613,,0.0,0.0,157,79,15,313.9376640319824,5.942583084106445,balance-scale,33
metacog,0.4603174603174603,0.3333333333333333,0.2101449275362319,0.0,0.5,,0.0046777019799444,0.944299734064744,1,1,1,1274.2972373962402,2.741098403930664,balance-scale,33
classic,0.6825396825396826,0.4942528735632184,0.5242280820374127,0.4920050462314806,0.6945571331981069,,0.0,0.0,149,75,14,297.31035232543945,5.569219589233398,balance-scale,34
metacog,0.4603174603174603,0.3333333333333333,0.2101449275362319,0.0,0.5,,0.0099913074336392,0.8367276691823455,1,1,1,1296.609878540039,2.713203430175781,balance-scale,34
classic,0.7741935483870968,0.5611658456486043,0.5662071846282372,0.6089637594046662,0.73248597822234,,0.0,0.0,159,80,12,311.8467330932617,5.349397659301758,balance-scale,35
metacog,0.4516129032258064,0.3333333333333333,0.2074074074074074,0.0,0.5,,0.0307121310657969,0.8851045183184963,1,1,1,1271.2781429290771,2.7616024017333984,balance-scale,35
classic,0.8064516129032258,0.5853858784893268,0.5847953216374269,0.6613491340018232,0.7734333297747411,,0.0,0.0,151,76,13,344.4311618804932,5.937099456787109,balance-scale,36
metacog,0.4516129032258064,0.3333333333333333,0.2074074074074074,0.0,0.5,,0.0738298918390795,0.910361218665552,1,1,1,1511.4140510559082,2.516508102416992,balance-scale,36
classic,0.7580645161290323,0.5496715927750411,0.5651702450661462,0.5916027178342739,0.7553148710950035,,0.0,0.0,151,76,14,350.355863571167,5.981922149658203,balance-scale,37
metacog,0.4516129032258064,0.3333333333333333,0.2074074074074074,0.0,0.5,,0.0053945677551948,0.9089153844544025,1,1,1,1412.6057624816897,2.74515151977539,balance-scale,37
classic,0.8225806451612904,0.5964696223316913,0.601921470342523,0.6936262409109014,0.7499948103863444,,0.0,0.0,163,82,15,390.1667594909668,5.484104156494141,balance-scale,38
metacog,0.4516129032258064,0.3333333333333333,0.2074074074074074,0.0,0.5,,0.0143946881436023,0.9732148697212653,1,1,1,1383.430004119873,2.620220184326172,balance-scale,38
classic,0.7096774193548387,0.5057471264367815,0.5308518887781101,0.524337775213945,0.680163706025775,,0.0,0.0,149,75,14,317.16227531433105,5.437612533569336,balance-scale,39
metacog,0.4677419354838709,0.3333333333333333,0.2124542124542124,0.0,0.5,,0.005440325669828,1.0,1,1,1,1349.5001792907717,2.634286880493164,balance-scale,39
classic,0.7777777777777778,0.5632183908045977,0.5740740740740741,0.6214861880428951,0.7459432048681541,,0.0,0.0,155,78,15,342.8683280944824,6.26373291015625,balance-scale,40
metacog,0.4603174603174603,0.3333333333333333,0.2101449275362319,0.0,0.5,,0.0065677743129051,0.9356054617420352,1,1,1,1519.9759006500244,2.7265548706054688,balance-scale,40
classic,0.7619047619047619,0.6068965517241379,0.6074317338685155,0.6036827860235029,0.7764029749830966,,0.0,0.0,155,78,14,308.8185787200928,5.689620971679688,balance-scale,41
metacog,0.4603174603174603,0.3333333333333333,0.2101449275362319,0.0,0.5,,0.0030478180285103,1.0,1,1,1,1508.540391921997,2.589941024780273,balance-scale,41
classic,0.7936507936507936,0.5747126436781609,0.5790325844970653,0.6454101094836103,0.7261663286004056,,0.0,0.0,153,77,13,341.43614768981934,6.868839263916016,balance-scale,42
metacog,0.4603174603174603,0.3333333333333333,0.2101449275362319,0.0,0.5,,0.0097925862056905,0.9726442205113738,1,1,1,1443.671703338623,2.109050750732422,balance-scale,42
classic,0.7142857142857143,0.5172413793103449,0.5357142857142857,0.5220738983321959,0.7448275862068966,,0.0,0.0,159,80,13,313.9379024505615,6.586313247680664,balance-scale,43
metacog,0.4603174603174603,0.3333333333333333,0.2101449275362319,0.0,0.5,,0.0054183431617961,1.0,1,1,1,1534.4204902648926,2.1190643310546875,balance-scale,43
classic,0.6825396825396826,0.4942528735632184,0.5177777777777778,0.4872031538504654,0.6653144016227179,,0.0,0.0,163,82,14,302.1862506866455,5.433320999145508,balance-scale,44
metacog,0.4603174603174603,0.3333333333333333,0.2101449275362319,0.0,0.5,,0.0116188540991765,0.7770320686617825,1,1,1,1285.6266498565674,2.6803016662597656,balance-scale,44
classic,0.8225806451612904,0.5964696223316913,0.5914043583535109,0.6860760028134528,0.7472688286115744,,0.0,0.0,163,82,12,309.2358112335205,5.428552627563477,balance-scale,45
metacog,0.4516129032258064,0.3333333333333333,0.2074074074074074,0.0,0.5,,0.0481106389717279,0.9774063081665552,1,1,1,1307.4893951416016,2.6590824127197266,balance-scale,45
classic,0.7419354838709677,0.5369458128078818,0.5453576377784884,0.5587727433082957,0.7271496881764309,,0.0,0.0,159,80,14,302.05655097961426,6.084203720092773,balance-scale,46
metacog,0.4516129032258064,0.3333333333333333,0.2074074074074074,0.0,0.5,,0.0278415026719569,0.8047293430007713,1,1,1,1257.3630809783936,1.332998275756836,balance-scale,46
classic,0.8064516129032258,0.5853858784893268,0.5847953216374269,0.6613491340018232,0.7558865912861322,,0.0,0.0,155,78,15,326.01213455200195,5.763530731201172,balance-scale,47
metacog,0.4516129032258064,0.3333333333333333,0.2074074074074074,0.0,0.5,,0.0054183431617961,0.8916336926920462,1,1,1,1062.2291564941406,1.4138221740722656,balance-scale,47
classic,0.6774193548387096,0.4905582922824302,0.5223391812865498,0.483130102127005,0.7052425284583391,,0.0,0.0,145,73,12,313.83395195007324,4.311800003051758,balance-scale,48
metacog,0.4516129032258064,0.3333333333333333,0.2074074074074074,0.0,0.5,,0.026002383190168,0.953971409426277,1,1,1,1074.88751411438,1.4302730560302734,balance-scale,48
classic,0.7580645161290323,0.5402298850574713,0.5646523716699156,0.5966376971696656,0.7234413096482063,,0.0,0.0,165,83,12,357.1860790252685,5.307674407958984,balance-scale,49
metacog,0.4677419354838709,0.3333333333333333,0.2124542124542124,0.0,0.5,,0.0060202459388988,0.95130918407887,1,1,1,971.2626934051514,1.4951229095458984,balance-scale,49
classic,0.87,0.6382575757575758,0.6541633413141793,0.3139850292396097,0.7225378787878789,0.2833701619067473,0.0,0.0,145,73,21,12325.050830841064,13.644933700561523,bank-marketing,0
metacog,0.88,0.5,0.4680851063829787,0.0,0.5,0.12,0.3387442203142231,0.9519270202033632,1,1,1,72208.61387252808,4.368782043457031,bank-marketing,0
classic,0.89,0.7215909090909092,0.7297961188897077,0.46028047019751,0.7348484848484849,0.3719444444444444,0.0,0.0,145,73,21,12275.298357009888,14.807462692260742,bank-marketing,1
metacog,0.88,0.5,0.4680851063829787,0.0,0.5,0.12,0.3700916859995035,0.9202977021122182,1,1,1,71637.1283531189,4.200458526611328,bank-marketing,1
classic,0.86,0.6685606060606061,0.6685606060606061,0.3371212121212121,0.7732007575757576,0.3202325289089995,0.0,0.0,141,71,21,11871.42252922058,12.603521347045898,bank-marketing,2
metacog,0.88,0.5,0.4680851063829787,0.0,0.5,0.12,0.246518065553719,0.9215458226326272,1,1,1,71397.57084846497,4.208803176879883,bank-marketing,2
classic,0.85,0.652077807250221,0.6571428571428571,0.3147713386455631,0.7997347480106102,0.3560242698477992,0.0,0.0,137,69,21,13904.056072235107,13.103246688842772,bank-marketing,3
metacog,0.87,0.5,0.46524064171123,0.0,0.5,0.13,0.1562523516370077,0.9719080804338128,1,1,1,76506.55627250671,4.063606262207031,bank-marketing,3
classic,0.89,0.8059239610963749,0.7781810848961483,0.5612743009357455,0.7652519893899203,0.4294230769230769,0.0,0.0,147,74,21,13745.356798171995,15.727043151855469,bank-marketing,4
metacog,0.87,0.5,0.46524064171123,0.0,0.5,0.13,0.3553754988548379,0.8924546148772521,1,1,1,72582.57842063904,4.291057586669922,bank-marketing,4
classic,0.87,0.6308576480990273,0.6541633413141793,0.3244303696870942,0.7997347480106101,0.4125527086928644,0.0,0.0,137,69,21,13230.22961616516,14.713048934936523,bank-marketing,5
metacog,0.87,0.5,0.46524064171123,0.0,0.5,0.13,0.428218023662703,0.9010189063067356,1,1,1,74155.49230575562,4.271268844604492,bank-marketing,5
classic,0.85,0.6193633952254642,0.6315401621223287,0.2676154650525236,0.5636604774535809,0.213076923076923,0.0,0.0,141,71,21,13426.08618736267,15.253067016601562,bank-marketing,6
metacog,0.87,0.5,0.46524064171123,0.0,0.5,0.13,0.0845666307316317,0.8923052770219942,1,1,1,76283.14304351807,6.771087646484375,bank-marketing,6
classic,0.86,0.5923961096374889,0.6111111111111112,0.2435703887970079,0.7298850574712643,0.2787766080073772,0.0,0.0,135,68,21,13244.971990585327,22.9787826538086,bank-marketing,7
metacog,0.87,0.5,0.46524064171123,0.0,0.5,0.13,0.5215586097229158,0.9519014082656312,1,1,1,75706.26258850098,4.65703010559082,bank-marketing,7
classic,0.85,0.6193633952254642,0.6315401621223287,0.2676154650525236,0.6295313881520778,0.2593305839459686,0.0,0.0,137,69,21,12786.750316619871,12.84933090209961,bank-marketing,8
metacog,0.87,0.5,0.46524064171123,0.0,0.5,0.13,0.3175848604867718,0.5304031641005323,3,2,2,145968.49608421326,5.110979080200195,bank-marketing,8
classic,0.87,0.6962864721485411,0.7028571428571428,0.4062746347634593,0.7497789566755083,0.4047949756046922,0.0,0.0,139,70,21,13651.396751403809,12.900829315185549,bank-marketing,9
metacog,0.87,0.5,0.46524064171123,0.0,0.5,0.13,0.1972911393274729,0.9272155521689645,1,1,1,72960.67237854004,4.195928573608398,bank-marketing,9
classic,0.87,0.6382575757575758,0.6541633413141793,0.3139850292396097,0.6316287878787877,0.2569696969696969,0.0,0.0,141,71,21,12222.276210784912,13.038873672485352,bank-marketing,10
metacog,0.88,0.5,0.4680851063829787,0.0,0.5,0.12,0.3094538657659745,0.9692923844994764,1,1,1,72238.37471008301,4.306793212890625,bank-marketing,10
classic,0.84,0.5492424242424242,0.5555555555555556,0.117967526404102,0.5809659090909091,0.1669444444444444,0.0,0.0,123,62,21,12680.26876449585,13.576269149780272,bank-marketing,11
metacog,0.88,0.5,0.4680851063829787,0.0,0.5,0.12,0.2629809951673176,0.9880633923629906,1,1,1,76894.76442337036,4.163265228271484,bank-marketing,11
classic,0.89,0.6856060606060607,0.7073689811119979,0.4215141488422158,0.7736742424242424,0.3794524959742351,0.0,0.0,151,76,21,12313.578367233276,12.428045272827148,bank-marketing,12
metacog,0.88,0.5,0.4680851063829787,0.0,0.5,0.12,0.5809951992354827,0.9119871139324498,1,1,1,74840.5385017395,7.374048233032227,bank-marketing,12
classic,0.91,0.6865605658709107,0.7382960162838035,0.5283741917581172,0.8430592396109637,0.5888405797101448,0.0,0.0,147,74,21,14482.41901397705,13.324499130249023,bank-marketing,13
metacog,0.87,0.5,0.46524064171123,0.0,0.5,0.13,0.3573887402445581,0.9880230121502236,3,2,2,146769.18983459473,5.147695541381836,bank-marketing,13
classic,0.85,0.5866489832007074,0.6009577015163607,0.2148255150630759,0.6339522546419097,0.2721216417990612,0.0,0.0,161,81,21,13893.227338790894,12.30454444885254,bank-marketing,14
metacog,0.87,0.5,0.46524064171123,0.0,0.5,0.13,0.0665900766830506,0.9064938590172352,1,1,1,72153.28097343445,4.293918609619141,bank-marketing,14
classic,0.89,0.6423519009725907,0.680139575457982,0.4031670373130657,0.7082228116710876,0.4128205128205128,0.0,0.0,141,71,21,12318.097829818726,13.218164443969728,bank-marketing,15
metacog,0.87,0.5,0.46524064171123,0.0,0.5,0.13,0.3039704782170189,0.9513893061766068,1,1,1,71073.51779937744,4.849910736083984,bank-marketing,15
classic,0.89,0.773209549071618,0.7645043887818455,0.5295950645876977,0.8421750663129974,0.4948520710059172,0.0,0.0,133,67,21,12123.17967414856,13.3514404296875,bank-marketing,16
metacog,0.87,0.5,0.46524064171123,0.0,0.5,0.13,0.3700916859995035,0.972254576184742,1,1,1,69992.5045967102,4.213809967041016,bank-marketing,16
classic,0.91,0.7192749778956675,0.7605746209098164,0.543640078935131,0.7294429708222812,0.4570338662973687,0.0,0.0,125,63,21,13184.821605682371,12.893438339233398,bank-marketing,17
metacog,0.87,0.5,0.46524064171123,0.0,0.5,0.13,0.3220467753004944,0.9357017491294404,1,1,1,75253.24749946594,4.300832748413086,bank-marketing,17
classic,0.83,0.6078691423519009,0.6114285714285714,0.2232680425276668,0.6772767462422636,0.2506015779092702,0.0,0.0,129,65,21,13480.844497680664,14.350414276123049,bank-marketing,18
metacog,0.87,0.5,0.46524064171123,0.0,0.5,0.13,0.2784614382916683,0.9730472678912968,1,1,1,75059.06867980957,3.812074661254883,bank-marketing,18
classic,0.88,0.7020335985853228,0.7159090909090908,0.4343037224065726,0.6834659593280283,0.3510236140670922,0.0,0.0,143,72,21,13849.836111068726,15.639543533325195,bank-marketing,19
metacog,0.87,0.5,0.46524064171123,0.0,0.5,0.13,0.4384279461449625,0.7647293445078939,1,1,1,75713.00077438354,4.242658615112305,bank-marketing,19
classic,0.89,0.7215909090909092,0.7297961188897077,0.46028047019751,0.7012310606060606,0.3091721815859747,0.0,0.0,159,80,21,12875.84114074707,16.253948211669922,bank-marketing,20
metacog,0.88,0.5,0.4680851063829787,0.0,0.5,0.12,0.4075918145059893,0.9696135802567836,1,1,1,74899.73950386047,4.228830337524414,bank-marketing,20
classic,0.85,0.6268939393939393,0.6315401621223287,0.2635794145575485,0.7320075757575758,0.2771407180782181,0.0,0.0,111,56,21,13728.997945785522,13.211727142333984,bank-marketing,21
metacog,0.88,0.5,0.4680851063829787,0.0,0.5,0.12,0.3575546219871439,0.906801320192012,1,1,1,79706.45689964294,4.180908203125,bank-marketing,21
classic,0.85,0.5909090909090908,0.6009577015163607,0.2064559096370037,0.684185606060606,0.217641723356009,0.0,0.0,149,75,21,11871.55795097351,13.69476318359375,bank-marketing,22
metacog,0.88,0.5,0.4680851063829787,0.0,0.5,0.12,0.4414170755530848,0.9015206322890466,1,1,1,71219.34843063354,4.55021858215332,bank-marketing,22
classic,0.88,0.7674624226348364,0.7508305647840532,0.5038125479200453,0.8527851458885941,0.5990864896128054,0.0,0.0,131,66,21,11606.072664260864,13.202667236328123,bank-marketing,23
metacog,0.87,0.5,0.46524064171123,0.0,0.5,0.13,0.2847712861444493,0.9912601750052984,1,1,1,69389.30797576904,5.424261093139648,bank-marketing,23
classic,0.89,0.8059239610963749,0.7781810848961483,0.5612743009357455,0.8191865605658709,0.5083395368072787,0.0,0.0,141,71,21,11654.532432556152,13.405799865722656,bank-marketing,24
metacog,0.87,0.5,0.46524064171123,0.0,0.5,0.13,0.2312014148260127,0.9714042315227948,1,1,1,69657.25755691528,4.394769668579102,bank-marketing,24
classic,0.89,0.6750663129973475,0.7073689811119979,0.4340352243111126,0.6626878868258178,0.3621794871794871,0.0,0.0,147,74,21,11591.731309890749,12.66789436340332,bank-marketing,25
metacog,0.87,0.5,0.46524064171123,0.0,0.5,0.13,0.1336658335399984,0.6697562568779833,1,1,1,78764.88614082336,5.452156066894531,bank-marketing,25
classic,0.85,0.5866489832007074,0.6009577015163607,0.2148255150630759,0.7285587975243147,0.2801980063280372,0.0,0.0,125,63,21,12748.332738876345,12.982606887817385,bank-marketing,26
metacog,0.87,0.5,0.46524064171123,0.0,0.5,0.13,0.4681504481596282,0.966692525659207,1,1,1,69017.1639919281,4.237651824951172,bank-marketing,26
classic,0.86,0.6578249336870027,0.6685606060606061,0.3392700851184823,0.7214854111405835,0.2958310919849381,0.0,0.0,149,75,21,12524.667263031006,11.934280395507812,bank-marketing,27
metacog,0.87,0.5,0.46524064171123,0.0,0.5,0.13,0.331624540638019,0.8806807843227593,1,1,1,69785.00723838806,4.25267219543457,bank-marketing,27
classic,0.84,0.5481874447391688,0.5555555555555556,0.1270295329132721,0.5755968169761274,0.1829537129537129,0.0,0.0,133,67,21,12227.497816085815,13.401269912719728,bank-marketing,28
metacog,0.85,0.4885057471264368,0.4594594594594595,-0.055222238820362,0.4885057471264368,0.13,0.386983071120092,0.8934763260313625,3,2,2,139998.3217716217,5.323410034179688,bank-marketing,28
classic,0.85,0.652077807250221,0.6571428571428571,0.3147713386455631,0.6887709991158266,0.3148785425101215,0.0,0.0,137,69,21,11833.93120765686,38.56921195983887,bank-marketing,29
metacog,0.87,0.5,0.46524064171123,0.0,0.5,0.13,0.1215125673479442,0.9923723024231964,1,1,1,69813.16995620728,4.320383071899414,bank-marketing,29
classic,0.85,0.5549242424242424,0.563826693806339,0.1399057409394264,0.6761363636363636,0.2276787101787101,0.0,0.0,117,59,21,16171.173095703123,29.73794937133789,bank-marketing,30
metacog,0.88,0.5,0.4680851063829787,0.0,0.5,0.12,0.2634466968721611,0.98642306659839,1,1,1,74127.19821929932,4.261493682861328,bank-marketing,30
classic,0.87,0.7102272727272727,0.7028571428571428,0.4062746347634593,0.7642045454545454,0.3600600109110747,0.0,0.0,151,76,21,11731.28056526184,12.252092361450195,bank-marketing,31
metacog,0.88,0.5,0.4680851063829787,0.0,0.5,0.12,0.3826371965972537,0.986045935122317,1,1,1,70404.20770645142,4.29534912109375,bank-marketing,31
classic,0.93,0.7803030303030303,0.813780260707635,0.636572388047428,0.866003787878788,0.6332154882154882,0.0,0.0,139,70,21,11833.501815795898,12.987852096557615,bank-marketing,32
metacog,0.88,0.5,0.4680851063829787,0.0,0.5,0.12,0.2394564876147152,0.7029210003811649,1,1,1,68870.20325660706,4.588842391967773,bank-marketing,32
classic,0.84,0.6136162687886826,0.6212121212121212,0.244236447830392,0.698054818744474,0.2887714968210324,0.0,0.0,131,66,21,12473.518133163452,13.623952865600586,bank-marketing,33
metacog,0.87,0.5,0.46524064171123,0.0,0.5,0.13,0.295674090871147,0.7836178823989565,1,1,1,72776.07226371765,4.338264465332031,bank-marketing,33
classic,0.87,0.6308576480990273,0.6541633413141793,0.3244303696870942,0.587975243147657,0.2694928148774302,0.0,0.0,135,68,21,11708.166360855104,12.997150421142578,bank-marketing,34
metacog,0.87,0.5,0.46524064171123,0.0,0.5,0.13,0.3206192402683001,0.986710732512078,3,2,2,137933.0632686615,5.163431167602539,bank-marketing,34
classic,0.89,0.7077807250221043,0.7297961188897077,0.4658491428692078,0.7608311229000884,0.4107692307692308,0.0,0.0,131,66,21,13195.156812667848,13.37432861328125,bank-marketing,35
metacog,0.87,0.5,0.46524064171123,0.0,0.5,0.13,0.4863109670362314,0.8156703217779495,1,1,1,70802.18815803528,4.239082336425781,bank-marketing,35
classic,0.82,0.6348364279398763,0.6262458471760798,0.2539881439927501,0.7015915119363394,0.2787140812932668,0.0,0.0,147,74,21,11386.098861694336,12.768983840942385,bank-marketing,36
metacog,0.87,0.5,0.46524064171123,0.0,0.5,0.13,0.3770851422269736,0.9817701872589646,1,1,1,68369.40574645996,5.130290985107422,bank-marketing,36
classic,0.87,0.729000884173298,0.7216870049239992,0.4439000703178437,0.7639257294429709,0.358910358322123,0.0,0.0,139,70,21,11177.762031555176,12.603998184204102,bank-marketing,37
metacog,0.87,0.5,0.46524064171123,0.0,0.5,0.13,0.080993133812511,0.8782385807572975,1,1,1,69126.04880332947,4.420042037963867,bank-marketing,37
classic,0.8,0.4924845269672856,0.4892747701736465,-0.017663455479542,0.5114942528735632,0.1547983515338112,0.0,0.0,151,76,21,11168.009996414185,12.910842895507812,bank-marketing,38
metacog,0.87,0.5,0.46524064171123,0.0,0.5,0.13,0.3076662113565969,0.9144401346397678,1,1,1,68317.77954101562,4.239797592163086,bank-marketing,38
classic,0.89,0.6423519009725907,0.680139575457982,0.4031670373130657,0.6326259946949602,0.3326963393001129,0.0,0.0,115,58,21,12147.999048233032,12.954950332641602,bank-marketing,39
metacog,0.87,0.5,0.46524064171123,0.0,0.5,0.13,0.364483243411952,0.966125760434589,1,1,1,68932.67011642456,4.474163055419922,bank-marketing,39
classic,0.83,0.5075757575757576,0.5056702529805176,0.0192973435778519,0.6164772727272727,0.1596224050692769,0.0,0.0,125,63,21,12129.123210906982,13.336181640625,bank-marketing,40
metacog,0.88,0.5,0.4680851063829787,0.0,0.5,0.12,0.2476460234272465,0.8011114650862152,1,1,1,68457.33070373535,4.916906356811523,bank-marketing,40
classic,0.86,0.6325757575757576,0.6424923391215527,0.2872134789517764,0.6732954545454546,0.3217261904761905,0.0,0.0,143,72,21,11888.75699043274,13.297319412231444,bank-marketing,41
metacog,0.88,0.5,0.4680851063829787,0.0,0.5,0.12,0.3226026489795516,0.9716437221009996,1,1,1,66062.13212013245,3.54909896850586,bank-marketing,41
classic,0.83,0.5795454545454546,0.5824121837386391,0.1652288867375677,0.6458333333333334,0.1911761861417681,0.0,0.0,149,75,21,12371.235609054564,12.87388801574707,bank-marketing,42
metacog,0.88,0.5,0.4680851063829787,0.0,0.5,0.12,0.3466460440169014,0.9155976178947512,1,1,1,66691.13802909851,4.10771369934082,bank-marketing,42
classic,0.84,0.6136162687886826,0.6212121212121212,0.244236447830392,0.6732979664014147,0.2388816192751792,0.0,0.0,131,66,21,11345.920085906982,13.451814651489258,bank-marketing,43
metacog,0.87,0.5,0.46524064171123,0.0,0.5,0.13,0.5249066767996359,0.9542634511791306,1,1,1,65902.38547325134,3.974437713623047,bank-marketing,43
classic,0.89,0.6423519009725907,0.680139575457982,0.4031670373130657,0.7033598585322723,0.43110661268556,0.0,0.0,125,63,21,11503.61704826355,13.097286224365234,bank-marketing,44
metacog,0.87,0.5,0.46524064171123,0.0,0.5,0.13,0.3629589838667663,0.9669330064948656,1,1,1,64016.91365242005,2.098560333251953,bank-marketing,44
classic,0.83,0.5751547303271441,0.5824121837386391,0.1684986261441815,0.5397877984084881,0.204150424044041,0.0,0.0,151,76,21,10842.963933944702,12.38107681274414,bank-marketing,45
metacog,0.87,0.5,0.46524064171123,0.0,0.5,0.13,0.3382034867867198,0.9595538971992622,1,1,1,63825.68907737732,2.058267593383789,bank-marketing,45
classic,0.9,0.7462422634836428,0.7632575757575758,0.5293373596946629,0.821396993810787,0.5235210872915791,0.0,0.0,111,56,21,12440.582990646362,12.942075729370115,bank-marketing,46
metacog,0.87,0.5,0.46524064171123,0.0,0.5,0.13,0.4374745144540661,0.9257566083419382,1,1,1,62335.64329147339,2.3429393768310547,bank-marketing,46
classic,0.83,0.6405835543766578,0.6360522372083066,0.2725100817781357,0.6127320954907162,0.2427116027784924,0.0,0.0,139,70,21,11956.49480819702,12.919187545776367,bank-marketing,47
metacog,0.87,0.5,0.46524064171123,0.0,0.5,0.13,0.1972911393274729,0.9702251157154984,1,1,1,62436.62571907044,1.9772052764892576,bank-marketing,47
classic,0.86,0.5923961096374889,0.6111111111111112,0.2435703887970079,0.6237842617152961,0.2408114961961115,0.0,0.0,141,71,21,11561.260223388672,9.242534637451172,bank-marketing,48
metacog,0.87,0.5,0.46524064171123,0.0,0.5,0.13,0.4577353806235611,0.9426057065125312,1,1,1,62093.65868568421,2.8426647186279297,bank-marketing,48
classic,0.9,0.7789566755083996,0.7789566755083996,0.5579133510167993,0.7842617152961981,0.4559733479190493,0.0,0.0,155,78,21,12177.950382232666,12.85386085510254,bank-marketing,49
metacog,0.87,0.5,0.46524064171123,0.0,0.5,0.13,0.0253880019895439,0.7957486811254582,1,1,1,60701.60007476807,2.1009445190429688,bank-marketing,49
classic,0.7866666666666666,0.6885964912280702,0.6957403651115619,0.3932342050909656,0.7309941520467836,0.4333862108061616,0.0,0.0,121,61,21,1665.9669876098633,9.992599487304688,blood-transfusion-service-center,0
metacog,0.76,0.5,0.4318181818181818,0.0,0.5,0.24,0.7273994984808818,0.1799353244838142,1,1,1,9547.429323196411,3.1380653381347656,blood-transfusion-service-center,0
classic,0.7466666666666667,0.6242690058479532,0.6309246309246309,0.2653659799481466,0.5862573099415205,0.3687785417197182,0.0,0.0,121,61,21,1610.203742980957,9.439945220947266,blood-transfusion-service-center,1
metacog,0.76,0.5,0.4318181818181818,0.0,0.5,0.24,0.3583191495306879,0.340125004871863,1,1,1,9487.952709197998,3.1430721282958984,blood-transfusion-service-center,1
classic,0.7733333333333333,0.6038011695906433,0.6160794941282746,0.2728429274138405,0.6271929824561403,0.3746052631578948,0.0,0.0,129,65,21,1609.792947769165,11.235713958740234,blood-transfusion-service-center,2
metacog,0.76,0.5,0.4318181818181818,0.0,0.5,0.24,0.6322017759947923,0.3554290761374154,1,1,1,9670.623779296877,3.219127655029297,blood-transfusion-service-center,2
classic,0.8,0.6973684210526316,0.7086247086247086,0.4214636152117623,0.6749512670565302,0.4314233026855748,0.0,0.0,123,62,21,1594.4314002990725,9.815692901611328,blood-transfusion-service-center,3
metacog,0.76,0.5,0.4318181818181818,0.0,0.5,0.24,0.5499951450139091,0.3192749879960188,1,1,1,9665.68922996521,5.047798156738281,blood-transfusion-service-center,3
classic,0.7866666666666666,0.631578947368421,0.648711943793911,0.3306232612667902,0.5082846003898636,0.4326283771694399,0.0,0.0,131,66,21,1523.44012260437,9.401798248291016,blood-transfusion-service-center,4
metacog,0.76,0.5,0.4318181818181818,0.0,0.5,0.24,0.5499951450139091,0.064222267252229,1,1,1,9936.807632446287,4.331827163696289,blood-transfusion-service-center,4
classic,0.7333333333333333,0.5584795321637427,0.5608899297423888,0.146943671674129,0.601364522417154,0.3043175523916179,0.0,0.0,131,66,21,1801.88536643982,9.412050247192385,blood-transfusion-service-center,5
metacog,0.76,0.5,0.4318181818181818,0.0,0.5,0.24,0.8413882683090157,0.2337259740843378,1,1,1,10335.924863815308,5.703449249267578,blood-transfusion-service-center,5
classic,0.7333333333333333,0.6154970760233918,0.6196754563894523,0.2408178465285758,0.6549707602339181,0.3812375100532995,0.0,0.0,127,64,21,1601.7301082611084,9.314298629760742,blood-transfusion-service-center,6
metacog,0.76,0.5,0.4318181818181818,0.0,0.5,0.24,0.1870693476896668,0.0970234685048436,1,1,1,9451.172828674316,3.3643245697021484,blood-transfusion-service-center,6
classic,0.8533333333333334,0.7514619883040936,0.7763621577663323,0.5674250444370366,0.8162768031189085,0.5884322935129387,0.0,0.0,117,59,21,1643.0535316467283,9.782075881958008,blood-transfusion-service-center,7
metacog,0.76,0.5,0.4318181818181818,0.0,0.5,0.24,0.3575546219871439,0.0788216744881421,1,1,1,9688.732624053957,2.86865234375,blood-transfusion-service-center,7
classic,0.8108108108108109,0.7533539731682146,0.7430555555555556,0.4879344234424161,0.7131062951496387,0.4620132903801634,0.0,0.0,145,73,21,1792.6647663116455,9.423494338989258,blood-transfusion-service-center,8
metacog,0.7702702702702703,0.5,0.4351145038167939,0.0,0.5,0.2297297297297297,0.6322017759947923,0.0799236207650525,1,1,1,10011.890888214111,3.170013427734375,blood-transfusion-service-center,8
classic,0.7702702702702703,0.5825593395252838,0.5908943089430895,0.2236871997872405,0.630546955624355,0.3445684392648991,0.0,0.0,123,62,21,1776.841402053833,10.66446304321289,blood-transfusion-service-center,9
metacog,0.7702702702702703,0.5,0.4351145038167939,0.0,0.5,0.2297297297297297,0.8413882683090157,0.1734838735584707,1,1,1,10395.700454711914,3.326416015625,blood-transfusion-service-center,9
classic,0.76,0.652046783625731,0.657707910750507,0.3170260258097707,0.7241715399610136,0.4177441077441077,0.0,0.0,131,66,21,1864.801645278931,9.302854537963867,blood-transfusion-service-center,10
metacog,0.76,0.5,0.4318181818181818,0.0,0.5,0.24,0.3071799741019244,0.041894687508576,1,1,1,10135.422229766846,3.125190734863281,blood-transfusion-service-center,10
classic,0.72,0.587719298245614,0.592074592074592,0.1873171623163387,0.5326510721247563,0.3000587763382681,0.0,0.0,125,63,21,1551.753044128418,10.880470275878906,blood-transfusion-service-center,11
metacog,0.76,0.5,0.4318181818181818,0.0,0.5,0.24,0.7273994984808818,0.1699455409977198,1,1,1,9928.520917892456,3.033638000488281,blood-transfusion-service-center,11
classic,0.76,0.5380116959064327,0.5205965909090909,0.1444979721262686,0.7285575048732944,0.5073649058894961,0.0,0.0,125,63,21,1644.1466808319092,10.151863098144531,blood-transfusion-service-center,12
metacog,0.76,0.5,0.4318181818181818,0.0,0.5,0.24,0.7273994984808818,0.3022352957060581,1,1,1,10179.244041442871,3.1447410583496094,blood-transfusion-service-center,12
classic,0.7333333333333333,0.577485380116959,0.5833333333333334,0.1805354721816844,0.5833333333333334,0.3062233207784055,0.0,0.0,129,65,21,1596.3010787963867,14.131784439086914,blood-transfusion-service-center,13
metacog,0.76,0.5,0.4318181818181818,0.0,0.5,0.24,0.8413882683090157,0.2378495104903547,1,1,1,10027.38642692566,3.159761428833008,blood-transfusion-service-center,13
classic,0.7333333333333333,0.6535087719298245,0.6475563909774436,0.2965108097305751,0.6652046783625731,0.3604181454181454,0.0,0.0,123,62,21,1618.8578605651855,9.721755981445312,blood-transfusion-service-center,14
metacog,0.76,0.5,0.4318181818181818,0.0,0.5,0.24,0.4779039657696469,0.3033000971510734,1,1,1,10237.48016357422,3.472566604614258,blood-transfusion-service-center,14
classic,0.7733333333333333,0.5657894736842105,0.563505648750428,0.2252817784447915,0.5857699805068226,0.4033676376533519,0.0,0.0,135,68,21,1621.6611862182615,9.264469146728516,blood-transfusion-service-center,15
metacog,0.76,0.5,0.4318181818181818,0.0,0.5,0.24,0.1870693476896668,0.209309320957547,1,1,1,9882.374048233032,3.3245086669921875,blood-transfusion-service-center,15
classic,0.7733333333333333,0.5657894736842105,0.563505648750428,0.2252817784447915,0.6730019493177388,0.4765405204114881,0.0,0.0,139,70,21,1646.9767093658447,9.73200798034668,blood-transfusion-service-center,16
metacog,0.76,0.5,0.4318181818181818,0.0,0.5,0.24,0.4141624385471193,0.1530057093987224,1,1,1,10046.458959579468,3.140687942504883,blood-transfusion-service-center,16
classic,0.8133333333333334,0.7251461988304093,0.7337728194726166,0.4694423843721605,0.7465886939571151,0.4847158365261813,0.0,0.0,113,57,21,1798.9485263824463,9.447813034057615,blood-transfusion-service-center,17
metacog,0.76,0.5,0.4318181818181818,0.0,0.5,0.24,0.7273994984808818,0.3091589400028021,1,1,1,10511.752605438232,3.087282180786133,blood-transfusion-service-center,17
classic,0.8108108108108109,0.6914344685242517,0.7073446327683616,0.4232290089346152,0.6310629514963881,0.4080653051241286,0.0,0.0,143,72,21,1722.5112915039062,8.907794952392578,blood-transfusion-service-center,18
metacog,0.7702702702702703,0.5,0.4351145038167939,0.0,0.5,0.2297297297297297,0.5499951450139091,0.1469094120734943,1,1,1,9566.97702407837,3.381013870239258,blood-transfusion-service-center,18
classic,0.7027027027027027,0.4974200206398348,0.4867591424968474,-0.0066409495770464,0.5593395252837977,0.2942278508454979,0.0,0.0,133,67,21,1722.952127456665,9.660482406616213,blood-transfusion-service-center,19
metacog,0.7702702702702703,0.5,0.4351145038167939,0.0,0.5,0.2297297297297297,0.6322017759947923,0.0938841537784779,1,1,1,10512.240648269652,3.195524215698242,blood-transfusion-service-center,19
classic,0.8,0.6973684210526316,0.7086247086247086,0.4214636152117623,0.7451267056530214,0.4690880556982252,0.0,0.0,121,61,21,1832.3974609375,9.98830795288086,blood-transfusion-service-center,20
metacog,0.76,0.5,0.4318181818181818,0.0,0.5,0.24,0.7273994984808818,0.1442486706038298,1,1,1,10345.982074737549,3.1845569610595703,blood-transfusion-service-center,20
classic,0.7733333333333333,0.6418128654970761,0.6543778801843317,0.3200013331999566,0.5365497076023392,0.4379843304843305,0.0,0.0,121,61,21,1825.648307800293,10.270357131958008,blood-transfusion-service-center,21
metacog,0.76,0.5,0.4318181818181818,0.0,0.5,0.24,0.7273994984808818,0.3066963715657827,1,1,1,10469.147443771362,3.322839736938477,blood-transfusion-service-center,21
classic,0.7466666666666667,0.5482456140350878,0.544,0.1416635229594562,0.6695906432748537,0.3597945845004668,0.0,0.0,137,69,21,1631.2456130981443,9.764432907104492,blood-transfusion-service-center,22
metacog,0.76,0.5,0.4318181818181818,0.0,0.5,0.24,0.2224575240901101,0.0725112915000125,1,1,1,9704.370498657228,3.165245056152344,blood-transfusion-service-center,22
classic,0.7733333333333333,0.6608187134502923,0.6697746697746698,0.3434147975799544,0.7212475633528266,0.4161246550720234,0.0,0.0,123,62,21,1603.2955646514893,9.217023849487305,blood-transfusion-service-center,23
metacog,0.76,0.5,0.4318181818181818,0.0,0.5,0.24,0.8413882683090157,0.2361624629426022,1,1,1,9367.007493972778,3.119945526123047,blood-transfusion-service-center,23
classic,0.7866666666666666,0.631578947368421,0.648711943793911,0.3306232612667902,0.5906432748538012,0.3727516391990075,0.0,0.0,121,61,21,1577.3675441741943,9.767770767211914,blood-transfusion-service-center,24
metacog,0.76,0.5,0.4318181818181818,0.0,0.5,0.24,0.4577353806235611,0.0549156592417804,1,1,1,9829.59532737732,3.1280517578125,blood-transfusion-service-center,24
classic,0.7866666666666666,0.7076023391812866,0.7076023391812866,0.4152046783625731,0.7909356725146198,0.4827186020607073,0.0,0.0,123,62,21,1682.056903839111,9.80544090270996,blood-transfusion-service-center,25
metacog,0.76,0.5,0.4318181818181818,0.0,0.5,0.24,0.7273994984808818,0.2108865337242378,1,1,1,9865.961074829102,3.490209579467773,blood-transfusion-service-center,25
classic,0.7866666666666666,0.6885964912280702,0.6957403651115619,0.3932342050909656,0.6695906432748538,0.4088952633333646,0.0,0.0,129,65,21,1600.8827686309814,9.346246719360352,blood-transfusion-service-center,26
metacog,0.76,0.5,0.4318181818181818,0.0,0.5,0.24,0.6322017759947923,0.0320887238747512,1,1,1,9805.6743144989,3.3462047576904297,blood-transfusion-service-center,26
classic,0.7866666666666666,0.6695906432748537,0.6822033898305084,0.3717719575628205,0.7022417153996101,0.4542477333986768,0.0,0.0,131,66,21,1588.7789726257324,9.680509567260742,blood-transfusion-service-center,27
metacog,0.76,0.5,0.4318181818181818,0.0,0.5,0.24,0.6322017759947923,0.2167485773597664,1,1,1,9664.134740829468,3.161907196044922,blood-transfusion-service-center,27
classic,0.7702702702702703,0.6031991744066048,0.6149372513008877,0.2539674861160931,0.5485036119711043,0.3116563932353406,0.0,0.0,109,55,21,1575.5858421325684,9.660720825195312,blood-transfusion-service-center,28
metacog,0.7702702702702703,0.5,0.4351145038167939,0.0,0.5,0.2297297297297297,0.7273994984808818,0.107632915479184,1,1,1,9946.80666923523,3.124237060546875,blood-transfusion-service-center,28
classic,0.7297297297297297,0.4943240454076367,0.4660894660894661,-0.0190248503417901,0.5717234262125903,0.2902281266607642,0.0,0.0,125,63,21,1700.8850574493408,10.637998580932615,blood-transfusion-service-center,29
metacog,0.7702702702702703,0.5,0.4351145038167939,0.0,0.5,0.2297297297297297,0.5926933207892303,0.1462730009085293,1,1,1,10188.18736076355,3.190279006958008,blood-transfusion-service-center,29
classic,0.7466666666666667,0.6432748538011696,0.6459627329192547,0.2923042921755117,0.695906432748538,0.4176462297384107,0.0,0.0,149,75,21,1768.47243309021,9.592294692993164,blood-transfusion-service-center,30
metacog,0.76,0.5,0.4318181818181818,0.0,0.5,0.24,0.7273994984808818,0.0638924641865555,1,1,1,10571.404695510864,3.313779830932617,blood-transfusion-service-center,30
classic,0.7733333333333333,0.6418128654970761,0.6543778801843317,0.3200013331999566,0.7417153996101364,0.427933913019302,0.0,0.0,125,63,21,1668.1079864501953,9.740114212036133,blood-transfusion-service-center,31
metacog,0.76,0.5,0.4318181818181818,0.0,0.5,0.24,0.4779039657696469,0.1283947154661843,1,1,1,10074.738025665283,3.289222717285156,blood-transfusion-service-center,31
classic,0.8266666666666667,0.695906432748538,0.7221430607010544,0.473005339332108,0.7290448343079922,0.5123689748360801,0.0,0.0,121,61,21,1722.219944000244,9.69862937927246,blood-transfusion-service-center,32
metacog,0.76,0.5,0.4318181818181818,0.0,0.5,0.24,0.4779039657696469,0.2052687068727127,1,1,1,10554.766178131104,3.170967102050781,blood-transfusion-service-center,32
classic,0.8,0.6593567251461988,0.6793958392704474,0.3847580745313415,0.6632553606237818,0.4380796667237345,0.0,0.0,117,59,21,1672.2729206085205,10.07390022277832,blood-transfusion-service-center,33
metacog,0.76,0.5,0.4318181818181818,0.0,0.5,0.24,0.4141624385471193,0.2514010705476404,1,1,1,9761.62576675415,5.305767059326172,blood-transfusion-service-center,33
classic,0.7466666666666667,0.5862573099415205,0.5939013964092335,0.2082635449298087,0.7032163742690059,0.3820183441660521,0.0,0.0,123,62,21,1665.3568744659424,9.839773178100586,blood-transfusion-service-center,34
metacog,0.76,0.5,0.4318181818181818,0.0,0.5,0.24,0.4779039657696469,0.0853038427660395,1,1,1,9602.515697479248,3.092050552368164,blood-transfusion-service-center,34
classic,0.7866666666666666,0.6505847953216374,0.6666666666666667,0.3508519553719527,0.6998050682261208,0.4046969696969696,0.0,0.0,117,59,21,1623.8195896148682,9.845256805419922,blood-transfusion-service-center,35
metacog,0.76,0.5,0.4318181818181818,0.0,0.5,0.24,0.3575546219871439,0.0736148135928015,1,1,1,9484.779834747314,3.0813217163085938,blood-transfusion-service-center,35
classic,0.7866666666666666,0.6125730994152047,0.6277915632754343,0.3114984605320735,0.6564327485380117,0.4203810078810078,0.0,0.0,137,69,21,1678.6277294158936,9.661197662353516,blood-transfusion-service-center,36
metacog,0.76,0.5,0.4318181818181818,0.0,0.5,0.24,0.3071799741019244,0.1478836601178083,1,1,1,10251.266717910768,3.1952857971191406,blood-transfusion-service-center,36
classic,0.7466666666666667,0.6432748538011696,0.6459627329192547,0.2923042921755117,0.5989278752436648,0.3626599251548542,0.0,0.0,133,67,21,1514.2154693603516,11.44099235534668,blood-transfusion-service-center,37
metacog,0.76,0.5,0.4318181818181818,0.0,0.5,0.24,0.7131239011129488,0.4140144479026876,1,1,1,9642.60458946228,3.34930419921875,blood-transfusion-service-center,37
classic,0.7162162162162162,0.4855521155830753,0.4594782608695652,-0.0445313705064838,0.3766769865841073,0.2071537430217487,0.0,0.0,127,64,21,1614.9883270263672,8.548974990844727,blood-transfusion-service-center,38
metacog,0.7702702702702703,0.5,0.4351145038167939,0.0,0.5,0.2297297297297297,0.6322017759947923,0.0700680743254033,1,1,1,10440.497398376465,3.3767223358154297,blood-transfusion-service-center,38
classic,0.7162162162162162,0.5474716202270382,0.5496957403651115,0.1083526334448258,0.5789473684210527,0.2865435571317924,0.0,0.0,121,61,21,1567.2438144683838,9.794950485229492,blood-transfusion-service-center,39
metacog,0.7702702702702703,0.5,0.4351145038167939,0.0,0.5,0.2297297297297297,0.7273994984808818,0.33983938268687,1,1,1,9864.998579025269,3.3218860626220703,blood-transfusion-service-center,39
classic,0.7866666666666666,0.6885964912280702,0.6957403651115619,0.3932342050909656,0.6915204678362573,0.4245189019908605,0.0,0.0,119,60,21,1660.520315170288,10.530710220336914,blood-transfusion-service-center,40
metacog,0.76,0.5,0.4318181818181818,0.0,0.5,0.24,0.8413882683090157,0.1646471492152201,1,1,1,9773.643970489502,3.1235218048095703,blood-transfusion-service-center,40
classic,0.7466666666666667,0.5292397660818713,0.5121533721328313,0.1001252348643517,0.5521442495126706,0.3384188034188033,0.0,0.0,131,66,21,1545.0401306152344,9.301185607910156,blood-transfusion-service-center,41
metacog,0.76,0.5,0.4318181818181818,0.0,0.5,0.24,0.6322017759947923,0.1119347890235543,1,1,1,9532.047271728516,2.535343170166016,blood-transfusion-service-center,41
classic,0.7466666666666667,0.6432748538011696,0.6459627329192547,0.2923042921755117,0.6700779727095517,0.3891845627139745,0.0,0.0,121,61,21,1691.4691925048828,9.612798690795898,blood-transfusion-service-center,42
metacog,0.76,0.5,0.4318181818181818,0.0,0.5,0.24,0.4141624385471193,0.0528915156186079,1,1,1,9843.003273010254,3.145456314086914,blood-transfusion-service-center,42
classic,0.7066666666666667,0.5599415204678362,0.5630296610169492,0.1314021574144452,0.5321637426900585,0.297250113720702,0.0,0.0,167,84,21,1759.9997520446775,9.311914443969728,blood-transfusion-service-center,43
metacog,0.76,0.5,0.4318181818181818,0.0,0.5,0.24,0.4141624385471193,0.1680690036859687,1,1,1,10009.495735168455,3.139257431030273,blood-transfusion-service-center,43
classic,0.76,0.5760233918128654,0.5812655086848635,0.2103625967229587,0.5672514619883041,0.3314428509343763,0.0,0.0,137,69,21,1675.7032871246338,9.699821472167969,blood-transfusion-service-center,44
metacog,0.76,0.5,0.4318181818181818,0.0,0.5,0.24,0.6322017759947923,0.0814766741511934,1,1,1,7285.089015960693,3.1075477600097656,blood-transfusion-service-center,44
classic,0.7866666666666666,0.6695906432748537,0.6822033898305084,0.3717719575628205,0.7261208576998051,0.4464753972054481,0.0,0.0,125,63,21,1721.837282180786,14.40572738647461,blood-transfusion-service-center,45
metacog,0.76,0.5,0.4318181818181818,0.0,0.5,0.24,0.7273994984808818,0.0591758211067566,1,1,1,7261.009931564331,1.5625953674316406,blood-transfusion-service-center,45
classic,0.8133333333333334,0.706140350877193,0.7219279661016949,0.4518952242789456,0.6978557504873295,0.4586566122049993,0.0,0.0,107,54,21,1605.449676513672,16.98470115661621,blood-transfusion-service-center,46
metacog,0.76,0.5,0.4318181818181818,0.0,0.5,0.24,0.5499951450139091,0.3206439654426094,1,1,1,7250.13279914856,2.6044845581054688,blood-transfusion-service-center,46
classic,0.7466666666666667,0.6432748538011696,0.6459627329192547,0.2923042921755117,0.6403508771929824,0.3586290071584189,0.0,0.0,125,63,21,1755.5155754089355,9.203195571899414,blood-transfusion-service-center,47
metacog,0.76,0.5,0.4318181818181818,0.0,0.5,0.24,0.4779039657696469,0.1779309749466199,1,1,1,6829.093456268311,3.1919479370117188,blood-transfusion-service-center,47
classic,0.7702702702702703,0.5825593395252838,0.5908943089430895,0.2236871997872405,0.6341589267285862,0.3219378634979657,0.0,0.0,117,59,21,1656.949520111084,7.766962051391602,blood-transfusion-service-center,48
metacog,0.7702702702702703,0.5,0.4351145038167939,0.0,0.5,0.2297297297297297,0.6322017759947923,0.2392127754176789,1,1,1,6879.524230957031,1.6186237335205078,blood-transfusion-service-center,48
classic,0.7297297297297297,0.6388028895768834,0.6329365079365079,0.2673204886069449,0.6522187822497421,0.3564716303985762,0.0,0.0,141,71,21,1691.4525032043457,9.597063064575195,blood-transfusion-service-center,49
metacog,0.7702702702702703,0.5,0.4351145038167939,0.0,0.5,0.2297297297297297,0.6322017759947923,0.1619157244321725,1,1,1,6833.550691604614,1.444101333618164,blood-transfusion-service-center,49
classic,0.9571428571428572,0.947463768115942,0.9519560741249142,0.9043979326236096,0.947463768115942,0.9053830227743273,0.0,0.0,69,35,19,608.3133220672607,5.711078643798828,breast-w,0
metacog,0.6571428571428571,0.5,0.396551724137931,0.0,0.5,0.3428571428571428,0.2639587122714073,0.9700198592483084,1,1,1,5352.373600006104,3.0679702758789062,breast-w,0
classic,0.9285714285714286,0.9257246376811594,0.9215070643642072,0.843464979891126,0.9356884057971012,0.8688492063492063,0.0,0.0,55,28,10,548.5754013061523,5.819082260131836,breast-w,1
metacog,0.6571428571428571,0.5,0.396551724137931,0.0,0.5,0.3428571428571428,0.1607050202884494,0.9735275830506464,1,1,1,5851.518154144287,2.865791320800781,breast-w,1
classic,0.9285714285714286,0.9157608695652174,0.9199267902081903,0.8403211560207222,0.92481884057971,0.8762806637806637,0.0,0.0,57,29,10,502.4471282958984,5.789279937744141,breast-w,2
metacog,0.6571428571428571,0.5,0.396551724137931,0.0,0.5,0.3428571428571428,0.4508081011804434,0.9749370521521868,1,1,1,5304.76975440979,3.0412673950195312,breast-w,2
classic,0.9142857142857144,0.894927536231884,0.9028677150786308,0.8076068411284698,0.8931159420289857,0.8147186147186147,0.0,0.0,53,27,10,512.9172801971436,15.234708786010742,breast-w,3
metacog,0.6571428571428571,0.5,0.396551724137931,0.0,0.5,0.3428571428571428,0.2154222399311985,0.9753573902345736,1,1,1,5864.57371711731,3.0837059020996094,breast-w,3
classic,0.9285714285714286,0.9157608695652174,0.9199267902081903,0.8403211560207222,0.9334239130434784,0.8641511387163561,0.0,0.0,55,28,11,476.0897159576416,5.29170036315918,breast-w,4
metacog,0.6571428571428571,0.5,0.396551724137931,0.0,0.5,0.3428571428571428,0.6401164981605235,0.9536643115902724,1,1,1,5352.2608280181885,3.0918121337890625,breast-w,4
classic,0.9857142857142858,0.9891304347826086,0.9843014128728416,0.969087423704698,0.988677536231884,0.9584027777777778,0.0,0.0,65,33,12,573.5714435577393,5.759000778198242,breast-w,5
metacog,0.6571428571428571,0.5,0.396551724137931,0.0,0.5,0.3428571428571428,0.2730939866951801,0.9911642303677844,1,1,1,5385.904788970947,2.794981002807617,breast-w,5
classic,0.9714285714285714,0.9782608695652174,0.9688888888888888,0.9396505434536336,0.9782608695652174,0.9230769230769232,0.0,0.0,59,30,10,532.9201221466064,6.15382194519043,breast-w,6
metacog,0.6571428571428571,0.5,0.396551724137931,0.0,0.5,0.3428571428571428,0.2308850639111857,0.9655198475048852,1,1,1,5376.46746635437,3.457307815551758,breast-w,6
classic,0.9714285714285714,0.9583333333333331,0.967622571692877,0.9372684899334994,0.9583333333333331,0.9452380952380952,0.0,0.0,57,29,10,500.3635883331299,5.738258361816406,breast-w,7
metacog,0.6571428571428571,0.5,0.396551724137931,0.0,0.5,0.3428571428571428,0.0854146397969508,0.9748239787244836,1,1,1,5392.840385437012,3.0672550201416016,breast-w,7
classic,0.9285714285714286,0.9,0.91812865497076,0.8485281374238571,0.9173333333333332,0.8953246753246753,0.0,0.0,57,29,9,529.7088623046875,5.790233612060547,breast-w,8
metacog,0.6428571428571429,0.5,0.391304347826087,0.0,0.5,0.3571428571428571,0.2331297888371842,0.9657928938088628,1,1,1,5892.971754074097,2.9544830322265625,breast-w,8
classic,0.8840579710144928,0.8819444444444444,0.8745454545454545,0.7507946495838717,0.8819444444444444,0.7502090301003345,0.0,0.0,61,31,13,553.8568496704102,5.384922027587891,breast-w,9
metacog,0.6521739130434783,0.5,0.3947368421052631,0.0,0.5,0.3478260869565217,0.3895154409657533,0.9615043325363856,1,1,1,5369.034290313721,2.997875213623047,breast-w,9
classic,0.9571428571428572,0.957427536231884,0.9529042386185244,0.906276201797912,0.9773550724637682,0.9201282051282051,0.0,0.0,63,32,10,569.852352142334,5.63812255859375,breast-w,10
metacog,0.6571428571428571,0.5,0.396551724137931,0.0,0.5,0.3428571428571428,0.2475983728515174,0.9763040137256276,1,1,1,5799.176454544067,2.909421920776367,breast-w,10
classic,0.9142857142857144,0.9048913043478262,0.9048913043478262,0.8097826086956522,0.9243659420289856,0.8308630952380952,0.0,0.0,65,33,11,573.1568336486816,6.002902984619141,breast-w,11
metacog,0.6571428571428571,0.5,0.396551724137931,0.0,0.5,0.3428571428571428,0.3071799741019244,0.9725135886345264,1,1,1,5348.126411437988,3.018617630004883,breast-w,11
classic,0.9857142857142858,0.9791666666666669,0.983985358041638,0.9684747092264968,0.9791666666666669,0.9726190476190476,0.0,0.0,59,30,10,552.5364875793457,6.344795227050781,breast-w,12
metacog,0.6571428571428571,0.5,0.396551724137931,0.0,0.5,0.3428571428571428,0.3387442203142232,0.9850360489793868,1,1,1,5365.606069564819,3.3669471740722656,breast-w,12
classic,0.9571428571428572,0.947463768115942,0.9519560741249142,0.9043979326236096,0.947463768115942,0.9053830227743273,0.0,0.0,63,32,10,522.6240158081055,5.697011947631836,breast-w,13
metacog,0.6571428571428571,0.5,0.396551724137931,0.0,0.5,0.3428571428571428,0.3248104038009968,0.9720994704645536,1,1,1,5231.638669967651,3.023862838745117,breast-w,13
classic,0.9285714285714286,0.9157608695652174,0.9199267902081903,0.8403211560207222,0.9492753623188406,0.8775353692201519,0.0,0.0,55,28,9,556.434154510498,5.795717239379883,breast-w,14
metacog,0.6571428571428571,0.5,0.396551724137931,0.0,0.5,0.3428571428571428,0.3720555178338959,0.9697657831801694,1,1,1,5312.281608581543,3.0317306518554688,breast-w,14
classic,0.9285714285714286,0.9157608695652174,0.9199267902081903,0.8403211560207222,0.9429347826086956,0.8966103706235284,0.0,0.0,57,29,11,518.9688205718994,6.269216537475586,breast-w,15
metacog,0.6571428571428571,0.5,0.396551724137931,0.0,0.5,0.3428571428571428,0.5257745446857043,0.9653478237182438,1,1,1,5314.563274383545,2.98929214477539,breast-w,15
classic,0.9857142857142858,0.9791666666666669,0.983985358041638,0.9684747092264968,1.0,1.0,0.0,0.0,63,32,10,534.1958999633789,5.640268325805664,breast-w,16
metacog,0.6571428571428571,0.5,0.396551724137931,0.0,0.5,0.3428571428571428,0.0674044973343467,0.9662625293932005,1,1,1,5406.898021697998,2.9790401458740234,breast-w,16
classic,0.9285714285714286,0.9157608695652174,0.9199267902081903,0.8403211560207222,0.912590579710145,0.8352139406487233,0.0,0.0,57,29,9,555.7641983032227,5.129098892211914,breast-w,17
metacog,0.6571428571428571,0.5,0.396551724137931,0.0,0.5,0.3428571428571428,0.3094538657659746,0.96655666770419,1,1,1,5320.379734039307,2.951622009277344,breast-w,17
classic,0.9857142857142858,0.9888888888888888,0.9845781009032826,0.9696241231378993,0.9875555555555556,0.957123745819398,0.0,0.0,57,29,10,543.6375141143799,6.882429122924805,breast-w,18
metacog,0.6428571428571429,0.5,0.391304347826087,0.0,0.5,0.3571428571428571,0.468370118671069,0.9657558895017804,1,1,1,5736.875772476196,2.895593643188477,breast-w,18
classic,0.9130434782608696,0.9041666666666668,0.9041666666666668,0.8083333333333333,0.9027777777777778,0.8091032608695652,0.0,0.0,49,25,11,478.4445762634277,5.254507064819336,breast-w,19
metacog,0.6521739130434783,0.5,0.3947368421052631,0.0,0.5,0.3478260869565217,0.123250649859859,0.977145503713505,1,1,1,5748.708724975586,3.426790237426758,breast-w,19
classic,0.9285714285714286,0.9057971014492754,0.91812865497076,0.8406510999883741,0.9465579710144928,0.9019323671497584,0.0,0.0,61,31,12,578.871488571167,7.718324661254883,breast-w,20
metacog,0.6571428571428571,0.5,0.396551724137931,0.0,0.5,0.3428571428571428,0.307666211356597,0.967942149743604,1,1,1,5767.569780349731,2.708911895751953,breast-w,20
classic,0.9428571428571428,0.9365942028985508,0.9365942028985508,0.8731884057971014,0.9365942028985508,0.8688492063492063,0.0,0.0,59,30,9,519.4082260131836,10.356664657592772,breast-w,21
metacog,0.6571428571428571,0.5,0.396551724137931,0.0,0.5,0.3428571428571428,0.2636913416094571,0.9762737471704144,1,1,1,5426.226377487183,3.045320510864258,breast-w,21
classic,0.9428571428571428,0.9365942028985508,0.9365942028985508,0.8731884057971014,0.9565217391304348,0.8928968253968254,0.0,0.0,61,31,9,533.562421798706,5.775690078735352,breast-w,22
metacog,0.6571428571428571,0.5,0.396551724137931,0.0,0.5,0.3428571428571428,0.3700916859995035,0.9730593957645884,1,1,1,5277.3277759552,2.946615219116211,breast-w,22
classic,0.9571428571428572,0.9375,0.9508771929824562,0.9063269671749656,0.9583333333333331,0.9452380952380952,0.0,0.0,59,30,9,526.7298221588135,5.267858505249023,breast-w,23
metacog,0.6571428571428571,0.5,0.396551724137931,0.0,0.5,0.3428571428571428,0.5257745446857043,0.9743945461947218,1,1,1,5330.218553543091,3.2448768615722656,breast-w,23
classic,0.9571428571428572,0.9375,0.9508771929824562,0.9063269671749656,0.9334239130434784,0.9178571428571428,0.0,0.0,53,27,11,578.5646438598633,6.361722946166992,breast-w,24
metacog,0.6571428571428571,0.5,0.396551724137931,0.0,0.5,0.3428571428571428,0.1152316483361746,0.986120863065938,1,1,1,5416.780710220337,2.9344558715820312,breast-w,24
classic,0.9285714285714286,0.9257246376811594,0.9215070643642072,0.843464979891126,0.9334239130434782,0.8608573310747223,0.0,0.0,55,28,10,522.946834564209,7.614374160766602,breast-w,25
metacog,0.6571428571428571,0.5,0.396551724137931,0.0,0.5,0.3428571428571428,0.3923907382668683,0.9740426275119172,1,1,1,5373.821020126343,5.950212478637695,breast-w,25
classic,0.9428571428571428,0.9465579710144928,0.9377777777777778,0.8773631021262148,0.945199275362319,0.8578113553113553,0.0,0.0,59,30,10,517.8706645965576,5.674600601196289,breast-w,26
metacog,0.6571428571428571,0.5,0.396551724137931,0.0,0.5,0.3428571428571428,0.2248991284539355,0.9732988010763436,1,1,1,5328.789234161377,2.9518604278564453,breast-w,26
classic,0.9142857142857144,0.9248188405797102,0.9082167832167832,0.823217588531509,0.9248188405797102,0.8014880952380952,0.0,0.0,55,28,11,498.81863594055176,5.647897720336914,breast-w,27
metacog,0.6571428571428571,0.5,0.396551724137931,0.0,0.5,0.3428571428571428,0.3711970197100984,0.983940046659034,1,1,1,5307.077884674072,2.2788047790527344,breast-w,27
classic,0.9428571428571428,0.9288888888888888,0.9365942028985508,0.8750607514554599,0.964,0.9253049366092844,0.0,0.0,61,31,9,529.3912887573242,5.511045455932617,breast-w,28
metacog,0.6428571428571429,0.5,0.391304347826087,0.0,0.5,0.3571428571428571,0.1806105754711386,0.9743324687401036,1,1,1,5397.373676300049,2.9850006103515625,breast-w,28
classic,0.927536231884058,0.915277777777778,0.9193359831657704,0.8391463916782738,0.9337962962962962,0.8645652173913043,0.0,0.0,55,28,10,462.3074531555176,5.698680877685547,breast-w,29
metacog,0.6521739130434783,0.5,0.3947368421052631,0.0,0.5,0.3478260869565217,0.4774262203727955,0.9674275796155742,1,1,1,5290.292024612427,3.378152847290039,breast-w,29
classic,0.9857142857142858,0.9791666666666669,0.983985358041638,0.9684747092264968,0.9995471014492754,0.9983333333333332,0.0,0.0,61,31,10,574.756383895874,6.923437118530273,breast-w,30
metacog,0.6571428571428571,0.5,0.396551724137931,0.0,0.5,0.3428571428571428,0.6204652186148922,0.971696551917786,1,1,1,5730.733394622803,2.8748512268066406,breast-w,30
classic,1.0,1.0,1.0,1.0,1.0,1.0,0.0,0.0,65,33,11,608.0570220947266,5.239725112915039,breast-w,31
metacog,0.6571428571428571,0.5,0.396551724137931,0.0,0.5,0.3428571428571428,0.428218023662703,0.982228669095113,1,1,1,5814.138174057007,3.384113311767578,breast-w,31
classic,0.9571428571428572,0.957427536231884,0.9529042386185244,0.906276201797912,0.9764492753623188,0.9170726495726496,0.0,0.0,65,33,10,560.189962387085,5.693674087524414,breast-w,32
metacog,0.6571428571428571,0.5,0.396551724137931,0.0,0.5,0.3428571428571428,0.1216101445310256,0.9595145202822872,1,1,1,5664.817333221436,3.4224987030029297,breast-w,32
classic,0.9142857142857144,0.9048913043478262,0.9048913043478262,0.8097826086956522,0.9008152173913044,0.7950892857142857,0.0,0.0,59,30,10,523.054838180542,5.39398193359375,breast-w,33
metacog,0.6571428571428571,0.5,0.396551724137931,0.0,0.5,0.3428571428571428,0.0416025361327564,0.9566386411807736,1,1,1,5340.524196624756,2.971649169921875,breast-w,33
classic,0.9142857142857144,0.9048913043478262,0.9048913043478262,0.8097826086956522,0.9048913043478262,0.8084821428571428,0.0,0.0,47,24,10,458.0800533294678,5.01561164855957,breast-w,34
metacog,0.6571428571428571,0.5,0.396551724137931,0.0,0.5,0.3428571428571428,0.2331297888371842,0.9616061627435412,1,1,1,5718.661546707153,3.0002593994140625,breast-w,34
classic,0.9428571428571428,0.9266304347826086,0.935245143385754,0.8724376655309847,0.9442934782608696,0.9001893939393938,0.0,0.0,59,30,10,530.3006172180176,5.766391754150391,breast-w,35
metacog,0.6571428571428571,0.5,0.396551724137931,0.0,0.5,0.3428571428571428,0.5257745446857043,0.954456251682104,1,1,1,5379.564762115479,3.0155181884765625,breast-w,35
classic,0.9857142857142858,0.9791666666666669,0.983985358041638,0.9684747092264968,0.978713768115942,0.9726190476190476,0.0,0.0,63,32,10,569.0274238586426,5.775690078735352,breast-w,36
metacog,0.6571428571428571,0.5,0.396551724137931,0.0,0.5,0.3428571428571428,0.236049756938854,0.9691042077746912,1,1,1,5330.006837844849,2.892732620239258,breast-w,36
classic,0.9571428571428572,0.957427536231884,0.9529042386185244,0.906276201797912,0.9773550724637682,0.9201282051282051,0.0,0.0,61,31,17,615.668535232544,5.475521087646484,breast-w,37
metacog,0.6571428571428571,0.5,0.396551724137931,0.0,0.5,0.3428571428571428,0.4980464646367701,0.968636945940462,1,1,1,5351.838111877441,2.953052520751953,breast-w,37
classic,0.9285714285714286,0.9,0.91812865497076,0.8485281374238571,0.9777777777777776,0.9678857142857142,0.0,0.0,63,32,14,627.6993751525879,5.879640579223633,breast-w,38
metacog,0.6428571428571429,0.5,0.391304347826087,0.0,0.5,0.3571428571428571,0.1127800177052632,0.979529638711799,1,1,1,5339.063405990601,3.2978057861328125,breast-w,38
classic,0.927536231884058,0.9055555555555556,0.9175627240143368,0.839579763866531,0.9439814814814816,0.8988742236024844,0.0,0.0,57,29,10,537.3587608337402,5.675315856933594,breast-w,39
metacog,0.6521739130434783,0.5,0.3947368421052631,0.0,0.5,0.3478260869565217,0.5926933207892303,0.9683519145318124,1,1,1,5335.391998291016,3.300905227661133,breast-w,39
classic,0.9428571428571428,0.9266304347826086,0.935245143385754,0.8724376655309847,0.926177536231884,0.8762806637806637,0.0,0.0,51,26,9,474.8952388763428,5.612373352050781,breast-w,40
metacog,0.6571428571428571,0.5,0.396551724137931,0.0,0.5,0.3428571428571428,0.4414170755530849,0.9809794948919476,1,1,1,5374.961376190186,3.304481506347656,breast-w,40
classic,0.9285714285714286,0.9057971014492754,0.91812865497076,0.8406510999883741,0.9239130434782608,0.8726664941338853,0.0,0.0,55,28,9,543.0493354797363,6.318807601928711,breast-w,41
metacog,0.6571428571428571,0.5,0.396551724137931,0.0,0.5,0.3428571428571428,0.5022720970873085,0.9713640184598946,1,1,1,5569.3089962005615,3.0248165130615234,breast-w,41
classic,0.9285714285714286,0.9057971014492754,0.91812865497076,0.8406510999883741,0.9057971014492756,0.8507936507936508,0.0,0.0,55,28,9,512.8858089447021,5.406618118286133,breast-w,42
metacog,0.6571428571428571,0.5,0.396551724137931,0.0,0.5,0.3428571428571428,0.4186863900892919,0.9759776430048792,1,1,1,5510.58030128479,2.96783447265625,breast-w,42
classic,0.9571428571428572,0.947463768115942,0.9519560741249142,0.9043979326236096,0.9673913043478262,0.9292986150323108,0.0,0.0,59,30,10,555.8207035064697,5.571842193603516,breast-w,43
metacog,0.6571428571428571,0.5,0.396551724137931,0.0,0.5,0.3428571428571428,0.3094538657659746,0.9668650520764392,1,1,1,5443.703413009644,1.5361309051513672,breast-w,43
classic,0.9714285714285714,0.9682971014492754,0.9682971014492754,0.9365942028985508,0.9669384057971016,0.932688492063492,0.0,0.0,65,33,10,558.542013168335,5.977392196655273,breast-w,44
metacog,0.6571428571428571,0.5,0.396551724137931,0.0,0.5,0.3428571428571428,0.5257745446857043,0.9705036339845404,1,1,1,3893.685817718506,2.9327869415283203,breast-w,44
classic,0.9571428571428572,0.957427536231884,0.9529042386185244,0.906276201797912,0.9565217391304348,0.8928968253968254,0.0,0.0,63,32,10,556.2522411346436,5.6610107421875,breast-w,45
metacog,0.6571428571428571,0.5,0.396551724137931,0.0,0.5,0.3428571428571428,0.3039704782170189,0.9611166765292302,1,1,1,3980.148077011109,1.8188953399658203,breast-w,45
classic,0.9428571428571428,0.9266304347826086,0.935245143385754,0.8724376655309847,0.9252717391304348,0.8780844155844155,0.0,0.0,57,29,10,505.009651184082,5.653858184814453,breast-w,46
metacog,0.6571428571428571,0.5,0.396551724137931,0.0,0.5,0.3428571428571428,0.3629589838667663,0.9660047151718844,1,1,1,3863.959312438965,1.491069793701172,breast-w,46
classic,0.9285714285714286,0.9157608695652174,0.9199267902081903,0.8403211560207222,0.914855072463768,0.8384763786937699,0.0,0.0,53,27,9,485.46862602233887,2.701282501220703,breast-w,47
metacog,0.6571428571428571,0.5,0.396551724137931,0.0,0.5,0.3428571428571428,0.2216098552067258,0.9710445718917264,1,1,1,3952.258825302124,1.5003681182861328,breast-w,47
classic,0.9142857142857144,0.9155555555555556,0.9082167832167832,0.8181242010509749,0.9484444444444444,0.8424857451616071,0.0,0.0,59,30,9,506.3507556915283,5.772590637207031,breast-w,48
metacog,0.6428571428571429,0.5,0.391304347826087,0.0,0.5,0.3571428571428571,0.4577353806235611,0.976953696995834,1,1,1,3890.812158584594,2.7527809143066406,breast-w,48
classic,0.9420289855072465,0.9263888888888888,0.934782608695652,0.8715403188617704,0.9467592592592592,0.9040678524374176,0.0,0.0,69,35,20,676.5918731689453,5.803346633911133,breast-w,49
metacog,0.6521739130434783,0.5,0.3947368421052631,0.0,0.5,0.3478260869565217,0.0678401201895427,0.9817099585761788,1,1,1,3884.0646743774414,1.5361309051513672,breast-w,49
classic,0.8947368421052632,0.8974025974025974,0.8906649616368286,0.7836884907482609,0.8974025974025973,0.9022100706311232,0.0,0.0,47,24,14,49514.09530639648,5.270719528198242,breast_cancer,0
metacog,0.6140350877192983,0.5,0.3804347826086957,0.0,0.5,0.6140350877192983,0.1688826164298823,0.996438889669009,1,1,1,584477.9298305511,2.8324127197265625,breast_cancer,0
classic,0.9473684210526316,0.9487012987012988,0.944927536231884,0.8904905361044291,0.948051948051948,0.949398898315307,0.0,0.0,51,26,16,53642.84038543701,5.808591842651367,breast_cancer,1
metacog,0.6140350877192983,0.5,0.3804347826086957,0.0,0.5,0.6140350877192983,0.1730110124389064,0.980038851144972,1,1,1,593679.9116134644,2.58636474609375,breast_cancer,1
classic,0.9298245614035088,0.9345238095238096,0.925974025974026,0.8544784126535336,0.9477513227513228,0.9517777286353136,0.0,0.0,53,27,20,67780.73787689209,6.442070007324219,breast_cancer,2
metacog,0.631578947368421,0.5,0.3870967741935484,0.0,0.5,0.631578947368421,0.0971257789267817,0.9978297494359548,1,1,1,596907.1943759918,2.5739669799804688,breast_cancer,2
classic,0.8771929824561403,0.8630952380952381,0.8666889408620113,0.7339992004456315,0.8756613756613758,0.8839909835830991,0.0,0.0,35,18,13,41824.51415061951,5.259275436401367,breast_cancer,3
metacog,0.631578947368421,0.5,0.3870967741935484,0.0,0.5,0.631578947368421,0.5700382092545211,0.992647314388445,1,1,1,592343.1730270386,2.535581588745117,breast_cancer,3
classic,0.912280701754386,0.9206349206349206,0.9082125603864736,0.8219277191853159,0.9206349206349206,0.9321283005493533,0.0,0.0,45,23,13,46853.15465927124,5.722999572753906,breast_cancer,4
metacog,0.631578947368421,0.5,0.3870967741935484,0.0,0.5,0.631578947368421,0.2677364315425947,0.9718729874477392,1,1,1,582715.9056663513,2.567291259765625,breast_cancer,4
classic,0.8421052631578947,0.8253968253968254,0.828600066822586,0.6577916331862489,0.8253968253968254,0.83894420736526,0.0,0.0,41,21,16,44570.35207748413,5.582332611083984,breast_cancer,5
metacog,0.631578947368421,0.5,0.3870967741935484,0.0,0.5,0.631578947368421,0.1271863006103999,0.9932499907564764,1,1,1,601299.530506134,2.5534629821777344,breast_cancer,5
classic,0.9298245614035088,0.9345238095238096,0.925974025974026,0.8544784126535336,0.960978835978836,0.9612620876810763,0.0,0.0,47,24,14,47484.84778404236,5.408763885498047,breast_cancer,6
metacog,0.631578947368421,0.5,0.3870967741935484,0.0,0.5,0.631578947368421,0.0952656302907462,0.993043860452785,1,1,1,574848.5054969788,2.6094913482666016,breast_cancer,6
classic,0.912280701754386,0.9107142857142856,0.9066491975106452,0.8139267835041308,0.9093915343915344,0.9154233623273872,0.0,0.0,49,25,16,53545.5904006958,6.11424446105957,breast_cancer,7
metacog,0.631578947368421,0.5,0.3870967741935484,0.0,0.5,0.631578947368421,0.1702475393967039,0.9930094153697412,1,1,1,587746.7019557953,2.571582794189453,breast_cancer,7
classic,0.8596491228070176,0.8591269841269842,0.851948051948052,0.7062127520104547,0.8591269841269842,0.8728500171998623,0.0,0.0,45,23,15,52339.836835861206,5.758523941040039,breast_cancer,8
metacog,0.631578947368421,0.5,0.3870967741935484,0.0,0.5,0.631578947368421,0.0783260110272022,0.9838531834758196,1,1,1,581852.7362346649,2.6040077209472656,breast_cancer,8
classic,0.9642857142857144,0.9523809523809524,0.961111111111111,0.9251247785330668,0.9523809523809524,0.945945945945946,0.0,0.0,57,29,19,69354.31385040283,6.35075569152832,breast_cancer,9
metacog,0.625,0.5,0.3846153846153846,0.0,0.5,0.625,0.1086387294685868,0.9876514724974614,1,1,1,594686.6447925568,2.43830680847168,breast_cancer,9
classic,0.9298245614035088,0.9344155844155844,0.9271099744245525,0.8566790854748145,0.9344155844155844,0.939211665527455,0.0,0.0,45,23,14,52198.07839393616,5.6667327880859375,breast_cancer,10
metacog,0.6140350877192983,0.5,0.3804347826086957,0.0,0.5,0.6140350877192983,0.2736898323031402,0.9929679643372008,1,1,1,604306.1521053314,2.5529861450195312,breast_cancer,10
classic,0.9473684210526316,0.9571428571428572,0.9456970466814862,0.896979056930221,0.9571428571428572,0.9669172932330828,0.0,0.0,47,24,16,56351.21941566467,5.677700042724609,breast_cancer,11
metacog,0.6140350877192983,0.5,0.3804347826086957,0.0,0.5,0.6140350877192983,0.2043259398895593,0.9881254468578546,1,1,1,605212.8102779388,2.4085044860839844,breast_cancer,11
classic,0.9298245614035088,0.9246031746031746,0.9246031746031746,0.8492063492063492,0.9246031746031746,0.9270630279402208,0.0,0.0,49,25,15,51360.01682281494,5.5408477783203125,breast_cancer,12
metacog,0.631578947368421,0.5,0.3870967741935484,0.0,0.5,0.631578947368421,0.0742902430942078,0.9953505838516437,1,1,1,610571.7322826385,2.5589466094970703,breast_cancer,12
classic,0.8947368421052632,0.8869047619047619,0.8869047619047619,0.7738095238095238,0.9087301587301588,0.9169172932330828,0.0,0.0,43,22,15,41134.11903381348,5.110025405883789,breast_cancer,13
metacog,0.631578947368421,0.5,0.3870967741935484,0.0,0.5,0.631578947368421,0.1642497766761528,0.9977869281249736,1,1,1,595792.6082611084,2.5634765625,breast_cancer,13
classic,0.9649122807017544,0.9722222222222222,0.9629870129870132,0.9286112429750732,0.9722222222222222,0.97953216374269,0.0,0.0,57,29,16,55570.995807647705,5.83338737487793,breast_cancer,14
metacog,0.631578947368421,0.5,0.3870967741935484,0.0,0.5,0.631578947368421,0.1303005181562208,0.9650480293110296,1,1,1,597360.1474761963,2.547502517700196,breast_cancer,14
classic,0.8771929824561403,0.8630952380952381,0.8666889408620113,0.7339992004456315,0.863095238095238,0.870199146514936,0.0,0.0,49,25,17,53993.43276023865,6.18433952331543,breast_cancer,15
metacog,0.631578947368421,0.5,0.3870967741935484,0.0,0.5,0.631578947368421,0.2475983728515174,0.9932410150227752,1,1,1,605755.1608085632,2.602100372314453,breast_cancer,15
classic,0.912280701754386,0.9107142857142856,0.9066491975106452,0.8139267835041308,0.9107142857142856,0.9169172932330828,0.0,0.0,41,21,13,45428.42125892639,5.626201629638672,breast_cancer,16
metacog,0.631578947368421,0.5,0.3870967741935484,0.0,0.5,0.631578947368421,0.2459833984693847,0.9949638182944714,1,1,1,604138.4131908417,2.575397491455078,breast_cancer,16
classic,0.912280701754386,0.9206349206349206,0.9082125603864736,0.8219277191853159,0.9457671957671958,0.9510088352193616,0.0,0.0,51,26,16,54668.51568222046,5.863189697265625,breast_cancer,17
metacog,0.631578947368421,0.5,0.3870967741935484,0.0,0.5,0.631578947368421,0.0972040675380056,0.994643693181189,1,1,1,613466.3128852844,2.556800842285156,breast_cancer,17
classic,0.8947368421052632,0.9067460317460316,0.8906649616368286,0.790804668555721,0.9193121693121692,0.9304728006579662,0.0,0.0,49,25,15,60646.58522605896,5.863428115844727,breast_cancer,18
metacog,0.631578947368421,0.5,0.3870967741935484,0.0,0.5,0.631578947368421,0.049506151891372,0.999749598139568,1,1,1,597969.3145751953,3.915786743164064,breast_cancer,18
classic,0.8571428571428571,0.838095238095238,0.8444444444444444,0.6914090450089236,0.8707482993197279,0.8732247284878862,0.0,0.0,49,25,16,61012.72439956665,5.809307098388672,breast_cancer,19
metacog,0.625,0.5,0.3846153846153846,0.0,0.5,0.625,0.0610331821929285,0.9916303482572612,1,1,1,606899.7461795807,2.376079559326172,breast_cancer,19
classic,0.8947368421052632,0.872077922077922,0.8844594594594595,0.7793646498329633,0.8720779220779221,0.8644303065355697,0.0,0.0,53,27,17,58773.59700202942,6.137847900390625,breast_cancer,20
metacog,0.6140350877192983,0.5,0.3804347826086957,0.0,0.5,0.6140350877192983,0.3425853452758028,0.991501145752936,1,1,1,609235.2530956268,2.562761306762696,breast_cancer,20
classic,0.8947368421052632,0.888961038961039,0.888961038961039,0.7779220779220779,0.9077922077922076,0.9131357806280408,0.0,0.0,47,24,14,48892.96293258667,5.744218826293945,breast_cancer,21
metacog,0.6140350877192983,0.5,0.3804347826086957,0.0,0.5,0.6140350877192983,0.1243067648213937,0.9901149566000432,1,1,1,610188.5294914246,2.5970935821533203,breast_cancer,21
classic,0.8947368421052632,0.8869047619047619,0.8869047619047619,0.7738095238095238,0.8869047619047619,0.8929093567251462,0.0,0.0,45,23,14,47674.07870292664,6.475687026977539,breast_cancer,22
metacog,0.631578947368421,0.5,0.3870967741935484,0.0,0.5,0.631578947368421,0.0652851945764248,0.991363262221033,1,1,1,603108.5519790649,2.6094913482666016,breast_cancer,22
classic,0.912280701754386,0.9107142857142856,0.9066491975106452,0.8139267835041308,0.9232804232804231,0.9256080014851944,0.0,0.0,51,26,16,58166.85724258423,5.712032318115234,breast_cancer,23
metacog,0.631578947368421,0.5,0.3870967741935484,0.0,0.5,0.631578947368421,0.1509893872388082,0.9931667869309168,1,1,1,587066.7774677277,2.5777816772460938,breast_cancer,23
classic,0.9649122807017544,0.9722222222222222,0.9629870129870132,0.9286112429750732,0.9695767195767196,0.97953216374269,0.0,0.0,47,24,16,54946.36535644531,5.724668502807617,breast_cancer,24
metacog,0.631578947368421,0.5,0.3870967741935484,0.0,0.5,0.631578947368421,0.2131167718656549,0.9887262343913448,1,1,1,588069.1032409668,2.556085586547852,breast_cancer,24
classic,0.912280701754386,0.9206349206349206,0.9082125603864736,0.8219277191853159,0.9338624338624336,0.941545225213956,0.0,0.0,51,26,17,52249.223709106445,5.639076232910156,breast_cancer,25
metacog,0.631578947368421,0.5,0.3870967741935484,0.0,0.5,0.631578947368421,0.0921854130511876,0.988215689956774,1,1,1,585321.3443756104,2.584218978881836,breast_cancer,25
classic,0.9649122807017544,0.9523809523809524,0.9614864864864864,0.9258200997725514,0.9470899470899472,0.9418644650842792,0.0,0.0,49,25,16,52356.66465759277,5.784034729003906,breast_cancer,26
metacog,0.631578947368421,0.5,0.3870967741935484,0.0,0.5,0.631578947368421,0.2937119321634215,0.9977655140113004,1,1,1,586524.7373580933,2.6040077209472656,breast_cancer,26
classic,0.9298245614035088,0.9146825396825397,0.922972972972973,0.8486684247915055,0.9146825396825398,0.9130116959064328,0.0,0.0,49,25,14,54348.97375106812,5.703449249267578,breast_cancer,27
metacog,0.631578947368421,0.5,0.3870967741935484,0.0,0.5,0.631578947368421,0.0456080567523926,0.9998905333668364,1,1,1,589926.8627166748,2.7115345001220703,breast_cancer,27
classic,0.8947368421052632,0.8968253968253967,0.888961038961039,0.7803455823319942,0.8968253968253969,0.9067767457860336,0.0,0.0,45,23,16,53524.17874336243,6.817817687988281,breast_cancer,28
metacog,0.631578947368421,0.5,0.3870967741935484,0.0,0.5,0.631578947368421,0.3226026489795516,0.9953728305196866,1,1,1,600406.1627388,2.5682449340820312,breast_cancer,28
classic,0.9464285714285714,0.9571428571428572,0.944278606965174,0.8944271909999159,0.9571428571428572,0.9678571428571427,0.0,0.0,47,24,15,54542.306900024414,8.726119995117188,breast_cancer,29
metacog,0.625,0.5,0.3846153846153846,0.0,0.5,0.625,0.1202320051801932,0.9983048298155328,1,1,1,591124.9208450317,2.5064945220947266,breast_cancer,29
classic,0.9298245614035088,0.925974025974026,0.925974025974026,0.8519480519480519,0.9370129870129872,0.9327782777406838,0.0,0.0,51,26,17,57717.01550483704,6.06083869934082,breast_cancer,30
metacog,0.6140350877192983,0.5,0.3804347826086957,0.0,0.5,0.6140350877192983,0.243209539357407,0.993874028609874,1,1,1,595795.7866191864,2.548694610595703,breast_cancer,30
classic,0.8947368421052632,0.888961038961039,0.888961038961039,0.7779220779220779,0.9012987012987012,0.8971965628356605,0.0,0.0,39,20,13,44892.96269416809,5.251884460449219,breast_cancer,31
metacog,0.6140350877192983,0.5,0.3804347826086957,0.0,0.5,0.6140350877192983,0.1360637799537984,0.986284314505457,1,1,1,585906.486749649,2.585411071777344,breast_cancer,31
classic,0.9473684210526316,0.9484126984126984,0.9439895185063872,0.8886350389948482,0.9484126984126984,0.952548036758563,0.0,0.0,49,25,16,54110.27669906616,5.712985992431641,breast_cancer,32
metacog,0.631578947368421,0.5,0.3870967741935484,0.0,0.5,0.631578947368421,0.0403613326057521,0.985950204332323,1,1,1,587942.2862529755,2.8181076049804688,breast_cancer,32
classic,0.8947368421052632,0.9067460317460316,0.8906649616368286,0.790804668555721,0.9292328042328042,0.9383738664537687,0.0,0.0,49,25,16,58314.35465812683,6.140470504760742,breast_cancer,33
metacog,0.631578947368421,0.5,0.3870967741935484,0.0,0.5,0.631578947368421,0.2026730950682123,0.9844618572372444,1,1,1,595653.1038284302,2.540111541748047,breast_cancer,33
classic,0.912280701754386,0.9007936507936508,0.9047778149014368,0.810206767705014,0.8981481481481481,0.9029555871661136,0.0,0.0,45,23,16,56933.93397331238,5.83338737487793,breast_cancer,34
metacog,0.631578947368421,0.5,0.3870967741935484,0.0,0.5,0.631578947368421,0.1718598487829021,0.9916224591973666,1,1,1,597612.6153469086,2.624034881591797,breast_cancer,34
classic,0.9649122807017544,0.9623015873015872,0.9623015873015872,0.9246031746031746,0.9616402116402116,0.9627599090318388,0.0,0.0,51,26,15,53472.87654876709,7.335901260375977,breast_cancer,35
metacog,0.631578947368421,0.5,0.3870967741935484,0.0,0.5,0.631578947368421,0.2163030216550363,0.9909956735467516,1,1,1,594698.7493038177,2.5892257690429688,breast_cancer,35
classic,0.8947368421052632,0.8869047619047619,0.8869047619047619,0.7738095238095238,0.9107142857142858,0.9089912280701754,0.0,0.0,47,24,15,53826.43699645996,5.80596923828125,breast_cancer,36
metacog,0.631578947368421,0.5,0.3870967741935484,0.0,0.5,0.631578947368421,0.0874013363868209,0.9896116143482232,1,1,1,594814.2607212067,3.5462379455566406,breast_cancer,36
classic,0.9649122807017544,0.9623015873015872,0.9623015873015872,0.9246031746031746,0.9616402116402116,0.9620103499489464,0.0,0.0,51,26,16,55238.50917816162,5.702018737792969,breast_cancer,37
metacog,0.631578947368421,0.5,0.3870967741935484,0.0,0.5,0.631578947368421,0.1249179254065116,0.9969454137884454,1,1,1,587378.0779838562,4.017353057861328,breast_cancer,37
classic,0.9473684210526316,0.9484126984126984,0.9439895185063872,0.8886350389948482,0.9484126984126984,0.952548036758563,0.0,0.0,57,29,18,63865.66257476807,6.27446174621582,breast_cancer,38
metacog,0.631578947368421,0.5,0.3870967741935484,0.0,0.5,0.631578947368421,0.1861924423268325,0.9833918737744528,1,1,1,591480.9110164642,4.698991775512695,breast_cancer,38
classic,0.9107142857142856,0.9095238095238096,0.905628581058308,0.8118990304530631,0.9095238095238096,0.9140756302521008,0.0,0.0,47,24,15,52708.77623558045,5.453348159790039,breast_cancer,39
metacog,0.625,0.5,0.3846153846153846,0.0,0.5,0.625,0.2815137825865143,0.9952767716471472,1,1,1,594538.1872653961,3.1282901763916016,breast_cancer,39
classic,0.912280701754386,0.8863636363636364,0.9025641025641026,0.8222751143238883,0.8798701298701298,0.8687969924812031,0.0,0.0,47,24,16,56847.11694717407,7.096290588378906,breast_cancer,40
metacog,0.6140350877192983,0.5,0.3804347826086957,0.0,0.5,0.6140350877192983,0.1435794724048799,0.9948062495580352,1,1,1,589473.388671875,2.6192665100097656,breast_cancer,40
classic,0.8947368421052632,0.8974025974025974,0.8906649616368286,0.7836884907482609,0.8974025974025973,0.9022100706311232,0.0,0.0,51,26,18,60885.207176208496,6.402254104614258,breast_cancer,41
metacog,0.6140350877192983,0.5,0.3804347826086957,0.0,0.5,0.6140350877192983,0.3324885661040481,0.9939925228098778,1,1,1,589310.4124069214,2.566099166870117,breast_cancer,41
classic,0.9649122807017544,0.9722222222222222,0.9629870129870132,0.9286112429750732,0.9708994708994708,0.97953216374269,0.0,0.0,51,26,15,52080.88088035584,5.7239532470703125,breast_cancer,42
metacog,0.631578947368421,0.5,0.3870967741935484,0.0,0.5,0.631578947368421,0.0359118417251472,0.988901868510348,1,1,1,597669.1875457764,4.878759384155273,breast_cancer,42
classic,0.8947368421052632,0.876984126984127,0.8844594594594595,0.7715167498104596,0.8882275132275133,0.8875018743439796,0.0,0.0,45,23,12,46515.79523086548,5.308151245117188,breast_cancer,43
metacog,0.631578947368421,0.5,0.3870967741935484,0.0,0.5,0.631578947368421,0.2308850639111857,0.9847864370826104,1,1,1,603304.6822547913,2.5429725646972656,breast_cancer,43
classic,0.8596491228070176,0.8392857142857142,0.845945945945946,0.6943650748294136,0.857142857142857,0.8668778427550358,0.0,0.0,45,23,17,58178.619146347046,2.813100814819336,breast_cancer,44
metacog,0.631578947368421,0.5,0.3870967741935484,0.0,0.5,0.631578947368421,0.1288312507636269,0.9931377411014928,1,1,1,410760.0543498993,1.2738704681396484,breast_cancer,44
classic,0.9298245614035088,0.9345238095238096,0.925974025974026,0.8544784126535336,0.9477513227513228,0.9517777286353136,0.0,0.0,51,26,16,53144.39797401428,5.953788757324219,breast_cancer,45
metacog,0.631578947368421,0.5,0.3870967741935484,0.0,0.5,0.631578947368421,0.1754603217950585,0.9932956480992656,1,1,1,411555.9673309326,1.2791156768798828,breast_cancer,45
classic,0.9473684210526316,0.9384920634920636,0.942866688940862,0.8864143349643965,0.9371693121693122,0.9357954445673744,0.0,0.0,45,23,13,43581.22038841248,5.1326751708984375,breast_cancer,46
metacog,0.631578947368421,0.5,0.3870967741935484,0.0,0.5,0.631578947368421,0.157322181589523,0.9955875772738072,1,1,1,415301.4132976532,2.550601959228516,breast_cancer,46
classic,0.8947368421052632,0.9067460317460316,0.8906649616368286,0.790804668555721,0.9272486772486772,0.9488304093567252,0.0,0.0,47,24,14,50416.35870933533,2.5365352630615234,breast_cancer,47
metacog,0.631578947368421,0.5,0.3870967741935484,0.0,0.5,0.631578947368421,0.1974962939696733,0.9901593518626854,1,1,1,413040.577173233,1.2426376342773438,breast_cancer,47
classic,0.9298245614035088,0.9345238095238096,0.925974025974026,0.8544784126535336,0.9325396825396824,0.9423374613003096,0.0,0.0,49,25,17,50388.59724998474,3.973960876464844,breast_cancer,48
metacog,0.631578947368421,0.5,0.3870967741935484,0.0,0.5,0.631578947368421,0.0947781549271209,0.9829329916101536,1,1,1,411923.9904880524,1.1882781982421875,breast_cancer,48
classic,0.9107142857142856,0.9095238095238096,0.905628581058308,0.8118990304530631,0.9081632653061223,0.9124968169085816,0.0,0.0,51,26,17,53085.37077903748,2.864599227905273,breast_cancer,49
metacog,0.625,0.5,0.3846153846153846,0.0,0.5,0.625,0.0901807916832908,0.9969205173476132,1,1,1,408207.1855068207,2.7208328247070312,breast_cancer,49
classic,0.94,0.8740079365079365,0.8775581721334454,0.8606958479813341,0.9201727997111456,,0.0,0.0,117,59,13,272.0828056335449,7.53331184387207,car,0
metacog,0.8,0.4548611111111111,0.3945456784043338,0.6301885834310644,0.8559553472390522,,0.641714794535514,0.9726790436225962,7,4,4,5588.921308517456,6.534814834594727,car,0
classic,0.92,0.7073412698412698,0.6745801033591732,0.8158608177286713,0.9753688892228995,,0.0,0.0,121,61,13,257.5948238372803,7.622957229614258,car,1
metacog,0.82,0.4618055555555556,0.4043233082706766,0.6570055945816015,0.8852471530121031,,0.7087650572168241,0.9788365637806872,7,4,4,5285.349130630493,6.140470504760742,car,1
classic,0.95,0.7762896825396824,0.8166576479076479,0.884774617178969,0.9657278951928872,,0.0,0.0,121,61,13,279.0403366088867,6.789207458496094,car,2
metacog,0.81,0.4583333333333333,0.3994038748137108,0.6434015210126406,0.8911665212813995,,0.7215602637483163,0.9362015775066947,7,4,4,5415.438890457153,6.875276565551758,car,2
classic,0.95,0.9067460317460316,0.9282715023994094,0.8848183492423024,0.9820957655213984,,0.0,0.0,121,61,13,257.4465274810791,7.480382919311523,car,3
metacog,0.83,0.4652777777777778,0.4093093852770048,0.6710277802831085,0.8746280126015238,,0.6659482639674315,0.9473787213915512,7,4,4,5393.718242645264,7.068872451782227,car,3
classic,0.97,0.9012896825396824,0.906845238095238,0.9312328492065316,0.9424037690806836,,0.0,0.0,115,58,14,270.2040672302246,6.960391998291016,car,4
metacog,0.78,0.4479166666666666,0.3849927325581395,0.6048388148761237,0.877140350606346,,0.614004735636515,0.9505508641143796,7,4,4,5528.608322143555,6.442546844482422,car,4
classic,0.97,0.9642857142857144,0.9416302875206984,0.9314171414157312,0.9868065783014236,,0.0,0.0,121,61,13,301.07736587524414,7.449150085449219,car,5
metacog,0.81,0.4583333333333333,0.3994038748137108,0.6434015210126406,0.8812943858760608,,0.6487920009254083,0.950480772587324,7,4,4,5328.903436660767,5.461454391479492,car,5
classic,0.94,0.9201388888888888,0.9269756838905776,0.8723787569100152,0.9557799863748242,,0.0,0.0,105,53,13,251.1284351348877,7.645130157470703,car,6
metacog,0.76,0.4409722222222222,0.3756263421617752,0.580779851811987,0.8620669698849243,,0.6385870221026986,0.9661137598282248,7,4,4,5593.903303146362,5.43212890625,car,6
classic,0.92,0.8625503018108652,0.8124249249249249,0.8229424289291651,0.937996959836734,,0.0,0.0,109,55,13,229.358434677124,7.773876190185547,car,7
metacog,0.76,0.4436619718309859,0.3773448773448773,0.583580080713723,0.87604418237473,,0.61359172801133,0.9266314001018372,7,4,4,5458.574056625366,6.215810775756836,car,7
classic,0.93,0.7142857142857143,0.7242207404998102,0.8423057531746255,0.8762311617275675,,0.0,0.0,117,59,13,253.18527221679688,6.377696990966797,car,8
metacog,0.84,0.471830985915493,0.4161091096242924,0.6888026107982804,0.8852874068555632,,0.6421117241691682,0.950739075281928,7,4,4,5133.241176605225,6.398916244506836,car,8
classic,0.95,0.9572434607645876,0.9607709363806924,0.8875445926264987,0.9835979722361524,,0.0,0.0,115,58,13,239.9282455444336,7.807493209838867,car,9
metacog,0.74,0.4366197183098591,0.3681214421252372,0.5605500268568832,0.8558356738372362,,0.6591048223695153,0.958684377461372,7,4,4,5107.921838760376,6.238460540771484,car,9
classic,0.98,0.9761904761904762,0.9500615763546798,0.9543679547501636,0.9890030868800608,,0.0,0.0,115,58,13,238.70539665222168,6.466388702392578,car,10
metacog,0.83,0.4652777777777778,0.4093093852770048,0.6710277802831085,0.874938521969099,,0.6844403380970299,0.9470251224068182,7,4,4,5215.554475784302,6.252288818359375,car,10
classic,0.96,0.9186507936507936,0.8808227270600346,0.9118616089038964,0.9521728531301978,,0.0,0.0,115,58,13,271.4982032775879,7.496118545532227,car,11
metacog,0.81,0.4583333333333333,0.3994038748137108,0.6434015210126406,0.8693988157379617,,0.6477921553905667,0.945399750842438,7,4,4,5135.010719299316,6.187200546264648,car,11
classic,0.93,0.8913690476190477,0.8880610668401366,0.8411906778044788,0.978247987618043,,0.0,0.0,117,59,13,284.85798835754395,10.392904281616213,car,12
metacog,0.79,0.4513888888888889,0.3897435897435897,0.6173419725817377,0.8589045247636551,,0.7320070633912394,0.9703739284190888,7,4,4,5167.544364929199,6.283760070800781,car,12
classic,0.96,0.8511904761904762,0.8894324853228963,0.906439569002469,0.9773879768811532,,0.0,0.0,117,59,13,245.6080913543701,8.09621810913086,car,13
metacog,0.8,0.4548611111111111,0.3945456784043338,0.6301885834310644,0.8921101075093627,,0.6257117514981536,0.9601671086507492,7,4,4,5100.028514862061,6.286144256591797,car,13
classic,0.96,0.910218253968254,0.9012896825396826,0.9082758620689656,0.9784344728664228,,0.0,0.0,121,61,13,241.7042255401612,9.621143341064451,car,14
metacog,0.82,0.4618055555555556,0.4043233082706766,0.6570055945816015,0.8738234963467258,,0.6814179572592814,0.9799306406371712,7,4,4,5144.970178604126,6.450653076171875,car,14
classic,0.94,0.9285714285714286,0.8850494743351887,0.8646540671738445,0.9500222507911392,,0.0,0.0,117,59,14,256.5591335296631,6.1244964599609375,car,15
metacog,0.83,0.4652777777777778,0.4093093852770048,0.6710277802831085,0.8822854339044657,,0.6296519369930229,0.9535656180745948,7,4,4,5497.387886047363,6.420373916625977,car,15
classic,0.9,0.7544642857142857,0.7498911673731241,0.7668378209681205,0.90461992595061,,0.0,0.0,115,58,13,268.71323585510254,7.870197296142578,car,16
metacog,0.76,0.4409722222222222,0.3756263421617752,0.580779851811987,0.8411512606022497,,0.6048104155012777,1.0,7,4,4,5481.80890083313,6.011724472045898,car,16
classic,0.95,0.8644366197183099,0.8779761904761905,0.8920571593680623,0.9635535908072654,,0.0,0.0,117,59,13,240.0298118591309,8.745431900024414,car,17
metacog,0.76,0.4436619718309859,0.3773448773448773,0.583580080713723,0.8582398443430479,,0.6914681093242413,0.9513233249369802,7,4,4,5120.405673980713,6.537675857543945,car,17
classic,0.97,0.9304577464788732,0.9225649350649352,0.9356047614615514,0.9958027979961463,,0.0,0.0,115,58,13,246.6225624084473,7.639408111572266,car,18
metacog,0.8,0.4577464788732394,0.3962779156327543,0.6332270364341467,0.8683545519968896,,0.622343732970958,0.99039775171753,7,4,4,5131.187915802002,7.162809371948242,car,18
classic,0.94,0.7935529845741114,0.8179865424430641,0.8705461633837741,0.9323940123238889,,0.0,0.0,113,57,13,251.70660018920896,7.533550262451172,car,19
metacog,0.75,0.4401408450704225,0.3727164179104477,0.5719306035918801,0.8539694547779182,,0.6681413422627255,0.9508754523823868,7,4,4,5166.001796722412,6.24847412109375,car,19
classic,1.0,1.0,1.0,1.0,1.0,,0.0,0.0,115,58,13,288.2688045501709,7.595300674438477,car,20
metacog,0.82,0.4618055555555556,0.4043233082706766,0.6570055945816015,0.8740224281048494,,0.7023385243973317,0.9734629498933004,7,4,4,5524.3096351623535,6.343603134155273,car,20
classic,0.95,0.8060515873015873,0.7977182539682539,0.8858203661436763,0.9479957838272548,,0.0,0.0,117,59,13,251.3465881347656,7.437705993652344,car,21
metacog,0.82,0.4618055555555556,0.4043233082706766,0.6570055945816015,0.8682988218097061,,0.7166659905737922,0.9594330379563786,7,4,4,5576.430082321167,6.1187744140625,car,21
classic,0.93,0.8154761904761905,0.8293238293238293,0.8348983999926137,0.979820536258024,,0.0,0.0,115,58,13,266.068696975708,7.062673568725586,car,22
metacog,0.78,0.4479166666666666,0.3849927325581395,0.6048388148761237,0.8529278010031713,,0.6540973198436024,0.9548825666931242,7,4,4,5196.057558059692,6.252765655517578,car,22
classic,0.95,0.8392857142857143,0.8589446804448475,0.8828179360208942,0.9465398253842676,,0.0,0.0,119,60,13,246.2329864501953,7.585287094116211,car,23
metacog,0.81,0.4583333333333333,0.3994038748137108,0.6434015210126406,0.8889774648304883,,0.6460140429723961,0.9557859311042016,7,4,4,5230.51643371582,6.086587905883789,car,23
classic,0.94,0.8655753968253969,0.8445944859737964,0.8635072466104065,0.9716186646071931,,0.0,0.0,119,60,13,253.23939323425293,7.625818252563477,car,24
metacog,0.84,0.46875,0.414367816091954,0.6854974860311883,0.9019732514088,,0.6161655956536587,0.959787247032134,7,4,4,5126.593112945557,6.214380264282227,car,24
classic,0.93,0.9672619047619048,0.9241186144516392,0.8575794469139406,0.9893068662723528,,0.0,0.0,115,58,13,243.02983283996585,7.609844207763672,car,25
metacog,0.74,0.4340277777777778,0.3664117647058823,0.5578603045069465,0.8481720671046867,,0.6271913366310948,0.9690664030852,7,4,4,5271.707534790039,6.508588790893555,car,25
classic,0.95,0.8561507936507936,0.8836441336441336,0.8869289383524767,0.929603519941732,,0.0,0.0,119,60,13,275.2516269683838,16.94631576538086,car,26
metacog,0.83,0.4652777777777778,0.4093093852770048,0.6710277802831085,0.8867982191340474,,0.6575243378486822,0.9707254548424752,7,4,4,5516.985893249512,7.759571075439453,car,26
classic,0.94,0.6755952380952381,0.7202428685989232,0.8626749141404969,0.9557199741946149,,0.0,0.0,109,55,14,242.58780479431152,7.541179656982422,car,27
metacog,0.81,0.4612676056338028,0.4011387811287699,0.6465036801680235,0.8815594054469404,,0.684357769738271,0.9699251732852968,7,4,4,5512.197732925415,6.550788879394531,car,27
classic,0.95,0.9740107310529844,0.9405021437395538,0.89441775806235,0.9793840119961,,0.0,0.0,113,57,13,237.57624626159668,7.471561431884766,car,28
metacog,0.8,0.4577464788732394,0.3962779156327543,0.6332270364341467,0.8583053875207267,,0.622540521688661,0.9582071673887034,7,4,4,5160.958051681519,6.465435028076172,car,28
classic,0.96,0.9185529845741114,0.8887089331856773,0.9139763672314544,0.99484228615729,,0.0,0.0,119,60,13,255.2590370178223,7.790803909301758,car,29
metacog,0.7,0.4225352112676056,0.35,0.5174141767117918,0.7914552346634733,,0.6874135820322133,0.9578583003114504,7,4,4,5100.172519683838,6.456851959228516,car,29
classic,0.91,0.9097222222222222,0.8647844272844273,0.7913472080445882,0.9292787495805448,,0.0,0.0,119,60,13,262.852430343628,7.536888122558594,car,30
metacog,0.76,0.4409722222222222,0.3756263421617752,0.580779851811987,0.8487366386020021,,0.6804332950007415,0.955083702983574,7,4,4,5203.190803527832,6.265163421630859,car,30
classic,0.91,0.7162698412698413,0.7766861602876257,0.7869701638134032,0.9304456751054851,,0.0,0.0,109,55,13,242.7892684936524,7.888555526733398,car,31
metacog,0.83,0.4652777777777778,0.4093093852770048,0.6710277802831085,0.9001918894569659,,0.6571604846103158,0.9562372617296496,7,4,4,5504.889726638794,12.379646301269531,car,31
classic,0.94,0.785218253968254,0.795770202020202,0.8618145419232107,0.9852161740883062,,0.0,0.0,113,57,14,291.7001247406006,8.735418319702148,car,32
metacog,0.79,0.4513888888888889,0.3897435897435897,0.6173419725817377,0.8749596161026287,,0.686730326468593,0.9808574634724636,7,4,4,5535.410404205322,6.421566009521484,car,32
classic,0.96,0.9861111111111112,0.9711180124223604,0.9161677604519488,0.9922644163150492,,0.0,0.0,115,58,13,259.2091560363769,11.714935302734377,car,33
metacog,0.74,0.4340277777777778,0.3664117647058823,0.5578603045069465,0.8401792919627451,,0.6956322064959461,0.9859451668986756,7,4,4,5174.379587173462,6.300210952758789,car,33
classic,0.95,0.8774801587301587,0.8698275862068965,0.8851889345124606,0.9734589659307816,,0.0,0.0,113,57,13,239.3929958343506,7.6503753662109375,car,34
metacog,0.79,0.4513888888888889,0.3897435897435897,0.6173419725817377,0.8676666127459511,,0.6544424418478688,1.0,7,4,4,5142.578125,6.720066070556641,car,34
classic,0.97,0.9012896825396824,0.903032110008854,0.9322974558205896,0.9981567554500704,,0.0,0.0,117,59,13,241.66584014892567,7.433652877807617,car,35
metacog,0.78,0.4479166666666666,0.3849927325581395,0.6048388148761237,0.8672254524485313,,0.6455023505167793,0.9607608566507164,7,4,4,5145.421266555786,7.050037384033203,car,35
classic,0.95,0.8898809523809523,0.8452595529920692,0.8859154714604687,0.9685167811721288,,0.0,0.0,113,57,13,257.3330402374268,7.654428482055664,car,36
metacog,0.81,0.4583333333333333,0.3994038748137108,0.6434015210126406,0.8818603511073618,,0.684983074436607,0.952869983526672,7,4,4,5196.253299713135,5.988836288452148,car,36
classic,0.93,0.7816482226693494,0.7910079090187947,0.8460994669641173,0.9405677269595678,,0.0,0.0,111,56,12,253.55291366577148,7.586002349853516,car,37
metacog,0.8,0.4577464788732394,0.3962779156327543,0.6332270364341467,0.8657871151939829,,0.7121045181822622,0.9441689724480976,7,4,4,5445.086240768433,6.802558898925781,car,37
classic,0.95,0.8392857142857143,0.8588971157568719,0.8865007353491383,0.980351914063312,,0.0,0.0,123,62,13,280.0934314727783,7.531404495239258,car,38
metacog,0.85,0.4753521126760563,0.4212475633528265,0.7038240592191778,0.8913043532455462,,0.636240526678134,0.949837789780072,7,4,4,5461.761713027954,6.236791610717773,car,38
classic,0.94,0.7851693494299128,0.7914682539682539,0.8639763239299658,0.9223903287710586,,0.0,0.0,113,57,13,234.1125011444092,7.469892501831055,car,39
metacog,0.8,0.4577464788732394,0.3962779156327543,0.6332270364341467,0.8619475130464145,,0.6787848322663323,0.9629260578177132,7,4,4,5156.9504737854,6.22868537902832,car,39
classic,0.96,0.8179563492063492,0.805809887786632,0.9101503212369652,0.9491873555856942,,0.0,0.0,115,58,13,234.287977218628,7.863044738769531,car,40
metacog,0.83,0.4652777777777778,0.4093093852770048,0.6710277802831085,0.9106305322136466,,0.606391745421363,0.9690478777803904,7,4,4,5336.021423339844,6.224393844604492,car,40
classic,0.95,0.8774801587301587,0.8810064479955144,0.8839641866669609,0.9391095948579962,,0.0,0.0,115,58,14,258.4707736968994,7.497549057006836,car,41
metacog,0.82,0.4618055555555556,0.4043233082706766,0.6570055945816015,0.8712019959986039,,0.6706275488226978,0.9648748925976876,7,4,4,5141.853332519531,6.322383880615234,car,41
classic,0.95,0.8983134920634921,0.9056506849315068,0.8834047102871478,0.9464089499196302,,0.0,0.0,113,57,13,267.5902843475342,7.288217544555664,car,42
metacog,0.77,0.4444444444444444,0.3802884615384615,0.5926579698059443,0.8449406817106111,,0.7367964590820277,0.9850077667973014,7,4,4,5066.3464069366455,2.9757022857666016,car,42
classic,0.97,0.9642857142857144,0.9495667954572063,0.9314057835937442,0.970809081148282,,0.0,0.0,119,60,13,250.26345252990723,7.675647735595703,car,43
metacog,0.82,0.4618055555555556,0.4043233082706766,0.6570055945816015,0.8963551056671255,,0.6475758780217161,0.9673304512839938,7,4,4,5223.838567733765,2.980470657348633,car,43
classic,0.95,0.9067460317460316,0.9282715023994094,0.8848183492423024,0.9422672418123368,,0.0,0.0,117,59,13,239.9296760559082,7.723093032836914,car,44
metacog,0.8,0.4548611111111111,0.3945456784043338,0.6301885834310644,0.8879905838441884,,0.6163722254014856,0.9445324731468988,7,4,4,4569.314956665039,2.906322479248047,car,44
classic,0.96,0.8978174603174602,0.8995356065123508,0.909558493483502,0.9955694632810932,,0.0,0.0,121,61,13,286.2508296966553,8.57686996459961,car,45
metacog,0.79,0.4513888888888889,0.3897435897435897,0.6173419725817377,0.8671370059684341,,0.6416289502510919,0.944383321862224,7,4,4,4808.725595474243,2.8769969940185547,car,45
classic,0.91,0.724702380952381,0.7225032010243277,0.799361020287239,0.9849696126343552,,0.0,0.0,113,57,13,237.64705657958984,7.787942886352539,car,46
metacog,0.77,0.4444444444444444,0.3802884615384615,0.5926579698059443,0.8611430961935211,,0.6758797894452083,0.9657028222458024,7,4,4,4648.016929626465,2.912759780883789,car,46
classic,0.93,0.840627095908786,0.8158100764483743,0.8476321242111754,0.9780285191822584,,0.0,0.0,113,57,13,256.27970695495605,7.96961784362793,car,47
metacog,0.77,0.4471830985915492,0.3820109024833434,0.5955154690299912,0.8753011508048729,,0.6536448069054253,0.9694790105901216,7,4,4,4591.668605804443,2.830743789672852,car,47
classic,0.96,0.9101693494299128,0.8924719045983217,0.9117821903639938,0.9456113222396908,,0.0,0.0,121,61,13,279.4632911682129,8.119583129882812,car,48
metacog,0.75,0.4401408450704225,0.3727164179104477,0.5719306035918801,0.8510537355242322,,0.6537887888388666,1.0,7,4,4,4227.921009063721,2.8879642486572266,car,48
classic,0.95,0.8392857142857143,0.8204739704739704,0.8883436766126114,0.9969437537673296,,0.0,0.0,119,60,13,266.2851810455322,7.660627365112305,car,49
metacog,0.83,0.4683098591549295,0.4110488084618325,0.6742631393926819,0.8924174874514437,,0.7060318594539083,0.9556143326958416,7,4,4,4331.206798553467,2.7832984924316406,car,49
classic,0.69,0.511904761904762,0.4632034632034632,0.0500626174321758,0.7416666666666667,0.8383811059221254,0.0,0.0,139,70,21,8910.44545173645,13.663291931152344,credit-g,0
metacog,0.7,0.5,0.4117647058823529,0.0,0.5,0.7,0.235717327379812,0.6713992665425224,1,1,1,45471.87733650208,4.4708251953125,credit-g,0
classic,0.66,0.4714285714285714,0.3975903614457831,-0.1336306209562122,0.6383333333333332,0.7666147578006598,0.0,0.0,123,62,21,8244.241952896118,13.228178024291992,credit-g,1
metacog,0.7,0.5,0.4117647058823529,0.0,0.5,0.7,0.2216098552067258,0.7424634886055612,1,1,1,45825.45042037964,4.168272018432617,credit-g,1
classic,0.68,0.5047619047619047,0.4579945799457995,0.0183772615473323,0.6252380952380953,0.7613284996553761,0.0,0.0,143,72,21,8221.275329589844,13.15593719482422,credit-g,2
metacog,0.7,0.5,0.4117647058823529,0.0,0.5,0.7,0.1083797548274292,1.0,1,1,1,45688.7834072113,12.27712631225586,credit-g,2
classic,0.7,0.5285714285714286,0.4918699186991869,0.1102635692839942,0.6799999999999999,0.7979640784747167,0.0,0.0,119,60,21,8527.665376663208,13.28444480895996,credit-g,3
metacog,0.7,0.5,0.4117647058823529,0.0,0.5,0.7,0.5499951450139091,0.8360209159316447,1,1,1,43570.71852684021,4.239797592163086,credit-g,3
classic,0.61,0.4547619047619047,0.4223078062509258,-0.123285684598603,0.5697619047619047,0.7388367611208246,0.0,0.0,141,71,21,8162.036895751953,12.587308883666992,credit-g,4
metacog,0.7,0.5,0.4117647058823529,0.0,0.5,0.7,0.2151251029357726,0.8973949340585231,1,1,1,44347.82791137695,4.176855087280273,credit-g,4
classic,0.67,0.5071428571428571,0.4744386048733874,0.0228754505435838,0.5666666666666668,0.7382280781955779,0.0,0.0,147,74,21,9174.190521240234,15.635251998901367,credit-g,5
metacog,0.7,0.5,0.4117647058823529,0.0,0.5,0.7,0.3387442203142231,0.7305910552409347,1,1,1,45161.21912002564,4.607200622558594,credit-g,5
classic,0.64,0.4666666666666667,0.4152046783625731,-0.1126106541153627,0.6442857142857144,0.7868745555576533,0.0,0.0,159,80,21,8513.465404510498,12.878656387329102,credit-g,6
metacog,0.7,0.5,0.4117647058823529,0.0,0.5,0.7,0.2404353504328856,0.8991811664874605,1,1,1,45676.634073257446,4.260063171386719,credit-g,6
classic,0.58,0.4333333333333333,0.4071146245059288,-0.1666666666666666,0.6090476190476191,0.7854872735611098,0.0,0.0,159,80,21,8525.871753692627,12.748479843139648,credit-g,7
metacog,0.7,0.5,0.4117647058823529,0.0,0.5,0.7,0.2173650709343242,0.8758035751972425,1,1,1,43637.096881866455,4.27556037902832,credit-g,7
classic,0.7,0.5190476190476191,0.4684620836286322,0.0890870806374748,0.6921428571428572,0.8098060835560835,0.0,0.0,101,51,21,7966.309785842895,12.99762725830078,credit-g,8
metacog,0.7,0.5,0.4117647058823529,0.0,0.5,0.7,0.5978536308107603,0.4224093960430538,1,1,1,43107.99789428711,4.202365875244141,credit-g,8
classic,0.63,0.4595238095238095,0.410734193342889,-0.1296275530803086,0.5099999999999999,0.6986953963271254,0.0,0.0,119,60,21,7910.311460494995,13.669729232788086,credit-g,9
metacog,0.7,0.5,0.4117647058823529,0.0,0.5,0.7,0.0766817804196368,1.0,1,1,1,43397.67670631409,4.18853759765625,credit-g,9
classic,0.63,0.469047619047619,0.4324282865470164,-0.090665562234513,0.5952380952380951,0.7610743978623185,0.0,0.0,153,77,21,8928.61795425415,14.178037643432615,credit-g,10
metacog,0.7,0.5,0.4117647058823529,0.0,0.5,0.7,0.2829786655358554,0.8506891264056458,1,1,1,46918.99514198303,4.43267822265625,credit-g,10
classic,0.66,0.5095238095238095,0.4876431585292344,0.0268607654675126,0.6480952380952381,0.7876359651874527,0.0,0.0,125,63,21,8121.806383132935,12.65096664428711,credit-g,11
metacog,0.7,0.5,0.4117647058823529,0.0,0.5,0.7,0.2788146725438962,0.7720914377074417,1,1,1,43541.332483291626,4.271507263183594,credit-g,11
classic,0.6,0.4571428571428571,0.435347261434218,-0.1071428571428571,0.5478571428571428,0.7336418015482056,0.0,0.0,133,67,21,7596.354246139526,12.67695426940918,credit-g,12
metacog,0.7,0.5,0.4117647058823529,0.0,0.5,0.7,0.275700907365435,0.780129192630098,1,1,1,43256.4754486084,4.120826721191406,credit-g,12
classic,0.63,0.45,0.3865030674846625,-0.1796053020267749,0.5797619047619048,0.7488484345351043,0.0,0.0,139,70,21,8234.677076339722,13.305425643920898,credit-g,13
metacog,0.7,0.5,0.4117647058823529,0.0,0.5,0.7,0.4374745144540661,0.7330426836558893,1,1,1,43284.3508720398,4.366159439086914,credit-g,13
classic,0.66,0.4809523809523809,0.4241192411924119,-0.0735090461893295,0.6776190476190478,0.8168989580714704,0.0,0.0,113,57,21,8237.491130828857,13.269662857055664,credit-g,14
metacog,0.7,0.5,0.4117647058823529,0.0,0.5,0.7,0.3166433162510204,0.9253055611735296,1,1,1,43689.32747840881,4.355907440185547,credit-g,14
classic,0.65,0.4833333333333333,0.4425863991081382,-0.0533760512683623,0.6752380952380952,0.8108355785606767,0.0,0.0,143,72,21,8657.054424285889,13.222455978393556,credit-g,15
metacog,0.7,0.5,0.4117647058823529,0.0,0.5,0.7,0.6272592061343634,0.8015702463185174,1,1,1,44187.97850608826,4.166603088378906,credit-g,15
classic,0.64,0.4666666666666667,0.4152046783625731,-0.1126106541153627,0.6945238095238095,0.8207527442765674,0.0,0.0,145,73,21,8998.257875442505,14.287710189819336,credit-g,16
metacog,0.7,0.5,0.4117647058823529,0.0,0.5,0.7,0.4374745144540661,0.8759188471308633,1,1,1,46668.689250946045,4.190206527709961,credit-g,16
classic,0.69,0.5023809523809524,0.4374886590455452,0.0127921592742222,0.6335714285714286,0.7594609150996421,0.0,0.0,95,48,21,8509.25087928772,13.07392120361328,credit-g,17
metacog,0.7,0.5,0.4117647058823529,0.0,0.5,0.7,0.0310200569883347,1.0,1,1,1,47270.67494392395,4.384279251098633,credit-g,17
classic,0.65,0.5023809523809524,0.4815582876610872,0.0064887202420317,0.583095238095238,0.7532683982683983,0.0,0.0,141,71,21,8301.13434791565,14.961004257202148,credit-g,18
metacog,0.7,0.5,0.4117647058823529,0.0,0.5,0.7,0.1999262222869634,0.8456810508754115,1,1,1,44080.07454872131,4.262685775756836,credit-g,18
classic,0.67,0.5071428571428571,0.4744386048733874,0.0228754505435838,0.628095238095238,0.7698684151619435,0.0,0.0,131,66,21,8130.277872085571,12.60972023010254,credit-g,19
metacog,0.7,0.5,0.4117647058823529,0.0,0.5,0.7,0.18046932879921,0.7534707863638194,1,1,1,46385.549545288086,4.285573959350586,credit-g,19
classic,0.68,0.5142857142857143,0.4801819363222872,0.048261708906584,0.6014285714285714,0.758986801242236,0.0,0.0,131,66,21,8150.571346282959,16.080141067504883,credit-g,20
metacog,0.7,0.5,0.4117647058823529,0.0,0.5,0.7,0.3882667441108223,0.8608297131033439,1,1,1,43864.367961883545,4.157543182373047,credit-g,20
classic,0.57,0.4357142857142857,0.4188403838356535,-0.1501878522965276,0.5871428571428572,0.7660291643539137,0.0,0.0,153,77,21,9052.408456802368,12.969017028808594,credit-g,21
metacog,0.7,0.5,0.4117647058823529,0.0,0.5,0.7,0.1558857913822609,0.8589409882779935,1,1,1,47411.25392913818,6.735086441040039,credit-g,21
classic,0.67,0.4880952380952381,0.4285714285714286,-0.0500626174321758,0.6145238095238096,0.766184095910508,0.0,0.0,145,73,21,9144.30856704712,13.039827346801758,credit-g,22
metacog,0.7,0.5,0.4117647058823529,0.0,0.5,0.7,0.303967316758582,0.8249663899691132,1,1,1,43844.8007106781,3.829479217529297,credit-g,22
classic,0.61,0.4547619047619047,0.4223078062509258,-0.123285684598603,0.570952380952381,0.7472811059907833,0.0,0.0,159,80,21,8718.177795410156,12.624263763427734,credit-g,23
metacog,0.7,0.5,0.4117647058823529,0.0,0.5,0.7,0.1823504576466774,0.8719214869032045,1,1,1,43402.07481384277,4.219770431518555,credit-g,23
classic,0.62,0.4523809523809524,0.40625,-0.1454785934906615,0.6252380952380951,0.7784656084656085,0.0,0.0,119,60,21,8254.854679107666,13.885259628295898,credit-g,24
metacog,0.7,0.5,0.4117647058823529,0.0,0.5,0.7,0.0761561393411655,1.0,1,1,1,43207.61275291443,6.1798095703125,credit-g,24
classic,0.69,0.511904761904762,0.4632034632034632,0.0500626174321758,0.5866666666666667,0.7373711627152916,0.0,0.0,83,42,21,8148.781538009644,15.18845558166504,credit-g,25
metacog,0.7,0.5,0.4117647058823529,0.0,0.5,0.7,0.3575546219871439,0.8223004432606542,1,1,1,43372.44987487793,4.511117935180664,credit-g,25
classic,0.68,0.4952380952380952,0.4330262225372077,-0.0222717701593687,0.6752380952380952,0.7876616283916991,0.0,0.0,133,67,21,8820.397853851318,12.920618057250977,credit-g,26
metacog,0.7,0.5,0.4117647058823529,0.0,0.5,0.7,0.2224575240901101,0.7903251150196577,1,1,1,44205.135107040405,4.311323165893555,credit-g,26
classic,0.66,0.4904761904761904,0.4476933073424301,-0.0321744726043893,0.6673809523809525,0.8005470156358966,0.0,0.0,141,71,21,8272.671222686768,12.747526168823242,credit-g,27
metacog,0.7,0.5,0.4117647058823529,0.0,0.5,0.7,0.235717327379812,0.7765326121380168,1,1,1,43912.52684593201,4.417896270751953,credit-g,27
classic,0.7,0.5380952380952381,0.5126705653021442,0.1286978904175574,0.6123809523809524,0.7527363277284198,0.0,0.0,129,65,21,8193.906545639038,16.260147094726562,credit-g,28
metacog,0.7,0.5,0.4117647058823529,0.0,0.5,0.7,0.2772606467436854,0.8603679725308588,3,2,2,88008.68320465088,5.583286285400391,credit-g,28
classic,0.66,0.5,0.46875,0.0,0.5883333333333333,0.7421322328465185,0.0,0.0,159,80,21,9182.29842185974,13.82756233215332,credit-g,29
metacog,0.7,0.5,0.4117647058823529,0.0,0.5,0.7,0.3318432470529733,0.8263943917014569,1,1,1,47218.080043792725,4.258871078491211,credit-g,29
classic,0.68,0.5047619047619047,0.4579945799457995,0.0183772615473323,0.6883333333333335,0.816648333092102,0.0,0.0,117,59,21,8953.317880630493,13.7786865234375,credit-g,30
metacog,0.7,0.5,0.4117647058823529,0.0,0.5,0.7,0.3597192750496343,0.8394402989720378,1,1,1,46917.8421497345,4.099607467651367,credit-g,30
classic,0.69,0.5214285714285715,0.4859890565412038,0.0769737008686178,0.6757142857142857,0.7880271646859084,0.0,0.0,115,58,21,8943.625688552856,12.976408004760742,credit-g,31
metacog,0.7,0.5,0.4117647058823529,0.0,0.5,0.7,0.4144391704253102,0.8211229528066921,1,1,1,46925.89831352234,10.29825210571289,credit-g,31
classic,0.66,0.4904761904761904,0.4476933073424301,-0.0321744726043893,0.603095238095238,0.7607765051243311,0.0,0.0,163,82,21,9037.009477615356,12.668848037719728,credit-g,32
metacog,0.7,0.5,0.4117647058823529,0.0,0.5,0.7,0.1385108598696987,1.0,1,1,1,46674.309492111206,3.975391387939453,credit-g,32
classic,0.66,0.5,0.46875,0.0,0.6364285714285715,0.7929753579753579,0.0,0.0,119,60,21,7975.886106491089,13.257980346679688,credit-g,33
metacog,0.7,0.5,0.4117647058823529,0.0,0.5,0.7,0.2238552696881119,0.8830777819914445,1,1,1,43812.06965446472,4.267454147338867,credit-g,33
classic,0.64,0.4666666666666667,0.4152046783625731,-0.1126106541153627,0.6419047619047619,0.7924416706481924,0.0,0.0,137,69,21,8140.716791152954,13.318300247192385,credit-g,34
metacog,0.7,0.5,0.4117647058823529,0.0,0.5,0.7,0.2512924075215031,0.8356071445381741,3,2,2,82666.32914543152,2.5072097778320312,credit-g,34
classic,0.67,0.4880952380952381,0.4285714285714286,-0.0500626174321758,0.541904761904762,0.7137194662380588,0.0,0.0,135,68,21,8372.41506576538,12.744903564453123,credit-g,35
metacog,0.7,0.5,0.4117647058823529,0.0,0.5,0.7,0.303967316758582,0.7770932510364994,1,1,1,43671.15116119385,4.856586456298828,credit-g,35
classic,0.67,0.4976190476190476,0.4528270601890233,-0.0085526334298464,0.6461904761904763,0.7727071060077649,0.0,0.0,121,61,21,8495.73540687561,13.536691665649414,credit-g,36
metacog,0.7,0.5,0.4117647058823529,0.0,0.5,0.7,0.3816290576767754,0.8265037312455967,1,1,1,43747.03025817871,4.303693771362305,credit-g,36
classic,0.68,0.4857142857142857,0.4047619047619047,-0.0935219529582824,0.6671428571428571,0.7842096191576362,0.0,0.0,93,47,21,8218.169927597046,13.174057006835938,credit-g,37
metacog,0.7,0.5,0.4117647058823529,0.0,0.5,0.7,0.2964615227909402,0.7497730722949149,1,1,1,44232.218742370605,4.302024841308594,credit-g,37
classic,0.65,0.4833333333333333,0.4425863991081382,-0.0533760512683623,0.6035714285714285,0.7517719899858757,0.0,0.0,149,75,21,8359.056949615479,12.912988662719728,credit-g,38
metacog,0.7,0.5,0.4117647058823529,0.0,0.5,0.7,0.4774262203727955,0.7880647082267136,1,1,1,43675.86278915405,4.26173210144043,credit-g,38
classic,0.65,0.4642857142857143,0.3939393939393939,-0.1501878522965276,0.6676190476190477,0.8087593984962407,0.0,0.0,121,61,21,8747.19786643982,15.989542007446287,credit-g,39
metacog,0.7,0.5,0.4117647058823529,0.0,0.5,0.7,0.1890719016479649,0.8179400269558557,1,1,1,47113.88278007507,4.1961669921875,credit-g,39
classic,0.65,0.4738095238095238,0.419665063836843,-0.0940789677283106,0.5835714285714286,0.7422419309775747,0.0,0.0,153,77,21,9097.452640533447,16.45970344543457,credit-g,40
metacog,0.7,0.5,0.4117647058823529,0.0,0.5,0.7,0.2788146725438963,0.8332017692619248,1,1,1,46846.31013870239,4.255771636962891,credit-g,40
classic,0.69,0.5214285714285715,0.4859890565412038,0.0769737008686178,0.6471428571428571,0.7798209348255432,0.0,0.0,105,53,21,8640.833616256714,13.96489143371582,credit-g,41
metacog,0.7,0.5,0.4117647058823529,0.0,0.5,0.7,0.1823251815163196,1.0,1,1,1,47057.07883834839,4.571437835693359,credit-g,41
classic,0.63,0.4595238095238095,0.410734193342889,-0.1296275530803086,0.4845238095238096,0.6870884497091143,0.0,0.0,119,60,21,8792.047262191772,12.260675430297852,credit-g,42
metacog,0.7,0.5,0.4117647058823529,0.0,0.5,0.7,0.0725630529145597,0.8670731767175983,1,1,1,46896.56949043274,4.269838333129883,credit-g,42
classic,0.66,0.4809523809523809,0.4241192411924119,-0.0735090461893295,0.6390476190476191,0.7759111107440201,0.0,0.0,153,77,21,8529.330968856812,13.223886489868164,credit-g,43
metacog,0.7,0.5,0.4117647058823529,0.0,0.5,0.7,0.2504757894477419,0.8893279628453207,1,1,1,37475.26669502258,2.0813941955566406,credit-g,43
classic,0.68,0.5142857142857143,0.4801819363222872,0.048261708906584,0.6673809523809524,0.7859586336246884,0.0,0.0,107,54,21,8354.186296463013,13.069868087768556,credit-g,44
metacog,0.7,0.5,0.4117647058823529,0.0,0.5,0.7,0.2510299478212288,0.8067197967279882,1,1,1,36292.88148880005,2.317190170288086,credit-g,44
classic,0.64,0.4666666666666667,0.4152046783625731,-0.1126106541153627,0.7154761904761905,0.8352465665694158,0.0,0.0,125,63,21,7930.870771408081,13.277769088745115,credit-g,45
metacog,0.7,0.5,0.4117647058823529,0.0,0.5,0.7,0.3990177649962146,0.8777869296101409,3,2,2,60805.12523651123,2.235651016235352,credit-g,45
classic,0.62,0.4428571428571428,0.382716049382716,-0.193046835626336,0.5971428571428571,0.7603871432451956,0.0,0.0,145,73,21,8720.438480377197,13.358354568481444,credit-g,46
metacog,0.7,0.5,0.4117647058823529,0.0,0.5,0.7,0.2561367758347762,0.7627272070561936,1,1,1,35923.38252067566,2.1462440490722656,credit-g,46
classic,0.63,0.45,0.3865030674846625,-0.1796053020267749,0.4895238095238094,0.6958046722313553,0.0,0.0,127,64,21,8010.802268981934,12.694597244262695,credit-g,47
metacog,0.7,0.5,0.4117647058823529,0.0,0.5,0.7,0.26217647944723,0.8834273383667814,1,1,1,35370.30529975891,2.142190933227539,credit-g,47
classic,0.64,0.4761904761904761,0.4375,-0.0727392967453307,0.6033333333333333,0.7620955717850127,0.0,0.0,143,72,21,8325.640678405762,13.45515251159668,credit-g,48
metacog,0.7,0.5,0.4117647058823529,0.0,0.5,0.7,0.4779039657696469,0.7397753616652426,1,1,1,34985.58807373047,4.287481307983398,credit-g,48
classic,0.69,0.511904761904762,0.4632034632034632,0.0500626174321758,0.7173809523809525,0.8145100514670832,0.0,0.0,115,58,21,6973.345279693604,8.75091552734375,credit-g,49
metacog,0.7,0.5,0.4117647058823529,0.0,0.5,0.7,0.2962351548868365,0.8932286829574774,1,1,1,31971.59576416016,2.135753631591797,credit-g,49
classic,0.7662337662337663,0.7092592592592593,0.7210144927536233,0.463223694813257,0.7914814814814815,0.6139734908671957,0.0,0.0,119,60,21,9325.066328048706,9.936094284057615,diabetes,0
metacog,0.6493506493506493,0.5,0.3937007874015748,0.0,0.5,0.3506493506493506,0.3924492513527526,0.8007235167574366,1,1,1,60242.56896972656,3.20124626159668,diabetes,0
classic,0.7662337662337663,0.7433333333333333,0.7433333333333333,0.4866666666666667,0.8585185185185185,0.6595415014955245,0.0,0.0,107,54,21,9272.214412689207,9.840250015258787,diabetes,1
metacog,0.7012987012987013,0.5996296296296296,0.5908985908985909,0.2828446668813028,0.5996296296296296,0.4412217412217412,0.305154418548769,0.9385957634817692,3,2,2,127430.44519424438,3.907918930053711,diabetes,1
classic,0.7142857142857143,0.6948148148148148,0.6913265306122449,0.3837065760234115,0.7203703703703703,0.5452170564034275,0.0,0.0,103,52,21,9486.992835998535,10.159730911254885,diabetes,2
metacog,0.6493506493506493,0.5,0.3937007874015748,0.0,0.5,0.3506493506493506,0.4414170755530849,0.7642573001343683,1,1,1,65124.66049194336,3.3109188079833984,diabetes,2
classic,0.7272727272727273,0.6451851851851852,0.6509820850420893,0.3592401674957671,0.7370370370370369,0.5673114496757907,0.0,0.0,91,46,21,9294.806241989136,9.567737579345703,diabetes,3
metacog,0.6493506493506493,0.5,0.3937007874015748,0.0,0.5,0.3506493506493506,0.2331297888371842,0.7938449823136484,1,1,1,62131.24227523804,2.499103546142578,diabetes,3
classic,0.7402597402597403,0.6466666666666666,0.6506352087114338,0.4,0.751851851851852,0.5907487574154241,0.0,0.0,101,51,21,9741.794109344482,11.468172073364258,diabetes,4
metacog,0.6493506493506493,0.5,0.3937007874015748,0.0,0.5,0.3506493506493506,0.3016703449024136,0.8571620382474053,1,1,1,60461.25507354736,3.30972671508789,diabetes,4
classic,0.7402597402597403,0.6551851851851851,0.6622807017543859,0.395353397755488,0.7651851851851852,0.5885965323655293,0.0,0.0,99,50,21,9745.708227157593,12.824058532714844,diabetes,5
metacog,0.6493506493506493,0.5,0.3937007874015748,0.0,0.5,0.3506493506493506,0.4326109439089888,0.7885459961362747,1,1,1,64370.48745155335,3.2787322998046875,diabetes,5
classic,0.6883116883116883,0.5981481481481481,0.5947368421052632,0.2500445117069316,0.7207407407407407,0.531287942743232,0.0,0.0,93,47,21,9139.45770263672,9.998321533203123,diabetes,6
metacog,0.6363636363636364,0.507037037037037,0.4477459016393442,0.0272543272510892,0.507037037037037,0.3543049543049543,0.2867886253242606,0.9848183593774708,3,2,2,133439.11814689636,4.020452499389648,diabetes,6
classic,0.6753246753246753,0.5711111111111111,0.5553245553245554,0.2018816953204837,0.6237037037037036,0.4599940642493834,0.0,0.0,95,48,21,9065.385341644287,8.93402099609375,diabetes,7
metacog,0.6493506493506493,0.5,0.3937007874015748,0.0,0.5,0.3506493506493506,0.2044958763955774,0.7039538801934736,1,1,1,60596.86636924744,5.481719970703125,diabetes,7
classic,0.75,0.6623076923076923,0.6723394599500794,0.4089769425894715,0.7242307692307692,0.553810784357343,0.0,0.0,113,57,21,9253.60369682312,9.586572647094728,diabetes,8
metacog,0.6578947368421053,0.5,0.3968253968253968,0.0,0.5,0.3421052631578947,0.3603798085163784,0.665127923013341,1,1,1,60540.80581665039,3.222227096557617,diabetes,8
classic,0.6578947368421053,0.5461538461538462,0.5268199233716475,0.1295500551262591,0.5861538461538461,0.4043030653556969,0.0,0.0,107,54,21,9330.727577209473,9.771347045898438,diabetes,9
metacog,0.6578947368421053,0.5,0.3968253968253968,0.0,0.5,0.3421052631578947,0.4092441760670036,0.9552950320779056,1,1,1,62859.46607589722,3.883123397827149,diabetes,9
classic,0.7272727272727273,0.6366666666666666,0.6394648829431439,0.359593787915882,0.6992592592592592,0.5365059776824483,0.0,0.0,97,49,21,9268.054485321043,10.057449340820312,diabetes,10
metacog,0.6623376623376623,0.5355555555555556,0.4871926229508196,0.1377060745318192,0.5355555555555556,0.3783549783549783,0.3238007850730667,0.6796297228946006,3,2,2,130027.46987342834,4.0149688720703125,diabetes,10
classic,0.6363636363636364,0.5240740740740741,0.4924670433145009,0.0715106558816487,0.5929629629629629,0.416063658868613,0.0,0.0,99,50,21,9352.843523025513,9.867668151855469,diabetes,11
metacog,0.6753246753246753,0.5625925925925925,0.5378151260504201,0.1957718665313646,0.5625925925925925,0.4014550264550265,0.2411185181905554,0.9649620685841016,3,2,2,129738.39402198792,4.006385803222656,diabetes,11
classic,0.7272727272727273,0.6281481481481481,0.6264726264726265,0.3638076384421218,0.635925925925926,0.5160299739247107,0.0,0.0,89,45,21,9181.12325668335,8.90350341796875,diabetes,12
metacog,0.7142857142857143,0.6096296296296296,0.6012241054613936,0.3256485252456618,0.6096296296296296,0.4613863502752391,0.2580454459622759,0.9358440016665815,3,2,2,132482.56659507751,3.935575485229492,diabetes,12
classic,0.6883116883116883,0.5896296296296296,0.5807622504537205,0.2444444444444444,0.6914814814814815,0.5188792688792689,0.0,0.0,105,53,21,9533.461332321169,10.136604309082031,diabetes,13
metacog,0.6493506493506493,0.5,0.3937007874015748,0.0,0.5,0.3506493506493506,0.4791310420691354,0.8204104223406621,1,1,1,60486.62257194519,3.460168838500977,diabetes,13
classic,0.7272727272727273,0.6281481481481481,0.6264726264726265,0.3638076384421218,0.8344444444444443,0.638202127091016,0.0,0.0,99,50,21,9111.745357513428,9.676456451416016,diabetes,14
metacog,0.6493506493506493,0.5,0.3937007874015748,0.0,0.5,0.3506493506493506,0.5249066767996359,0.8778488707522587,1,1,1,60331.95614814758,3.292322158813477,diabetes,14
classic,0.7792207792207793,0.7022222222222222,0.7174616878912152,0.5003702332976756,0.8055555555555556,0.6600500104046203,0.0,0.0,117,59,21,9873.406410217283,10.15615463256836,diabetes,15
metacog,0.6493506493506493,0.5,0.3937007874015748,0.0,0.5,0.3506493506493506,0.2348095946989038,0.812290530379125,1,1,1,64249.31359291077,3.669023513793945,diabetes,15
classic,0.7792207792207793,0.7277777777777779,0.7397096838337642,0.4957421042418413,0.7811111111111111,0.6187232243905899,0.0,0.0,113,57,21,10310.132026672363,9.102582931518556,diabetes,16
metacog,0.6493506493506493,0.5,0.3937007874015748,0.0,0.5,0.3506493506493506,0.2368999826369782,0.6967568901757933,1,1,1,64212.70775794983,3.2224655151367188,diabetes,16
classic,0.6883116883116883,0.6066666666666667,0.6071428571428571,0.2570301852487996,0.6833333333333333,0.4859930773656263,0.0,0.0,103,52,21,9674.023866653442,9.408235549926758,diabetes,17
metacog,0.6493506493506493,0.5,0.3937007874015748,0.0,0.5,0.3506493506493506,0.4190310334821857,0.88349708445484,1,1,1,61413.92183303833,3.249645233154297,diabetes,17
classic,0.6710526315789473,0.6023076923076923,0.6053997923156802,0.224179415327122,0.7184615384615385,0.5074530732425468,0.0,0.0,91,46,21,8799.509048461914,9.642839431762695,diabetes,18
metacog,0.6973684210526315,0.5761538461538461,0.5548764960529666,0.2498733554043759,0.5761538461538461,0.4136784268363216,0.3682386079846942,0.698840397205095,3,2,2,132587.55087852478,3.960847854614258,diabetes,18
classic,0.7368421052631579,0.6430769230769231,0.6491228070175439,0.3722979575968276,0.6588461538461539,0.5105835240274599,0.0,0.0,105,53,21,9248.303890228271,9.260892868041992,diabetes,19
metacog,0.6578947368421053,0.5,0.3968253968253968,0.0,0.5,0.3421052631578947,0.1634509959272378,0.8188428896746467,1,1,1,63260.29300689697,3.604650497436523,diabetes,19
classic,0.7402597402597403,0.6466666666666666,0.6506352087114338,0.4,0.8203703703703704,0.6616781490325111,0.0,0.0,125,63,21,10611.772537231443,9.431123733520508,diabetes,20
metacog,0.6493506493506493,0.5,0.3937007874015748,0.0,0.5,0.3506493506493506,0.4630793401678195,0.5187937972484894,1,1,1,63793.30801963806,3.569364547729492,diabetes,20
classic,0.7142857142857143,0.6351851851851852,0.6398809523809523,0.3257500611660134,0.7640740740740741,0.5799986951035303,0.0,0.0,127,64,21,10666.649580001833,11.127471923828123,diabetes,21
metacog,0.6493506493506493,0.5,0.3937007874015748,0.0,0.5,0.3506493506493506,0.2040708916635177,0.9220359866781728,1,1,1,61634.11021232605,3.2477378845214844,diabetes,21
classic,0.7142857142857143,0.6351851851851852,0.6398809523809523,0.3257500611660134,0.7288888888888889,0.5410153118486452,0.0,0.0,107,54,21,10042.672157287598,10.274410247802734,diabetes,22
metacog,0.6493506493506493,0.5,0.3937007874015748,0.0,0.5,0.3506493506493506,0.5150665772043099,0.8135202352064727,1,1,1,61387.1431350708,3.301858901977539,diabetes,22
classic,0.7012987012987013,0.5996296296296296,0.5908985908985909,0.2828446668813028,0.6344444444444445,0.4830764366872078,0.0,0.0,103,52,21,9520.604133605955,9.763956069946287,diabetes,23
metacog,0.6493506493506493,0.5,0.3937007874015748,0.0,0.5,0.3506493506493506,0.3466460440169014,0.4904742181500922,1,1,1,62248.06237220764,3.251791000366211,diabetes,23
classic,0.6883116883116883,0.5896296296296296,0.5807622504537205,0.2444444444444444,0.7066666666666667,0.5020802844384404,0.0,0.0,103,52,21,9034.214973449709,9.272098541259766,diabetes,24
metacog,0.6493506493506493,0.5,0.3937007874015748,0.0,0.5,0.3506493506493506,0.49804646463677,0.874781979813943,1,1,1,61138.12780380249,3.265857696533203,diabetes,24
classic,0.7142857142857143,0.6351851851851852,0.6398809523809523,0.3257500611660134,0.7114814814814815,0.5192180990500318,0.0,0.0,101,51,21,9891.355514526367,9.585142135620115,diabetes,25
metacog,0.7012987012987013,0.5996296296296296,0.5908985908985909,0.2828446668813028,0.5996296296296296,0.4412217412217412,0.2483612049229605,0.9736370653983488,3,2,2,128468.21880340576,4.027843475341797,diabetes,25
classic,0.7662337662337663,0.6751851851851851,0.6855716878402904,0.4777777777777778,0.6948148148148148,0.5848164181497515,0.0,0.0,101,51,21,8900.426626205444,9.088754653930664,diabetes,26
metacog,0.6493506493506493,0.5,0.3937007874015748,0.0,0.5,0.3506493506493506,0.297653023642515,0.7043269101387363,1,1,1,61455.03568649292,3.3299922943115234,diabetes,26
classic,0.7012987012987013,0.6081481481481481,0.6051282051282052,0.2845566018196139,0.7862962962962963,0.5880885182355771,0.0,0.0,81,41,21,8913.026094436646,9.51552391052246,diabetes,27
metacog,0.7142857142857143,0.6181481481481481,0.6156987295825771,0.3222222222222222,0.618148148148148,0.4622414622414622,0.2135228468849742,0.8051347087881972,3,2,2,133013.96417617798,3.927469253540039,diabetes,27
classic,0.6973684210526315,0.5853846153846154,0.5731379731379731,0.250739434601528,0.6565384615384615,0.47638326585695,0.0,0.0,93,47,21,9415.691137313845,9.697198867797852,diabetes,28
metacog,0.6578947368421053,0.5,0.3968253968253968,0.0,0.5,0.3421052631578947,0.5926933207892303,0.7650319860218383,1,1,1,65629.20045852661,2.7446746826171875,diabetes,28
classic,0.6447368421052632,0.6284615384615384,0.6210526315789473,0.2480205617737895,0.7,0.4711550301598624,0.0,0.0,107,54,21,8981.108903884888,9.084463119506836,diabetes,29
metacog,0.6578947368421053,0.5,0.3968253968253968,0.0,0.5,0.3421052631578947,0.4141624385471193,0.865593625286071,1,1,1,60591.421127319336,5.195140838623047,diabetes,29
classic,0.7402597402597403,0.6466666666666666,0.6506352087114338,0.4,0.7585185185185185,0.6052182022770258,0.0,0.0,99,50,21,9088.005065917969,10.03885269165039,diabetes,30
metacog,0.6493506493506493,0.5,0.3937007874015748,0.0,0.5,0.3506493506493506,0.4190310334821857,0.7627013446667615,1,1,1,60520.188331604,3.2660961151123047,diabetes,30
classic,0.7792207792207793,0.6937037037037037,0.7081382385730212,0.5096681601084181,0.7333333333333333,0.6172218903443468,0.0,0.0,97,49,21,9453.617334365845,9.258508682250977,diabetes,31
metacog,0.6493506493506493,0.5,0.3937007874015748,0.0,0.5,0.3506493506493506,0.3466460440169014,0.8384307717167764,1,1,1,60510.26201248169,3.332138061523437,diabetes,31
classic,0.7142857142857143,0.6181481481481481,0.6156987295825771,0.3222222222222222,0.7259259259259259,0.5601491101491103,0.0,0.0,87,44,21,9083.6079120636,9.430885314941406,diabetes,32
metacog,0.6493506493506493,0.5,0.3937007874015748,0.0,0.5,0.3506493506493506,0.4744483846437831,0.7502062576014038,1,1,1,60253.39078903198,3.268003463745117,diabetes,32
classic,0.6883116883116883,0.5725925925925925,0.5470588235294118,0.2409856304306837,0.6407407407407407,0.4641654641654641,0.0,0.0,91,46,21,9028.823137283323,9.685754776000977,diabetes,33
metacog,0.6493506493506493,0.5,0.3937007874015748,0.0,0.5,0.3506493506493506,0.32262019400094,0.8498865600806141,1,1,1,60846.92454338074,3.4627914428710938,diabetes,33
classic,0.7922077922077922,0.7377777777777779,0.7520128824476651,0.5263532956993116,0.7970370370370371,0.6684743679851997,0.0,0.0,95,48,21,9474.721908569336,9.819507598876951,diabetes,34
metacog,0.7272727272727273,0.6451851851851852,0.6509820850420893,0.3592401674957671,0.6451851851851852,0.4853294853294853,0.3001541316850412,0.929314460821693,3,2,2,131661.53264045715,3.994226455688477,diabetes,34
classic,0.7142857142857143,0.6181481481481481,0.6156987295825771,0.3222222222222222,0.7288888888888888,0.5445727112393779,0.0,0.0,111,56,21,9996.068716049194,10.526895523071287,diabetes,35
metacog,0.6493506493506493,0.5,0.3937007874015748,0.0,0.5,0.3506493506493506,0.5022720970873085,0.8823128467675705,1,1,1,65455.92474937439,3.307104110717773,diabetes,35
classic,0.7792207792207793,0.6937037037037037,0.7081382385730212,0.5096681601084181,0.7255555555555555,0.6141362268813249,0.0,0.0,101,51,21,9470.990419387816,9.984731674194336,diabetes,36
metacog,0.6493506493506493,0.5,0.3937007874015748,0.0,0.5,0.3506493506493506,0.4228948914624839,0.8085471016526277,1,1,1,63005.33223152161,3.467082977294922,diabetes,36
classic,0.6883116883116883,0.5896296296296296,0.5807622504537205,0.2444444444444444,0.7248148148148148,0.5180592282247128,0.0,0.0,109,55,21,9342.161655426024,9.37795639038086,diabetes,37
metacog,0.6493506493506493,0.5,0.3937007874015748,0.0,0.5,0.3506493506493506,0.4092441760670036,0.8245095046667502,1,1,1,60602.11515426636,3.44705581665039,diabetes,37
classic,0.6710526315789473,0.5930769230769231,0.5946234264988266,0.2119303831622753,0.7157692307692307,0.4800111137572438,0.0,0.0,107,54,21,9492.313861846924,9.537935256958008,diabetes,38
metacog,0.6578947368421053,0.5,0.3968253968253968,0.0,0.5,0.3421052631578947,0.4228948914624839,0.6785754691133932,1,1,1,60599.67136383057,3.255128860473633,diabetes,38
classic,0.6447368421052632,0.5453846153846154,0.5343771272974813,0.1143584815771508,0.6376923076923077,0.4232389848753605,0.0,0.0,87,44,21,8615.66972732544,9.11879539489746,diabetes,39
metacog,0.6578947368421053,0.536923076923077,0.5074775672981057,0.1141563585970785,0.536923076923077,0.3663967611336032,0.3127272555679497,0.6907453686329577,3,2,2,110644.53721046448,3.932952880859375,diabetes,39
classic,0.7012987012987013,0.6081481481481481,0.6051282051282052,0.2845566018196139,0.6577777777777778,0.4994015459131738,0.0,0.0,99,50,21,9407.490730285645,10.47205924987793,diabetes,40
metacog,0.6493506493506493,0.5,0.3937007874015748,0.0,0.5,0.3506493506493506,0.443014539146249,0.8058548624538638,1,1,1,61412.556409835815,3.085613250732422,diabetes,40
classic,0.7142857142857143,0.6266666666666667,0.6285087719298246,0.3226989547312098,0.7451851851851852,0.5416435416435417,0.0,0.0,89,45,21,9321.566820144652,9.665489196777344,diabetes,41
metacog,0.6493506493506493,0.5,0.3937007874015748,0.0,0.5,0.3506493506493506,0.2141898390553467,0.8783523341586223,1,1,1,62547.478914260864,4.012823104858398,diabetes,41
classic,0.6883116883116883,0.6066666666666667,0.6071428571428571,0.2570301852487996,0.6592592592592592,0.4627582472993101,0.0,0.0,97,49,21,9074.107885360718,8.966207504272461,diabetes,42
metacog,0.6493506493506493,0.5,0.3937007874015748,0.0,0.5,0.3506493506493506,0.3711970197100984,0.7842627760302793,1,1,1,60967.82732009888,3.2854080200195312,diabetes,42
classic,0.7402597402597403,0.6381481481481481,0.6374764595103578,0.4103611483669994,0.7640740740740741,0.6182812022055522,0.0,0.0,99,50,21,9982.289791107178,7.610321044921875,diabetes,43
metacog,0.6493506493506493,0.5,0.3937007874015748,0.0,0.5,0.3506493506493506,0.2964615227909403,0.827702441421075,1,1,1,64523.99039268494,3.283023834228516,diabetes,43
classic,0.7272727272727273,0.6281481481481481,0.6264726264726265,0.3638076384421218,0.755925925925926,0.5756891256891257,0.0,0.0,101,51,21,9073.188543319702,9.395360946655272,diabetes,44
metacog,0.7142857142857143,0.6181481481481481,0.6156987295825771,0.3222222222222222,0.618148148148148,0.4622414622414622,0.3359207965569661,0.9097293513302208,3,2,2,107299.00240898132,1.7788410186767578,diabetes,44
classic,0.6883116883116883,0.6066666666666667,0.6071428571428571,0.2570301852487996,0.7266666666666667,0.5252197526830651,0.0,0.0,97,49,21,9680.379390716553,10.084152221679688,diabetes,45
metacog,0.6493506493506493,0.5,0.3937007874015748,0.0,0.5,0.3506493506493506,0.3583191495306879,0.8599267629648356,1,1,1,62372.09391593933,3.293752670288086,diabetes,45
classic,0.6753246753246753,0.6818518518518519,0.6642246642246642,0.3478335179045545,0.6951851851851851,0.4875558553094785,0.0,0.0,91,46,21,8541.127681732178,9.301424026489258,diabetes,46
metacog,0.7142857142857143,0.6266666666666667,0.6285087719298246,0.3226989547312098,0.6266666666666666,0.4645354645354645,0.3119799865954972,0.9600147555873576,3,2,2,81551.6254901886,1.712322235107422,diabetes,46
classic,0.7792207792207793,0.7107407407407407,0.7257490048187722,0.4957017741923686,0.8425925925925926,0.7028727445394112,0.0,0.0,99,50,21,8758.881568908691,8.811235427856445,diabetes,47
metacog,0.6493506493506493,0.5,0.3937007874015748,0.0,0.5,0.3506493506493506,0.5809951992354827,0.8320850728982259,1,1,1,43796.30494117737,1.619100570678711,diabetes,47
classic,0.6842105263157895,0.5846153846153846,0.5789473684210527,0.2201762114819948,0.6223076923076923,0.4389721475634788,0.0,0.0,99,50,21,8394.68789100647,7.717370986938477,diabetes,48
metacog,0.6578947368421053,0.5,0.3968253968253968,0.0,0.5,0.3421052631578947,0.4414170755530848,0.5653044118685846,1,1,1,43169.158697128296,1.5816688537597656,diabetes,48
classic,0.7368421052631579,0.6338461538461538,0.6360153256704981,0.3756951598661515,0.7211538461538463,0.5505070816576325,0.0,0.0,109,55,21,7484.254360198975,4.045248031616211,diabetes,49
metacog,0.6578947368421053,0.5,0.3968253968253968,0.0,0.5,0.3421052631578947,0.3969869871666973,0.8841392284999328,1,1,1,42797.82700538635,1.737833023071289,diabetes,49
